timestamp,voltage,current,power,speed,rpm,distance_km,latitude,longitude,total_energy_wh,efficiency_km_per_kwh,consumption_wh_per_km
2025-12-25T21:54:26.290Z,50.468,0.065,3.275,0.000,0.00,0.0000,0.000000,0.000000,0.007,0.000,0.000
2025-12-25T21:54:26.290Z,50.468,0.064,3.238,0.000,0.00,0.0000,0.000000,0.000000,0.007,0.000,0.000
2025-12-25T21:54:26.290Z,50.468,0.064,3.250,0.000,0.00,0.0000,0.000000,0.000000,0.007,0.000,0.000
2025-12-25T21:54:26.290Z,50.467,0.067,3.369,0.000,0.00,0.0000,0.000000,0.000000,0.007,0.000,0.000
2025-12-25T21:54:26.290Z,50.463,0.078,3.941,0.000,0.00,0.0000,0.000000,0.000000,0.007,0.000,0.000
2025-12-25T21:54:26.290Z,50.468,0.063,3.196,0.000,0.00,0.0000,0.000000,0.000000,0.007,0.000,0.000
2025-12-25T21:54:26.291Z,50.468,0.065,3.288,0.000,0.00,0.0000,0.000000,0.000000,0.007,0.000,0.000
2025-12-25T21:54:26.291Z,50.466,0.070,3.508,0.000,0.00,0.0000,0.000000,0.000000,0.007,0.000,0.000
2025-12-25T21:54:26.291Z,50.464,0.076,3.858,0.000,0.00,0.0000,0.000000,0.000000,0.007,0.000,0.000
2025-12-25T21:54:26.291Z,50.468,0.063,3.194,0.000,0.00,0.0000,0.000000,0.000000,0.007,0.000,0.000
2025-12-25T21:54:26.291Z,50.468,0.064,3.227,0.000,0.00,0.0000,0.000000,0.000000,0.007,0.000,0.000
2025-12-25T21:54:26.291Z,50.465,0.071,3.606,0.000,0.00,0.0000,0.000000,0.000000,0.007,0.000,0.000
2025-12-25T21:54:26.291Z,50.464,0.073,3.696,0.000,0.00,0.0000,0.000000,0.000000,0.007,0.000,0.000
2025-12-25T21:54:26.291Z,50.469,0.072,3.637,0.000,0.00,0.0000,0.000000,0.000000,0.007,0.000,0.000
2025-12-25T21:54:26.291Z,50.468,0.063,3.192,0.000,0.00,0.0000,0.000000,0.000000,0.007,0.000,0.000
2025-12-25T21:54:26.291Z,50.468,0.065,3.286,0.000,0.00,0.0000,0.000000,0.000000,0.007,0.000,0.000
2025-12-25T21:54:26.291Z,50.464,0.074,3.744,0.000,0.00,0.0000,0.000000,0.000000,0.007,0.000,0.000
2025-12-25T21:54:26.291Z,50.467,0.069,3.500,0.000,0.00,0.0000,0.000000,0.000000,0.007,0.000,0.000
2025-12-25T21:54:26.291Z,50.468,0.064,3.207,0.000,0.00,0.0000,0.000000,0.000000,0.007,0.000,0.000
2025-12-25T21:54:26.291Z,50.468,0.065,3.271,0.000,0.00,0.0000,0.000000,0.000000,0.007,0.000,0.000
2025-12-25T21:54:26.291Z,50.463,0.076,3.856,0.000,0.00,0.0000,0.000000,0.000000,0.007,0.000,0.000
2025-12-25T21:54:26.291Z,50.467,0.068,3.421,0.000,0.00,0.0000,0.000000,0.000000,0.007,0.000,0.000
2025-12-25T21:54:26.291Z,50.469,0.063,3.163,0.000,0.00,0.0000,0.000000,0.000000,0.007,0.000,0.000
2025-12-25T21:54:26.291Z,50.467,0.065,3.296,0.000,0.00,0.0000,0.000000,0.000000,0.007,0.000,0.000
2025-12-25T21:54:26.291Z,50.463,0.078,3.948,0.000,0.00,0.0000,0.000000,0.000000,0.007,0.000,0.000
2025-12-25T21:54:26.291Z,50.463,0.079,3.973,0.000,0.00,0.0000,0.000000,0.000000,0.007,0.000,0.000
2025-12-25T21:54:26.291Z,50.468,0.064,3.254,0.000,0.00,0.0000,0.000000,0.000000,0.007,0.000,0.000
2025-12-25T21:54:26.291Z,50.468,0.065,3.279,0.000,0.00,0.0000,0.000000,0.000000,0.007,0.000,0.000
2025-12-25T21:54:26.291Z,50.467,0.067,3.361,0.000,0.00,0.0000,0.000000,0.000000,0.007,0.000,0.000
2025-12-25T21:54:26.291Z,50.463,0.077,3.888,0.000,0.00,0.0000,0.000000,0.000000,0.007,0.000,0.000
2025-12-25T21:54:26.292Z,50.468,0.063,3.202,0.000,0.00,0.0000,0.000000,0.000000,0.007,0.000,0.000
2025-12-25T21:54:26.292Z,50.467,0.065,3.296,0.000,0.00,0.0000,0.000000,0.000000,0.007,0.000,0.000
2025-12-25T21:54:26.292Z,50.466,0.069,3.473,0.000,0.00,0.0000,0.000000,0.000000,0.007,0.000,0.000
2025-12-25T21:54:26.292Z,50.464,0.076,3.823,0.000,0.00,0.0000,0.000000,0.000000,0.007,0.000,0.000
2025-12-25T21:54:26.322Z,50.463,0.078,3.927,0.000,0.00,0.0000,0.000000,0.000000,0.007,0.000,0.000
2025-12-25T21:54:26.322Z,50.467,0.064,3.252,0.000,0.00,0.0000,0.000000,0.000000,0.007,0.000,0.000
2025-12-25T21:54:26.323Z,50.465,0.071,3.606,0.000,0.00,0.0000,0.000000,0.000000,0.007,0.000,0.000
2025-12-25T21:54:26.618Z,50.465,0.072,3.615,0.000,0.00,0.0000,0.000000,0.000000,0.008,0.000,0.000
2025-12-25T21:54:26.748Z,50.465,0.071,3.565,0.000,0.00,0.0000,0.000000,0.000000,0.008,0.000,0.000
2025-12-25T21:54:26.749Z,50.468,0.063,3.177,0.000,0.00,0.0000,0.000000,0.000000,0.008,0.000,0.000
2025-12-25T21:54:27.117Z,50.467,0.064,3.254,0.000,0.00,0.0000,0.000000,0.000000,0.008,0.000,0.000
2025-12-25T21:54:27.162Z,50.464,0.074,3.742,0.000,0.00,0.0000,0.000000,0.000000,0.008,0.000,0.000
2025-12-25T21:54:27.436Z,50.466,0.069,3.475,0.000,0.00,0.0000,0.000000,0.000000,0.008,0.000,0.000
2025-12-25T21:54:27.437Z,50.468,0.064,3.217,0.000,0.00,0.0000,0.000000,0.000000,0.008,0.000,0.000
2025-12-25T21:54:27.701Z,50.468,0.065,3.261,0.000,0.00,0.0000,0.000000,0.000000,0.009,0.000,0.000
2025-12-25T21:54:27.754Z,50.463,0.077,3.871,0.000,0.00,0.0000,0.000000,0.000000,0.009,0.000,0.000
2025-12-25T21:54:28.050Z,50.467,0.068,3.409,0.000,0.00,0.0000,0.000000,0.000000,0.009,0.000,0.000
2025-12-25T21:54:28.175Z,50.469,0.063,3.159,0.000,0.00,0.0000,0.000000,0.000000,0.009,0.000,0.000
2025-12-25T21:54:28.176Z,50.468,0.064,3.221,0.000,0.00,0.0000,0.000000,0.000000,0.009,0.000,0.000
2025-12-25T21:54:28.563Z,50.454,0.103,5.183,0.000,0.00,0.0000,0.000000,0.000000,0.010,0.000,0.000
2025-12-25T21:54:28.588Z,50.254,0.681,34.233,0.000,0.00,0.0000,0.000000,0.000000,0.010,0.000,0.000
2025-12-25T21:54:28.871Z,50.245,0.691,34.700,0.000,0.00,0.0000,0.000000,0.000000,0.013,0.000,0.000
2025-12-25T21:54:28.871Z,50.254,0.661,33.224,0.000,0.00,0.0000,0.000000,0.000000,0.013,0.000,0.000
2025-12-25T21:54:28.983Z,50.245,0.662,33.237,0.000,0.00,0.0000,0.000000,0.000000,0.014,0.000,0.000
2025-12-25T21:54:29.391Z,50.258,0.626,31.455,0.000,0.00,0.0000,0.000000,0.000000,0.017,0.000,0.000
2025-12-25T21:54:29.468Z,50.221,0.701,35.191,0.000,0.00,0.0000,0.000000,0.000000,0.018,0.000,0.000
2025-12-25T21:54:29.469Z,50.078,1.132,56.693,0.000,0.00,0.0000,0.000000,0.000000,0.018,0.000,0.000
2025-12-25T21:54:29.604Z,50.102,1.054,52.817,0.000,0.00,0.0000,0.000000,0.000000,0.020,0.000,0.000
2025-12-25T21:54:29.999Z,50.085,1.111,55.661,0.000,0.00,0.0000,0.000000,0.000000,0.026,0.000,0.000
2025-12-25T21:54:30.015Z,50.120,1.049,52.595,0.000,0.00,0.0000,0.000000,0.000000,0.026,0.000,0.000
2025-12-25T21:54:30.015Z,50.049,1.103,55.192,0.000,0.00,0.0000,0.000000,0.000000,0.026,0.000,0.000
2025-12-25T21:54:30.240Z,50.091,1.075,53.841,0.000,0.00,0.0000,0.000000,0.000000,0.030,0.000,0.000
2025-12-25T21:54:30.420Z,50.081,1.096,54.867,0.000,0.00,0.0000,0.000000,0.000000,0.032,0.000,0.000
2025-12-25T21:54:30.817Z,50.048,1.138,56.966,0.000,0.00,0.0000,0.000000,0.000000,0.039,0.000,0.000
2025-12-25T21:54:30.818Z,50.108,1.025,51.375,0.000,0.00,0.0000,0.000000,0.000000,0.039,0.000,0.000
2025-12-25T21:54:30.831Z,50.088,1.059,53.049,0.000,0.00,0.0000,0.000000,0.000000,0.039,0.000,0.000
2025-12-25T21:54:31.312Z,50.105,1.030,51.618,0.000,0.00,0.0000,0.000000,0.000000,0.046,0.000,0.000
2025-12-25T21:54:31.312Z,50.102,0.979,49.033,0.000,0.00,0.0000,0.000000,0.000000,0.046,0.000,0.000
2025-12-25T21:54:31.449Z,50.112,1.014,50.835,0.000,0.00,0.0000,0.000000,0.000000,0.048,0.000,0.000
2025-12-25T21:54:31.450Z,50.111,0.982,49.231,0.000,0.00,0.0000,0.000000,0.000000,0.048,0.000,0.000
2025-12-25T21:54:31.708Z,50.087,1.006,50.403,0.000,0.00,0.0000,0.000000,0.000000,0.051,0.000,0.000
2025-12-25T21:54:31.941Z,50.089,1.006,50.373,0.000,0.00,0.0000,0.000000,0.000000,0.055,0.000,0.000
2025-12-25T21:54:32.146Z,50.088,0.999,50.041,0.000,0.00,0.0000,0.000000,0.000000,0.057,0.000,0.000
2025-12-25T21:54:32.146Z,50.087,1.012,50.697,0.000,0.00,0.0000,0.000000,0.000000,0.057,0.000,0.000
2025-12-25T21:54:32.259Z,50.096,1.013,50.753,0.000,0.00,0.0000,0.000000,0.000000,0.059,0.000,0.000
2025-12-25T21:54:32.556Z,50.094,1.004,50.292,0.000,0.00,0.0000,0.000000,0.000000,0.063,0.000,0.000
2025-12-25T21:54:32.687Z,50.123,0.936,46.937,0.000,0.00,0.0000,0.000000,0.000000,0.065,0.000,0.000
2025-12-25T21:54:32.687Z,50.133,0.902,45.227,0.000,0.00,0.0000,0.000000,0.000000,0.065,0.000,0.000
2025-12-25T21:54:33.068Z,50.135,0.910,45.621,0.000,0.00,0.0000,0.000000,0.000000,0.070,0.000,0.000
2025-12-25T21:54:33.151Z,50.134,0.896,44.927,0.000,0.00,0.0000,0.000000,0.000000,0.071,0.000,0.000
2025-12-25T21:54:33.477Z,50.139,0.878,44.004,0.000,0.00,0.0000,0.000000,0.000000,0.075,0.000,0.000
2025-12-25T21:54:33.478Z,50.153,0.867,43.469,0.000,0.00,0.0000,0.000000,0.000000,0.075,0.000,0.000
2025-12-25T21:54:33.682Z,50.168,0.821,41.175,0.000,0.00,0.0000,0.000000,0.000000,0.077,0.000,0.000
2025-12-25T21:54:33.685Z,50.169,0.790,39.610,0.000,0.00,0.0000,0.000000,0.000000,0.077,0.000,0.000
2025-12-25T21:54:33.990Z,50.177,0.765,38.401,0.000,0.00,0.0000,0.000000,0.000000,0.080,0.000,0.000
2025-12-25T21:54:34.031Z,50.176,0.758,38.040,0.000,0.00,0.0000,0.000000,0.000000,0.081,0.000,0.000
2025-12-25T21:54:34.210Z,50.189,0.751,37.671,0.000,0.00,0.0000,0.000000,0.000000,0.083,0.000,0.000
2025-12-25T21:54:34.210Z,50.199,0.716,35.939,0.000,0.00,0.0000,0.000000,0.000000,0.083,0.000,0.000
2025-12-25T21:54:34.502Z,50.209,0.704,35.365,0.000,0.00,0.0000,0.000000,0.000000,0.086,0.000,0.000
2025-12-25T21:54:34.810Z,50.172,0.807,40.487,0.000,0.00,0.0000,0.000000,0.000000,0.089,0.000,0.000
2025-12-25T21:54:34.810Z,50.164,0.810,40.628,0.000,0.00,0.0000,0.000000,0.000000,0.089,0.000,0.000
2025-12-25T21:54:35.116Z,50.173,0.799,40.067,0.000,0.00,0.0000,0.000000,0.000000,0.092,0.000,0.000
2025-12-25T21:54:35.145Z,50.175,0.788,39.546,3.350,0.00,0.0000,24.734951,46.698822,0.093,0.000,0.000
2025-12-25T21:54:35.424Z,50.192,0.762,38.230,3.350,0.00,0.0000,24.734951,46.698822,0.096,0.000,0.000
2025-12-25T21:54:35.424Z,50.190,0.719,36.090,3.350,0.00,0.0000,24.734951,46.698822,0.096,0.000,0.000
2025-12-25T21:54:35.629Z,50.098,0.972,48.708,3.350,0.00,0.0000,24.734951,46.698822,0.098,0.000,0.000
2025-12-25T21:54:35.775Z,50.077,1.040,52.076,3.350,0.00,0.0000,24.734951,46.698822,0.101,0.000,0.000
2025-12-25T21:54:36.039Z,50.084,1.063,53.226,3.350,0.00,0.0000,24.734951,46.698822,0.104,0.000,0.000
2025-12-25T21:54:36.039Z,50.087,1.041,52.140,3.350,0.00,0.0000,24.734951,46.698822,0.104,0.000,0.000
2025-12-25T21:54:36.183Z,50.085,1.005,50.354,4.000,0.00,0.0000,24.734951,46.698822,0.106,0.000,0.000
2025-12-25T21:54:36.376Z,50.104,0.950,47.608,4.000,0.00,0.0000,24.734951,46.698822,0.109,0.000,0.000
2025-12-25T21:54:36.755Z,50.103,0.928,46.486,4.000,0.00,0.0000,24.734951,46.698822,0.114,0.000,0.000
2025-12-25T21:54:36.755Z,50.120,0.922,46.228,4.000,0.00,0.0000,24.734951,46.698822,0.114,0.000,0.000
2025-12-25T21:54:36.803Z,50.110,0.944,47.309,4.000,0.00,0.0000,24.734951,46.698822,0.115,0.000,0.000
2025-12-25T21:54:37.063Z,50.084,1.013,50.747,4.000,0.00,0.0000,24.734951,46.698822,0.118,0.000,0.000
2025-12-25T21:54:37.199Z,50.109,0.947,47.438,4.430,0.00,0.0020,24.734961,46.698803,0.120,16.668,59.996
2025-12-25T21:54:37.420Z,50.109,0.918,46.018,4.430,0.00,0.0020,24.734961,46.698803,0.123,16.284,61.409
2025-12-25T21:54:37.420Z,50.115,0.939,47.059,4.430,0.00,0.0020,24.734961,46.698803,0.123,16.284,61.411
2025-12-25T21:54:37.601Z,50.115,0.909,45.535,4.430,0.00,0.0020,24.734961,46.698803,0.125,15.986,62.554
2025-12-25T21:54:37.983Z,50.124,0.906,45.431,4.430,0.00,0.0020,24.734961,46.698803,0.130,15.392,64.968
2025-12-25T21:54:38.036Z,50.138,0.866,43.438,4.430,0.00,0.0020,24.734961,46.698803,0.131,15.317,65.286
2025-12-25T21:54:38.036Z,50.141,0.842,42.235,4.440,0.00,0.0030,24.734962,46.698792,0.131,22.976,43.525
2025-12-25T21:54:38.201Z,50.102,0.947,47.462,4.440,0.00,0.0030,24.734962,46.698792,0.133,22.599,44.249
2025-12-25T21:54:38.441Z,50.054,1.061,53.110,4.440,0.00,0.0030,24.734962,46.698792,0.136,22.012,45.430
2025-12-25T21:54:38.614Z,49.889,1.526,76.122,4.440,0.00,0.0030,24.734962,46.698792,0.140,21.438,46.647
2025-12-25T21:54:38.628Z,49.926,1.496,74.691,4.440,0.00,0.0030,24.734962,46.698792,0.140,21.393,46.744
2025-12-25T21:54:38.905Z,49.942,1.431,71.469,4.440,0.00,0.0030,24.734962,46.698792,0.146,20.586,48.576
2025-12-25T21:54:39.028Z,49.917,1.391,69.445,4.440,0.00,0.0030,24.734962,46.698792,0.148,20.255,49.370
2025-12-25T21:54:39.316Z,49.909,1.547,77.198,4.930,0.00,0.0050,24.734970,46.698780,0.154,32.407,30.857
2025-12-25T21:54:39.317Z,49.910,1.499,74.839,4.930,0.00,0.0050,24.734970,46.698780,0.154,32.405,30.859
2025-12-25T21:54:39.431Z,49.912,1.431,71.401,4.930,0.00,0.0050,24.734970,46.698780,0.157,31.934,31.314
2025-12-25T21:54:39.727Z,49.908,1.431,71.418,4.930,0.00,0.0050,24.734970,46.698780,0.162,30.782,32.487
2025-12-25T21:54:39.869Z,49.867,1.545,77.038,4.930,0.00,0.0050,24.734970,46.698780,0.165,30.218,33.093
2025-12-25T21:54:40.237Z,49.869,1.573,78.441,4.930,0.00,0.0050,24.734970,46.698780,0.173,28.820,34.698
2025-12-25T21:54:40.237Z,49.906,1.465,73.106,5.240,0.00,0.0060,24.734974,46.698769,0.174,34.581,28.917
2025-12-25T21:54:40.261Z,49.905,1.393,69.520,5.240,0.00,0.0060,24.734974,46.698769,0.174,34.493,28.991
2025-12-25T21:54:40.544Z,49.919,1.414,70.574,5.240,0.00,0.0060,24.734974,46.698769,0.180,33.425,29.917
2025-12-25T21:54:40.667Z,49.945,1.342,67.040,5.240,0.00,0.0060,24.734974,46.698769,0.182,33.003,30.300
2025-12-25T21:54:40.667Z,49.885,1.491,74.371,5.240,0.00,0.0060,24.734974,46.698769,0.182,33.002,30.301
2025-12-25T21:54:40.953Z,49.913,1.448,72.275,5.240,0.00,0.0060,24.734974,46.698769,0.188,31.993,31.257
2025-12-25T21:54:41.099Z,49.953,1.329,66.378,6.350,0.00,0.0080,24.734980,46.698753,0.190,42.054,23.779
2025-12-25T21:54:41.284Z,49.941,1.304,65.124,6.350,0.00,0.0080,24.734980,46.698753,0.194,41.329,24.196
2025-12-25T21:54:41.284Z,49.950,1.263,63.083,6.350,0.00,0.0080,24.734980,46.698753,0.194,41.328,24.197
2025-12-25T21:54:41.555Z,49.976,1.238,61.852,6.350,0.00,0.0080,24.734980,46.698753,0.198,40.355,24.780
2025-12-25T21:54:41.685Z,49.973,1.245,62.234,6.350,0.00,0.0080,24.734980,46.698753,0.200,39.904,25.060
2025-12-25T21:54:41.900Z,49.998,1.183,59.136,6.350,0.00,0.0080,24.734980,46.698753,0.204,39.212,25.502
2025-12-25T21:54:42.161Z,49.970,1.239,61.900,6.350,0.00,0.0080,24.734980,46.698753,0.209,38.369,26.063
2025-12-25T21:54:42.163Z,50.020,1.126,56.306,6.960,0.00,0.0100,24.734987,46.698734,0.209,47.955,20.853
2025-12-25T21:54:42.295Z,49.979,1.211,60.546,6.960,0.00,0.0100,24.734987,46.698734,0.211,47.448,21.076
2025-12-25T21:54:42.693Z,49.994,1.287,64.342,6.960,0.00,0.0100,24.734987,46.698734,0.218,45.899,21.787
2025-12-25T21:54:42.708Z,50.018,1.116,55.814,6.960,0.00,0.0100,24.734987,46.698734,0.218,45.851,21.810
2025-12-25T21:54:42.708Z,50.014,1.133,56.685,6.960,0.00,0.0100,24.734987,46.698734,0.218,45.851,21.810
2025-12-25T21:54:43.001Z,50.008,1.141,57.047,6.960,0.00,0.0100,24.734987,46.698734,0.223,44.895,22.274
2025-12-25T21:54:43.145Z,50.003,1.131,56.574,7.350,0.00,0.0120,24.734989,46.698715,0.225,53.334,18.750
2025-12-25T21:54:43.514Z,50.023,1.098,54.926,7.350,0.00,0.0120,24.734989,46.698715,0.231,52.032,19.219
2025-12-25T21:54:43.514Z,50.080,0.932,46.678,7.350,0.00,0.0120,24.734989,46.698715,0.231,52.031,19.219
2025-12-25T21:54:43.546Z,50.009,1.120,56.032,7.350,0.00,0.0120,24.734989,46.698715,0.231,51.919,19.261
2025-12-25T21:54:43.820Z,50.012,1.149,57.467,7.350,0.00,0.0120,24.734989,46.698715,0.235,50.956,19.625
2025-12-25T21:54:43.955Z,50.048,1.016,50.858,7.350,0.00,0.0120,24.734989,46.698715,0.237,50.546,19.784
2025-12-25T21:54:43.955Z,50.048,1.028,51.445,7.350,0.00,0.0120,24.734989,46.698715,0.237,50.545,19.784
2025-12-25T21:54:44.230Z,50.016,1.094,54.712,7.110,0.00,0.0140,24.734997,46.698700,0.242,57.951,17.256
2025-12-25T21:54:44.346Z,50.011,1.144,57.202,7.110,0.00,0.0140,24.734997,46.698700,0.243,57.512,17.388
2025-12-25T21:54:44.639Z,50.010,1.097,54.885,7.110,0.00,0.0140,24.734997,46.698700,0.248,56.473,17.708
2025-12-25T21:54:44.781Z,50.044,0.992,49.660,7.110,0.00,0.0140,24.734997,46.698700,0.250,56.031,17.847
2025-12-25T21:54:44.782Z,49.995,1.127,56.343,7.110,0.00,0.0140,24.734997,46.698700,0.250,56.028,17.848
2025-12-25T21:54:44.961Z,50.016,1.097,54.858,7.110,0.00,0.0140,24.734997,46.698700,0.253,55.422,18.043
2025-12-25T21:54:45.254Z,50.004,1.081,54.042,7.450,0.00,0.0150,24.735001,46.698685,0.257,58.364,17.134
2025-12-25T21:54:45.384Z,50.047,1.017,50.881,7.450,0.00,0.0150,24.735001,46.698685,0.259,57.952,17.256
2025-12-25T21:54:45.384Z,50.041,0.999,49.991,7.450,0.00,0.0150,24.735001,46.698685,0.259,57.951,17.256
2025-12-25T21:54:45.665Z,50.042,0.974,48.743,7.450,0.00,0.0150,24.735001,46.698685,0.263,57.113,17.509
2025-12-25T21:54:45.788Z,50.023,1.076,53.839,7.450,0.00,0.0150,24.735001,46.698685,0.264,56.714,17.632
2025-12-25T21:54:46.073Z,50.077,0.937,46.928,7.450,0.00,0.0150,24.735001,46.698685,0.268,55.928,17.880
2025-12-25T21:54:46.074Z,50.078,0.879,44.008,7.820,0.00,0.0170,24.735006,46.698666,0.268,63.384,15.777
2025-12-25T21:54:46.186Z,50.115,0.806,40.397,7.820,0.00,0.0170,24.735006,46.698666,0.269,63.087,15.851
2025-12-25T21:54:46.483Z,50.097,0.867,43.417,7.820,0.00,0.0170,24.735006,46.698666,0.273,62.259,16.062
2025-12-25T21:54:46.621Z,50.099,0.889,44.527,7.820,0.00,0.0170,24.735006,46.698666,0.275,61.872,16.162
2025-12-25T21:54:46.822Z,50.110,0.845,42.359,7.820,0.00,0.0170,24.735006,46.698666,0.277,61.346,16.301
2025-12-25T21:54:46.822Z,50.118,0.826,41.386,7.820,0.00,0.0170,24.735006,46.698666,0.277,61.345,16.301
2025-12-25T21:54:47.200Z,50.122,0.789,39.559,7.820,0.00,0.0170,24.735006,46.698666,0.281,60.440,16.545
2025-12-25T21:54:47.211Z,50.116,0.824,41.296,8.170,0.00,0.0200,24.735014,46.698643,0.281,71.073,14.070
2025-12-25T21:54:47.471Z,50.153,0.732,36.737,8.170,0.00,0.0200,24.735014,46.698643,0.284,70.409,14.203
2025-12-25T21:54:47.471Z,50.112,0.840,42.075,8.170,0.00,0.0200,24.735014,46.698643,0.284,70.408,14.203
2025-12-25T21:54:47.652Z,50.112,0.821,41.127,8.170,0.00,0.0200,24.735014,46.698643,0.286,69.901,14.306
2025-12-25T21:54:47.917Z,50.105,0.864,43.279,8.170,0.00,0.0200,24.735014,46.698643,0.289,69.131,14.465
2025-12-25T21:54:48.121Z,50.032,1.070,53.551,8.170,0.00,0.0200,24.735014,46.698643,0.292,68.413,14.617
2025-12-25T21:54:48.121Z,50.111,0.822,41.202,8.330,0.00,0.0220,24.735020,46.698624,0.292,75.254,13.288
2025-12-25T21:54:48.243Z,50.100,0.867,43.424,8.330,0.00,0.0220,24.735020,46.698624,0.294,74.878,13.355
2025-12-25T21:54:48.530Z,50.106,0.849,42.565,8.330,0.00,0.0220,24.735020,46.698624,0.297,74.021,13.510
2025-12-25T21:54:48.678Z,50.089,0.878,43.981,8.330,0.00,0.0220,24.735020,46.698624,0.299,73.573,13.592
2025-12-25T21:54:48.940Z,50.076,0.916,45.871,8.330,0.00,0.0220,24.735020,46.698624,0.302,72.762,13.744
2025-12-25T21:54:48.941Z,49.997,1.119,55.922,8.330,0.00,0.0220,24.735020,46.698624,0.302,72.761,13.744
2025-12-25T21:54:49.084Z,49.995,1.146,57.308,8.190,0.00,0.0240,24.735025,46.698601,0.305,78.781,12.693
2025-12-25T21:54:49.273Z,49.983,1.172,58.576,8.190,0.00,0.0240,24.735025,46.698601,0.308,77.992,12.822
2025-12-25T21:54:49.503Z,50.009,1.092,54.620,8.190,0.00,0.0240,24.735025,46.698601,0.311,77.119,12.967
2025-12-25T21:54:49.503Z,50.042,1.000,50.051,8.190,0.00,0.0240,24.735025,46.698601,0.311,77.118,12.967
2025-12-25T21:54:49.760Z,49.992,1.106,55.281,8.190,0.00,0.0240,24.735025,46.698601,0.315,76.152,13.132
2025-12-25T21:54:49.911Z,49.986,1.117,55.832,8.190,0.00,0.0240,24.735025,46.698601,0.317,75.592,13.229
2025-12-25T21:54:50.272Z,49.978,1.128,56.367,8.190,0.00,0.0240,24.735025,46.698601,0.323,74.268,13.465
2025-12-25T21:54:50.273Z,49.990,1.113,55.643,8.020,0.00,0.0260,24.735027,46.698578,0.323,80.456,12.429
2025-12-25T21:54:50.304Z,49.992,1.128,56.382,8.020,0.00,0.0260,24.735027,46.698578,0.324,80.333,12.448
2025-12-25T21:54:50.585Z,49.984,1.185,59.237,8.020,0.00,0.0260,24.735027,46.698578,0.328,79.203,12.626
2025-12-25T21:54:50.695Z,50.004,1.106,55.306,8.020,0.00,0.0260,24.735027,46.698578,0.330,78.795,12.691
2025-12-25T21:54:50.695Z,50.043,0.992,49.619,8.020,0.00,0.0260,24.735027,46.698578,0.330,78.795,12.691
2025-12-25T21:54:50.989Z,49.990,1.131,56.538,8.020,0.00,0.0260,24.735027,46.698578,0.335,77.710,12.868
2025-12-25T21:54:51.103Z,50.000,1.094,54.714,8.830,0.00,0.0290,24.735029,46.698555,0.336,86.229,11.597
2025-12-25T21:54:51.399Z,49.987,1.116,55.799,8.830,0.00,0.0290,24.735029,46.698555,0.341,85.067,11.755
2025-12-25T21:54:51.516Z,50.007,1.085,54.235,8.830,0.00,0.0290,24.735029,46.698555,0.343,84.632,11.816
2025-12-25T21:54:51.516Z,50.010,1.079,53.962,8.830,0.00,0.0290,24.735029,46.698555,0.343,84.632,11.816
2025-12-25T21:54:51.809Z,50.009,1.066,53.310,8.830,0.00,0.0290,24.735029,46.698555,0.347,83.573,11.966
2025-12-25T21:54:51.935Z,50.015,1.078,53.933,8.830,0.00,0.0290,24.735029,46.698555,0.349,83.122,12.031
2025-12-25T21:54:52.320Z,50.024,1.043,52.155,8.820,0.00,0.0320,24.735031,46.698524,0.354,90.276,11.077
2025-12-25T21:54:52.320Z,50.021,1.060,53.046,8.820,0.00,0.0320,24.735031,46.698524,0.354,90.276,11.077
2025-12-25T21:54:52.329Z,50.025,1.052,52.638,8.820,0.00,0.0320,24.735031,46.698524,0.355,90.241,11.081
2025-12-25T21:54:52.627Z,50.010,1.052,52.628,8.820,0.00,0.0320,24.735031,46.698524,0.359,89.148,11.217
2025-12-25T21:54:52.744Z,50.054,0.960,48.052,8.820,0.00,0.0320,24.735031,46.698524,0.361,88.761,11.266
2025-12-25T21:54:52.744Z,49.988,1.110,55.483,8.820,0.00,0.0320,24.735031,46.698524,0.361,88.760,11.266
2025-12-25T21:54:53.035Z,49.990,1.134,56.677,8.820,0.00,0.0320,24.735031,46.698524,0.365,87.645,11.410
2025-12-25T21:54:53.159Z,49.999,1.099,54.929,8.130,0.00,0.0340,24.735027,46.698502,0.367,92.645,10.794
2025-12-25T21:54:53.381Z,50.001,1.094,54.709,8.130,0.00,0.0340,24.735027,46.698502,0.370,91.800,10.893
2025-12-25T21:54:53.753Z,50.032,0.986,49.339,8.130,0.00,0.0340,24.735027,46.698502,0.375,90.554,11.043
2025-12-25T21:54:53.753Z,50.042,0.969,48.499,8.130,0.00,0.0340,24.735027,46.698502,0.375,90.554,11.043
2025-12-25T21:54:53.802Z,50.042,0.975,48.815,8.130,0.00,0.0340,24.735027,46.698502,0.376,90.394,11.063
2025-12-25T21:54:54.059Z,50.031,0.959,47.960,8.130,0.00,0.0340,24.735027,46.698502,0.380,89.579,11.163
2025-12-25T21:54:54.212Z,50.045,0.966,48.334,8.190,0.00,0.0370,24.735020,46.698479,0.382,96.960,10.314
2025-12-25T21:54:54.212Z,50.035,0.990,49.557,8.190,0.00,0.0370,24.735020,46.698479,0.382,96.958,10.314
2025-12-25T21:54:54.380Z,50.049,0.943,47.205,8.190,0.00,0.0370,24.735020,46.698479,0.384,96.401,10.373
2025-12-25T21:54:54.674Z,50.008,1.075,53.754,8.190,0.00,0.0370,24.735020,46.698479,0.388,95.311,10.492
2025-12-25T21:54:54.810Z,50.049,0.946,47.359,8.190,0.00,0.0370,24.735020,46.698479,0.390,94.875,10.540
2025-12-25T21:54:54.810Z,50.019,1.028,51.426,8.190,0.00,0.0370,24.735020,46.698479,0.390,94.873,10.540
2025-12-25T21:54:55.150Z,50.016,1.050,52.504,8.190,0.00,0.0370,24.735020,46.698479,0.395,93.683,10.674
2025-12-25T21:54:55.333Z,49.678,1.947,96.710,9.240,0.00,0.0390,24.735016,46.698456,0.400,97.532,10.253
2025-12-25T21:54:55.333Z,49.678,1.884,93.609,9.240,0.00,0.0390,24.735016,46.698456,0.400,97.531,10.253
2025-12-25T21:54:55.596Z,49.709,1.900,94.471,9.240,0.00,0.0390,24.735016,46.698456,0.407,95.880,10.430
2025-12-25T21:54:55.800Z,49.703,1.883,93.598,9.240,0.00,0.0390,24.735016,46.698456,0.412,94.644,10.566
2025-12-25T21:54:55.919Z,49.686,1.933,96.043,9.240,0.00,0.0390,24.735016,46.698456,0.415,93.923,10.647
2025-12-25T21:54:55.923Z,49.704,1.859,92.406,9.240,0.00,0.0390,24.735016,46.698456,0.415,93.896,10.650
2025-12-25T21:54:56.211Z,49.711,1.810,89.952,9.170,0.00,0.0420,24.735012,46.698425,0.423,99.401,10.060
2025-12-25T21:54:56.323Z,49.711,1.858,92.362,9.170,0.00,0.0420,24.735012,46.698425,0.425,98.726,10.129
2025-12-25T21:54:56.660Z,49.743,1.741,86.619,9.170,0.00,0.0420,24.735012,46.698425,0.434,96.880,10.322
2025-12-25T21:54:56.660Z,49.738,1.789,88.968,9.170,0.00,0.0420,24.735012,46.698425,0.434,96.879,10.322
2025-12-25T21:54:56.927Z,49.752,1.702,84.654,9.170,0.00,0.0420,24.735012,46.698425,0.440,95.497,10.472
2025-12-25T21:54:56.928Z,49.768,1.666,82.902,9.170,0.00,0.0420,24.735012,46.698425,0.440,95.494,10.472
2025-12-25T21:54:57.094Z,49.778,1.646,81.945,10.560,0.00,0.0450,24.735008,46.698395,0.444,101.442,9.858
2025-12-25T21:54:57.250Z,49.770,1.672,83.198,10.560,0.00,0.0450,24.735008,46.698395,0.447,100.622,9.938
2025-12-25T21:54:57.541Z,49.783,1.571,78.204,10.560,0.00,0.0450,24.735008,46.698395,0.454,99.220,10.079
2025-12-25T21:54:57.542Z,49.788,1.565,77.908,10.560,0.00,0.0450,24.735008,46.698395,0.454,99.218,10.079
2025-12-25T21:54:57.747Z,49.795,1.535,76.414,10.560,0.00,0.0450,24.735008,46.698395,0.458,98.276,10.175
2025-12-25T21:54:57.888Z,49.825,1.506,75.035,10.560,0.00,0.0450,24.735008,46.698395,0.461,97.646,10.241
2025-12-25T21:54:58.259Z,49.801,1.589,79.157,10.560,0.00,0.0450,24.735008,46.698395,0.469,95.950,10.422
2025-12-25T21:54:58.290Z,49.827,1.541,76.803,10.570,0.00,0.0480,24.735001,46.698364,0.470,102.203,9.784
2025-12-25T21:54:58.290Z,49.831,1.496,74.555,10.570,0.00,0.0480,24.735001,46.698364,0.470,102.202,9.784
2025-12-25T21:54:58.482Z,49.839,1.419,70.722,10.570,0.00,0.0480,24.735001,46.698364,0.473,101.388,9.863
2025-12-25T21:54:58.771Z,49.838,1.431,71.324,10.570,0.00,0.0480,24.735001,46.698364,0.479,100.175,9.982
2025-12-25T21:54:59.078Z,49.863,1.386,69.093,10.570,0.00,0.0480,24.735001,46.698364,0.485,98.959,10.105
2025-12-25T21:54:59.079Z,49.859,1.381,68.861,10.570,0.00,0.0480,24.735001,46.698364,0.485,98.956,10.106
2025-12-25T21:54:59.286Z,49.869,1.362,67.940,10.350,0.00,0.0510,24.734989,46.698338,0.489,104.299,9.588
2025-12-25T21:54:59.286Z,49.878,1.334,66.539,10.350,0.00,0.0510,24.734989,46.698338,0.489,104.299,9.588
2025-12-25T21:54:59.486Z,49.860,1.361,67.843,10.350,0.00,0.0510,24.734989,46.698338,0.493,103.502,9.662
2025-12-25T21:54:59.620Z,49.859,1.364,68.000,10.350,0.00,0.0510,24.734989,46.698338,0.495,102.972,9.711
2025-12-25T21:54:59.850Z,49.909,1.257,62.729,10.350,0.00,0.0510,24.734989,46.698338,0.499,102.145,9.790
2025-12-25T21:54:59.852Z,49.898,1.271,63.417,10.350,0.00,0.0510,24.734989,46.698338,0.499,102.140,9.791
2025-12-25T21:55:00.102Z,49.886,1.322,65.944,10.430,0.00,0.0540,24.734974,46.698318,0.504,107.166,9.331
2025-12-25T21:55:00.246Z,49.885,1.330,66.358,10.430,0.00,0.0540,24.734974,46.698318,0.507,106.603,9.381
2025-12-25T21:55:00.429Z,49.889,1.330,66.333,10.430,0.00,0.0540,24.734974,46.698318,0.510,105.896,9.443
2025-12-25T21:55:00.649Z,49.883,1.331,66.406,10.430,0.00,0.0540,24.734974,46.698318,0.514,105.061,9.518
2025-12-25T21:55:00.649Z,49.892,1.285,64.125,10.430,0.00,0.0540,24.734974,46.698318,0.514,105.061,9.518
2025-12-25T21:55:00.921Z,49.893,1.290,64.337,10.430,0.00,0.0540,24.734974,46.698318,0.519,104.078,9.608
2025-12-25T21:55:01.061Z,49.901,1.240,61.896,10.430,0.00,0.0540,24.734974,46.698318,0.521,103.596,9.653
2025-12-25T21:55:01.319Z,49.843,1.417,70.628,10.430,0.00,0.0540,24.734974,46.698318,0.526,102.601,9.746
2025-12-25T21:55:01.323Z,49.861,1.379,68.773,10.430,0.00,0.0540,24.734974,46.698318,0.526,102.587,9.748
2025-12-25T21:55:01.535Z,49.842,1.423,70.946,10.430,0.00,0.0540,24.734974,46.698318,0.531,101.780,9.825
2025-12-25T21:55:01.658Z,49.847,1.388,69.175,10.430,0.00,0.0540,24.734974,46.698318,0.533,101.327,9.869
2025-12-25T21:55:01.889Z,49.851,1.399,69.742,10.430,0.00,0.0540,24.734974,46.698318,0.537,100.482,9.952
2025-12-25T21:55:01.890Z,49.862,1.362,67.909,10.430,0.00,0.0540,24.734974,46.698318,0.537,100.479,9.952
2025-12-25T21:55:02.143Z,49.855,1.388,69.179,10.430,0.00,0.0540,24.734974,46.698318,0.542,99.580,10.042
2025-12-25T21:55:02.310Z,49.858,1.340,66.790,10.430,0.00,0.0540,24.734974,46.698318,0.545,99.013,10.100
2025-12-25T21:55:02.484Z,49.868,1.327,66.184,10.430,0.00,0.0540,24.734974,46.698318,0.549,98.435,10.159
2025-12-25T21:55:02.485Z,49.876,1.292,64.429,10.430,0.00,0.0540,24.734974,46.698318,0.549,98.433,10.159
2025-12-25T21:55:02.764Z,49.872,1.359,67.766,10.430,0.00,0.0540,24.734974,46.698318,0.554,97.498,10.257
2025-12-25T21:55:02.885Z,49.885,1.295,64.591,10.430,0.00,0.0540,24.734974,46.698318,0.556,97.117,10.297
2025-12-25T21:55:03.276Z,49.860,1.348,67.191,10.430,0.00,0.0540,24.734974,46.698318,0.563,95.860,10.432
2025-12-25T21:55:03.309Z,49.840,1.416,70.550,10.430,0.00,0.0540,24.734974,46.698318,0.564,95.749,10.444
2025-12-25T21:55:03.309Z,49.826,1.441,71.816,10.430,0.00,0.0540,24.734974,46.698318,0.564,95.749,10.444
2025-12-25T21:55:03.520Z,49.790,1.575,78.412,10.430,0.00,0.0540,24.734974,46.698318,0.569,94.976,10.529
2025-12-25T21:55:03.789Z,49.718,1.714,85.196,10.430,0.00,0.0540,24.734974,46.698318,0.575,93.927,10.647
2025-12-25T21:55:03.938Z,49.743,1.654,82.298,10.430,0.00,0.0540,24.734974,46.698318,0.578,93.371,10.710
2025-12-25T21:55:03.938Z,49.734,1.717,85.372,10.430,0.00,0.0540,24.734974,46.698318,0.578,93.370,10.710
2025-12-25T21:55:04.198Z,49.738,1.669,83.014,10.430,0.00,0.0540,24.734974,46.698318,0.584,92.414,10.821
2025-12-25T21:55:04.330Z,49.757,1.659,82.553,10.430,0.00,0.0540,24.734974,46.698318,0.587,91.938,10.877
2025-12-25T21:55:04.608Z,49.737,1.679,83.511,10.430,0.00,0.0540,24.734974,46.698318,0.594,90.940,10.996
2025-12-25T21:55:04.608Z,49.766,1.634,81.317,10.430,0.00,0.0540,24.734974,46.698318,0.594,90.940,10.996
2025-12-25T21:55:04.726Z,49.745,1.616,80.372,10.430,0.00,0.0540,24.734974,46.698318,0.596,90.536,11.045
2025-12-25T21:55:04.953Z,49.708,1.714,85.188,10.430,0.00,0.0540,24.734974,46.698318,0.602,89.730,11.145
2025-12-25T21:55:05.220Z,49.694,1.765,87.710,10.430,0.00,0.0540,24.734974,46.698318,0.608,88.768,11.265
2025-12-25T21:55:05.369Z,49.678,1.871,92.945,10.430,0.00,0.0540,24.734974,46.698318,0.612,88.213,11.336
2025-12-25T21:55:05.370Z,49.687,1.842,91.512,10.430,0.00,0.0540,24.734974,46.698318,0.612,88.209,11.337
2025-12-25T21:55:05.631Z,49.631,1.937,96.157,10.430,0.00,0.0540,24.734974,46.698318,0.619,87.215,11.466
2025-12-25T21:55:05.773Z,49.606,1.968,97.619,10.430,0.00,0.0540,24.734974,46.698318,0.623,86.678,11.537
2025-12-25T21:55:06.040Z,49.638,1.911,94.880,10.430,0.00,0.0540,24.734974,46.698318,0.630,85.707,11.668
2025-12-25T21:55:06.040Z,49.618,1.990,98.718,10.430,0.00,0.0540,24.734974,46.698318,0.630,85.707,11.668
2025-12-25T21:55:06.184Z,49.616,1.947,96.593,9.320,0.00,0.0660,24.734867,46.698292,0.634,104.117,9.605
2025-12-25T21:55:06.451Z,49.630,1.964,97.468,9.320,0.00,0.0660,24.734867,46.698292,0.641,102.941,9.714
2025-12-25T21:55:06.599Z,49.613,1.968,97.624,9.320,0.00,0.0660,24.734867,46.698292,0.645,102.300,9.775
2025-12-25T21:55:06.600Z,49.609,1.988,98.630,9.320,0.00,0.0660,24.734867,46.698292,0.645,102.295,9.776
2025-12-25T21:55:06.772Z,49.673,1.811,89.965,9.320,0.00,0.0660,24.734867,46.698292,0.649,101.622,9.840
2025-12-25T21:55:07.009Z,49.552,2.127,105.386,9.320,0.00,0.0660,24.734867,46.698292,0.656,100.546,9.946
2025-12-25T21:55:07.267Z,49.553,2.188,108.422,9.720,0.00,0.0690,24.734844,46.698284,0.664,103.885,9.626
2025-12-25T21:55:07.268Z,49.490,2.246,111.166,9.720,0.00,0.0690,24.734844,46.698284,0.664,103.883,9.626
2025-12-25T21:55:07.414Z,49.456,2.335,115.499,9.720,0.00,0.0690,24.734844,46.698284,0.669,103.155,9.694
2025-12-25T21:55:07.590Z,49.478,2.355,116.513,9.720,0.00,0.0690,24.734844,46.698284,0.675,102.283,9.777
2025-12-25T21:55:07.821Z,49.475,2.321,114.845,9.720,0.00,0.0690,24.734844,46.698284,0.682,101.176,9.884
2025-12-25T21:55:08.088Z,49.422,2.404,118.789,9.720,0.00,0.0690,24.734844,46.698284,0.691,99.886,10.011
2025-12-25T21:55:08.088Z,49.414,2.377,117.463,9.950,0.00,0.0710,24.734821,46.698284,0.691,102.780,9.729
2025-12-25T21:55:08.293Z,49.355,2.598,128.209,9.950,0.00,0.0710,24.734821,46.698284,0.698,101.709,9.832
2025-12-25T21:55:08.499Z,49.489,2.328,115.215,9.950,0.00,0.0710,24.734821,46.698284,0.705,100.755,9.925
2025-12-25T21:55:08.620Z,49.427,2.403,118.766,9.950,0.00,0.0710,24.734821,46.698284,0.709,100.188,9.981
2025-12-25T21:55:08.621Z,49.559,2.020,100.114,9.950,0.00,0.0710,24.734821,46.698284,0.709,100.186,9.981
2025-12-25T21:55:08.908Z,49.419,2.443,120.709,9.950,0.00,0.0710,24.734821,46.698284,0.718,98.843,10.117
2025-12-25T21:55:09.024Z,49.315,2.705,133.397,9.950,0.00,0.0710,24.734821,46.698284,0.723,98.257,10.177
2025-12-25T21:55:09.267Z,49.428,2.395,118.400,10.890,0.00,0.0740,24.734797,46.698280,0.731,101.285,9.873
2025-12-25T21:55:09.267Z,49.483,2.321,114.827,10.890,0.00,0.0740,24.734797,46.698280,0.731,101.285,9.873
2025-12-25T21:55:09.433Z,49.400,2.495,123.242,10.890,0.00,0.0740,24.734797,46.698280,0.736,100.505,9.950
2025-12-25T21:55:09.830Z,49.322,2.560,126.253,10.890,0.00,0.0740,24.734797,46.698280,0.750,98.641,10.138
2025-12-25T21:55:09.873Z,49.367,2.676,132.096,10.890,0.00,0.0740,24.734797,46.698280,0.752,98.430,10.160
2025-12-25T21:55:10.137Z,49.381,2.657,131.225,10.890,0.00,0.0740,24.734797,46.698280,0.761,97.187,10.289
2025-12-25T21:55:10.137Z,49.378,2.582,127.502,10.590,0.00,0.0770,24.734770,46.698284,0.761,101.126,9.889
2025-12-25T21:55:10.410Z,49.366,2.564,126.572,10.590,0.00,0.0770,24.734770,46.698284,0.771,99.869,10.013
2025-12-25T21:55:10.455Z,49.355,2.606,128.612,10.590,0.00,0.0770,24.734770,46.698284,0.773,99.659,10.034
2025-12-25T21:55:10.751Z,49.394,2.478,122.384,10.590,0.00,0.0770,24.734770,46.698284,0.783,98.381,10.165
2025-12-25T21:55:10.751Z,49.377,2.470,121.967,10.590,0.00,0.0770,24.734770,46.698284,0.783,98.381,10.165
2025-12-25T21:55:10.955Z,49.379,2.383,117.659,10.590,0.00,0.0770,24.734770,46.698284,0.789,97.550,10.251
2025-12-25T21:55:11.154Z,49.420,2.331,115.199,10.590,0.00,0.0770,24.734770,46.698284,0.796,96.770,10.334
2025-12-25T21:55:11.293Z,49.426,2.314,114.355,10.890,0.00,0.0800,24.734747,46.698284,0.800,99.984,10.002
2025-12-25T21:55:11.293Z,49.369,2.261,111.636,10.890,0.00,0.0800,24.734747,46.698284,0.800,99.983,10.002
2025-12-25T21:55:11.510Z,49.357,2.356,116.268,10.890,0.00,0.0800,24.734747,46.698284,0.807,99.117,10.089
2025-12-25T21:55:11.686Z,49.433,2.139,105.755,10.890,0.00,0.0800,24.734747,46.698284,0.812,98.483,10.154
2025-12-25T21:55:11.981Z,49.385,2.427,119.844,10.890,0.00,0.0800,24.734747,46.698284,0.822,97.308,10.277
2025-12-25T21:55:11.981Z,49.461,2.141,105.904,10.890,0.00,0.0800,24.734747,46.698284,0.822,97.308,10.277
2025-12-25T21:55:12.186Z,49.495,2.564,126.928,11.910,0.00,0.0820,24.734722,46.698292,0.829,98.872,10.114
2025-12-25T21:55:12.320Z,49.500,2.509,124.178,11.910,0.00,0.0820,24.734722,46.698292,0.834,98.325,10.170
2025-12-25T21:55:12.594Z,49.497,2.521,124.765,11.910,0.00,0.0820,24.734722,46.698292,0.843,97.216,10.286
2025-12-25T21:55:12.799Z,49.543,2.415,119.626,11.910,0.00,0.0820,24.734722,46.698292,0.850,96.440,10.369
2025-12-25T21:55:12.801Z,49.432,1.881,92.990,11.910,0.00,0.0820,24.734722,46.698292,0.850,96.431,10.370
2025-12-25T21:55:13.003Z,49.403,2.289,113.103,11.910,0.00,0.0820,24.734722,46.698292,0.857,95.719,10.447
2025-12-25T21:55:13.143Z,49.566,2.375,117.742,11.820,0.00,0.0860,24.734695,46.698299,0.861,99.854,10.015
2025-12-25T21:55:13.333Z,49.407,2.444,120.756,11.820,0.00,0.0860,24.734695,46.698299,0.868,99.123,10.089
2025-12-25T21:55:13.333Z,49.434,1.767,87.337,11.820,0.00,0.0860,24.734695,46.698299,0.868,99.122,10.089
2025-12-25T21:55:13.609Z,49.532,2.507,124.170,11.820,0.00,0.0860,24.734695,46.698299,0.877,98.045,10.199
2025-12-25T21:55:13.822Z,49.478,2.500,123.714,11.820,0.00,0.0860,24.734695,46.698299,0.884,97.234,10.285
2025-12-25T21:55:13.940Z,49.424,2.086,103.116,11.820,0.00,0.0860,24.734695,46.698299,0.888,96.864,10.324
2025-12-25T21:55:13.940Z,49.430,1.954,96.606,11.820,0.00,0.0860,24.734695,46.698299,0.888,96.863,10.324
2025-12-25T21:55:14.336Z,49.349,2.270,112.025,11.820,0.00,0.0860,24.734695,46.698299,0.900,95.539,10.467
2025-12-25T21:55:14.399Z,49.378,2.326,114.859,11.820,0.00,0.0860,24.734695,46.698299,0.902,95.324,10.491
2025-12-25T21:55:14.745Z,49.471,2.592,128.230,11.820,0.00,0.0860,24.734695,46.698299,0.915,94.039,10.634
2025-12-25T21:55:14.766Z,49.529,2.487,123.190,11.820,0.00,0.0860,24.734695,46.698299,0.915,93.968,10.642
2025-12-25T21:55:14.766Z,49.387,2.097,103.550,11.820,0.00,0.0860,24.734695,46.698299,0.915,93.965,10.642
2025-12-25T21:55:15.052Z,49.363,2.578,127.234,11.820,0.00,0.0860,24.734695,46.698299,0.925,92.940,10.760
2025-12-25T21:55:15.168Z,49.410,1.953,96.505,11.820,0.00,0.0860,24.734695,46.698299,0.928,92.629,10.796
2025-12-25T21:55:15.467Z,49.415,2.496,123.324,11.820,0.00,0.0860,24.734695,46.698299,0.939,91.617,10.915
2025-12-25T21:55:15.467Z,49.430,2.563,126.695,11.820,0.00,0.0860,24.734695,46.698299,0.939,91.617,10.915
2025-12-25T21:55:15.600Z,49.401,2.585,127.725,11.820,0.00,0.0860,24.734695,46.698299,0.943,91.161,10.970
2025-12-25T21:55:15.871Z,49.301,2.481,122.323,11.820,0.00,0.0860,24.734695,46.698299,0.953,90.278,11.077
2025-12-25T21:55:16.014Z,49.305,2.929,144.421,11.820,0.00,0.0860,24.734695,46.698299,0.958,89.739,11.143
2025-12-25T21:55:16.014Z,49.423,2.500,123.570,11.820,0.00,0.0860,24.734695,46.698299,0.958,89.738,11.144
2025-12-25T21:55:16.202Z,49.261,2.412,118.807,11.820,0.00,0.0860,24.734695,46.698299,0.965,89.163,11.215
2025-12-25T21:55:16.487Z,49.351,2.516,124.179,11.820,0.00,0.0860,24.734695,46.698299,0.974,88.262,11.330
2025-12-25T21:55:16.691Z,49.337,2.659,131.193,11.820,0.00,0.0860,24.734695,46.698299,0.982,87.592,11.417
2025-12-25T21:55:16.708Z,49.352,2.551,125.919,11.820,0.00,0.0860,24.734695,46.698299,0.982,87.539,11.423
2025-12-25T21:55:16.825Z,49.302,2.818,138.956,11.820,0.00,0.0860,24.734695,46.698299,0.987,87.140,11.476
2025-12-25T21:55:17.040Z,49.167,2.984,146.702,11.820,0.00,0.0860,24.734695,46.698299,0.996,86.375,11.577
2025-12-25T21:55:17.305Z,49.157,3.107,152.707,11.820,0.00,0.0860,24.734695,46.698299,1.007,85.410,11.708
2025-12-25T21:55:17.444Z,49.204,2.789,137.230,11.820,0.00,0.0860,24.734695,46.698299,1.012,84.960,11.770
2025-12-25T21:55:17.445Z,49.228,2.884,141.995,11.820,0.00,0.0860,24.734695,46.698299,1.012,84.958,11.771
2025-12-25T21:55:17.720Z,49.304,3.173,156.440,11.820,0.00,0.0860,24.734695,46.698299,1.024,83.967,11.909
2025-12-25T21:55:17.861Z,49.128,2.690,132.160,11.820,0.00,0.0860,24.734695,46.698299,1.029,83.543,11.970
2025-12-25T21:55:18.124Z,49.211,2.761,135.882,11.820,0.00,0.0860,24.734695,46.698299,1.039,82.748,12.085
2025-12-25T21:55:18.124Z,49.228,3.226,158.790,12.630,0.00,0.1030,24.734566,46.698395,1.039,99.103,10.090
2025-12-25T21:55:18.261Z,49.302,3.077,151.698,12.630,0.00,0.1030,24.734566,46.698395,1.045,98.555,10.147
2025-12-25T21:55:18.471Z,49.137,3.387,166.408,12.630,0.00,0.1030,24.734566,46.698395,1.055,97.651,10.241
2025-12-25T21:55:18.738Z,49.195,2.816,138.523,12.630,0.00,0.1030,24.734566,46.698395,1.065,96.707,10.341
2025-12-25T21:55:18.739Z,49.341,2.470,121.853,12.630,0.00,0.1030,24.734566,46.698395,1.065,96.706,10.341
2025-12-25T21:55:18.944Z,49.371,2.336,115.348,12.630,0.00,0.1030,24.734566,46.698395,1.072,96.112,10.405
2025-12-25T21:55:19.072Z,49.136,3.097,152.178,12.370,0.00,0.1060,24.734549,46.698414,1.077,98.414,10.161
2025-12-25T21:55:19.290Z,49.234,2.687,132.292,12.370,0.00,0.1060,24.734549,46.698414,1.085,97.687,10.237
2025-12-25T21:55:19.558Z,49.273,2.582,127.216,12.370,0.00,0.1060,24.734549,46.698414,1.095,96.844,10.326
2025-12-25T21:55:19.558Z,49.170,3.025,148.749,12.370,0.00,0.1060,24.734549,46.698414,1.095,96.842,10.326
2025-12-25T21:55:19.866Z,49.166,3.023,148.637,12.370,0.00,0.1060,24.734549,46.698414,1.107,95.731,10.446
2025-12-25T21:55:19.901Z,49.177,2.827,139.018,12.370,0.00,0.1060,24.734549,46.698414,1.109,95.613,10.459
2025-12-25T21:55:20.172Z,49.172,2.930,144.066,12.370,0.00,0.1060,24.734549,46.698414,1.119,94.686,10.561
2025-12-25T21:55:20.178Z,49.152,2.875,141.320,11.320,0.00,0.1080,24.734535,46.698429,1.120,96.455,10.368
2025-12-25T21:55:20.377Z,49.143,2.932,144.096,11.320,0.00,0.1080,24.734535,46.698429,1.128,95.771,10.442
2025-12-25T21:55:20.527Z,49.164,2.811,138.193,11.320,0.00,0.1080,24.734535,46.698429,1.133,95.285,10.495
2025-12-25T21:55:20.889Z,49.458,2.062,101.994,11.320,0.00,0.1080,24.734535,46.698429,1.144,94.430,10.590
2025-12-25T21:55:20.889Z,49.204,2.781,136.833,11.320,0.00,0.1080,24.734535,46.698429,1.144,94.430,10.590
2025-12-25T21:55:20.927Z,49.441,2.090,103.309,11.320,0.00,0.1080,24.734535,46.698429,1.145,94.342,10.600
2025-12-25T21:55:21.196Z,49.174,2.861,140.695,10.800,0.00,0.1100,24.734522,46.698444,1.155,95.212,10.503
2025-12-25T21:55:21.340Z,49.297,2.491,122.821,10.800,0.00,0.1100,24.734522,46.698444,1.160,94.810,10.547
2025-12-25T21:55:21.340Z,49.209,2.731,134.387,10.800,0.00,0.1100,24.734522,46.698444,1.160,94.809,10.547
2025-12-25T21:55:21.604Z,49.258,2.625,129.301,10.800,0.00,0.1100,24.734522,46.698444,1.170,94.041,10.634
2025-12-25T21:55:21.740Z,49.211,2.775,136.553,10.800,0.00,0.1100,24.734522,46.698444,1.175,93.629,10.680
2025-12-25T21:55:22.117Z,49.249,2.716,133.747,10.800,0.00,0.1100,24.734522,46.698444,1.189,92.525,10.808
2025-12-25T21:55:22.138Z,49.177,2.822,138.789,10.800,0.00,0.1100,24.734522,46.698444,1.190,92.462,10.815
2025-12-25T21:55:22.148Z,49.293,2.524,124.397,10.280,0.00,0.1120,24.734509,46.698460,1.190,94.116,10.625
2025-12-25T21:55:22.350Z,49.308,2.444,120.501,10.280,0.00,0.1120,24.734509,46.698460,1.197,93.585,10.685
2025-12-25T21:55:22.731Z,49.224,2.674,131.616,10.280,0.00,0.1120,24.734509,46.698460,1.211,92.506,10.810
2025-12-25T21:55:22.759Z,49.227,2.627,129.296,10.280,0.00,0.1120,24.734509,46.698460,1.212,92.432,10.819
2025-12-25T21:55:22.759Z,49.253,2.633,129.687,10.280,0.00,0.1120,24.734509,46.698460,1.212,92.432,10.819
2025-12-25T21:55:23.169Z,49.374,2.224,109.793,10.280,0.00,0.1120,24.734509,46.698460,1.224,91.487,10.930
2025-12-25T21:55:23.177Z,49.206,2.729,134.279,10.280,0.00,0.1120,24.734509,46.698460,1.225,91.465,10.933
2025-12-25T21:55:23.261Z,49.346,2.317,114.355,10.280,0.00,0.1120,24.734509,46.698460,1.227,91.265,10.957
2025-12-25T21:55:23.550Z,49.152,2.939,144.439,10.280,0.00,0.1120,24.734509,46.698460,1.239,90.411,11.061
2025-12-25T21:55:23.754Z,49.204,2.737,134.666,10.280,0.00,0.1120,24.734509,46.698460,1.246,89.858,11.129
2025-12-25T21:55:23.758Z,49.172,2.854,140.343,10.280,0.00,0.1120,24.734509,46.698460,1.247,89.848,11.130
2025-12-25T21:55:23.884Z,49.217,2.678,131.793,10.280,0.00,0.1120,24.734509,46.698460,1.251,89.515,11.171
2025-12-25T21:55:24.164Z,49.258,2.591,127.628,10.280,0.00,0.1120,24.734509,46.698460,1.261,88.811,11.260
2025-12-25T21:55:24.288Z,49.149,2.952,145.084,10.280,0.00,0.1120,24.734509,46.698460,1.266,88.460,11.305
2025-12-25T21:55:24.678Z,49.128,2.795,137.334,10.280,0.00,0.1120,24.734509,46.698460,1.281,87.433,11.437
2025-12-25T21:55:24.678Z,49.343,2.980,147.062,10.280,0.00,0.1120,24.734509,46.698460,1.281,87.433,11.437
2025-12-25T21:55:24.692Z,49.363,2.093,103.299,10.280,0.00,0.1120,24.734509,46.698460,1.281,87.406,11.441
2025-12-25T21:55:24.984Z,49.134,2.758,135.505,10.280,0.00,0.1120,24.734509,46.698460,1.292,86.662,11.539
2025-12-25T21:55:25.108Z,49.264,2.423,119.389,10.280,0.00,0.1120,24.734509,46.698460,1.297,86.386,11.576
2025-12-25T21:55:25.109Z,49.190,2.765,136.019,10.280,0.00,0.1120,24.734509,46.698460,1.297,86.386,11.576
2025-12-25T21:55:25.339Z,49.228,2.596,127.814,10.280,0.00,0.1120,24.734509,46.698460,1.305,85.844,11.649
2025-12-25T21:55:25.701Z,49.148,2.843,139.748,10.280,0.00,0.1120,24.734509,46.698460,1.319,84.930,11.774
2025-12-25T21:55:25.757Z,49.248,2.589,127.489,10.280,0.00,0.1120,24.734509,46.698460,1.321,84.801,11.792
2025-12-25T21:55:25.758Z,49.098,3.039,149.205,10.280,0.00,0.1120,24.734509,46.698460,1.321,84.801,11.792
2025-12-25T21:55:26.008Z,49.160,2.749,135.160,10.280,0.00,0.1120,24.734509,46.698460,1.330,84.200,11.876
2025-12-25T21:55:26.148Z,49.125,2.830,139.010,10.280,0.00,0.1120,24.734509,46.698460,1.336,83.861,11.925
2025-12-25T21:55:26.418Z,49.150,2.799,137.568,10.280,0.00,0.1120,24.734509,46.698460,1.346,83.218,12.017
2025-12-25T21:55:26.555Z,49.268,2.477,122.061,10.280,0.00,0.1120,24.734509,46.698460,1.351,82.932,12.058
2025-12-25T21:55:26.567Z,49.213,2.585,127.238,10.280,0.00,0.1120,24.734509,46.698460,1.351,82.904,12.062
2025-12-25T21:55:26.739Z,49.188,2.702,132.919,10.280,0.00,0.1120,24.734509,46.698460,1.357,82.518,12.119
2025-12-25T21:55:26.985Z,49.161,2.714,133.431,10.280,0.00,0.1120,24.734509,46.698460,1.366,81.967,12.200
2025-12-25T21:55:27.236Z,49.229,2.639,129.902,10.280,0.00,0.1120,24.734509,46.698460,1.375,81.427,12.281
2025-12-25T21:55:27.236Z,49.190,2.713,133.457,10.280,0.00,0.1120,24.734509,46.698460,1.375,81.427,12.281
2025-12-25T21:55:27.378Z,49.146,2.894,142.224,10.280,0.00,0.1120,24.734509,46.698460,1.381,81.095,12.331
2025-12-25T21:55:27.749Z,49.164,2.969,145.973,10.280,0.00,0.1120,24.734509,46.698460,1.396,80.223,12.465
2025-12-25T21:55:27.825Z,49.163,2.782,136.784,10.280,0.00,0.1120,24.734509,46.698460,1.399,80.058,12.491
2025-12-25T21:55:27.825Z,49.199,2.648,130.285,10.280,0.00,0.1120,24.734509,46.698460,1.399,80.057,12.491
2025-12-25T21:55:27.971Z,49.194,2.710,133.314,10.280,0.00,0.1120,24.734509,46.698460,1.404,79.749,12.539
2025-12-25T21:55:28.364Z,49.045,2.957,145.012,10.280,0.00,0.1120,24.734509,46.698460,1.420,78.861,12.681
2025-12-25T21:55:28.402Z,49.181,2.646,130.124,10.280,0.00,0.1120,24.734509,46.698460,1.422,78.784,12.693
2025-12-25T21:55:28.402Z,49.298,2.328,114.782,10.280,0.00,0.1120,24.734509,46.698460,1.422,78.783,12.693
2025-12-25T21:55:28.624Z,49.171,2.696,132.555,10.280,0.00,0.1120,24.734509,46.698460,1.430,78.334,12.766
2025-12-25T21:55:28.874Z,49.123,2.821,138.556,10.280,0.00,0.1120,24.734509,46.698460,1.439,77.809,12.852
2025-12-25T21:55:29.083Z,49.090,2.884,141.591,10.280,0.00,0.1120,24.734509,46.698460,1.448,77.367,12.925
2025-12-25T21:55:29.208Z,49.076,2.982,146.346,10.370,0.00,0.1310,24.734442,46.698631,1.453,90.177,11.089
2025-12-25T21:55:29.208Z,48.996,3.115,152.631,10.370,0.00,0.1310,24.734442,46.698631,1.453,90.176,11.089
2025-12-25T21:55:29.490Z,49.286,2.259,111.343,10.370,0.00,0.1310,24.734442,46.698631,1.461,89.637,11.156
2025-12-25T21:55:29.604Z,49.125,2.855,140.258,10.370,0.00,0.1310,24.734442,46.698631,1.466,89.367,11.190
2025-12-25T21:55:29.951Z,49.116,2.898,142.346,10.370,0.00,0.1310,24.734442,46.698631,1.480,88.538,11.295
2025-12-25T21:55:29.951Z,49.114,2.893,142.110,10.370,0.00,0.1310,24.734442,46.698631,1.480,88.537,11.295
2025-12-25T21:55:30.013Z,49.119,2.840,139.482,10.910,0.00,0.1350,24.734430,46.698669,1.482,91.092,10.978
2025-12-25T21:55:30.298Z,49.139,2.848,139.963,10.910,0.00,0.1350,24.734430,46.698669,1.493,90.418,11.060
2025-12-25T21:55:30.443Z,49.094,2.784,136.660,10.910,0.00,0.1350,24.734430,46.698669,1.499,90.085,11.101
2025-12-25T21:55:30.443Z,49.134,2.915,143.223,10.910,0.00,0.1350,24.734430,46.698669,1.499,90.085,11.101
2025-12-25T21:55:30.823Z,49.130,2.755,135.337,10.910,0.00,0.1350,24.734430,46.698669,1.513,89.234,11.206
2025-12-25T21:55:30.875Z,49.129,2.671,131.222,10.910,0.00,0.1350,24.734430,46.698669,1.515,89.122,11.221
2025-12-25T21:55:31.042Z,49.130,2.763,135.741,10.910,0.00,0.1350,24.734430,46.698669,1.521,88.754,11.267
2025-12-25T21:55:31.339Z,49.183,2.580,126.902,11.850,0.00,0.1440,24.734482,46.698738,1.532,94.024,10.636
2025-12-25T21:55:31.345Z,49.142,2.761,135.688,11.850,0.00,0.1440,24.734482,46.698738,1.532,94.009,10.637
2025-12-25T21:55:31.449Z,49.060,2.932,143.836,11.850,0.00,0.1440,24.734482,46.698738,1.536,93.755,10.666
2025-12-25T21:55:31.692Z,49.050,2.860,140.306,11.850,0.00,0.1440,24.734482,46.698738,1.545,93.181,10.732
2025-12-25T21:55:31.867Z,49.103,3.003,147.461,11.850,0.00,0.1440,24.734482,46.698738,1.553,92.750,10.782
2025-12-25T21:55:31.867Z,49.173,2.726,134.042,11.850,0.00,0.1440,24.734482,46.698738,1.553,92.750,10.782
2025-12-25T21:55:32.255Z,49.097,2.960,145.331,11.800,0.00,0.1500,24.734497,46.698795,1.568,95.651,10.455
2025-12-25T21:55:32.272Z,49.110,3.024,148.510,11.800,0.00,0.1500,24.734497,46.698795,1.569,95.607,10.460
2025-12-25T21:55:32.665Z,49.246,2.484,122.320,11.800,0.00,0.1500,24.734497,46.698795,1.582,94.800,10.549
2025-12-25T21:55:32.666Z,48.994,2.750,134.750,11.800,0.00,0.1500,24.734497,46.698795,1.582,94.799,10.549
2025-12-25T21:55:32.703Z,49.213,2.891,142.292,11.800,0.00,0.1500,24.734497,46.698795,1.584,94.711,10.558
2025-12-25T21:55:32.971Z,49.204,2.869,141.153,11.800,0.00,0.1500,24.734497,46.698795,1.594,94.087,10.628
2025-12-25T21:55:33.116Z,49.187,2.822,138.816,11.800,0.00,0.1500,24.734497,46.698795,1.600,93.757,10.666
2025-12-25T21:55:33.117Z,49.127,3.135,154.023,12.110,0.00,0.1550,24.734499,46.698845,1.600,96.882,10.322
2025-12-25T21:55:33.305Z,49.235,2.850,140.312,12.110,0.00,0.1550,24.734499,46.698845,1.607,96.438,10.369
2025-12-25T21:55:33.586Z,49.128,2.895,142.201,12.110,0.00,0.1550,24.734499,46.698845,1.618,95.778,10.441
2025-12-25T21:55:33.996Z,49.131,2.659,130.662,12.110,0.00,0.1550,24.734499,46.698845,1.633,94.906,10.537
2025-12-25T21:55:33.996Z,49.216,2.990,147.141,12.110,0.00,0.1550,24.734499,46.698845,1.633,94.905,10.537
2025-12-25T21:55:34.018Z,49.508,1.697,84.022,12.110,0.00,0.1550,24.734499,46.698845,1.634,94.875,10.540
2025-12-25T21:55:34.303Z,49.979,0.382,19.079,12.370,0.00,0.1600,24.734503,46.698891,1.635,97.845,10.220
2025-12-25T21:55:34.303Z,50.039,0.217,10.867,12.370,0.00,0.1600,24.734503,46.698891,1.635,97.845,10.220
2025-12-25T21:55:34.420Z,50.071,0.152,7.615,12.370,0.00,0.1600,24.734503,46.698891,1.635,97.831,10.222
2025-12-25T21:55:34.715Z,50.097,0.095,4.741,12.370,0.00,0.1600,24.734503,46.698891,1.636,97.807,10.224
2025-12-25T21:55:34.853Z,50.110,0.074,3.727,12.370,0.00,0.1600,24.734503,46.698891,1.636,97.799,10.225
2025-12-25T21:55:34.853Z,50.117,0.064,3.198,12.370,0.00,0.1600,24.734503,46.698891,1.636,97.799,10.225
2025-12-25T21:55:35.122Z,50.119,0.064,3.206,11.720,0.00,0.1630,24.734514,46.698925,1.636,99.618,10.038
2025-12-25T21:55:35.261Z,50.120,0.070,3.531,11.720,0.00,0.1630,24.734514,46.698925,1.636,99.610,10.039
2025-12-25T21:55:35.532Z,50.124,0.070,3.514,11.720,0.00,0.1630,24.734514,46.698925,1.637,99.594,10.041
2025-12-25T21:55:35.533Z,50.128,0.064,3.190,11.720,0.00,0.1630,24.734514,46.698925,1.637,99.593,10.041
2025-12-25T21:55:35.736Z,50.129,0.066,3.297,11.720,0.00,0.1630,24.734514,46.698925,1.637,99.582,10.042
2025-12-25T21:55:35.880Z,50.129,0.074,3.714,11.720,0.00,0.1630,24.734514,46.698925,1.637,99.573,10.043
2025-12-25T21:55:36.145Z,50.132,0.071,3.572,11.720,0.00,0.1630,24.734514,46.698925,1.637,99.557,10.044
2025-12-25T21:55:36.290Z,50.138,0.069,3.469,11.280,0.00,0.1670,24.734522,46.698959,1.637,101.992,9.805
2025-12-25T21:55:36.290Z,50.140,0.064,3.192,11.280,0.00,0.1670,24.734522,46.698959,1.637,101.992,9.805
2025-12-25T21:55:36.555Z,50.141,0.064,3.227,11.280,0.00,0.1670,24.734522,46.698959,1.638,101.977,9.806
2025-12-25T21:55:36.761Z,50.139,0.075,3.758,11.280,0.00,0.1670,24.734522,46.698959,1.638,101.963,9.807
2025-12-25T21:55:36.883Z,50.145,0.067,3.342,11.280,0.00,0.1670,24.734522,46.698959,1.638,101.956,9.808
2025-12-25T21:55:36.883Z,50.147,0.063,3.145,11.280,0.00,0.1670,24.734522,46.698959,1.638,101.956,9.808
2025-12-25T21:55:37.142Z,50.148,0.067,3.363,11.280,0.00,0.1700,24.734533,46.698986,1.638,103.773,9.636
2025-12-25T21:55:37.286Z,50.146,0.076,3.793,11.280,0.00,0.1700,24.734533,46.698986,1.638,103.763,9.637
2025-12-25T21:55:37.684Z,50.152,0.064,3.216,11.280,0.00,0.1700,24.734533,46.698986,1.639,103.740,9.639
2025-12-25T21:55:37.684Z,50.153,0.065,3.281,11.280,0.00,0.1700,24.734533,46.698986,1.639,103.740,9.639
2025-12-25T21:55:37.719Z,50.155,0.065,3.279,11.280,0.00,0.1700,24.734533,46.698986,1.639,103.738,9.640
2025-12-25T21:55:37.989Z,50.153,0.069,3.463,11.280,0.00,0.1700,24.734533,46.698986,1.639,103.722,9.641
2025-12-25T21:55:38.125Z,50.154,0.074,3.735,11.300,0.00,0.1730,24.734554,46.699005,1.639,105.543,9.475
2025-12-25T21:55:38.502Z,50.160,0.064,3.190,11.300,0.00,0.1730,24.734554,46.699005,1.639,105.522,9.477
2025-12-25T21:55:38.502Z,50.161,0.065,3.238,11.300,0.00,0.1730,24.734554,46.699005,1.639,105.522,9.477
2025-12-25T21:55:38.541Z,50.160,0.070,3.502,11.300,0.00,0.1730,24.734554,46.699005,1.640,105.519,9.477
2025-12-25T21:55:38.809Z,50.160,0.073,3.655,11.300,0.00,0.1730,24.734554,46.699005,1.640,105.502,9.479
2025-12-25T21:55:39.014Z,50.165,0.063,3.159,11.300,0.00,0.1730,24.734554,46.699005,1.640,105.490,9.480
2025-12-25T21:55:39.014Z,50.166,0.064,3.188,11.300,0.00,0.1730,24.734554,46.699005,1.640,105.490,9.480
2025-12-25T21:55:39.217Z,50.168,0.066,3.311,11.430,0.00,0.1760,24.734579,46.699017,1.640,107.307,9.319
2025-12-25T21:55:39.525Z,50.165,0.075,3.762,11.430,0.00,0.1760,24.734579,46.699017,1.640,107.286,9.321
2025-12-25T21:55:39.543Z,50.168,0.070,3.527,11.430,0.00,0.1760,24.734579,46.699017,1.640,107.285,9.321
2025-12-25T21:55:39.543Z,50.172,0.064,3.194,11.430,0.00,0.1760,24.734579,46.699017,1.640,107.285,9.321
2025-12-25T21:55:39.935Z,50.172,0.065,3.286,11.430,0.00,0.1760,24.734579,46.699017,1.641,107.262,9.323
2025-12-25T21:55:39.996Z,50.171,0.074,3.692,11.430,0.00,0.1760,24.734579,46.699017,1.641,107.258,9.323
2025-12-25T21:55:40.345Z,50.173,0.068,3.432,11.980,0.00,0.1790,24.734602,46.699028,1.641,109.064,9.169
2025-12-25T21:55:40.367Z,50.176,0.063,3.164,11.980,0.00,0.1790,24.734602,46.699028,1.641,109.062,9.169
2025-12-25T21:55:40.367Z,50.177,0.064,3.195,11.980,0.00,0.1790,24.734602,46.699028,1.641,109.062,9.169
2025-12-25T21:55:40.600Z,50.177,0.065,3.273,11.980,0.00,0.1790,24.734602,46.699028,1.641,109.048,9.170
2025-12-25T21:55:40.857Z,50.175,0.075,3.774,11.980,0.00,0.1790,24.734602,46.699028,1.642,109.031,9.172
2025-12-25T21:55:41.061Z,50.181,0.065,3.283,11.980,0.00,0.1790,24.734602,46.699028,1.642,109.018,9.173
2025-12-25T21:55:41.061Z,50.182,0.064,3.199,12.450,0.00,0.1820,24.734627,46.699039,1.642,110.845,9.022
2025-12-25T21:55:41.181Z,50.181,0.068,3.411,12.450,0.00,0.1820,24.734627,46.699039,1.642,110.838,9.022
2025-12-25T21:55:41.473Z,50.179,0.076,3.823,12.450,0.00,0.1820,24.734627,46.699039,1.642,110.817,9.024
2025-12-25T21:55:41.593Z,50.186,0.063,3.178,12.450,0.00,0.1820,24.734627,46.699039,1.642,110.810,9.024
2025-12-25T21:55:41.593Z,50.186,0.065,3.266,12.450,0.00,0.1820,24.734627,46.699039,1.642,110.810,9.024
2025-12-25T21:55:41.827Z,50.185,0.067,3.383,12.450,0.00,0.1820,24.734627,46.699039,1.643,110.795,9.026
2025-12-25T21:55:42.085Z,50.186,0.069,3.477,12.450,0.00,0.1820,24.734627,46.699039,1.643,110.778,9.027
2025-12-25T21:55:42.228Z,50.186,0.073,3.676,13.280,0.00,0.1850,24.734653,46.699047,1.643,112.594,8.881
2025-12-25T21:55:42.232Z,50.191,0.064,3.207,13.280,0.00,0.1850,24.734653,46.699047,1.643,112.594,8.881
2025-12-25T21:55:42.598Z,50.191,0.065,3.264,13.280,0.00,0.1850,24.734653,46.699047,1.643,112.571,8.883
2025-12-25T21:55:42.650Z,50.189,0.070,3.519,13.280,0.00,0.1850,24.734653,46.699047,1.643,112.567,8.884
2025-12-25T21:55:42.904Z,50.190,0.071,3.588,13.280,0.00,0.1850,24.734653,46.699047,1.644,112.550,8.885
2025-12-25T21:55:43.211Z,50.194,0.064,3.198,13.280,0.00,0.1850,24.734653,46.699047,1.644,112.531,8.886
2025-12-25T21:55:43.211Z,50.194,0.065,3.265,14.020,0.00,0.1880,24.734684,46.699047,1.644,114.356,8.745
2025-12-25T21:55:43.401Z,50.191,0.076,3.829,14.020,0.00,0.1880,24.734684,46.699047,1.644,114.342,8.746
2025-12-25T21:55:43.401Z,50.197,0.063,3.140,14.020,0.00,0.1880,24.734684,46.699047,1.644,114.342,8.746
2025-12-25T21:55:43.571Z,50.197,0.066,3.311,14.020,0.00,0.1880,24.734684,46.699047,1.644,114.331,8.747
2025-12-25T21:55:43.826Z,50.194,0.076,3.829,14.020,0.00,0.1880,24.734684,46.699047,1.645,114.313,8.748
2025-12-25T21:55:44.033Z,50.197,0.070,3.514,14.020,0.00,0.1880,24.734684,46.699047,1.645,114.298,8.749
2025-12-25T21:55:44.034Z,50.200,0.063,3.187,14.020,0.00,0.1880,24.734684,46.699047,1.645,114.298,8.749
2025-12-25T21:55:44.153Z,50.201,0.065,3.248,14.650,0.00,0.1920,24.734715,46.699043,1.645,116.723,8.567
2025-12-25T21:55:44.441Z,50.197,0.077,3.857,14.650,0.00,0.1920,24.734715,46.699043,1.645,116.701,8.569
2025-12-25T21:55:44.644Z,50.202,0.067,3.380,14.650,0.00,0.1920,24.734715,46.699043,1.645,116.687,8.570
2025-12-25T21:55:44.647Z,50.203,0.063,3.181,14.650,0.00,0.1920,24.734715,46.699043,1.645,116.687,8.570
2025-12-25T21:55:44.849Z,50.204,0.064,3.223,14.650,0.00,0.1920,24.734715,46.699043,1.646,116.674,8.571
2025-12-25T21:55:45.054Z,50.203,0.068,3.394,14.650,0.00,0.1920,24.734715,46.699043,1.646,116.661,8.572
2025-12-25T21:55:45.169Z,50.201,0.078,3.907,14.820,0.00,0.1950,24.734749,46.699036,1.646,118.474,8.441
2025-12-25T21:55:45.420Z,50.207,0.062,3.126,14.820,0.00,0.1950,24.734749,46.699036,1.646,118.459,8.442
2025-12-25T21:55:45.423Z,50.208,0.065,3.248,14.820,0.00,0.1950,24.734749,46.699036,1.646,118.458,8.442
2025-12-25T21:55:45.579Z,50.207,0.068,3.423,14.820,0.00,0.1950,24.734749,46.699036,1.646,118.448,8.443
2025-12-25T21:55:45.978Z,50.204,0.075,3.777,14.820,0.00,0.1950,24.734749,46.699036,1.647,118.418,8.445
2025-12-25T21:55:46.000Z,50.210,0.063,3.149,14.820,0.00,0.1950,24.734749,46.699036,1.647,118.416,8.445
2025-12-25T21:55:46.001Z,50.210,0.064,3.233,14.410,0.00,0.1990,24.734781,46.699028,1.647,120.845,8.275
2025-12-25T21:55:46.285Z,50.210,0.066,3.316,14.410,0.00,0.1990,24.734781,46.699028,1.647,120.826,8.276
2025-12-25T21:55:46.430Z,50.209,0.070,3.499,14.410,0.00,0.1990,24.734781,46.699028,1.647,120.816,8.277
2025-12-25T21:55:46.799Z,50.210,0.071,3.584,14.410,0.00,0.1990,24.734781,46.699028,1.648,120.789,8.279
2025-12-25T21:55:46.799Z,50.213,0.064,3.197,14.410,0.00,0.1990,24.734781,46.699028,1.648,120.789,8.279
2025-12-25T21:55:46.812Z,50.213,0.065,3.283,14.410,0.00,0.1990,24.734781,46.699028,1.648,120.788,8.279
2025-12-25T21:55:47.104Z,50.211,0.073,3.649,14.410,0.00,0.1990,24.734781,46.699028,1.648,120.766,8.280
2025-12-25T21:55:47.223Z,50.210,0.080,4.009,13.780,0.00,0.2030,24.734814,46.699017,1.648,123.184,8.118
2025-12-25T21:55:47.615Z,50.191,0.134,6.716,13.780,0.00,0.2030,24.734814,46.699017,1.649,123.129,8.122
2025-12-25T21:55:47.615Z,50.148,0.257,12.878,13.780,0.00,0.2030,24.734814,46.699017,1.649,123.129,8.122
2025-12-25T21:55:47.628Z,50.079,0.445,22.269,13.780,0.00,0.2030,24.734814,46.699017,1.649,123.123,8.122
2025-12-25T21:55:48.024Z,50.068,0.621,31.069,13.780,0.00,0.2030,24.734814,46.699017,1.652,122.868,8.139
2025-12-25T21:55:48.069Z,50.089,0.400,20.038,13.780,0.00,0.2030,24.734814,46.699017,1.652,122.850,8.140
2025-12-25T21:55:48.069Z,50.063,0.506,25.354,12.090,0.00,0.2060,24.734842,46.699005,1.652,124.665,8.021
2025-12-25T21:55:48.332Z,49.928,0.877,43.797,12.090,0.00,0.2060,24.734842,46.699005,1.656,124.424,8.037
2025-12-25T21:55:48.465Z,49.865,1.053,52.493,12.090,0.00,0.2060,24.734842,46.699005,1.658,124.279,8.046
2025-12-25T21:55:48.850Z,49.758,1.293,64.337,12.090,0.00,0.2060,24.734842,46.699005,1.664,123.765,8.080
2025-12-25T21:55:48.850Z,49.453,2.191,108.356,12.090,0.00,0.2060,24.734842,46.699005,1.664,123.764,8.080
2025-12-25T21:55:48.877Z,49.371,2.419,119.426,12.090,0.00,0.2060,24.734842,46.699005,1.665,123.699,8.084
2025-12-25T21:55:49.150Z,49.343,2.487,122.724,12.500,0.00,0.2100,24.734871,46.698990,1.675,125.400,7.974
2025-12-25T21:55:49.293Z,49.367,2.371,117.058,12.500,0.00,0.2100,24.734871,46.698990,1.679,125.052,7.997
2025-12-25T21:55:49.484Z,49.376,2.383,117.689,12.500,0.00,0.2100,24.734871,46.698990,1.686,124.590,8.026
2025-12-25T21:55:49.484Z,49.453,2.188,108.194,12.500,0.00,0.2100,24.734871,46.698990,1.686,124.589,8.026
2025-12-25T21:55:49.699Z,49.436,2.173,107.418,12.500,0.00,0.2100,24.734871,46.698990,1.692,124.118,8.057
2025-12-25T21:55:49.969Z,49.450,2.161,106.871,12.500,0.00,0.2100,24.734871,46.698990,1.700,123.531,8.095
2025-12-25T21:55:50.104Z,49.389,2.256,111.429,12.500,0.00,0.2100,24.734871,46.698990,1.704,123.228,8.115
2025-12-25T21:55:50.104Z,49.430,2.085,103.067,12.720,0.00,0.2140,24.734900,46.698971,1.704,125.575,7.963
2025-12-25T21:55:50.379Z,49.350,2.398,118.358,12.720,0.00,0.2140,24.734900,46.698971,1.713,124.913,8.006
2025-12-25T21:55:50.520Z,49.455,2.089,103.302,12.720,0.00,0.2140,24.734900,46.698971,1.717,124.620,8.024
2025-12-25T21:55:50.789Z,49.403,2.310,114.115,12.720,0.00,0.2140,24.734900,46.698971,1.726,124.002,8.064
2025-12-25T21:55:50.790Z,49.379,2.280,112.605,12.720,0.00,0.2140,24.734900,46.698971,1.726,124.002,8.064
2025-12-25T21:55:51.097Z,49.396,2.260,111.656,12.720,0.00,0.2140,24.734900,46.698971,1.735,123.321,8.109
2025-12-25T21:55:51.115Z,49.466,2.101,103.945,13.520,0.00,0.2170,24.734928,46.698952,1.736,125.011,7.999
2025-12-25T21:55:51.339Z,49.438,2.119,104.747,13.520,0.00,0.2170,24.734928,46.698952,1.742,124.543,8.029
2025-12-25T21:55:51.340Z,49.458,2.132,105.462,13.520,0.00,0.2170,24.734928,46.698952,1.742,124.543,8.029
2025-12-25T21:55:51.608Z,49.439,2.166,107.085,13.520,0.00,0.2170,24.734928,46.698952,1.750,123.976,8.066
2025-12-25T21:55:51.730Z,49.471,2.023,100.101,13.520,0.00,0.2170,24.734928,46.698952,1.754,123.734,8.082
2025-12-25T21:55:51.959Z,49.348,2.361,116.490,13.520,0.00,0.2170,24.734928,46.698952,1.761,123.215,8.116
2025-12-25T21:55:52.137Z,49.248,2.734,134.626,13.520,0.00,0.2170,24.734928,46.698952,1.768,122.751,8.147
2025-12-25T21:55:52.137Z,49.326,2.408,118.792,14.590,0.00,0.2220,24.734961,46.698921,1.768,125.579,7.963
2025-12-25T21:55:52.530Z,49.244,2.534,124.786,14.590,0.00,0.2220,24.734961,46.698921,1.781,124.619,8.024
2025-12-25T21:55:52.570Z,49.242,2.561,126.090,14.590,0.00,0.2220,24.734961,46.698921,1.783,124.520,8.031
2025-12-25T21:55:52.756Z,49.333,2.356,116.252,14.590,0.00,0.2220,24.734961,46.698921,1.789,124.103,8.058
2025-12-25T21:55:52.756Z,49.251,2.515,123.870,14.590,0.00,0.2220,24.734961,46.698921,1.789,124.102,8.058
2025-12-25T21:55:52.974Z,49.276,2.501,123.250,14.590,0.00,0.2220,24.734961,46.698921,1.796,123.588,8.091
2025-12-25T21:55:53.249Z,49.314,2.412,118.927,14.690,0.00,0.2260,24.734985,46.698891,1.805,125.180,7.988
2025-12-25T21:55:53.384Z,49.280,2.498,123.092,14.690,0.00,0.2260,24.734985,46.698891,1.810,124.861,8.009
2025-12-25T21:55:53.384Z,49.289,2.472,121.842,14.690,0.00,0.2260,24.734985,46.698891,1.810,124.861,8.009
2025-12-25T21:55:53.657Z,49.257,2.500,123.150,14.690,0.00,0.2260,24.734985,46.698891,1.819,124.220,8.050
2025-12-25T21:55:53.769Z,49.236,2.597,127.883,14.690,0.00,0.2260,24.734985,46.698891,1.823,123.949,8.068
2025-12-25T21:55:54.168Z,49.212,2.662,131.024,14.690,0.00,0.2260,24.734985,46.698891,1.838,122.971,8.132
2025-12-25T21:55:54.236Z,49.290,2.377,117.170,15.330,0.00,0.2310,24.735010,46.698856,1.840,125.540,7.966
2025-12-25T21:55:54.237Z,49.250,2.534,124.807,15.330,0.00,0.2310,24.735010,46.698856,1.840,125.538,7.966
2025-12-25T21:55:54.410Z,48.988,3.241,158.759,15.330,0.00,0.2310,24.735010,46.698856,1.848,125.020,7.999
2025-12-25T21:55:54.782Z,49.004,3.144,154.059,15.330,0.00,0.2310,24.735010,46.698856,1.864,123.951,8.068
2025-12-25T21:55:54.808Z,48.998,3.186,156.126,15.330,0.00,0.2310,24.735010,46.698856,1.865,123.876,8.073
2025-12-25T21:55:54.812Z,48.946,3.450,168.870,15.330,0.00,0.2310,24.735010,46.698856,1.865,123.862,8.073
2025-12-25T21:55:55.090Z,49.206,2.501,123.067,15.330,0.00,0.2310,24.735010,46.698856,1.874,123.236,8.115
2025-12-25T21:55:55.219Z,48.986,3.148,154.219,15.190,0.00,0.2350,24.735029,46.698822,1.880,125.001,8.000
2025-12-25T21:55:55.607Z,48.997,3.270,160.217,15.190,0.00,0.2350,24.735029,46.698822,1.897,123.862,8.073
2025-12-25T21:55:55.607Z,48.960,3.173,155.350,15.190,0.00,0.2350,24.735029,46.698822,1.897,123.862,8.074
2025-12-25T21:55:55.644Z,48.946,3.399,166.370,15.190,0.00,0.2350,24.735029,46.698822,1.899,123.752,8.081
2025-12-25T21:55:55.909Z,48.930,3.386,165.661,15.190,0.00,0.2350,24.735029,46.698822,1.911,122.963,8.133
2025-12-25T21:55:56.042Z,48.932,3.290,160.996,15.190,0.00,0.2350,24.735029,46.698822,1.917,122.578,8.158
2025-12-25T21:55:56.043Z,48.922,3.377,165.196,15.740,0.00,0.2400,24.735050,46.698780,1.917,125.187,7.988
2025-12-25T21:55:56.298Z,48.938,3.248,158.930,15.740,0.00,0.2400,24.735050,46.698780,1.928,124.455,8.035
2025-12-25T21:55:56.474Z,48.986,3.256,159.484,15.740,0.00,0.2400,24.735050,46.698780,1.936,123.953,8.068
2025-12-25T21:55:56.727Z,48.911,3.321,162.439,15.740,0.00,0.2400,24.735050,46.698780,1.948,123.227,8.115
2025-12-25T21:55:56.865Z,48.922,3.323,162.560,15.740,0.00,0.2400,24.735050,46.698780,1.954,122.833,8.141
2025-12-25T21:55:56.865Z,48.909,3.393,165.932,15.740,0.00,0.2400,24.735050,46.698780,1.954,122.832,8.141
2025-12-25T21:55:57.138Z,48.875,3.526,172.353,16.260,0.00,0.2440,24.735067,46.698738,1.967,124.051,8.061
2025-12-25T21:55:57.254Z,48.874,3.393,165.809,16.260,0.00,0.2440,24.735067,46.698738,1.972,123.716,8.083
2025-12-25T21:55:57.492Z,48.934,3.365,164.642,16.260,0.00,0.2440,24.735067,46.698738,1.983,123.035,8.128
2025-12-25T21:55:57.493Z,48.909,3.403,166.452,16.260,0.00,0.2440,24.735067,46.698738,1.983,123.035,8.128
2025-12-25T21:55:57.854Z,48.929,3.278,160.389,16.260,0.00,0.2440,24.735067,46.698738,1.999,122.044,8.194
2025-12-25T21:55:57.914Z,48.866,3.512,171.641,16.260,0.00,0.2440,24.735067,46.698738,2.002,121.868,8.206
2025-12-25T21:55:58.173Z,48.876,3.463,169.276,16.260,0.00,0.2440,24.735067,46.698738,2.014,121.132,8.255
2025-12-25T21:55:58.178Z,48.886,3.393,165.874,15.480,0.00,0.2480,24.735075,46.698696,2.015,123.105,8.123
2025-12-25T21:55:58.305Z,48.887,3.365,164.499,15.480,0.00,0.2480,24.735075,46.698696,2.020,122.749,8.147
2025-12-25T21:55:58.571Z,48.946,3.196,156.451,15.480,0.00,0.2480,24.735075,46.698696,2.032,122.052,8.193
2025-12-25T21:55:58.709Z,48.883,3.423,167.309,15.480,0.00,0.2480,24.735075,46.698696,2.038,121.667,8.219
2025-12-25T21:55:59.084Z,48.897,3.354,164.013,15.480,0.00,0.2480,24.735075,46.698696,2.055,120.657,8.288
2025-12-25T21:55:59.084Z,48.867,3.417,166.973,15.480,0.00,0.2480,24.735075,46.698696,2.055,120.657,8.288
2025-12-25T21:55:59.094Z,48.911,3.303,161.571,15.500,0.00,0.2530,24.735083,46.698650,2.056,123.063,8.126
2025-12-25T21:55:59.596Z,48.871,3.400,166.173,15.500,0.00,0.2530,24.735083,46.698650,2.079,121.690,8.218
2025-12-25T21:55:59.675Z,48.922,3.229,157.963,15.500,0.00,0.2530,24.735083,46.698650,2.083,121.487,8.231
2025-12-25T21:55:59.676Z,48.873,3.344,163.431,15.500,0.00,0.2530,24.735083,46.698650,2.083,121.487,8.231
2025-12-25T21:56:00.006Z,48.872,3.416,166.928,15.500,0.00,0.2530,24.735083,46.698650,2.098,120.600,8.292
2025-12-25T21:56:00.006Z,48.876,3.380,165.190,15.500,0.00,0.2530,24.735083,46.698650,2.098,120.600,8.292
2025-12-25T21:56:00.043Z,48.859,3.440,168.078,15.590,0.00,0.2580,24.735096,46.698605,2.100,122.883,8.138
2025-12-25T21:56:00.226Z,48.905,3.218,157.395,15.590,0.00,0.2580,24.735096,46.698605,2.108,122.415,8.169
2025-12-25T21:56:00.523Z,48.843,3.475,169.726,15.590,0.00,0.2580,24.735096,46.698605,2.122,121.608,8.223
2025-12-25T21:56:00.523Z,48.916,3.215,157.282,15.590,0.00,0.2580,24.735096,46.698605,2.122,121.606,8.223
2025-12-25T21:56:00.649Z,48.897,3.241,158.462,15.590,0.00,0.2580,24.735096,46.698605,2.127,121.289,8.245
2025-12-25T21:56:01.030Z,48.924,3.189,155.996,15.590,0.00,0.2580,24.735096,46.698605,2.144,120.357,8.309
2025-12-25T21:56:01.110Z,48.934,3.215,157.323,15.590,0.00,0.2580,24.735096,46.698605,2.147,120.159,8.322
2025-12-25T21:56:01.254Z,48.898,3.255,159.146,17.720,0.00,0.2630,24.735092,46.698559,2.154,122.125,8.188
2025-12-25T21:56:01.255Z,48.901,3.307,161.707,17.720,0.00,0.2630,24.735092,46.698559,2.154,122.125,8.188
2025-12-25T21:56:01.472Z,48.902,3.296,161.198,17.720,0.00,0.2630,24.735092,46.698559,2.163,121.575,8.225
2025-12-25T21:56:01.671Z,48.894,3.247,158.778,17.720,0.00,0.2630,24.735092,46.698559,2.172,121.085,8.259
2025-12-25T21:56:01.951Z,48.929,3.191,156.151,17.720,0.00,0.2630,24.735092,46.698559,2.184,120.411,8.305
2025-12-25T21:56:01.951Z,48.971,3.027,148.259,17.720,0.00,0.2630,24.735092,46.698559,2.184,120.411,8.305
2025-12-25T21:56:02.155Z,48.988,3.046,149.221,17.480,0.00,0.2670,24.735075,46.698517,2.193,121.772,8.212
2025-12-25T21:56:02.270Z,48.987,3.038,148.807,17.480,0.00,0.2670,24.735075,46.698517,2.197,121.507,8.230
2025-12-25T21:56:02.565Z,48.974,2.981,145.998,17.480,0.00,0.2670,24.735075,46.698517,2.209,120.850,8.275
2025-12-25T21:56:02.565Z,49.001,2.887,141.454,17.480,0.00,0.2670,24.735075,46.698517,2.209,120.849,8.275
2025-12-25T21:56:02.684Z,49.029,2.873,140.844,17.480,0.00,0.2670,24.735075,46.698517,2.214,120.596,8.292
2025-12-25T21:56:02.975Z,48.996,3.016,147.757,17.480,0.00,0.2670,24.735075,46.698517,2.226,119.949,8.337
2025-12-25T21:56:03.215Z,48.945,3.164,154.847,17.480,0.00,0.2670,24.735075,46.698517,2.236,119.394,8.376
2025-12-25T21:56:03.216Z,48.892,3.267,159.721,17.110,0.00,0.2720,24.735067,46.698467,2.236,121.629,8.222
2025-12-25T21:56:03.487Z,48.953,3.076,150.566,17.110,0.00,0.2720,24.735067,46.698467,2.248,121.014,8.263
2025-12-25T21:56:03.487Z,48.930,3.176,155.394,17.110,0.00,0.2720,24.735067,46.698467,2.248,121.014,8.264
2025-12-25T21:56:03.604Z,48.941,3.081,150.766,17.110,0.00,0.2720,24.735067,46.698467,2.253,120.751,8.282
2025-12-25T21:56:03.897Z,48.916,3.161,154.643,17.110,0.00,0.2720,24.735067,46.698467,2.265,120.081,8.328
2025-12-25T21:56:04.034Z,48.968,3.044,149.080,17.110,0.00,0.2720,24.735067,46.698467,2.271,119.781,8.349
2025-12-25T21:56:04.317Z,48.944,3.052,149.378,14.820,0.00,0.2760,24.735054,46.698433,2.283,120.918,8.270
2025-12-25T21:56:04.317Z,48.995,2.964,145.206,14.820,0.00,0.2760,24.735054,46.698433,2.283,120.917,8.270
2025-12-25T21:56:04.449Z,48.940,3.082,150.825,14.820,0.00,0.2760,24.735054,46.698433,2.288,120.625,8.290
2025-12-25T21:56:04.623Z,48.991,2.945,144.293,14.820,0.00,0.2760,24.735054,46.698433,2.295,120.258,8.315
2025-12-25T21:56:05.022Z,48.969,2.998,146.820,14.820,0.00,0.2760,24.735054,46.698433,2.311,119.413,8.374
2025-12-25T21:56:05.022Z,48.990,2.941,144.081,14.820,0.00,0.2760,24.735054,46.698433,2.311,119.412,8.374
2025-12-25T21:56:05.040Z,48.978,2.968,145.372,12.630,0.00,0.2800,24.735044,46.698399,2.312,121.105,8.257
2025-12-25T21:56:05.274Z,49.004,2.920,143.114,12.630,0.00,0.2800,24.735044,46.698399,2.321,120.619,8.291
2025-12-25T21:56:05.622Z,48.916,3.166,154.880,12.630,0.00,0.2800,24.735044,46.698399,2.336,119.845,8.344
2025-12-25T21:56:05.673Z,48.997,2.914,142.755,12.630,0.00,0.2800,24.735044,46.698399,2.338,119.741,8.351
2025-12-25T21:56:05.674Z,48.811,3.455,168.647,12.630,0.00,0.2800,24.735044,46.698399,2.338,119.740,8.351
2025-12-25T21:56:05.946Z,48.786,3.479,169.733,12.630,0.00,0.2800,24.735044,46.698399,2.351,119.088,8.397
2025-12-25T21:56:06.059Z,48.615,4.013,195.074,12.630,0.00,0.2800,24.735044,46.698399,2.357,118.777,8.419
2025-12-25T21:56:06.353Z,48.681,3.796,184.810,7.430,0.00,0.2830,24.735043,46.698372,2.372,119.287,8.383
2025-12-25T21:56:06.353Z,48.678,3.705,180.356,7.430,0.00,0.2830,24.735043,46.698372,2.372,119.286,8.383
2025-12-25T21:56:06.482Z,48.640,3.845,187.022,7.430,0.00,0.2830,24.735043,46.698372,2.379,118.951,8.407
2025-12-25T21:56:06.763Z,48.621,3.966,192.846,7.430,0.00,0.2830,24.735043,46.698372,2.394,118.202,8.460
2025-12-25T21:56:06.898Z,48.715,3.676,179.059,7.430,0.00,0.2830,24.735043,46.698372,2.401,117.872,8.484
2025-12-25T21:56:06.898Z,48.634,3.943,191.745,7.430,0.00,0.2830,24.735043,46.698372,2.401,117.871,8.484
2025-12-25T21:56:07.274Z,48.631,3.868,188.091,6.060,0.00,0.2840,24.735039,46.698357,2.421,117.327,8.523
2025-12-25T21:56:07.301Z,48.655,3.752,182.570,6.060,0.00,0.2840,24.735039,46.698357,2.422,117.261,8.528
2025-12-25T21:56:07.498Z,48.640,3.764,183.079,6.060,0.00,0.2840,24.735039,46.698357,2.432,116.777,8.563
2025-12-25T21:56:07.499Z,48.655,3.842,186.934,6.060,0.00,0.2840,24.735039,46.698357,2.432,116.777,8.563
2025-12-25T21:56:07.835Z,48.627,3.867,188.023,6.060,0.00,0.2840,24.735039,46.698357,2.450,115.939,8.625
2025-12-25T21:56:07.930Z,48.596,3.999,194.354,6.060,0.00,0.2840,24.735039,46.698357,2.455,115.697,8.643
2025-12-25T21:56:08.196Z,48.691,3.742,182.215,7.670,0.00,0.2860,24.735023,46.698353,2.468,115.876,8.630
2025-12-25T21:56:08.401Z,48.631,3.899,189.593,7.670,0.00,0.2860,24.735023,46.698353,2.479,115.373,8.668
2025-12-25T21:56:08.401Z,48.608,3.822,185.802,7.670,0.00,0.2860,24.735023,46.698353,2.479,115.372,8.668
2025-12-25T21:56:08.716Z,48.688,3.844,187.144,7.670,0.00,0.2860,24.735023,46.698353,2.495,114.614,8.725
2025-12-25T21:56:08.793Z,48.602,3.815,185.431,7.670,0.00,0.2860,24.735023,46.698353,2.499,114.432,8.739
2025-12-25T21:56:08.929Z,48.677,3.724,181.277,7.670,0.00,0.2860,24.735023,46.698353,2.506,114.120,8.763
2025-12-25T21:56:08.930Z,48.627,3.920,190.634,7.670,0.00,0.2860,24.735023,46.698353,2.506,114.117,8.763
2025-12-25T21:56:09.324Z,48.661,3.708,180.457,6.850,0.00,0.2870,24.735014,46.698349,2.526,113.622,8.801
2025-12-25T21:56:09.357Z,48.572,4.027,195.583,6.850,0.00,0.2870,24.735014,46.698349,2.528,113.541,8.807
2025-12-25T21:56:09.630Z,48.592,3.862,187.654,6.850,0.00,0.2870,24.735014,46.698349,2.542,112.904,8.857
2025-12-25T21:56:09.635Z,48.626,3.805,185.027,6.850,0.00,0.2870,24.735014,46.698349,2.542,112.895,8.858
2025-12-25T21:56:09.758Z,48.612,3.801,184.787,6.850,0.00,0.2870,24.735014,46.698349,2.549,112.614,8.880
2025-12-25T21:56:10.142Z,48.596,4.011,194.894,6.850,0.00,0.2870,24.735014,46.698349,2.569,111.703,8.952
2025-12-25T21:56:10.159Z,48.633,3.804,185.022,9.780,0.00,0.2900,24.734991,46.698357,2.570,112.833,8.863
2025-12-25T21:56:10.449Z,48.580,3.870,188.018,9.780,0.00,0.2900,24.734991,46.698357,2.585,112.171,8.915
2025-12-25T21:56:10.449Z,48.647,3.823,185.959,9.780,0.00,0.2900,24.734991,46.698357,2.585,112.170,8.915
2025-12-25T21:56:10.653Z,48.636,3.752,182.496,9.780,0.00,0.2900,24.734991,46.698357,2.596,111.723,8.951
2025-12-25T21:56:10.792Z,48.634,3.820,185.797,9.780,0.00,0.2900,24.734991,46.698357,2.603,111.415,8.975
2025-12-25T21:56:11.065Z,48.459,4.176,202.379,9.780,0.00,0.2900,24.734991,46.698357,2.618,110.762,9.028
2025-12-25T21:56:11.066Z,48.488,4.060,196.860,12.260,0.00,0.2930,24.734962,46.698368,2.618,111.907,8.936
2025-12-25T21:56:11.199Z,48.490,4.090,198.310,12.260,0.00,0.2930,24.734962,46.698368,2.626,111.594,8.961
2025-12-25T21:56:11.387Z,48.479,4.034,195.588,12.260,0.00,0.2930,24.734962,46.698368,2.636,111.161,8.996
2025-12-25T21:56:11.782Z,48.459,4.119,199.616,12.260,0.00,0.2930,24.734962,46.698368,2.658,110.246,9.071
2025-12-25T21:56:11.782Z,48.498,4.205,203.914,12.260,0.00,0.2930,24.734962,46.698368,2.658,110.245,9.071
2025-12-25T21:56:11.820Z,48.516,4.049,196.416,12.260,0.00,0.2930,24.734962,46.698368,2.660,110.160,9.078
2025-12-25T21:56:12.066Z,48.492,4.182,202.788,12.260,0.00,0.2930,24.734962,46.698368,2.674,109.589,9.125
2025-12-25T21:56:12.238Z,48.514,4.131,200.391,20.800,0.00,0.3000,24.734901,46.698391,2.683,111.806,8.944
2025-12-25T21:56:12.239Z,48.463,4.332,209.943,20.800,0.00,0.3000,24.734901,46.698391,2.683,111.806,8.944
2025-12-25T21:56:12.409Z,48.474,4.117,199.581,20.800,0.00,0.3000,24.734901,46.698391,2.693,111.412,8.976
2025-12-25T21:56:12.702Z,48.414,4.150,200.895,20.800,0.00,0.3000,24.734901,46.698391,2.709,110.741,9.030
2025-12-25T21:56:12.824Z,48.479,4.089,198.225,20.800,0.00,0.3000,24.734901,46.698391,2.716,110.466,9.053
2025-12-25T21:56:13.049Z,48.458,4.262,206.520,20.800,0.00,0.3000,24.734901,46.698391,2.729,109.944,9.096
2025-12-25T21:56:13.053Z,48.498,4.167,202.080,17.260,0.00,0.3050,24.734867,46.698414,2.729,111.766,8.947
2025-12-25T21:56:13.243Z,48.598,3.767,183.066,17.260,0.00,0.3050,24.734867,46.698414,2.739,111.373,8.979
2025-12-25T21:56:13.467Z,48.497,3.859,187.153,17.260,0.00,0.3050,24.734867,46.698414,2.750,110.901,9.017
2025-12-25T21:56:13.678Z,48.547,3.917,190.138,17.260,0.00,0.3050,24.734867,46.698414,2.761,110.454,9.054
2025-12-25T21:56:13.678Z,48.467,4.056,196.592,17.260,0.00,0.3050,24.734867,46.698414,2.761,110.453,9.054
2025-12-25T21:56:13.932Z,48.699,3.509,170.867,17.260,0.00,0.3050,24.734867,46.698414,2.773,109.973,9.093
2025-12-25T21:56:14.074Z,48.503,3.958,191.983,17.260,0.00,0.3050,24.734867,46.698414,2.781,109.675,9.118
2025-12-25T21:56:14.443Z,48.515,4.104,199.085,16.090,0.00,0.3100,24.734829,46.698444,2.801,110.661,9.037
2025-12-25T21:56:14.443Z,48.451,4.170,202.025,16.090,0.00,0.3100,24.734829,46.698444,2.801,110.660,9.037
2025-12-25T21:56:14.477Z,48.473,4.070,197.277,16.090,0.00,0.3100,24.734829,46.698444,2.803,110.587,9.043
2025-12-25T21:56:14.751Z,48.619,3.737,181.695,16.090,0.00,0.3100,24.734829,46.698444,2.817,110.043,9.087
2025-12-25T21:56:14.897Z,48.473,4.110,199.209,16.090,0.00,0.3100,24.734829,46.698444,2.825,109.730,9.113
2025-12-25T21:56:15.099Z,48.412,4.248,205.633,16.090,0.00,0.3100,24.734829,46.698444,2.837,109.283,9.151
2025-12-25T21:56:15.105Z,48.470,4.118,199.590,14.610,0.00,0.3140,24.734804,46.698471,2.837,110.681,9.035
2025-12-25T21:56:15.366Z,48.433,4.227,204.726,14.610,0.00,0.3140,24.734804,46.698471,2.852,110.104,9.082
2025-12-25T21:56:15.518Z,48.546,4.018,195.071,14.610,0.00,0.3140,24.734804,46.698471,2.860,109.786,9.109
2025-12-25T21:56:15.774Z,48.471,4.156,201.463,14.610,0.00,0.3140,24.734804,46.698471,2.874,109.239,9.154
2025-12-25T21:56:15.774Z,48.483,4.111,199.335,14.610,0.00,0.3140,24.734804,46.698471,2.874,109.239,9.154
2025-12-25T21:56:16.082Z,48.676,3.437,167.309,14.610,0.00,0.3140,24.734804,46.698471,2.889,108.698,9.200
2025-12-25T21:56:16.106Z,48.454,4.120,199.607,13.540,0.00,0.3180,24.734785,46.698505,2.890,110.033,9.088
2025-12-25T21:56:16.389Z,48.579,3.754,182.374,13.540,0.00,0.3180,24.734785,46.698505,2.904,109.490,9.133
2025-12-25T21:56:16.389Z,48.539,3.764,182.725,13.540,0.00,0.3180,24.734785,46.698505,2.904,109.489,9.133
2025-12-25T21:56:16.698Z,48.517,3.962,192.226,13.540,0.00,0.3180,24.734785,46.698505,2.921,108.871,9.185
2025-12-25T21:56:16.721Z,48.528,3.931,190.742,13.540,0.00,0.3180,24.734785,46.698505,2.922,108.825,9.189
2025-12-25T21:56:17.003Z,48.613,3.695,179.637,13.540,0.00,0.3180,24.734785,46.698505,2.936,108.304,9.233
2025-12-25T21:56:17.003Z,48.558,3.826,185.804,13.540,0.00,0.3180,24.734785,46.698505,2.936,108.304,9.233
2025-12-25T21:56:17.310Z,48.617,3.688,179.293,13.390,0.00,0.3220,24.734770,46.698544,2.951,109.098,9.166
2025-12-25T21:56:17.353Z,48.504,3.970,192.554,13.390,0.00,0.3220,24.734770,46.698544,2.954,109.012,9.173
2025-12-25T21:56:17.617Z,48.874,2.886,141.027,13.390,0.00,0.3220,24.734770,46.698544,2.964,108.632,9.205
2025-12-25T21:56:17.822Z,48.542,3.768,182.882,13.390,0.00,0.3220,24.734770,46.698544,2.975,108.253,9.238
2025-12-25T21:56:17.822Z,48.533,3.888,188.712,13.390,0.00,0.3220,24.734770,46.698544,2.975,108.252,9.238
2025-12-25T21:56:18.027Z,48.498,3.913,189.787,13.390,0.00,0.3220,24.734770,46.698544,2.985,107.861,9.271
2025-12-25T21:56:18.145Z,48.446,4.096,198.443,13.800,0.00,0.3270,24.734753,46.698589,2.992,109.298,9.149
2025-12-25T21:56:18.437Z,48.491,3.944,191.238,13.800,0.00,0.3270,24.734753,46.698589,3.007,108.734,9.197
2025-12-25T21:56:18.437Z,48.514,3.819,185.279,13.800,0.00,0.3270,24.734753,46.698589,3.007,108.734,9.197
2025-12-25T21:56:18.641Z,48.656,3.447,167.735,13.800,0.00,0.3270,24.734753,46.698589,3.017,108.390,9.226
2025-12-25T21:56:18.796Z,48.661,3.411,165.999,13.800,0.00,0.3270,24.734753,46.698589,3.024,108.134,9.248
2025-12-25T21:56:19.002Z,48.548,3.837,186.269,13.800,0.00,0.3270,24.734753,46.698589,3.035,107.755,9.280
2025-12-25T21:56:19.005Z,48.432,4.091,198.118,15.220,0.00,0.3350,24.734713,46.698650,3.035,110.385,9.059
2025-12-25T21:56:19.170Z,48.464,3.979,192.817,15.220,0.00,0.3350,24.734713,46.698650,3.044,110.065,9.086
2025-12-25T21:56:19.515Z,48.772,3.071,149.756,15.220,0.00,0.3350,24.734713,46.698650,3.058,109.548,9.128
2025-12-25T21:56:19.600Z,48.455,4.078,197.619,15.220,0.00,0.3350,24.734713,46.698650,3.063,109.381,9.142
2025-12-25T21:56:19.817Z,48.504,3.921,190.163,15.220,0.00,0.3350,24.734713,46.698650,3.074,108.974,9.177
2025-12-25T21:56:19.817Z,48.446,4.114,199.283,15.220,0.00,0.3350,24.734713,46.698650,3.074,108.973,9.177
2025-12-25T21:56:20.075Z,48.438,4.149,200.994,15.220,0.00,0.3350,24.734713,46.698650,3.089,108.466,9.219
2025-12-25T21:56:20.283Z,48.437,4.180,202.486,15.930,0.00,0.3410,24.734682,46.698704,3.100,109.990,9.092
2025-12-25T21:56:20.404Z,48.651,3.386,164.716,15.930,0.00,0.3410,24.734682,46.698704,3.106,109.795,9.108
2025-12-25T21:56:20.405Z,48.507,3.855,186.987,15.930,0.00,0.3410,24.734682,46.698704,3.106,109.794,9.108
2025-12-25T21:56:20.635Z,48.636,4.099,199.344,15.930,0.00,0.3410,24.734682,46.698704,3.119,109.345,9.145
2025-12-25T21:56:20.894Z,48.499,3.967,192.384,15.930,0.00,0.3410,24.734682,46.698704,3.132,108.862,9.186
2025-12-25T21:56:21.099Z,48.606,3.521,171.151,15.930,0.00,0.3410,24.734682,46.698704,3.142,108.524,9.215
2025-12-25T21:56:21.099Z,48.497,3.953,191.720,15.610,0.00,0.3460,24.734663,46.698753,3.142,110.115,9.081
2025-12-25T21:56:21.303Z,48.657,3.346,162.804,15.610,0.00,0.3460,24.734663,46.698753,3.151,109.794,9.108
2025-12-25T21:56:21.510Z,48.479,3.996,193.742,15.610,0.00,0.3460,24.734663,46.698753,3.163,109.407,9.140
2025-12-25T21:56:21.628Z,48.639,3.483,169.421,15.610,0.00,0.3460,24.734663,46.698753,3.168,109.214,9.156
2025-12-25T21:56:21.918Z,48.468,3.860,187.095,15.610,0.00,0.3460,24.734663,46.698753,3.183,108.698,9.200
2025-12-25T21:56:21.918Z,48.531,3.812,185.007,15.610,0.00,0.3460,24.734663,46.698753,3.183,108.698,9.200
2025-12-25T21:56:22.122Z,48.398,4.248,205.596,16.580,0.00,0.3550,24.734621,46.698822,3.195,111.117,9.000
2025-12-25T21:56:22.327Z,48.412,4.111,199.011,16.580,0.00,0.3550,24.734621,46.698822,3.206,110.725,9.031
2025-12-25T21:56:22.456Z,48.546,3.739,181.495,16.580,0.00,0.3550,24.734621,46.698822,3.213,110.500,9.050
2025-12-25T21:56:22.457Z,48.500,3.946,191.367,16.580,0.00,0.3550,24.734621,46.698822,3.213,110.500,9.050
2025-12-25T21:56:22.737Z,48.440,3.908,189.296,16.580,0.00,0.3550,24.734621,46.698822,3.227,109.995,9.091
2025-12-25T21:56:22.849Z,48.487,3.926,190.342,16.580,0.00,0.3550,24.734621,46.698822,3.233,109.794,9.108
2025-12-25T21:56:23.250Z,48.453,4.075,197.438,16.580,0.00,0.3550,24.734621,46.698822,3.255,109.052,9.170
2025-12-25T21:56:23.250Z,48.523,3.840,186.328,16.780,0.00,0.3620,24.734591,46.698883,3.255,111.202,8.993
2025-12-25T21:56:23.272Z,48.498,3.921,190.149,16.780,0.00,0.3620,24.734591,46.698883,3.256,111.163,8.996
2025-12-25T21:56:23.762Z,48.407,4.006,193.937,16.780,0.00,0.3620,24.734591,46.698883,3.283,110.269,9.069
2025-12-25T21:56:23.835Z,48.676,3.299,160.599,16.780,0.00,0.3620,24.734591,46.698883,3.286,110.160,9.078
2025-12-25T21:56:23.835Z,48.465,3.888,188.453,16.780,0.00,0.3620,24.734591,46.698883,3.286,110.159,9.078
2025-12-25T21:56:24.069Z,48.412,4.071,197.060,16.780,0.00,0.3620,24.734591,46.698883,3.299,109.732,9.113
2025-12-25T21:56:24.216Z,48.457,3.967,192.243,17.020,0.00,0.3670,24.734594,46.698936,3.307,110.984,9.010
2025-12-25T21:56:24.216Z,48.475,3.927,190.374,17.020,0.00,0.3670,24.734594,46.698936,3.307,110.984,9.010
2025-12-25T21:56:24.580Z,48.528,3.757,182.324,17.020,0.00,0.3670,24.734594,46.698936,3.325,110.367,9.061
2025-12-25T21:56:24.635Z,48.592,3.523,171.189,17.020,0.00,0.3670,24.734594,46.698936,3.328,110.281,9.068
2025-12-25T21:56:24.990Z,48.532,3.785,183.699,17.020,0.00,0.3670,24.734594,46.698936,3.346,109.685,9.117
2025-12-25T21:56:24.990Z,48.541,3.775,183.264,17.020,0.00,0.3670,24.734594,46.698936,3.346,109.684,9.117
2025-12-25T21:56:25.037Z,48.514,3.727,180.810,17.020,0.00,0.3670,24.734594,46.698936,3.348,109.607,9.123
2025-12-25T21:56:25.297Z,48.717,3.241,157.872,17.110,0.00,0.3720,24.734591,46.698986,3.360,110.722,9.032
2025-12-25T21:56:25.442Z,48.547,3.732,181.161,17.110,0.00,0.3720,24.734591,46.698986,3.367,110.483,9.051
2025-12-25T21:56:25.443Z,48.641,3.467,168.661,17.110,0.00,0.3720,24.734591,46.698986,3.367,110.482,9.051
2025-12-25T21:56:25.810Z,48.745,3.070,149.637,17.110,0.00,0.3720,24.734591,46.698986,3.382,109.984,9.092
2025-12-25T21:56:25.859Z,49.487,1.003,49.628,17.110,0.00,0.3720,24.734591,46.698986,3.383,109.962,9.094
2025-12-25T21:56:26.116Z,49.662,0.552,27.420,17.110,0.00,0.3720,24.734591,46.698986,3.385,109.898,9.099
2025-12-25T21:56:26.243Z,49.707,0.451,22.436,17.210,0.00,0.3760,24.734600,46.699024,3.386,111.054,9.005
2025-12-25T21:56:26.243Z,49.785,0.249,12.390,17.210,0.00,0.3760,24.734600,46.699024,3.386,111.054,9.005
2025-12-25T21:56:26.441Z,49.812,0.205,10.187,17.210,0.00,0.3760,24.734600,46.699024,3.386,111.036,9.006
2025-12-25T21:56:26.735Z,49.856,0.086,4.289,17.210,0.00,0.3760,24.734600,46.699024,3.387,111.024,9.007
2025-12-25T21:56:26.869Z,49.869,0.063,3.160,17.210,0.00,0.3760,24.734600,46.699024,3.387,111.020,9.007
2025-12-25T21:56:26.869Z,49.875,0.063,3.134,17.210,0.00,0.3760,24.734600,46.699024,3.387,111.020,9.007
2025-12-25T21:56:27.243Z,49.877,0.067,3.335,17.320,0.00,0.3800,24.734627,46.699047,3.387,112.190,8.913
2025-12-25T21:56:27.271Z,49.877,0.076,3.771,17.320,0.00,0.3800,24.734627,46.699047,3.387,112.189,8.914
2025-12-25T21:56:27.550Z,49.885,0.063,3.119,17.320,0.00,0.3800,24.734627,46.699047,3.387,112.181,8.914
2025-12-25T21:56:27.551Z,49.887,0.065,3.248,17.320,0.00,0.3800,24.734627,46.699047,3.387,112.181,8.914
2025-12-25T21:56:27.755Z,49.888,0.065,3.258,17.320,0.00,0.3800,24.734627,46.699047,3.388,112.175,8.915
2025-12-25T21:56:27.959Z,49.892,0.071,3.521,17.320,0.00,0.3800,24.734627,46.699047,3.388,112.168,8.915
2025-12-25T21:56:28.083Z,49.892,0.075,3.767,17.320,0.00,0.3800,24.734627,46.699047,3.388,112.164,8.916
2025-12-25T21:56:28.084Z,49.900,0.063,3.135,16.630,0.00,0.3840,24.734663,46.699059,3.388,113.344,8.823
2025-12-25T21:56:28.371Z,49.902,0.065,3.246,16.630,0.00,0.3840,24.734663,46.699059,3.388,113.336,8.823
2025-12-25T21:56:28.503Z,49.901,0.071,3.563,16.630,0.00,0.3840,24.734663,46.699059,3.388,113.331,8.824
2025-12-25T21:56:28.882Z,49.903,0.072,3.611,16.630,0.00,0.3840,24.734663,46.699059,3.389,113.319,8.825
2025-12-25T21:56:28.901Z,49.909,0.063,3.155,16.630,0.00,0.3840,24.734663,46.699059,3.389,113.318,8.825
2025-12-25T21:56:28.906Z,49.910,0.065,3.252,16.630,0.00,0.3840,24.734663,46.699059,3.389,113.318,8.825
2025-12-25T21:56:29.189Z,49.909,0.065,3.235,17.630,0.00,0.3880,24.734695,46.699070,3.389,114.490,8.734
2025-12-25T21:56:29.303Z,49.912,0.073,3.654,17.630,0.00,0.3880,24.734695,46.699070,3.389,114.486,8.735
2025-12-25T21:56:29.701Z,49.916,0.069,3.431,17.630,0.00,0.3880,24.734695,46.699070,3.389,114.473,8.736
2025-12-25T21:56:29.701Z,49.920,0.063,3.129,17.630,0.00,0.3880,24.734695,46.699070,3.389,114.473,8.736
2025-12-25T21:56:29.754Z,49.921,0.064,3.197,17.630,0.00,0.3880,24.734695,46.699070,3.389,114.471,8.736
2025-12-25T21:56:30.111Z,49.920,0.075,3.751,17.630,0.00,0.3880,24.734695,46.699070,3.390,114.459,8.737
2025-12-25T21:56:30.165Z,49.925,0.067,3.339,18.580,0.00,0.3930,24.734735,46.699070,3.390,115.932,8.626
2025-12-25T21:56:30.166Z,49.928,0.063,3.167,18.580,0.00,0.3930,24.734735,46.699070,3.390,115.932,8.626
2025-12-25T21:56:30.372Z,49.928,0.067,3.322,18.580,0.00,0.3930,24.734735,46.699070,3.390,115.926,8.626
2025-12-25T21:56:30.545Z,49.926,0.066,3.272,18.580,0.00,0.3930,24.734735,46.699070,3.390,115.920,8.627
2025-12-25T21:56:30.931Z,49.929,0.076,3.790,18.580,0.00,0.3930,24.734735,46.699070,3.391,115.906,8.628
2025-12-25T21:56:30.962Z,49.935,0.063,3.143,18.580,0.00,0.3930,24.734735,46.699070,3.391,115.905,8.628
2025-12-25T21:56:30.963Z,49.936,0.064,3.202,18.580,0.00,0.3930,24.734735,46.699070,3.391,115.905,8.628
2025-12-25T21:56:31.236Z,49.938,0.067,3.353,18.820,0.00,0.3980,24.734785,46.699062,3.391,117.371,8.520
2025-12-25T21:56:31.369Z,49.935,0.074,3.718,18.820,0.00,0.3980,24.734785,46.699062,3.391,117.366,8.520
2025-12-25T21:56:31.649Z,49.942,0.064,3.189,18.820,0.00,0.3980,24.734785,46.699062,3.391,117.358,8.521
2025-12-25T21:56:31.650Z,49.943,0.064,3.182,18.820,0.00,0.3980,24.734785,46.699062,3.391,117.358,8.521
2025-12-25T21:56:31.778Z,49.943,0.069,3.424,18.820,0.00,0.3980,24.734785,46.699062,3.391,117.354,8.521
2025-12-25T21:56:32.057Z,49.942,0.075,3.730,18.820,0.00,0.3980,24.734785,46.699062,3.392,117.344,8.522
2025-12-25T21:56:32.260Z,49.750,0.441,21.916,18.850,0.00,0.4040,24.734831,46.699039,3.393,119.069,8.398
2025-12-25T21:56:32.260Z,2.211,0.432,0.955,18.850,0.00,0.4040,24.734831,46.699039,3.393,119.069,8.398
2025-12-25T21:56:32.465Z,49.719,0.512,25.462,18.850,0.00,0.4040,24.734831,46.699039,3.394,119.018,8.402
2025-12-25T21:56:32.609Z,49.946,0.072,3.576,18.850,0.00,0.4040,24.734831,46.699039,3.395,119.013,8.402
2025-12-25T21:56:32.875Z,49.948,0.071,3.546,18.850,0.00,0.4040,24.734831,46.699039,3.395,119.004,8.403
2025-12-25T21:56:32.875Z,49.954,0.063,3.161,18.850,0.00,0.4040,24.734831,46.699039,3.395,119.004,8.403
2025-12-25T21:56:33.079Z,49.951,0.074,3.708,18.850,0.00,0.4040,24.734831,46.699039,3.395,118.997,8.404
2025-12-25T21:56:33.221Z,49.917,0.182,9.089,18.890,0.00,0.4090,24.734875,46.699017,3.395,120.457,8.302
2025-12-25T21:56:33.441Z,49.866,0.339,16.922,18.890,0.00,0.4090,24.734875,46.699017,3.396,120.420,8.304
2025-12-25T21:56:33.796Z,49.820,0.464,23.132,18.890,0.00,0.4090,24.734875,46.699017,3.399,120.340,8.310
2025-12-25T21:56:33.796Z,49.721,0.619,30.761,18.890,0.00,0.4090,24.734875,46.699017,3.399,120.339,8.310
2025-12-25T21:56:34.001Z,49.706,0.759,37.735,18.890,0.00,0.4090,24.734875,46.699017,3.401,120.263,8.315
2025-12-25T21:56:34.001Z,49.704,0.826,41.053,18.890,0.00,0.4090,24.734875,46.699017,3.401,120.263,8.315
2025-12-25T21:56:34.173Z,49.543,1.235,61.175,17.450,0.00,0.4140,24.734915,46.698994,3.404,121.629,8.222
2025-12-25T21:56:34.329Z,49.131,2.436,119.676,17.450,0.00,0.4140,24.734915,46.698994,3.409,121.444,8.234
2025-12-25T21:56:34.617Z,48.640,3.830,186.313,17.450,0.00,0.4140,24.734915,46.698994,3.424,120.915,8.270
2025-12-25T21:56:34.617Z,48.542,3.964,192.414,17.450,0.00,0.4140,24.734915,46.698994,3.424,120.915,8.270
2025-12-25T21:56:34.732Z,48.496,4.125,200.027,17.450,0.00,0.4140,24.734915,46.698994,3.430,120.689,8.286
2025-12-25T21:56:35.127Z,48.569,3.916,190.193,17.450,0.00,0.4140,24.734915,46.698994,3.451,119.959,8.336
2025-12-25T21:56:35.165Z,48.614,3.756,182.575,17.060,0.00,0.4190,24.734949,46.698967,3.453,121.342,8.241
2025-12-25T21:56:35.165Z,48.395,4.279,207.078,17.060,0.00,0.4190,24.734949,46.698967,3.453,121.341,8.241
2025-12-25T21:56:35.443Z,48.443,4.241,205.456,17.060,0.00,0.4190,24.734949,46.698967,3.469,120.786,8.279
2025-12-25T21:56:35.578Z,48.713,3.424,166.780,17.060,0.00,0.4190,24.734949,46.698967,3.475,120.569,8.294
2025-12-25T21:56:35.844Z,48.380,4.391,212.419,17.060,0.00,0.4190,24.734949,46.698967,3.491,120.026,8.332
2025-12-25T21:56:35.978Z,48.645,3.493,169.915,17.060,0.00,0.4190,24.734949,46.698967,3.497,119.809,8.347
2025-12-25T21:56:35.982Z,48.379,4.323,209.148,17.060,0.00,0.4190,24.734949,46.698967,3.497,119.802,8.347
2025-12-25T21:56:36.257Z,48.256,4.668,225.276,16.580,0.00,0.4230,24.734983,46.698940,3.515,120.354,8.309
2025-12-25T21:56:36.392Z,48.314,4.494,217.129,16.580,0.00,0.4230,24.734983,46.698940,3.523,120.076,8.328
2025-12-25T21:56:36.631Z,48.526,3.858,187.208,16.580,0.00,0.4230,24.734983,46.698940,3.535,119.653,8.358
2025-12-25T21:56:36.631Z,48.392,4.272,206.728,16.580,0.00,0.4230,24.734983,46.698940,3.535,119.652,8.358
2025-12-25T21:56:36.872Z,48.216,4.818,232.307,16.580,0.00,0.4230,24.734983,46.698940,3.551,119.130,8.394
2025-12-25T21:56:37.011Z,48.120,5.011,241.114,16.580,0.00,0.4230,24.734983,46.698940,3.560,118.817,8.416
2025-12-25T21:56:37.382Z,48.355,4.239,204.996,18.350,0.00,0.4290,24.735020,46.698906,3.581,119.792,8.348
2025-12-25T21:56:37.383Z,48.141,4.903,236.026,18.350,0.00,0.4290,24.735020,46.698906,3.581,119.791,8.348
2025-12-25T21:56:37.426Z,48.193,4.792,230.961,18.350,0.00,0.4290,24.735020,46.698906,3.584,119.698,8.354
2025-12-25T21:56:37.668Z,48.354,4.332,209.482,18.350,0.00,0.4290,24.735020,46.698906,3.598,119.229,8.387
2025-12-25T21:56:37.828Z,48.052,5.176,248.732,18.350,0.00,0.4290,24.735020,46.698906,3.609,118.863,8.413
2025-12-25T21:56:38.200Z,48.140,4.885,235.174,18.350,0.00,0.4290,24.735020,46.698906,3.633,118.069,8.470
2025-12-25T21:56:38.200Z,48.100,4.922,236.738,21.040,0.00,0.4350,24.735060,46.698860,3.633,119.720,8.353
2025-12-25T21:56:38.239Z,48.271,4.489,216.702,21.040,0.00,0.4350,24.735060,46.698860,3.636,119.644,8.358
2025-12-25T21:56:38.508Z,48.159,4.794,230.852,21.040,0.00,0.4350,24.735060,46.698860,3.653,119.078,8.398
2025-12-25T21:56:38.712Z,48.182,4.864,234.353,21.040,0.00,0.4350,24.735060,46.698860,3.666,118.647,8.428
2025-12-25T21:56:38.712Z,48.123,5.041,242.564,21.040,0.00,0.4350,24.735060,46.698860,3.666,118.646,8.428
2025-12-25T21:56:38.916Z,48.034,5.099,244.917,21.040,0.00,0.4350,24.735060,46.698860,3.680,118.199,8.460
2025-12-25T21:56:39.058Z,47.915,5.334,255.566,21.040,0.00,0.4350,24.735060,46.698860,3.690,117.876,8.484
2025-12-25T21:56:39.246Z,48.090,4.858,233.630,25.850,0.00,0.4430,24.735113,46.698803,3.702,119.649,8.358
2025-12-25T21:56:39.246Z,47.967,5.118,245.508,25.850,0.00,0.4430,24.735113,46.698803,3.703,119.649,8.358
2025-12-25T21:56:39.470Z,48.145,4.722,227.342,25.850,0.00,0.4430,24.735113,46.698803,3.717,119.193,8.390
2025-12-25T21:56:39.650Z,48.088,5.183,249.243,25.850,0.00,0.4430,24.735113,46.698803,3.729,118.796,8.418
2025-12-25T21:56:39.943Z,47.962,5.051,242.258,25.850,0.00,0.4430,24.735113,46.698803,3.749,118.171,8.462
2025-12-25T21:56:40.084Z,48.047,5.060,243.105,25.850,0.00,0.4430,24.735113,46.698803,3.758,117.870,8.484
2025-12-25T21:56:40.085Z,48.013,5.106,245.131,27.000,0.00,0.4510,24.735157,46.698742,3.758,119.998,8.333
2025-12-25T21:56:40.259Z,47.972,5.101,244.700,27.000,0.00,0.4510,24.735157,46.698742,3.770,119.621,8.360
2025-12-25T21:56:40.479Z,47.951,5.370,257.493,27.000,0.00,0.4510,24.735157,46.698742,3.786,119.123,8.395
2025-12-25T21:56:40.863Z,47.884,5.686,272.282,27.000,0.00,0.4510,24.735157,46.698742,3.815,118.215,8.459
2025-12-25T21:56:40.869Z,48.037,4.888,234.818,27.000,0.00,0.4510,24.735157,46.698742,3.815,118.204,8.460
2025-12-25T21:56:40.905Z,47.920,5.490,263.078,27.000,0.00,0.4510,24.735157,46.698742,3.818,118.123,8.466
2025-12-25T21:56:41.148Z,48.110,4.629,222.687,22.150,0.00,0.4570,24.735176,46.698685,3.833,119.225,8.388
2025-12-25T21:56:41.286Z,48.100,4.796,230.705,22.150,0.00,0.4570,24.735176,46.698685,3.842,118.950,8.407
2025-12-25T21:56:41.287Z,48.142,4.777,229.975,22.150,0.00,0.4570,24.735176,46.698685,3.842,118.948,8.407
2025-12-25T21:56:41.507Z,47.960,5.278,253.146,22.150,0.00,0.4570,24.735176,46.698685,3.857,118.472,8.441
2025-12-25T21:56:41.784Z,47.899,0.000,-0.002,22.150,0.00,0.4570,24.735176,46.698685,3.857,118.472,8.441
2025-12-25T21:56:41.927Z,47.924,5.192,248.823,22.150,0.00,0.4570,24.735176,46.698685,3.867,118.170,8.462
2025-12-25T21:56:42.193Z,48.031,4.986,239.500,22.150,0.00,0.4570,24.735176,46.698685,3.885,117.631,8.501
2025-12-25T21:56:42.193Z,48.080,4.996,240.230,22.820,0.00,0.4640,24.735186,46.698620,3.885,119.433,8.373
2025-12-25T21:56:42.398Z,48.249,4.525,218.352,22.820,0.00,0.4640,24.735186,46.698620,3.897,119.052,8.400
2025-12-25T21:56:42.519Z,47.962,5.048,242.130,22.820,0.00,0.4640,24.735186,46.698620,3.906,118.805,8.417
2025-12-25T21:56:42.809Z,47.937,5.426,260.090,22.820,0.00,0.4640,24.735186,46.698620,3.927,118.170,8.462
2025-12-25T21:56:42.809Z,47.917,5.157,247.090,22.820,0.00,0.4640,24.735186,46.698620,3.927,118.169,8.462
2025-12-25T21:56:43.012Z,48.129,4.747,228.486,22.820,0.00,0.4640,24.735186,46.698620,3.939,117.783,8.490
2025-12-25T21:56:43.220Z,47.892,5.411,259.144,26.710,0.00,0.4710,24.735191,46.698547,3.954,119.107,8.396
2025-12-25T21:56:43.344Z,47.920,5.301,254.036,26.710,0.00,0.4710,24.735191,46.698547,3.963,118.844,8.414
2025-12-25T21:56:43.344Z,47.894,5.255,251.687,26.710,0.00,0.4710,24.735191,46.698547,3.963,118.844,8.414
2025-12-25T21:56:43.729Z,47.935,5.228,250.622,26.710,0.00,0.4710,24.735191,46.698547,3.990,118.047,8.471
2025-12-25T21:56:43.749Z,47.899,5.348,256.164,26.710,0.00,0.4710,24.735191,46.698547,3.991,118.004,8.474
2025-12-25T21:56:44.039Z,47.899,5.262,252.063,26.710,0.00,0.4710,24.735191,46.698547,4.012,117.408,8.517
2025-12-25T21:56:44.039Z,47.872,5.325,254.906,28.890,0.00,0.4800,24.735193,46.698463,4.012,119.650,8.358
2025-12-25T21:56:44.240Z,47.837,5.506,263.405,28.890,0.00,0.4800,24.735193,46.698463,4.026,119.213,8.388
2025-12-25T21:56:44.445Z,47.779,5.724,273.512,28.890,0.00,0.4800,24.735193,46.698463,4.042,118.754,8.421
2025-12-25T21:56:44.584Z,47.806,5.662,270.695,28.890,0.00,0.4800,24.735193,46.698463,4.052,118.447,8.443
2025-12-25T21:56:44.857Z,47.952,5.187,248.732,28.890,0.00,0.4800,24.735193,46.698463,4.071,117.899,8.482
2025-12-25T21:56:44.857Z,47.931,5.195,248.982,28.890,0.00,0.4800,24.735193,46.698463,4.071,117.899,8.482
2025-12-25T21:56:44.971Z,47.793,5.540,264.756,28.890,0.00,0.4800,24.735193,46.698463,4.080,117.656,8.499
2025-12-25T21:56:45.265Z,47.915,5.280,252.999,20.330,0.00,0.4850,24.735159,46.698429,4.100,118.284,8.454
2025-12-25T21:56:45.400Z,48.095,4.524,217.601,20.330,0.00,0.4850,24.735159,46.698429,4.109,118.047,8.471
2025-12-25T21:56:45.401Z,47.798,5.518,263.760,20.330,0.00,0.4850,24.735159,46.698429,4.109,118.047,8.471
2025-12-25T21:56:45.634Z,47.884,5.150,246.592,20.330,0.00,0.4850,24.735159,46.698429,4.125,117.589,8.504
2025-12-25T21:56:45.801Z,47.807,5.437,259.923,20.330,0.00,0.4850,24.735159,46.698429,4.137,117.246,8.529
2025-12-25T21:56:46.187Z,48.422,3.710,179.624,20.330,0.00,0.4850,24.735159,46.698429,4.156,116.703,8.569
2025-12-25T21:56:46.187Z,47.730,5.714,272.712,18.450,0.00,0.4900,24.735132,46.698395,4.156,117.906,8.481
2025-12-25T21:56:46.221Z,47.816,5.454,260.767,18.450,0.00,0.4900,24.735132,46.698395,4.158,117.837,8.486
2025-12-25T21:56:46.599Z,47.846,5.410,258.826,18.450,0.00,0.4900,24.735132,46.698395,4.185,117.072,8.542
2025-12-25T21:56:46.609Z,47.770,5.620,268.448,18.450,0.00,0.4900,24.735132,46.698395,4.186,117.052,8.543
2025-12-25T21:56:46.847Z,47.773,5.641,269.506,18.450,0.00,0.4900,24.735132,46.698395,4.204,116.554,8.580
2025-12-25T21:56:46.847Z,47.811,5.465,261.300,18.450,0.00,0.4900,24.735132,46.698395,4.204,116.554,8.580
2025-12-25T21:56:47.109Z,47.695,5.837,278.414,18.450,0.00,0.4900,24.735132,46.698395,4.224,115.996,8.621
2025-12-25T21:56:47.223Z,47.974,4.957,237.826,16.980,0.00,0.4940,24.735111,46.698364,4.232,116.735,8.566
2025-12-25T21:56:47.583Z,47.892,5.145,246.407,16.980,0.00,0.4940,24.735111,46.698364,4.256,116.058,8.616
2025-12-25T21:56:47.584Z,47.765,5.650,269.869,16.980,0.00,0.4940,24.735111,46.698364,4.257,116.057,8.616
2025-12-25T21:56:47.638Z,47.793,5.432,259.626,16.980,0.00,0.4940,24.735111,46.698364,4.260,115.951,8.624
2025-12-25T21:56:47.928Z,47.704,5.645,269.290,16.980,0.00,0.4940,24.735111,46.698364,4.282,115.362,8.668
2025-12-25T21:56:48.058Z,47.713,5.593,266.872,16.980,0.00,0.4940,24.735111,46.698364,4.292,115.104,8.688
2025-12-25T21:56:48.063Z,47.824,5.316,254.210,17.020,0.00,0.4980,24.735071,46.698345,4.292,116.026,8.619
2025-12-25T21:56:48.337Z,47.998,4.885,234.491,17.020,0.00,0.4980,24.735071,46.698345,4.310,115.546,8.655
2025-12-25T21:56:48.449Z,47.938,4.978,238.652,17.020,0.00,0.4980,24.735071,46.698345,4.317,115.347,8.670
2025-12-25T21:56:48.747Z,47.910,5.131,245.843,17.020,0.00,0.4980,24.735071,46.698345,4.338,114.806,8.710
2025-12-25T21:56:48.867Z,47.842,5.239,250.640,17.020,0.00,0.4980,24.735071,46.698345,4.346,114.586,8.727
2025-12-25T21:56:48.870Z,47.763,5.488,262.139,17.020,0.00,0.4980,24.735071,46.698345,4.346,114.580,8.728
2025-12-25T21:56:49.157Z,48.044,4.718,226.689,18.350,0.00,0.5030,24.735027,46.698341,4.364,115.251,8.677
2025-12-25T21:56:49.361Z,47.718,5.679,271.006,18.350,0.00,0.5030,24.735027,46.698341,4.380,114.848,8.707
2025-12-25T21:56:49.489Z,47.666,5.748,273.987,18.350,0.00,0.5030,24.735027,46.698341,4.389,114.593,8.727
2025-12-25T21:56:49.489Z,47.770,5.544,264.833,18.350,0.00,0.5030,24.735027,46.698341,4.389,114.592,8.727
2025-12-25T21:56:49.703Z,47.630,5.901,281.084,18.350,0.00,0.5030,24.735027,46.698341,4.406,114.157,8.760
2025-12-25T21:56:49.979Z,47.732,5.595,267.038,18.350,0.00,0.5030,24.735027,46.698341,4.427,113.630,8.801
2025-12-25T21:56:50.097Z,47.554,6.113,290.694,18.350,0.00,0.5030,24.735027,46.698341,4.436,113.386,8.819
2025-12-25T21:56:50.097Z,47.742,5.571,265.982,18.910,0.00,0.5080,24.734985,46.698338,4.436,114.512,8.733
2025-12-25T21:56:50.488Z,47.777,5.495,262.544,18.910,0.00,0.5080,24.734985,46.698338,4.465,113.781,8.789
2025-12-25T21:56:50.502Z,47.840,5.202,248.863,18.910,0.00,0.5080,24.734985,46.698338,4.466,113.757,8.791
2025-12-25T21:56:50.795Z,47.954,4.855,232.833,18.910,0.00,0.5080,24.734985,46.698338,4.485,113.275,8.828
2025-12-25T21:56:50.796Z,47.923,4.934,236.438,18.910,0.00,0.5080,24.734985,46.698338,4.485,113.275,8.828
2025-12-25T21:56:50.907Z,47.689,5.744,273.944,18.910,0.00,0.5080,24.734985,46.698338,4.493,113.061,8.845
2025-12-25T21:56:51.205Z,47.755,5.513,263.298,19.560,0.00,0.5130,24.734938,46.698345,4.515,113.623,8.801
2025-12-25T21:56:51.339Z,47.508,6.176,293.408,19.560,0.00,0.5130,24.734938,46.698345,4.526,113.349,8.822
2025-12-25T21:56:51.614Z,47.575,6.004,285.638,19.560,0.00,0.5130,24.734938,46.698345,4.548,112.804,8.865
2025-12-25T21:56:51.617Z,47.558,6.141,292.054,19.560,0.00,0.5130,24.734938,46.698345,4.548,112.798,8.865
2025-12-25T21:56:51.819Z,47.682,5.650,269.400,19.560,0.00,0.5130,24.734938,46.698345,4.563,112.426,8.895
2025-12-25T21:56:51.959Z,47.606,5.825,277.302,19.560,0.00,0.5130,24.734938,46.698345,4.574,112.161,8.916
2025-12-25T21:56:52.229Z,47.556,6.073,288.787,20.080,0.00,0.5190,24.734890,46.698364,4.596,112.936,8.855
2025-12-25T21:56:52.230Z,47.774,5.346,255.419,20.080,0.00,0.5190,24.734890,46.698364,4.596,112.935,8.855
2025-12-25T21:56:52.535Z,47.666,5.746,273.867,20.080,0.00,0.5190,24.734890,46.698364,4.619,112.368,8.899
2025-12-25T21:56:52.560Z,47.820,5.219,249.563,20.080,0.00,0.5190,24.734890,46.698364,4.620,112.326,8.903
2025-12-25T21:56:52.844Z,47.675,5.652,269.456,20.080,0.00,0.5190,24.734890,46.698364,4.642,111.812,8.944
2025-12-25T21:56:52.844Z,47.556,6.112,290.643,20.080,0.00,0.5190,24.734890,46.698364,4.642,111.811,8.944
2025-12-25T21:56:53.050Z,47.971,4.780,229.301,20.080,0.00,0.5190,24.734890,46.698364,4.655,111.496,8.969
2025-12-25T21:56:53.189Z,47.782,5.270,251.790,18.130,0.00,0.5240,24.734852,46.698383,4.665,112.335,8.902
2025-12-25T21:56:53.397Z,47.674,5.690,271.250,18.130,0.00,0.5240,24.734852,46.698383,4.680,111.959,8.932
2025-12-25T21:56:53.662Z,47.528,6.034,286.776,18.130,0.00,0.5240,24.734852,46.698383,4.701,111.456,8.972
2025-12-25T21:56:53.663Z,47.707,5.445,259.770,18.130,0.00,0.5240,24.734852,46.698383,4.701,111.456,8.972
2025-12-25T21:56:53.963Z,47.688,5.588,266.460,18.130,0.00,0.5240,24.734852,46.698383,4.724,110.931,9.015
2025-12-25T21:56:53.983Z,47.575,5.813,276.532,18.130,0.00,0.5240,24.734852,46.698383,4.725,110.895,9.018
2025-12-25T21:56:54.217Z,47.681,5.658,269.772,18.910,0.00,0.5290,24.734810,46.698414,4.743,111.539,8.966
2025-12-25T21:56:54.221Z,47.620,5.871,279.576,18.910,0.00,0.5290,24.734810,46.698414,4.743,111.531,8.966
2025-12-25T21:56:54.398Z,47.613,5.746,273.573,18.910,0.00,0.5290,24.734810,46.698414,4.757,111.216,8.991
2025-12-25T21:56:54.788Z,47.507,5.998,284.954,18.910,0.00,0.5290,24.734810,46.698414,4.787,110.499,9.050
2025-12-25T21:56:54.829Z,47.543,5.792,275.366,18.910,0.00,0.5290,24.734810,46.698414,4.791,110.427,9.056
2025-12-25T21:56:54.830Z,47.633,5.758,274.264,18.910,0.00,0.5290,24.734810,46.698414,4.791,110.425,9.056
2025-12-25T21:56:55.097Z,47.602,5.836,277.817,18.910,0.00,0.5290,24.734810,46.698414,4.811,109.953,9.095
2025-12-25T21:56:55.217Z,47.614,5.834,277.783,16.260,0.00,0.5340,24.734783,46.698448,4.820,110.778,9.027
2025-12-25T21:56:55.608Z,47.911,4.820,230.921,16.260,0.00,0.5340,24.734783,46.698448,4.846,110.205,9.074
2025-12-25T21:56:55.608Z,47.765,5.252,250.841,16.260,0.00,0.5340,24.734783,46.698448,4.846,110.205,9.074
2025-12-25T21:56:55.626Z,47.583,5.834,277.577,16.260,0.00,0.5340,24.734783,46.698448,4.847,110.173,9.077
2025-12-25T21:56:55.915Z,47.588,5.835,277.651,16.260,0.00,0.5340,24.734783,46.698448,4.869,109.668,9.118
2025-12-25T21:56:56.048Z,47.720,5.391,257.271,16.260,0.00,0.5340,24.734783,46.698448,4.879,109.455,9.136
2025-12-25T21:56:56.346Z,47.492,5.571,264.585,16.260,0.00,0.5380,24.734764,46.698483,4.901,109.782,9.109
2025-12-25T21:56:56.346Z,47.796,5.135,245.426,16.260,0.00,0.5380,24.734764,46.698483,4.901,109.782,9.109
2025-12-25T21:56:56.467Z,47.606,5.739,273.233,16.260,0.00,0.5380,24.734764,46.698483,4.910,109.577,9.126
2025-12-25T21:56:56.735Z,47.706,5.476,261.223,16.260,0.00,0.5380,24.734764,46.698483,4.929,109.145,9.162
2025-12-25T21:56:56.874Z,47.593,5.789,275.509,16.260,0.00,0.5380,24.734764,46.698483,4.940,108.909,9.182
2025-12-25T21:56:56.874Z,47.558,5.766,274.214,16.260,0.00,0.5380,24.734764,46.698483,4.940,108.909,9.182
2025-12-25T21:56:57.179Z,47.557,5.881,279.666,15.780,0.00,0.5420,24.734751,46.698521,4.964,109.195,9.158
2025-12-25T21:56:57.269Z,47.552,5.814,276.484,15.780,0.00,0.5420,24.734751,46.698521,4.970,109.044,9.171
2025-12-25T21:56:57.500Z,47.725,5.405,257.942,15.780,0.00,0.5420,24.734751,46.698521,4.987,108.682,9.201
2025-12-25T21:56:57.501Z,47.628,5.578,265.677,15.780,0.00,0.5420,24.734751,46.698521,4.987,108.680,9.201
2025-12-25T21:56:57.673Z,47.581,5.799,275.930,15.780,0.00,0.5420,24.734751,46.698521,5.000,108.394,9.226
2025-12-25T21:56:57.964Z,47.540,5.909,280.917,15.780,0.00,0.5420,24.734751,46.698521,5.023,107.904,9.267
2025-12-25T21:56:58.078Z,47.584,5.812,276.553,15.780,0.00,0.5420,24.734751,46.698521,5.032,107.715,9.284
2025-12-25T21:56:58.317Z,47.812,5.042,241.068,16.630,0.00,0.5470,24.734739,46.698566,5.048,108.365,9.228
2025-12-25T21:56:58.317Z,47.951,4.704,225.538,16.630,0.00,0.5470,24.734739,46.698566,5.048,108.365,9.228
2025-12-25T21:56:58.518Z,47.763,5.255,250.987,16.630,0.00,0.5470,24.734739,46.698566,5.062,108.065,9.254
2025-12-25T21:56:58.722Z,47.623,5.711,271.966,16.630,0.00,0.5470,24.734739,46.698566,5.077,107.736,9.282
2025-12-25T21:56:59.090Z,47.524,5.892,279.992,16.630,0.00,0.5470,24.734739,46.698566,5.106,107.133,9.334
2025-12-25T21:56:59.090Z,47.753,5.328,254.445,16.630,0.00,0.5470,24.734739,46.698566,5.106,107.132,9.334
2025-12-25T21:56:59.091Z,47.598,5.677,270.230,18.430,0.00,0.5540,24.734715,46.698627,5.106,108.503,9.216
2025-12-25T21:56:59.293Z,47.814,5.112,244.427,18.430,0.00,0.5540,24.734715,46.698627,5.120,108.211,9.241
2025-12-25T21:56:59.439Z,47.471,6.058,287.588,18.430,0.00,0.5540,24.734715,46.698627,5.131,107.966,9.262
2025-12-25T21:56:59.806Z,47.641,5.567,265.221,18.430,0.00,0.5540,24.734715,46.698627,5.158,107.401,9.311
2025-12-25T21:56:59.867Z,47.521,5.907,280.718,18.430,0.00,0.5540,24.734715,46.698627,5.163,107.301,9.320
2025-12-25T21:56:59.868Z,47.696,5.386,256.889,18.430,0.00,0.5540,24.734715,46.698627,5.163,107.300,9.320
2025-12-25T21:57:00.192Z,47.484,5.991,284.478,18.830,0.00,0.5600,24.734695,46.698689,5.189,107.927,9.266
2025-12-25T21:57:00.239Z,47.569,5.836,277.595,18.830,0.00,0.5600,24.734695,46.698689,5.192,107.851,9.272
2025-12-25T21:57:00.457Z,47.566,6.132,291.691,18.830,0.00,0.5600,24.734695,46.698689,5.210,107.485,9.304
2025-12-25T21:57:00.728Z,47.478,5.923,281.190,18.830,0.00,0.5600,24.734695,46.698689,5.231,107.051,9.341
2025-12-25T21:57:00.728Z,47.585,5.767,274.445,18.830,0.00,0.5600,24.734695,46.698689,5.231,107.051,9.341
2025-12-25T21:57:01.036Z,47.560,5.660,269.189,18.830,0.00,0.5600,24.734695,46.698689,5.254,106.582,9.382
2025-12-25T21:57:01.051Z,47.673,5.494,261.914,18.830,0.00,0.5600,24.734695,46.698689,5.255,106.559,9.385
2025-12-25T21:57:01.280Z,47.863,4.930,235.951,19.540,0.00,0.5670,24.734671,46.698753,5.270,107.583,9.295
2025-12-25T21:57:01.281Z,47.450,6.037,286.467,19.540,0.00,0.5670,24.734671,46.698753,5.270,107.583,9.295
2025-12-25T21:57:01.459Z,47.718,5.224,249.277,19.540,0.00,0.5670,24.734671,46.698753,5.283,107.331,9.317
2025-12-25T21:57:01.697Z,47.437,6.052,287.098,19.540,0.00,0.5670,24.734671,46.698753,5.302,106.947,9.350
2025-12-25T21:57:01.956Z,47.623,5.596,266.475,19.540,0.00,0.5670,24.734671,46.698753,5.321,106.562,9.384
2025-12-25T21:57:01.956Z,47.654,5.489,261.578,19.540,0.00,0.5670,24.734671,46.698753,5.321,106.562,9.384
2025-12-25T21:57:02.082Z,47.692,5.380,256.601,21.740,0.00,0.5760,24.734648,46.698841,5.330,108.071,9.253
2025-12-25T21:57:02.468Z,47.586,5.691,270.820,21.740,0.00,0.5760,24.734648,46.698841,5.359,107.485,9.304
2025-12-25T21:57:02.485Z,47.434,6.041,286.552,21.740,0.00,0.5760,24.734648,46.698841,5.360,107.458,9.306
2025-12-25T21:57:02.775Z,47.496,5.899,280.184,21.740,0.00,0.5760,24.734648,46.698841,5.383,107.007,9.345
2025-12-25T21:57:02.776Z,47.764,5.138,245.428,21.740,0.00,0.5760,24.734648,46.698841,5.383,107.006,9.345
2025-12-25T21:57:02.980Z,47.586,5.681,270.332,21.740,0.00,0.5760,24.734648,46.698841,5.398,106.702,9.372
2025-12-25T21:57:03.806Z,47.701,5.276,251.679,21.240,0.00,0.5820,24.734659,46.698898,5.456,106.672,9.374
2025-12-25T21:57:03.806Z,47.544,5.844,277.865,21.240,0.00,0.5820,24.734659,46.698898,5.456,106.672,9.375
2025-12-25T21:57:03.807Z,47.751,5.183,247.510,21.240,0.00,0.5820,24.734659,46.698898,5.456,106.672,9.375
2025-12-25T21:57:03.807Z,48.054,4.214,202.499,21.240,0.00,0.5820,24.734659,46.698898,5.456,106.672,9.375
2025-12-25T21:57:03.807Z,49.347,0.653,32.221,21.240,0.00,0.5820,24.734659,46.698898,5.456,106.672,9.375
2025-12-25T21:57:03.846Z,49.405,0.538,26.587,21.240,0.00,0.5820,24.734659,46.698898,5.456,106.666,9.375
2025-12-25T21:57:04.018Z,49.468,0.381,18.861,21.240,0.00,0.5820,24.734659,46.698898,5.457,106.649,9.377
2025-12-25T21:57:04.414Z,49.486,0.385,19.055,21.040,0.00,0.5870,24.734686,46.698940,5.459,107.524,9.300
2025-12-25T21:57:04.414Z,49.546,0.217,10.766,21.040,0.00,0.5870,24.734686,46.698940,5.459,107.524,9.300
2025-12-25T21:57:04.437Z,49.581,0.121,6.016,21.040,0.00,0.5870,24.734686,46.698940,5.459,107.523,9.300
2025-12-25T21:57:04.638Z,49.602,0.080,3.966,21.040,0.00,0.5870,24.734686,46.698940,5.460,107.519,9.301
2025-12-25T21:57:04.925Z,49.611,0.075,3.730,21.040,0.00,0.5870,24.734686,46.698940,5.460,107.513,9.301
2025-12-25T21:57:05.130Z,49.619,0.065,3.227,21.040,0.00,0.5870,24.734686,46.698940,5.460,107.509,9.302
2025-12-25T21:57:05.130Z,49.624,0.063,3.135,20.540,0.00,0.5920,24.734718,46.698967,5.460,108.425,9.223
2025-12-25T21:57:05.335Z,49.626,0.067,3.336,20.540,0.00,0.5920,24.734718,46.698967,5.460,108.421,9.223
2025-12-25T21:57:05.489Z,49.628,0.074,3.680,20.540,0.00,0.5920,24.734718,46.698967,5.460,108.418,9.224
2025-12-25T21:57:05.657Z,49.636,0.064,3.164,20.540,0.00,0.5920,24.734718,46.698967,5.461,108.415,9.224
2025-12-25T21:57:05.661Z,49.638,0.064,3.164,20.540,0.00,0.5920,24.734718,46.698967,5.461,108.415,9.224
2025-12-25T21:57:06.052Z,49.640,0.066,3.291,20.540,0.00,0.5920,24.734718,46.698967,5.461,108.408,9.224
2025-12-25T21:57:06.111Z,49.642,0.074,3.649,21.170,0.00,0.5960,24.734755,46.698986,5.461,109.139,9.163
2025-12-25T21:57:06.360Z,49.646,0.072,3.576,21.170,0.00,0.5960,24.734755,46.698986,5.461,109.134,9.163
2025-12-25T21:57:06.361Z,49.654,0.063,3.114,21.170,0.00,0.5960,24.734755,46.698986,5.461,109.134,9.163
2025-12-25T21:57:06.500Z,49.655,0.064,3.199,21.170,0.00,0.5960,24.734755,46.698986,5.461,109.132,9.163
2025-12-25T21:57:06.700Z,49.655,0.072,3.582,21.170,0.00,0.5960,24.734755,46.698986,5.461,109.128,9.164
2025-12-25T21:57:06.974Z,49.658,0.071,3.535,21.170,0.00,0.5960,24.734755,46.698986,5.462,109.122,9.164
2025-12-25T21:57:07.106Z,49.664,0.064,3.198,21.170,0.00,0.5960,24.734755,46.698986,5.462,109.120,9.164
2025-12-25T21:57:07.107Z,49.666,0.065,3.227,21.300,0.00,0.6020,24.734800,46.698997,5.462,110.218,9.073
2025-12-25T21:57:07.485Z,49.666,0.071,3.549,21.300,0.00,0.6020,24.734800,46.698997,5.462,110.211,9.074
2025-12-25T21:57:07.546Z,49.670,0.068,3.392,21.300,0.00,0.6020,24.734800,46.698997,5.462,110.210,9.074
2025-12-25T21:57:07.792Z,49.673,0.068,3.367,21.300,0.00,0.6020,24.734800,46.698997,5.463,110.205,9.074
2025-12-25T21:57:07.792Z,49.677,0.064,3.193,21.300,0.00,0.6020,24.734800,46.698997,5.463,110.205,9.074
2025-12-25T21:57:07.928Z,49.679,0.065,3.241,21.300,0.00,0.6020,24.734800,46.698997,5.463,110.203,9.074
2025-12-25T21:57:08.187Z,49.678,0.075,3.722,20.520,0.00,0.6070,24.734846,46.699001,5.463,111.113,9.000
2025-12-25T21:57:08.339Z,49.683,0.067,3.339,20.520,0.00,0.6070,24.734846,46.699001,5.463,111.110,9.000
2025-12-25T21:57:08.339Z,49.687,0.064,3.156,20.520,0.00,0.6070,24.734846,46.699001,5.463,111.110,9.000
2025-12-25T21:57:08.535Z,49.688,0.065,3.230,20.520,0.00,0.6070,24.734846,46.699001,5.463,111.106,9.000
2025-12-25T21:57:08.921Z,49.686,0.076,3.793,20.520,0.00,0.6070,24.734846,46.699001,5.464,111.098,9.001
2025-12-25T21:57:08.985Z,49.692,0.065,3.238,20.520,0.00,0.6070,24.734846,46.699001,5.464,111.097,9.001
2025-12-25T21:57:08.986Z,49.695,0.063,3.149,20.520,0.00,0.6070,24.734846,46.699001,5.464,111.097,9.001
2025-12-25T21:57:09.158Z,49.697,0.065,3.247,20.670,0.00,0.6120,24.734896,46.698990,5.464,112.009,8.928
2025-12-25T21:57:09.533Z,49.698,0.067,3.314,20.670,0.00,0.6120,24.734896,46.698990,5.464,112.001,8.928
2025-12-25T21:57:09.566Z,49.698,0.075,3.721,20.670,0.00,0.6120,24.734896,46.698990,5.464,112.001,8.929
2025-12-25T21:57:09.840Z,49.704,0.065,3.210,20.670,0.00,0.6120,24.734896,46.698990,5.464,111.996,8.929
2025-12-25T21:57:09.844Z,49.522,0.499,24.706,20.670,0.00,0.6120,24.734896,46.698990,5.465,111.995,8.929
2025-12-25T21:57:10.045Z,49.464,0.606,30.000,20.670,0.00,0.6120,24.734896,46.698990,5.466,111.961,8.932
2025-12-25T21:57:10.179Z,49.513,0.391,19.345,20.040,0.00,0.6170,24.734938,46.698975,5.467,112.861,8.860
2025-12-25T21:57:10.457Z,49.706,0.064,3.178,20.040,0.00,0.6170,24.734938,46.698975,5.467,112.856,8.861
2025-12-25T21:57:10.457Z,49.710,0.063,3.154,20.040,0.00,0.6170,24.734938,46.698975,5.467,112.856,8.861
2025-12-25T21:57:10.567Z,49.713,0.065,3.226,20.040,0.00,0.6170,24.734938,46.698975,5.467,112.854,8.861
2025-12-25T21:57:10.967Z,49.713,0.071,3.535,20.040,0.00,0.6170,24.734938,46.698975,5.468,112.846,8.862
2025-12-25T21:57:11.000Z,49.716,0.070,3.486,20.040,0.00,0.6170,24.734938,46.698975,5.468,112.845,8.862
2025-12-25T21:57:11.000Z,49.689,0.156,7.749,18.720,0.00,0.6220,24.734976,46.698959,5.468,113.759,8.790
2025-12-25T21:57:11.269Z,49.650,0.272,13.527,18.720,0.00,0.6220,24.734976,46.698959,5.469,113.738,8.792
2025-12-25T21:57:11.417Z,49.595,0.432,21.446,18.720,0.00,0.6220,24.734976,46.698959,5.470,113.720,8.794
2025-12-25T21:57:11.598Z,49.524,0.634,31.379,18.720,0.00,0.6220,24.734976,46.698959,5.471,113.687,8.796
2025-12-25T21:57:11.888Z,49.481,0.783,38.732,18.720,0.00,0.6220,24.734976,46.698959,5.474,113.622,8.801
2025-12-25T21:57:11.892Z,49.514,0.726,35.944,18.720,0.00,0.6220,24.734976,46.698959,5.474,113.622,8.801
2025-12-25T21:57:12.196Z,49.521,0.653,32.324,18.720,0.00,0.6220,24.734976,46.698959,5.477,113.565,8.806
2025-12-25T21:57:12.216Z,49.434,0.912,45.100,18.800,0.00,0.6270,24.735016,46.698929,5.477,114.473,8.736
2025-12-25T21:57:12.606Z,49.436,0.850,42.018,18.800,0.00,0.6270,24.735016,46.698929,5.482,114.378,8.743
2025-12-25T21:57:12.606Z,49.309,1.277,62.975,18.800,0.00,0.6270,24.735016,46.698929,5.482,114.377,8.743
2025-12-25T21:57:12.671Z,48.930,2.345,114.744,18.800,0.00,0.6270,24.735016,46.698929,5.484,114.335,8.746
2025-12-25T21:57:12.912Z,48.571,3.353,162.878,18.800,0.00,0.6270,24.735016,46.698929,5.495,114.107,8.764
2025-12-25T21:57:13.058Z,48.429,3.740,181.145,18.800,0.00,0.6270,24.735016,46.698929,5.502,113.955,8.775
2025-12-25T21:57:13.062Z,48.182,4.392,211.610,18.950,0.00,0.6330,24.735054,46.698898,5.502,115.041,8.693
2025-12-25T21:57:13.237Z,48.125,4.111,197.849,18.950,0.00,0.6330,24.735054,46.698898,5.512,114.839,8.708
2025-12-25T21:57:13.735Z,48.168,4.392,211.572,18.950,0.00,0.6330,24.735054,46.698898,5.541,114.233,8.754
2025-12-25T21:57:13.735Z,48.140,4.454,214.393,18.950,0.00,0.6330,24.735054,46.698898,5.541,114.233,8.754
2025-12-25T21:57:13.735Z,48.149,4.453,214.431,18.950,0.00,0.6330,24.735054,46.698898,5.541,114.233,8.754
2025-12-25T21:57:14.041Z,48.001,4.841,232.385,18.950,0.00,0.6330,24.735054,46.698898,5.561,113.828,8.785
2025-12-25T21:57:14.097Z,48.149,4.284,206.287,20.760,0.00,0.6380,24.735092,46.698864,5.564,114.660,8.721
2025-12-25T21:57:14.449Z,48.104,4.468,214.923,20.760,0.00,0.6380,24.735092,46.698864,5.585,114.230,8.754
2025-12-25T21:57:14.449Z,48.130,4.422,212.807,20.760,0.00,0.6380,24.735092,46.698864,5.585,114.230,8.754
2025-12-25T21:57:14.465Z,48.178,4.251,204.798,20.760,0.00,0.6380,24.735092,46.698864,5.586,114.210,8.756
2025-12-25T21:57:14.756Z,48.078,4.545,218.519,20.760,0.00,0.6380,24.735092,46.698864,5.604,113.851,8.783
2025-12-25T21:57:14.869Z,48.058,4.665,224.170,20.760,0.00,0.6380,24.735092,46.698864,5.611,113.708,8.794
2025-12-25T21:57:15.181Z,48.123,4.446,213.962,20.760,0.00,0.6380,24.735092,46.698864,5.629,113.333,8.824
2025-12-25T21:57:15.193Z,48.045,4.693,225.464,25.720,0.00,0.6460,24.735142,46.698807,5.630,114.739,8.715
2025-12-25T21:57:15.283Z,48.096,4.513,217.045,25.720,0.00,0.6460,24.735142,46.698807,5.636,114.628,8.724
2025-12-25T21:57:15.513Z,48.015,4.701,225.724,25.720,0.00,0.6460,24.735142,46.698807,5.650,114.337,8.746
2025-12-25T21:57:15.700Z,47.998,4.709,226.044,25.720,0.00,0.6460,24.735142,46.698807,5.662,114.099,8.764
2025-12-25T21:57:15.701Z,48.126,4.383,210.916,25.720,0.00,0.6460,24.735142,46.698807,5.662,114.098,8.764
2025-12-25T21:57:15.919Z,48.089,4.533,217.987,25.720,0.00,0.6460,24.735142,46.698807,5.675,113.832,8.785
2025-12-25T21:57:16.292Z,48.021,4.661,223.844,31.910,0.00,0.6550,24.735203,46.698742,5.698,114.948,8.700
2025-12-25T21:57:16.354Z,48.056,4.520,217.210,31.910,0.00,0.6550,24.735203,46.698742,5.702,114.874,8.705
2025-12-25T21:57:16.701Z,47.981,4.804,230.502,31.910,0.00,0.6550,24.735203,46.698742,5.724,114.427,8.739
2025-12-25T21:57:16.701Z,48.209,4.147,199.911,31.910,0.00,0.6550,24.735203,46.698742,5.724,114.427,8.739
2025-12-25T21:57:16.727Z,47.832,5.118,244.780,31.910,0.00,0.6550,24.735203,46.698742,5.726,114.392,8.742
2025-12-25T21:57:17.009Z,47.979,4.700,225.479,31.910,0.00,0.6550,24.735203,46.698742,5.744,114.040,8.769
2025-12-25T21:57:17.215Z,47.832,5.231,250.207,26.650,0.00,0.6630,24.735237,46.698681,5.758,115.146,8.685
2025-12-25T21:57:17.215Z,48.115,4.306,207.199,26.650,0.00,0.6630,24.735237,46.698681,5.758,115.146,8.685
2025-12-25T21:57:17.420Z,48.033,4.622,222.015,26.650,0.00,0.6630,24.735237,46.698681,5.771,114.894,8.704
2025-12-25T21:57:17.623Z,48.036,4.584,220.219,26.650,0.00,0.6630,24.735237,46.698681,5.783,114.647,8.722
2025-12-25T21:57:17.761Z,48.085,4.334,208.394,26.650,0.00,0.6630,24.735237,46.698681,5.791,114.489,8.734
2025-12-25T21:57:17.762Z,47.796,5.269,251.851,26.650,0.00,0.6630,24.735237,46.698681,5.791,114.488,8.735
2025-12-25T21:57:18.135Z,47.753,5.410,258.324,26.650,0.00,0.6630,24.735237,46.698681,5.818,113.961,8.775
2025-12-25T21:57:18.151Z,48.081,4.400,211.545,23.840,0.00,0.6690,24.735249,46.698616,5.819,114.974,8.698
2025-12-25T21:57:18.443Z,47.874,5.012,239.931,23.840,0.00,0.6690,24.735249,46.698616,5.838,114.590,8.727
2025-12-25T21:57:18.562Z,48.020,4.638,222.705,23.840,0.00,0.6690,24.735249,46.698616,5.846,114.446,8.738
2025-12-25T21:57:18.570Z,47.804,5.207,248.914,23.840,0.00,0.6690,24.735249,46.698616,5.846,114.436,8.739
2025-12-25T21:57:18.817Z,47.792,5.149,246.091,23.840,0.00,0.6690,24.735249,46.698616,5.863,114.105,8.764
2025-12-25T21:57:18.968Z,47.813,5.158,246.627,23.840,0.00,0.6690,24.735249,46.698616,5.873,113.905,8.779
2025-12-25T21:57:19.262Z,47.758,5.381,257.003,24.710,0.00,0.6760,24.735258,46.698547,5.894,114.687,8.719
2025-12-25T21:57:19.262Z,47.956,4.745,227.555,24.710,0.00,0.6760,24.735258,46.698547,5.894,114.686,8.719
2025-12-25T21:57:19.386Z,47.746,5.290,252.582,24.710,0.00,0.6760,24.735258,46.698547,5.903,114.517,8.732
2025-12-25T21:57:19.612Z,47.738,5.368,256.238,24.710,0.00,0.6760,24.735258,46.698547,5.919,114.207,8.756
2025-12-25T21:57:19.808Z,47.851,5.038,241.062,24.710,0.00,0.6760,24.735258,46.698547,5.932,113.954,8.775
2025-12-25T21:57:19.808Z,47.844,5.096,243.818,24.710,0.00,0.6760,24.735258,46.698547,5.932,113.954,8.775
2025-12-25T21:57:20.082Z,47.683,5.438,259.318,24.710,0.00,0.6760,24.735258,46.698547,5.952,113.575,8.805
2025-12-25T21:57:20.208Z,47.756,5.273,251.802,24.850,0.00,0.6830,24.735245,46.698479,5.961,114.582,8.727
2025-12-25T21:57:20.432Z,47.860,4.925,235.732,24.850,0.00,0.6830,24.735245,46.698479,5.975,114.300,8.749
2025-12-25T21:57:20.432Z,47.729,4.664,222.618,24.850,0.00,0.6830,24.735245,46.698479,5.975,114.300,8.749
2025-12-25T21:57:20.608Z,47.772,5.205,248.634,24.850,0.00,0.6830,24.735245,46.698479,5.988,114.068,8.767
2025-12-25T21:57:20.828Z,47.738,5.264,251.273,24.850,0.00,0.6830,24.735245,46.698479,6.003,113.777,8.789
2025-12-25T21:57:21.207Z,47.692,5.425,258.705,24.850,0.00,0.6830,24.735245,46.698479,6.030,113.263,8.829
2025-12-25T21:57:21.251Z,47.896,4.824,231.060,23.610,0.00,0.6900,24.735220,46.698418,6.033,114.371,8.743
2025-12-25T21:57:21.251Z,47.799,5.123,244.894,23.610,0.00,0.6900,24.735220,46.698418,6.033,114.371,8.744
2025-12-25T21:57:21.514Z,47.706,5.444,259.729,23.610,0.00,0.6900,24.735220,46.698418,6.052,114.012,8.771
2025-12-25T21:57:21.630Z,47.759,5.161,246.490,23.610,0.00,0.6900,24.735220,46.698418,6.060,113.862,8.783
2025-12-25T21:57:22.026Z,47.664,5.427,258.671,23.610,0.00,0.6900,24.735220,46.698418,6.088,113.330,8.824
2025-12-25T21:57:22.026Z,47.735,5.085,242.735,23.610,0.00,0.6900,24.735220,46.698418,6.088,113.330,8.824
2025-12-25T21:57:22.045Z,47.791,5.129,245.120,25.060,0.00,0.6970,24.735212,46.698349,6.090,114.456,8.737
2025-12-25T21:57:22.268Z,47.761,5.224,249.510,25.060,0.00,0.6970,24.735212,46.698349,6.105,114.166,8.759
2025-12-25T21:57:22.461Z,47.678,5.461,260.373,25.060,0.00,0.6970,24.735212,46.698349,6.119,113.905,8.779
2025-12-25T21:57:22.461Z,47.726,5.313,253.572,25.060,0.00,0.6970,24.735212,46.698349,6.119,113.905,8.779
2025-12-25T21:57:22.846Z,47.670,5.452,259.872,25.060,0.00,0.6970,24.735212,46.698349,6.147,113.391,8.819
2025-12-25T21:57:22.860Z,47.697,5.348,255.098,25.060,0.00,0.6970,24.735212,46.698349,6.148,113.373,8.820
2025-12-25T21:57:23.255Z,47.704,5.357,255.556,25.060,0.00,0.6970,24.735212,46.698349,6.176,112.857,8.861
2025-12-25T21:57:23.276Z,47.704,5.389,257.070,23.430,0.00,0.7030,24.735201,46.698288,6.177,113.802,8.787
2025-12-25T21:57:23.276Z,47.935,5.236,250.966,23.430,0.00,0.7030,24.735201,46.698288,6.177,113.801,8.787
2025-12-25T21:57:23.563Z,47.826,4.995,238.913,23.430,0.00,0.7030,24.735201,46.698288,6.196,113.452,8.814
2025-12-25T21:57:23.678Z,47.655,5.490,261.646,23.430,0.00,0.7030,24.735201,46.698288,6.205,113.299,8.826
2025-12-25T21:57:24.076Z,47.885,4.778,228.795,23.430,0.00,0.7030,24.735201,46.698288,6.230,112.838,8.862
2025-12-25T21:57:24.076Z,47.975,4.620,221.663,23.430,0.00,0.7030,24.735201,46.698288,6.230,112.838,8.862
2025-12-25T21:57:24.087Z,47.873,4.763,228.017,17.240,0.00,0.7090,24.735161,46.698265,6.231,113.789,8.788
2025-12-25T21:57:24.382Z,47.709,5.203,248.210,17.240,0.00,0.7090,24.735161,46.698265,6.251,113.418,8.817
2025-12-25T21:57:24.522Z,47.698,5.308,253.187,17.240,0.00,0.7090,24.735161,46.698265,6.261,113.240,8.831
2025-12-25T21:57:24.522Z,47.696,5.292,252.401,17.240,0.00,0.7090,24.735161,46.698265,6.261,113.240,8.831
2025-12-25T21:57:24.894Z,47.813,5.000,239.051,17.240,0.00,0.7090,24.735161,46.698265,6.286,112.795,8.866
2025-12-25T21:57:24.978Z,47.656,5.401,257.376,17.240,0.00,0.7090,24.735161,46.698265,6.292,112.688,8.874
2025-12-25T21:57:25.125Z,47.765,5.067,242.036,19.330,0.00,0.7150,24.735106,46.698265,6.302,113.463,8.813
2025-12-25T21:57:25.126Z,47.764,5.040,240.714,19.330,0.00,0.7150,24.735106,46.698265,6.302,113.462,8.813
2025-12-25T21:57:25.509Z,47.709,5.326,254.098,19.330,0.00,0.7150,24.735106,46.698265,6.329,112.978,8.851
2025-12-25T21:57:25.528Z,47.727,5.122,244.462,19.330,0.00,0.7150,24.735106,46.698265,6.330,112.954,8.853
2025-12-25T21:57:25.828Z,47.673,5.370,256.000,19.330,0.00,0.7150,24.735106,46.698265,6.351,112.575,8.883
2025-12-25T21:57:25.951Z,47.613,5.482,261.032,19.330,0.00,0.7150,24.735106,46.698265,6.360,112.417,8.895
2025-12-25T21:57:25.951Z,47.689,5.253,250.536,19.330,0.00,0.7150,24.735106,46.698265,6.360,112.417,8.895
2025-12-25T21:57:26.327Z,47.783,5.073,242.385,20.320,0.00,0.7210,24.735048,46.698265,6.386,112.911,8.857
2025-12-25T21:57:26.364Z,47.702,5.274,251.594,20.320,0.00,0.7210,24.735048,46.698265,6.388,112.865,8.860
2025-12-25T21:57:26.634Z,47.731,5.229,249.605,20.320,0.00,0.7210,24.735048,46.698265,6.407,112.535,8.886
2025-12-25T21:57:26.634Z,48.078,4.282,205.890,20.320,0.00,0.7210,24.735048,46.698265,6.407,112.535,8.886
2025-12-25T21:57:26.838Z,47.715,5.070,241.918,20.320,0.00,0.7210,24.735048,46.698265,6.421,112.295,8.905
2025-12-25T21:57:26.973Z,47.655,5.501,262.165,20.320,0.00,0.7210,24.735048,46.698265,6.430,112.123,8.919
2025-12-25T21:57:27.251Z,47.698,5.315,253.531,20.280,0.00,0.7280,24.734989,46.698277,6.450,112.868,8.860
2025-12-25T21:57:27.252Z,47.513,5.781,274.668,20.280,0.00,0.7280,24.734989,46.698277,6.450,112.868,8.860
2025-12-25T21:57:27.374Z,47.829,4.819,230.484,20.280,0.00,0.7280,24.734989,46.698277,6.458,112.731,8.871
2025-12-25T21:57:27.588Z,47.590,5.754,273.848,20.280,0.00,0.7280,24.734989,46.698277,6.474,112.447,8.893
2025-12-25T21:57:27.966Z,47.659,5.263,250.810,20.280,0.00,0.7280,24.734989,46.698277,6.500,111.992,8.929
2025-12-25T21:57:28.026Z,47.586,5.552,264.187,20.280,0.00,0.7280,24.734989,46.698277,6.505,111.916,8.935
2025-12-25T21:57:28.026Z,47.958,4.351,208.641,20.670,0.00,0.7350,24.734930,46.698296,6.505,112.992,8.850
2025-12-25T21:57:28.274Z,47.689,5.363,255.766,20.670,0.00,0.7350,24.734930,46.698296,6.522,112.687,8.874
2025-12-25T21:57:28.478Z,47.985,4.394,210.849,20.670,0.00,0.7350,24.734930,46.698296,6.534,112.481,8.890
2025-12-25T21:57:28.610Z,47.689,5.242,249.993,20.670,0.00,0.7350,24.734930,46.698296,6.544,112.323,8.903
2025-12-25T21:57:28.611Z,47.572,5.566,264.781,20.670,0.00,0.7350,24.734930,46.698296,6.544,112.322,8.903
2025-12-25T21:57:28.892Z,47.630,5.438,259.012,20.670,0.00,0.7350,24.734930,46.698296,6.564,111.976,8.931
2025-12-25T21:57:29.027Z,47.695,5.240,249.919,20.670,0.00,0.7350,24.734930,46.698296,6.573,111.816,8.943
2025-12-25T21:57:29.217Z,47.525,5.726,272.151,20.850,0.00,0.7410,24.734875,46.698322,6.588,112.483,8.890
2025-12-25T21:57:29.218Z,47.798,4.932,235.743,20.850,0.00,0.7410,24.734875,46.698322,6.588,112.483,8.890
2025-12-25T21:57:29.502Z,47.667,5.343,254.673,20.850,0.00,0.7410,24.734875,46.698322,6.608,112.141,8.917
2025-12-25T21:57:29.618Z,47.645,5.212,248.319,20.850,0.00,0.7410,24.734875,46.698322,6.616,112.005,8.928
2025-12-25T21:57:30.015Z,47.805,4.992,238.630,20.850,0.00,0.7410,24.734875,46.698322,6.642,111.560,8.964
2025-12-25T21:57:30.016Z,47.480,5.835,277.065,20.850,0.00,0.7410,24.734875,46.698322,6.642,111.560,8.964
2025-12-25T21:57:30.043Z,47.478,5.840,277.251,20.560,0.00,0.7480,24.734821,46.698353,6.644,112.578,8.883
2025-12-25T21:57:30.265Z,47.549,5.669,269.563,20.560,0.00,0.7480,24.734821,46.698353,6.661,112.297,8.905
2025-12-25T21:57:30.440Z,47.579,5.491,261.237,20.560,0.00,0.7480,24.734821,46.698353,6.674,112.084,8.922
2025-12-25T21:57:30.752Z,47.633,5.418,258.060,20.560,0.00,0.7480,24.734821,46.698353,6.696,111.709,8.952
2025-12-25T21:57:30.752Z,47.725,5.103,243.523,20.560,0.00,0.7480,24.734821,46.698353,6.696,111.709,8.952
2025-12-25T21:57:30.858Z,47.702,5.119,244.196,20.560,0.00,0.7480,24.734821,46.698353,6.703,111.589,8.961
2025-12-25T21:57:31.243Z,47.515,5.607,266.438,20.560,0.00,0.7480,24.734821,46.698353,6.732,111.118,8.999
2025-12-25T21:57:31.331Z,47.637,5.386,256.586,19.950,0.00,0.7550,24.734776,46.698395,6.738,112.052,8.924
2025-12-25T21:57:31.331Z,47.711,5.173,246.798,19.950,0.00,0.7550,24.734776,46.698395,6.738,112.052,8.924
2025-12-25T21:57:31.477Z,47.432,5.901,279.903,19.950,0.00,0.7550,24.734776,46.698395,6.749,111.864,8.939
2025-12-25T21:57:31.754Z,47.612,5.459,259.929,19.950,0.00,0.7550,24.734776,46.698395,6.769,111.534,8.966
2025-12-25T21:57:31.883Z,47.705,5.049,240.842,19.950,0.00,0.7550,24.734776,46.698395,6.778,111.392,8.977
2025-12-25T21:57:31.883Z,47.680,5.410,257.931,19.950,0.00,0.7550,24.734776,46.698395,6.778,111.392,8.977
2025-12-25T21:57:32.266Z,47.555,5.542,263.559,19.650,0.00,0.7610,24.734735,46.698444,6.806,111.815,8.943
2025-12-25T21:57:32.288Z,47.565,5.445,258.975,19.650,0.00,0.7610,24.734735,46.698444,6.807,111.789,8.945
2025-12-25T21:57:32.676Z,47.865,4.630,221.597,19.650,0.00,0.7610,24.734735,46.698444,6.831,111.398,8.977
2025-12-25T21:57:32.710Z,47.805,4.723,225.771,19.650,0.00,0.7610,24.734735,46.698444,6.834,111.363,8.980
2025-12-25T21:57:32.714Z,47.549,5.684,270.265,19.650,0.00,0.7610,24.734735,46.698444,6.834,111.358,8.980
2025-12-25T21:57:33.086Z,47.474,5.755,273.206,19.650,0.00,0.7610,24.734735,46.698444,6.862,110.900,9.017
2025-12-25T21:57:33.147Z,47.803,4.829,230.856,18.580,0.00,0.7670,24.734703,46.698494,6.866,111.711,8.952
2025-12-25T21:57:33.496Z,47.786,4.875,232.960,18.580,0.00,0.7670,24.734703,46.698494,6.889,111.345,8.981
2025-12-25T21:57:33.496Z,47.646,5.249,250.099,18.580,0.00,0.7670,24.734703,46.698494,6.889,111.344,8.981
2025-12-25T21:57:33.518Z,47.743,5.000,238.719,18.580,0.00,0.7670,24.734703,46.698494,6.890,111.320,8.983
2025-12-25T21:57:33.803Z,47.640,5.400,257.254,18.580,0.00,0.7670,24.734703,46.698494,6.910,110.992,9.010
2025-12-25T21:57:33.926Z,48.083,3.939,189.376,18.580,0.00,0.7670,24.734703,46.698494,6.917,110.888,9.018
2025-12-25T21:57:33.927Z,47.608,5.360,255.166,18.580,0.00,0.7670,24.734703,46.698494,6.917,110.888,9.018
2025-12-25T21:57:34.315Z,47.680,5.174,246.705,18.670,0.00,0.7740,24.734671,46.698551,6.943,111.472,8.971
2025-12-25T21:57:34.390Z,47.638,5.255,250.355,18.670,0.00,0.7740,24.734671,46.698551,6.949,111.387,8.978
2025-12-25T21:57:34.621Z,47.598,5.413,257.666,18.670,0.00,0.7740,24.734671,46.698551,6.965,111.123,8.999
2025-12-25T21:57:34.766Z,47.926,4.417,211.684,18.670,0.00,0.7740,24.734671,46.698551,6.974,110.987,9.010
2025-12-25T21:57:34.766Z,47.715,5.450,260.042,18.670,0.00,0.7740,24.734671,46.698551,6.974,110.987,9.010
2025-12-25T21:57:34.945Z,47.564,5.516,262.368,18.670,0.00,0.7740,24.734671,46.698551,6.987,110.780,9.027
2025-12-25T21:57:35.236Z,47.594,5.418,257.844,18.690,0.00,0.7800,24.734652,46.698605,7.008,111.307,8.984
2025-12-25T21:57:35.368Z,47.844,4.639,221.936,18.690,0.00,0.7800,24.734652,46.698605,7.016,111.178,8.995
2025-12-25T21:57:35.368Z,47.498,5.592,265.612,18.690,0.00,0.7800,24.734652,46.698605,7.016,111.177,8.995
2025-12-25T21:57:35.754Z,47.675,5.128,244.496,18.690,0.00,0.7800,24.734652,46.698605,7.042,110.763,9.028
2025-12-25T21:57:35.774Z,47.712,4.980,237.624,18.690,0.00,0.7800,24.734652,46.698605,7.043,110.743,9.030
2025-12-25T21:57:36.055Z,47.553,5.402,256.892,18.690,0.00,0.7800,24.734652,46.698605,7.063,110.428,9.056
2025-12-25T21:57:36.055Z,47.533,5.605,266.408,19.500,0.00,0.7870,24.734632,46.698666,7.063,111.419,8.975
2025-12-25T21:57:36.177Z,47.503,5.546,263.431,19.500,0.00,0.7870,24.734632,46.698666,7.072,111.279,8.986
2025-12-25T21:57:36.465Z,47.605,5.337,254.065,19.500,0.00,0.7870,24.734632,46.698666,7.093,110.960,9.012
2025-12-25T21:57:36.586Z,47.562,5.365,255.169,19.500,0.00,0.7870,24.734632,46.698666,7.101,110.826,9.023
2025-12-25T21:57:36.586Z,47.893,4.530,216.941,19.500,0.00,0.7870,24.734632,46.698666,7.101,110.826,9.023
2025-12-25T21:57:36.874Z,47.446,5.822,276.243,19.500,0.00,0.7870,24.734632,46.698666,7.123,110.482,9.051
2025-12-25T21:57:37.003Z,47.711,5.021,239.569,19.500,0.00,0.7870,24.734632,46.698666,7.132,110.349,9.062
2025-12-25T21:57:37.386Z,47.373,6.014,284.901,19.820,0.00,0.7920,24.734629,46.698723,7.162,110.580,9.043
2025-12-25T21:57:37.467Z,47.435,5.773,273.835,19.820,0.00,0.7920,24.734629,46.698723,7.168,110.485,9.051
2025-12-25T21:57:37.467Z,47.468,5.796,275.103,19.820,0.00,0.7920,24.734629,46.698723,7.168,110.485,9.051
2025-12-25T21:57:37.607Z,47.400,5.831,276.382,19.820,0.00,0.7920,24.734629,46.698723,7.179,110.320,9.065
2025-12-25T21:57:38.001Z,47.818,4.636,221.676,19.820,0.00,0.7920,24.734629,46.698723,7.203,109.949,9.095
2025-12-25T21:57:38.028Z,47.473,5.658,268.616,19.820,0.00,0.7920,24.734629,46.698723,7.205,109.917,9.098
2025-12-25T21:57:38.028Z,47.420,5.799,274.993,21.110,0.00,0.8010,24.734634,46.698803,7.205,111.166,8.996
2025-12-25T21:57:38.309Z,47.553,5.424,257.939,21.110,0.00,0.8010,24.734634,46.698803,7.226,110.857,9.021
2025-12-25T21:57:38.436Z,47.602,5.301,252.329,21.110,0.00,0.8010,24.734634,46.698803,7.234,110.720,9.032
2025-12-25T21:57:38.651Z,47.696,5.065,241.603,21.110,0.00,0.8010,24.734634,46.698803,7.249,110.500,9.050
2025-12-25T21:57:38.652Z,47.498,5.631,267.478,21.110,0.00,0.8010,24.734634,46.698803,7.249,110.499,9.050
2025-12-25T21:57:38.848Z,47.607,5.241,249.506,21.110,0.00,0.8010,24.734634,46.698803,7.263,110.292,9.067
2025-12-25T21:57:39.065Z,47.707,4.996,238.360,21.110,0.00,0.8010,24.734634,46.698803,7.277,110.074,9.085
2025-12-25T21:57:39.435Z,47.536,5.553,263.960,25.840,0.00,0.8090,24.734646,46.698891,7.304,110.761,9.028
2025-12-25T21:57:39.483Z,47.520,5.526,262.574,25.840,0.00,0.8090,24.734646,46.698891,7.307,110.708,9.033
2025-12-25T21:57:39.483Z,47.682,4.963,236.648,25.840,0.00,0.8090,24.734646,46.698891,7.307,110.708,9.033
2025-12-25T21:57:39.741Z,47.535,5.511,261.956,25.840,0.00,0.8090,24.734646,46.698891,7.326,110.424,9.056
2025-12-25T21:57:39.881Z,47.630,5.213,248.292,25.840,0.00,0.8090,24.734646,46.698891,7.336,110.278,9.068
2025-12-25T21:57:40.087Z,48.329,3.190,154.153,25.840,0.00,0.8090,24.734646,46.698891,7.345,110.146,9.079
2025-12-25T21:57:40.087Z,49.073,1.112,54.563,20.930,0.00,0.8160,24.734674,46.698948,7.345,111.099,9.001
2025-12-25T21:57:40.268Z,49.242,0.675,33.257,20.930,0.00,0.8160,24.734674,46.698948,7.346,111.074,9.003
2025-12-25T21:57:40.487Z,49.280,0.589,29.007,20.930,0.00,0.8160,24.734674,46.698948,7.348,111.047,9.005
2025-12-25T21:57:40.868Z,49.392,0.337,16.645,20.930,0.00,0.8160,24.734674,46.698948,7.350,111.021,9.007
2025-12-25T21:57:40.868Z,49.401,0.270,13.329,20.930,0.00,0.8160,24.734674,46.698948,7.350,111.021,9.007
2025-12-25T21:57:40.899Z,49.442,0.189,9.353,20.930,0.00,0.8160,24.734674,46.698948,7.350,111.019,9.007
2025-12-25T21:57:41.176Z,49.470,0.118,5.824,19.890,0.00,0.8210,24.734709,46.698986,7.351,111.693,8.953
2025-12-25T21:57:41.297Z,49.490,0.073,3.595,19.890,0.00,0.8210,24.734709,46.698986,7.351,111.691,8.953
2025-12-25T21:57:41.687Z,49.498,0.064,3.174,19.890,0.00,0.8210,24.734709,46.698986,7.351,111.686,8.954
2025-12-25T21:57:41.687Z,49.502,0.065,3.229,19.890,0.00,0.8210,24.734709,46.698986,7.351,111.686,8.954
2025-12-25T21:57:41.712Z,49.503,0.073,3.613,19.890,0.00,0.8210,24.734709,46.698986,7.351,111.686,8.954
2025-12-25T21:57:41.994Z,49.508,0.069,3.426,19.890,0.00,0.8210,24.734709,46.698986,7.351,111.681,8.954
2025-12-25T21:57:42.111Z,49.513,0.069,3.422,19.890,0.00,0.8210,24.734709,46.698986,7.351,111.680,8.954
2025-12-25T21:57:42.111Z,49.518,0.064,3.183,20.280,0.00,0.8260,24.734743,46.699013,7.351,112.360,8.900
2025-12-25T21:57:42.426Z,49.520,0.066,3.251,20.280,0.00,0.8260,24.734743,46.699013,7.352,112.356,8.900
2025-12-25T21:57:42.556Z,49.520,0.078,3.850,20.280,0.00,0.8260,24.734743,46.699013,7.352,112.353,8.900
2025-12-25T21:57:42.728Z,49.527,0.067,3.297,20.280,0.00,0.8260,24.734743,46.699013,7.352,112.351,8.901
2025-12-25T21:57:42.728Z,49.530,0.065,3.195,20.280,0.00,0.8260,24.734743,46.699013,7.352,112.351,8.901
2025-12-25T21:57:43.121Z,49.532,0.065,3.241,20.280,0.00,0.8260,24.734743,46.699013,7.352,112.346,8.901
2025-12-25T21:57:43.135Z,49.530,0.080,3.943,19.760,0.00,0.8310,24.734785,46.699032,7.352,113.025,8.848
2025-12-25T21:57:43.428Z,49.538,0.065,3.205,19.760,0.00,0.8310,24.734785,46.699032,7.353,113.021,8.848
2025-12-25T21:57:43.430Z,49.542,0.063,3.128,19.760,0.00,0.8310,24.734785,46.699032,7.353,113.021,8.848
2025-12-25T21:57:43.638Z,49.545,0.065,3.236,19.760,0.00,0.8310,24.734785,46.699032,7.353,113.019,8.848
2025-12-25T21:57:43.749Z,49.546,0.067,3.300,19.760,0.00,0.8310,24.734785,46.699032,7.353,113.017,8.848
2025-12-25T21:57:44.042Z,49.546,0.075,3.710,19.760,0.00,0.8310,24.734785,46.699032,7.353,113.012,8.849
2025-12-25T21:57:44.248Z,49.552,0.063,3.130,20.460,0.00,0.8370,24.734835,46.699028,7.353,113.826,8.785
2025-12-25T21:57:44.248Z,49.554,0.065,3.217,20.460,0.00,0.8370,24.734835,46.699028,7.353,113.826,8.785
2025-12-25T21:57:44.394Z,49.554,0.070,3.457,20.460,0.00,0.8370,24.734835,46.699028,7.354,113.823,8.786
2025-12-25T21:57:44.670Z,49.556,0.072,3.577,20.460,0.00,0.8370,24.734835,46.699028,7.354,113.819,8.786
2025-12-25T21:57:44.798Z,49.562,0.063,3.142,20.460,0.00,0.8370,24.734835,46.699028,7.354,113.817,8.786
2025-12-25T21:57:44.798Z,49.565,0.064,3.152,20.460,0.00,0.8370,24.734835,46.699028,7.354,113.817,8.786
2025-12-25T21:57:45.065Z,49.566,0.065,3.199,20.460,0.00,0.8370,24.734835,46.699028,7.354,113.814,8.786
2025-12-25T21:57:45.271Z,49.565,0.072,3.568,21.650,0.00,0.8420,24.734884,46.699013,7.354,114.490,8.734
2025-12-25T21:57:45.397Z,49.568,0.071,3.540,21.650,0.00,0.8420,24.734884,46.699013,7.354,114.488,8.735
2025-12-25T21:57:45.401Z,49.456,0.356,17.615,21.650,0.00,0.8420,24.734884,46.699013,7.354,114.488,8.735
2025-12-25T21:57:45.682Z,49.400,0.472,23.334,21.650,0.00,0.8420,24.734884,46.699013,7.356,114.460,8.737
2025-12-25T21:57:45.798Z,49.390,0.553,27.300,21.650,0.00,0.8420,24.734884,46.699013,7.357,114.446,8.738
2025-12-25T21:57:46.193Z,49.574,0.068,3.347,21.650,0.00,0.8420,24.734884,46.699013,7.358,114.440,8.738
2025-12-25T21:57:46.266Z,49.579,0.064,3.155,21.960,0.00,0.8480,24.734930,46.698997,7.358,115.255,8.676
2025-12-25T21:57:46.266Z,49.582,0.064,3.161,21.960,0.00,0.8480,24.734930,46.698997,7.358,115.255,8.676
2025-12-25T21:57:46.602Z,49.583,0.066,3.295,21.960,0.00,0.8480,24.734930,46.698997,7.358,115.250,8.677
2025-12-25T21:57:46.616Z,49.578,0.089,4.390,21.960,0.00,0.8480,24.734930,46.698997,7.358,115.250,8.677
2025-12-25T21:57:46.850Z,49.551,0.174,8.642,21.960,0.00,0.8480,24.734930,46.698997,7.358,115.241,8.677
2025-12-25T21:57:46.850Z,49.519,0.280,13.882,21.960,0.00,0.8480,24.734930,46.698997,7.358,115.241,8.677
2025-12-25T21:57:47.114Z,49.490,0.364,17.997,20.330,0.00,0.8530,24.734972,46.698978,7.360,115.900,8.628
2025-12-25T21:57:47.262Z,49.437,0.497,24.571,20.330,0.00,0.8530,24.734972,46.698978,7.361,115.884,8.629
2025-12-25T21:57:47.524Z,49.372,0.660,32.588,20.330,0.00,0.8530,24.734972,46.698978,7.363,115.847,8.632
2025-12-25T21:57:47.524Z,49.341,0.789,38.931,20.330,0.00,0.8530,24.734972,46.698978,7.363,115.847,8.632
2025-12-25T21:57:47.663Z,49.258,0.971,47.807,20.330,0.00,0.8530,24.734972,46.698978,7.365,115.818,8.634
2025-12-25T21:57:48.036Z,49.154,1.341,65.918,20.330,0.00,0.8530,24.734972,46.698978,7.372,115.710,8.642
2025-12-25T21:57:48.057Z,48.914,2.015,98.557,20.330,0.00,0.8530,24.734972,46.698978,7.372,115.701,8.643
2025-12-25T21:57:48.287Z,48.551,3.090,150.032,19.590,0.00,0.8580,24.735012,46.698952,7.382,116.228,8.604
2025-12-25T21:57:48.287Z,48.075,4.334,208.347,19.590,0.00,0.8580,24.735012,46.698952,7.382,116.228,8.604
2025-12-25T21:57:48.550Z,48.152,4.115,198.123,19.590,0.00,0.8580,24.735012,46.698952,7.397,116.000,8.621
2025-12-25T21:57:48.698Z,48.093,4.318,207.658,19.590,0.00,0.8580,24.735012,46.698952,7.405,115.867,8.631
2025-12-25T21:57:48.958Z,47.959,4.629,221.987,19.590,0.00,0.8580,24.735012,46.698952,7.421,115.617,8.649
2025-12-25T21:57:48.958Z,48.009,4.553,218.568,19.590,0.00,0.8580,24.735012,46.698952,7.421,115.616,8.649
2025-12-25T21:57:49.161Z,48.021,4.433,212.867,21.390,0.00,0.8650,24.735058,46.698910,7.433,116.372,8.593
2025-12-25T21:57:49.288Z,48.051,4.380,210.444,21.390,0.00,0.8650,24.735058,46.698910,7.441,116.255,8.602
2025-12-25T21:57:49.570Z,47.988,4.542,217.966,21.390,0.00,0.8650,24.735058,46.698910,7.458,115.989,8.621
2025-12-25T21:57:49.571Z,47.987,4.494,215.668,21.390,0.00,0.8650,24.735058,46.698910,7.458,115.989,8.622
2025-12-25T21:57:49.732Z,48.111,4.151,199.700,21.390,0.00,0.8650,24.735058,46.698910,7.467,115.850,8.632
2025-12-25T21:57:49.907Z,47.999,4.440,213.126,21.390,0.00,0.8650,24.735058,46.698910,7.477,115.689,8.644
2025-12-25T21:57:50.157Z,48.051,4.232,203.364,21.390,0.00,0.8650,24.735058,46.698910,7.491,115.471,8.660
2025-12-25T21:57:50.161Z,47.960,4.532,217.375,21.590,0.00,0.8710,24.735102,46.698864,7.491,116.268,8.601
2025-12-25T21:57:50.344Z,47.989,4.476,214.822,21.590,0.00,0.8710,24.735102,46.698864,7.502,116.099,8.613
2025-12-25T21:57:50.698Z,47.978,4.213,202.117,21.590,0.00,0.8710,24.735102,46.698864,7.522,115.792,8.636
2025-12-25T21:57:50.706Z,47.940,4.568,218.977,21.590,0.00,0.8710,24.735102,46.698864,7.523,115.785,8.637
2025-12-25T21:57:51.007Z,47.931,4.570,219.023,21.590,0.00,0.8710,24.735102,46.698864,7.541,115.504,8.658
2025-12-25T21:57:51.007Z,48.023,4.339,208.385,21.590,0.00,0.8710,24.735102,46.698864,7.541,115.504,8.658
2025-12-25T21:57:51.210Z,47.922,4.621,221.469,24.960,0.00,0.8820,24.735161,46.698788,7.553,116.769,8.564
2025-12-25T21:57:51.322Z,48.116,4.094,196.991,24.960,0.00,0.8820,24.735161,46.698788,7.559,116.675,8.571
2025-12-25T21:57:51.621Z,47.988,4.390,210.667,24.960,0.00,0.8820,24.735161,46.698788,7.577,116.405,8.591
2025-12-25T21:57:51.621Z,47.963,4.513,216.475,24.960,0.00,0.8820,24.735161,46.698788,7.577,116.405,8.591
2025-12-25T21:57:51.824Z,48.010,4.350,208.857,24.960,0.00,0.8820,24.735161,46.698788,7.589,116.224,8.604
2025-12-25T21:57:52.029Z,47.971,4.662,223.633,24.960,0.00,0.8820,24.735161,46.698788,7.602,116.029,8.619
2025-12-25T21:57:52.438Z,47.908,4.589,219.866,23.060,0.00,0.8870,24.735180,46.698738,7.626,116.305,8.598
2025-12-25T21:57:52.438Z,47.924,4.664,223.539,23.060,0.00,0.8870,24.735180,46.698738,7.627,116.305,8.598
2025-12-25T21:57:52.453Z,47.939,4.590,220.058,23.060,0.00,0.8870,24.735180,46.698738,7.627,116.291,8.599
2025-12-25T21:57:52.453Z,47.930,4.509,216.137,23.060,0.00,0.8870,24.735180,46.698738,7.627,116.291,8.599
2025-12-25T21:57:52.711Z,47.883,4.681,224.146,23.060,0.00,0.8870,24.735180,46.698738,7.643,116.047,8.617
2025-12-25T21:57:52.951Z,47.961,4.461,213.964,23.060,0.00,0.8870,24.735180,46.698738,7.658,115.830,8.633
2025-12-25T21:57:53.098Z,47.946,4.476,214.621,23.060,0.00,0.8870,24.735180,46.698738,7.666,115.698,8.643
2025-12-25T21:57:53.270Z,47.898,4.622,221.365,23.690,0.00,0.8940,24.735199,46.698673,7.677,116.450,8.587
2025-12-25T21:57:53.271Z,47.876,4.398,210.541,23.690,0.00,0.8940,24.735199,46.698673,7.677,116.450,8.587
2025-12-25T21:57:53.667Z,47.901,4.685,224.396,23.690,0.00,0.8940,24.735199,46.698673,7.702,116.076,8.615
2025-12-25T21:57:53.683Z,47.932,4.488,215.141,23.690,0.00,0.8940,24.735199,46.698673,7.703,116.062,8.616
2025-12-25T21:57:53.975Z,47.919,4.583,219.590,23.690,0.00,0.8940,24.735199,46.698673,7.721,115.794,8.636
2025-12-25T21:57:53.980Z,47.858,4.665,223.242,23.690,0.00,0.8940,24.735199,46.698673,7.721,115.790,8.636
2025-12-25T21:57:54.180Z,47.922,4.554,218.244,23.430,0.00,0.9010,24.735205,46.698605,7.733,116.513,8.583
2025-12-25T21:57:54.318Z,47.946,4.449,213.332,23.430,0.00,0.9010,24.735205,46.698605,7.741,116.390,8.592
2025-12-25T21:57:54.520Z,47.906,4.578,219.304,23.430,0.00,0.9010,24.735205,46.698605,7.754,116.205,8.605
2025-12-25T21:57:54.520Z,47.993,4.376,210.037,23.430,0.00,0.9010,24.735205,46.698605,7.754,116.205,8.605
2025-12-25T21:57:54.794Z,47.825,4.844,231.672,23.430,0.00,0.9010,24.735205,46.698605,7.771,115.942,8.625
2025-12-25T21:57:54.928Z,47.785,4.875,232.973,23.430,0.00,0.9010,24.735205,46.698605,7.780,115.813,8.635
2025-12-25T21:57:55.307Z,47.915,4.560,218.490,23.090,0.00,0.9080,24.735199,46.698536,7.803,116.368,8.593
2025-12-25T21:57:55.372Z,47.899,4.595,220.114,23.090,0.00,0.9080,24.735199,46.698536,7.807,116.309,8.598
2025-12-25T21:57:55.372Z,47.899,4.607,220.648,23.090,0.00,0.9080,24.735199,46.698536,7.807,116.309,8.598
2025-12-25T21:57:55.717Z,47.900,4.657,223.077,23.090,0.00,0.9080,24.735199,46.698536,7.828,115.991,8.621
2025-12-25T21:57:55.728Z,47.911,4.607,220.734,23.090,0.00,0.9080,24.735199,46.698536,7.829,115.982,8.622
2025-12-25T21:57:56.023Z,47.987,4.328,207.703,23.090,0.00,0.9080,24.735199,46.698536,7.846,115.730,8.641
2025-12-25T21:57:56.023Z,47.825,4.773,228.272,23.090,0.00,0.9080,24.735199,46.698536,7.846,115.730,8.641
2025-12-25T21:57:56.232Z,47.874,4.559,218.266,22.650,0.00,0.9140,24.735178,46.698475,7.859,116.307,8.598
2025-12-25T21:57:56.345Z,47.854,4.741,226.896,22.650,0.00,0.9140,24.735178,46.698475,7.866,116.202,8.606
2025-12-25T21:57:56.594Z,47.819,4.776,228.382,22.650,0.00,0.9140,24.735178,46.698475,7.881,115.968,8.623
2025-12-25T21:57:56.594Z,48.020,4.189,201.175,22.650,0.00,0.9140,24.735178,46.698475,7.881,115.968,8.623
2025-12-25T21:57:56.761Z,47.872,4.594,219.908,22.650,0.00,0.9140,24.735178,46.698475,7.892,115.818,8.634
2025-12-25T21:57:57.153Z,47.828,4.843,231.619,22.650,0.00,0.9140,24.735178,46.698475,7.917,115.450,8.662
2025-12-25T21:57:57.170Z,47.988,4.334,207.963,20.670,0.00,0.9200,24.735147,46.698425,7.918,116.193,8.606
2025-12-25T21:57:57.171Z,47.993,4.306,206.636,20.670,0.00,0.9200,24.735147,46.698425,7.918,116.193,8.606
2025-12-25T21:57:57.455Z,47.861,4.645,222.322,20.670,0.00,0.9200,24.735147,46.698425,7.935,115.935,8.626
2025-12-25T21:57:57.663Z,47.817,4.690,224.255,20.670,0.00,0.9200,24.735147,46.698425,7.948,115.747,8.640
2025-12-25T21:57:57.783Z,47.743,5.034,240.325,20.670,0.00,0.9200,24.735147,46.698425,7.956,115.630,8.648
2025-12-25T21:57:58.071Z,47.845,4.621,221.077,20.670,0.00,0.9200,24.735147,46.698425,7.974,115.373,8.668
2025-12-25T21:57:58.072Z,47.731,4.972,237.322,20.710,0.00,0.9250,24.735123,46.698387,7.974,116.000,8.621
2025-12-25T21:57:58.275Z,47.753,4.968,237.256,20.710,0.00,0.9250,24.735123,46.698387,7.988,115.806,8.635
2025-12-25T21:57:58.481Z,47.755,4.864,232.303,20.710,0.00,0.9250,24.735123,46.698387,8.001,115.613,8.650
2025-12-25T21:57:58.607Z,47.786,4.914,234.828,20.710,0.00,0.9250,24.735123,46.698387,8.009,115.494,8.658
2025-12-25T21:57:58.607Z,47.807,4.774,228.215,20.710,0.00,0.9250,24.735123,46.698387,8.009,115.494,8.658
2025-12-25T21:57:58.891Z,47.920,4.436,212.586,20.710,0.00,0.9250,24.735123,46.698387,8.026,115.253,8.677
2025-12-25T21:57:59.006Z,47.882,4.607,220.608,20.710,0.00,0.9250,24.735123,46.698387,8.033,115.152,8.684
2025-12-25T21:57:59.403Z,47.850,4.665,223.213,18.760,0.00,0.9310,24.735092,46.698345,8.057,115.545,8.655
2025-12-25T21:57:59.403Z,47.693,5.081,242.322,18.760,0.00,0.9310,24.735092,46.698345,8.057,115.545,8.655
2025-12-25T21:57:59.437Z,47.830,4.706,225.076,18.760,0.00,0.9310,24.735092,46.698345,8.060,115.514,8.657
2025-12-25T21:58:00.018Z,47.818,4.726,225.993,18.760,0.00,0.9310,24.735092,46.698345,8.096,114.994,8.696
2025-12-25T21:58:00.018Z,47.837,4.677,223.748,18.760,0.00,0.9310,24.735092,46.698345,8.096,114.994,8.696
2025-12-25T21:58:00.078Z,47.764,4.878,232.991,18.760,0.00,0.9310,24.735092,46.698345,8.100,114.938,8.700
2025-12-25T21:58:00.079Z,47.778,4.926,235.371,17.000,0.00,0.9350,24.735058,46.698318,8.100,115.432,8.663
2025-12-25T21:58:00.238Z,47.756,4.959,236.844,17.000,0.00,0.9350,24.735058,46.698318,8.110,115.283,8.674
2025-12-25T21:58:00.564Z,47.731,5.050,241.037,17.000,0.00,0.9350,24.735058,46.698318,8.132,114.973,8.698
2025-12-25T21:58:00.688Z,47.683,4.961,236.577,17.000,0.00,0.9350,24.735058,46.698318,8.140,114.859,8.706
2025-12-25T21:58:00.688Z,47.751,4.965,237.075,17.000,0.00,0.9350,24.735058,46.698318,8.140,114.858,8.706
2025-12-25T21:58:00.850Z,47.820,4.641,221.912,17.000,0.00,0.9350,24.735058,46.698318,8.150,114.718,8.717
2025-12-25T21:58:01.244Z,47.995,4.305,206.615,17.000,0.00,0.9350,24.735058,46.698318,8.173,114.400,8.741
2025-12-25T21:58:01.301Z,47.770,4.893,233.745,17.800,0.00,0.9410,24.735010,46.698303,8.177,115.082,8.689
2025-12-25T21:58:01.302Z,47.735,4.994,238.395,17.800,0.00,0.9410,24.735010,46.698303,8.177,115.081,8.689
2025-12-25T21:58:01.544Z,47.732,4.841,231.080,17.800,0.00,0.9410,24.735010,46.698303,8.192,114.863,8.706
2025-12-25T21:58:01.668Z,48.037,4.092,196.562,17.800,0.00,0.9410,24.735010,46.698303,8.199,114.768,8.713
2025-12-25T21:58:02.166Z,47.748,4.896,233.794,17.800,0.00,0.9410,24.735010,46.698303,8.232,114.317,8.748
2025-12-25T21:58:02.167Z,47.725,4.988,238.072,17.800,0.00,0.9410,24.735010,46.698303,8.232,114.317,8.748
2025-12-25T21:58:02.167Z,47.769,4.827,230.591,20.580,0.00,0.9480,24.734949,46.698311,8.232,115.167,8.683
2025-12-25T21:58:02.474Z,47.687,5.149,245.540,20.580,0.00,0.9480,24.734949,46.698311,8.252,114.875,8.705
2025-12-25T21:58:02.546Z,47.726,4.930,235.302,20.580,0.00,0.9480,24.734949,46.698311,8.257,114.809,8.710
2025-12-25T21:58:02.736Z,47.796,4.763,227.632,20.580,0.00,0.9480,24.734949,46.698311,8.269,114.642,8.723
2025-12-25T21:58:02.737Z,47.759,4.828,230.576,20.580,0.00,0.9480,24.734949,46.698311,8.269,114.642,8.723
2025-12-25T21:58:03.088Z,47.713,5.045,240.709,20.580,0.00,0.9480,24.734949,46.698311,8.293,114.317,8.748
2025-12-25T21:58:03.146Z,47.810,4.713,225.343,21.150,0.00,0.9540,24.734890,46.698322,8.296,114.990,8.696
2025-12-25T21:58:03.395Z,47.857,4.519,216.261,21.150,0.00,0.9540,24.734890,46.698322,8.311,114.783,8.712
2025-12-25T21:58:03.396Z,47.726,5.028,239.978,21.150,0.00,0.9540,24.734890,46.698322,8.311,114.783,8.712
2025-12-25T21:58:03.705Z,47.833,4.641,221.987,21.150,0.00,0.9540,24.734890,46.698322,8.330,114.519,8.732
2025-12-25T21:58:03.761Z,47.761,4.867,232.440,21.150,0.00,0.9540,24.734890,46.698322,8.334,114.470,8.736
2025-12-25T21:58:04.009Z,47.719,4.876,232.702,21.150,0.00,0.9540,24.734890,46.698322,8.350,114.250,8.753
2025-12-25T21:58:04.009Z,47.722,4.892,233.473,21.150,0.00,0.9540,24.734890,46.698322,8.350,114.250,8.753
2025-12-25T21:58:04.135Z,47.680,5.070,241.752,20.980,0.00,0.9610,24.734833,46.698345,8.359,114.972,8.698
2025-12-25T21:58:04.337Z,47.614,5.192,247.208,20.980,0.00,0.9610,24.734833,46.698345,8.372,114.781,8.712
2025-12-25T21:58:04.728Z,47.742,4.814,229.833,20.980,0.00,0.9610,24.734833,46.698345,8.397,114.440,8.738
2025-12-25T21:58:04.790Z,47.591,5.122,243.775,20.980,0.00,0.9610,24.734833,46.698345,8.402,114.383,8.743
2025-12-25T21:58:04.791Z,47.751,4.724,225.594,20.980,0.00,0.9610,24.734833,46.698345,8.402,114.383,8.743
2025-12-25T21:58:04.946Z,47.680,4.938,235.451,20.980,0.00,0.9610,24.734833,46.698345,8.412,114.244,8.753
2025-12-25T21:58:05.342Z,47.798,4.837,231.217,20.670,0.00,0.9680,24.734777,46.698376,8.437,114.729,8.716
2025-12-25T21:58:05.361Z,47.871,4.517,216.258,20.670,0.00,0.9680,24.734777,46.698376,8.438,114.714,8.717
2025-12-25T21:58:05.361Z,47.677,5.021,239.405,20.670,0.00,0.9680,24.734777,46.698376,8.438,114.714,8.717
2025-12-25T21:58:05.648Z,47.678,4.961,236.538,20.670,0.00,0.9680,24.734777,46.698376,8.457,114.459,8.737
2025-12-25T21:58:05.774Z,47.811,4.642,221.935,20.670,0.00,0.9680,24.734777,46.698376,8.465,114.353,8.745
2025-12-25T21:58:05.981Z,47.736,4.855,231.780,20.670,0.00,0.9680,24.734777,46.698376,8.478,114.173,8.759
2025-12-25T21:58:05.982Z,47.779,4.810,229.796,20.630,0.00,0.9750,24.734730,46.698414,8.478,114.999,8.696
2025-12-25T21:58:06.264Z,47.666,5.051,240.756,20.630,0.00,0.9750,24.734730,46.698414,8.497,114.743,8.715
2025-12-25T21:58:06.415Z,47.704,4.996,238.330,20.630,0.00,0.9750,24.734730,46.698414,8.507,114.608,8.725
2025-12-25T21:58:06.672Z,47.662,5.084,242.311,20.630,0.00,0.9750,24.734730,46.698414,8.525,114.376,8.743
2025-12-25T21:58:06.796Z,48.175,3.501,168.660,20.630,0.00,0.9750,24.734730,46.698414,8.530,114.298,8.749
2025-12-25T21:58:06.796Z,47.746,4.878,232.891,20.630,0.00,0.9750,24.734730,46.698414,8.530,114.298,8.749
2025-12-25T21:58:07.184Z,47.722,4.931,235.339,20.630,0.00,0.9750,24.734730,46.698414,8.556,113.959,8.775
2025-12-25T21:58:07.222Z,47.618,5.202,247.704,19.670,0.00,0.9810,24.734686,46.698456,8.558,114.626,8.724
2025-12-25T21:58:07.465Z,47.679,5.012,238.971,19.670,0.00,0.9810,24.734686,46.698456,8.574,114.410,8.741
2025-12-25T21:58:07.466Z,47.566,5.341,254.057,19.670,0.00,0.9810,24.734686,46.698456,8.574,114.409,8.741
2025-12-25T21:58:07.607Z,47.520,5.457,259.300,19.670,0.00,0.9810,24.734686,46.698456,8.585,114.274,8.751
2025-12-25T21:58:07.913Z,47.551,5.523,262.630,19.670,0.00,0.9810,24.734686,46.698456,8.607,113.977,8.774
2025-12-25T21:58:08.051Z,47.792,4.680,223.669,19.670,0.00,0.9810,24.734686,46.698456,8.616,113.863,8.782
2025-12-25T21:58:08.052Z,47.741,4.875,232.743,19.090,0.00,0.9870,24.734655,46.698505,8.616,114.560,8.729
2025-12-25T21:58:08.311Z,47.723,4.842,231.060,19.090,0.00,0.9870,24.734655,46.698505,8.632,114.339,8.746
2025-12-25T21:58:08.430Z,47.668,4.954,236.154,19.090,0.00,0.9870,24.734655,46.698505,8.640,114.236,8.754
2025-12-25T21:58:08.720Z,48.126,3.618,174.105,19.090,0.00,0.9870,24.734655,46.698505,8.654,114.050,8.768
2025-12-25T21:58:08.720Z,47.621,5.204,247.801,19.090,0.00,0.9870,24.734655,46.698505,8.654,114.050,8.768
2025-12-25T21:58:08.925Z,47.561,5.233,248.878,19.090,0.00,0.9870,24.734655,46.698505,8.668,113.864,8.782
2025-12-25T21:58:09.051Z,47.527,5.473,260.132,18.890,0.00,0.9930,24.734625,46.698559,8.677,114.436,8.739
2025-12-25T21:58:09.437Z,47.613,5.065,241.150,18.890,0.00,0.9930,24.734625,46.698559,8.703,114.096,8.765
2025-12-25T21:58:09.486Z,47.718,4.795,228.830,18.890,0.00,0.9930,24.734625,46.698559,8.706,114.055,8.768
2025-12-25T21:58:09.491Z,47.574,5.238,249.185,18.890,0.00,0.9930,24.734625,46.698559,8.707,114.051,8.768
2025-12-25T21:58:09.692Z,47.818,4.506,215.452,18.890,0.00,0.9930,24.734625,46.698559,8.719,113.893,8.780
2025-12-25T21:58:10.051Z,47.600,5.160,245.597,18.890,0.00,0.9930,24.734625,46.698559,8.743,113.574,8.805
2025-12-25T21:58:10.095Z,47.803,4.614,220.565,18.890,0.00,0.9930,24.734625,46.698559,8.746,113.539,8.808
2025-12-25T21:58:10.095Z,47.652,5.012,238.844,18.890,0.00,0.9990,24.734602,46.698612,8.746,114.225,8.755
2025-12-25T21:58:10.358Z,47.655,5.077,241.950,18.890,0.00,0.9990,24.734602,46.698612,8.764,113.994,8.772
2025-12-25T21:58:10.482Z,47.666,5.062,241.280,18.890,0.00,0.9990,24.734602,46.698612,8.772,113.887,8.781
2025-12-25T21:58:10.870Z,47.592,5.253,250.004,18.890,0.00,0.9990,24.734602,46.698612,8.799,113.538,8.808
2025-12-25T21:58:10.870Z,47.588,5.189,246.957,18.890,0.00,0.9990,24.734602,46.698612,8.799,113.538,8.808
2025-12-25T21:58:10.887Z,47.793,4.614,220.525,18.890,0.00,0.9990,24.734602,46.698612,8.800,113.524,8.809
2025-12-25T21:58:11.146Z,47.571,5.266,250.527,19.500,0.00,1.0070,24.734583,46.698681,8.818,114.200,8.757
2025-12-25T21:58:11.306Z,47.759,4.715,225.191,19.500,0.00,1.0070,24.734583,46.698681,8.828,114.070,8.767
2025-12-25T21:58:11.527Z,47.655,4.965,236.627,19.500,0.00,1.0070,24.734583,46.698681,8.842,113.882,8.781
2025-12-25T21:58:11.528Z,47.492,5.377,255.347,19.500,0.00,1.0070,24.734583,46.698681,8.842,113.882,8.781
2025-12-25T21:58:11.727Z,47.605,5.215,248.279,19.500,0.00,1.0070,24.734583,46.698681,8.856,113.705,8.795
2025-12-25T21:58:11.914Z,47.511,5.336,253.538,19.500,0.00,1.0070,24.734583,46.698681,8.869,113.536,8.808
2025-12-25T21:58:12.156Z,47.584,5.234,249.076,19.500,0.00,1.0070,24.734583,46.698681,8.886,113.323,8.824
2025-12-25T21:58:12.159Z,47.550,5.362,254.982,20.580,0.00,1.0160,24.734562,46.698769,8.886,114.333,8.746
2025-12-25T21:58:12.327Z,47.684,4.939,235.508,20.580,0.00,1.0160,24.734562,46.698769,8.897,114.191,8.757
2025-12-25T21:58:12.686Z,47.597,5.233,249.064,20.580,0.00,1.0160,24.734562,46.698769,8.922,113.874,8.782
2025-12-25T21:58:12.691Z,47.613,5.128,244.145,20.580,0.00,1.0160,24.734562,46.698769,8.922,113.870,8.782
2025-12-25T21:58:12.918Z,47.501,5.434,258.137,20.580,0.00,1.0160,24.734562,46.698769,8.939,113.662,8.798
2025-12-25T21:58:13.045Z,47.495,5.462,259.413,20.580,0.00,1.0160,24.734562,46.698769,8.948,113.546,8.807
2025-12-25T21:58:13.045Z,47.933,4.046,193.915,21.590,0.00,1.0250,24.734562,46.698860,8.948,114.552,8.730
2025-12-25T21:58:13.327Z,47.548,5.204,247.420,21.590,0.00,1.0250,24.734562,46.698860,8.967,114.304,8.749
2025-12-25T21:58:13.471Z,47.921,4.957,237.534,21.590,0.00,1.0250,24.734562,46.698860,8.977,114.183,8.758
2025-12-25T21:58:13.737Z,48.213,3.391,163.481,21.590,0.00,1.0250,24.734562,46.698860,8.989,114.030,8.770
2025-12-25T21:58:13.881Z,48.984,1.167,57.145,21.590,0.00,1.0250,24.734562,46.698860,8.991,114.001,8.772
2025-12-25T21:58:13.881Z,49.221,0.559,27.498,21.590,0.00,1.0250,24.734562,46.698860,8.991,114.001,8.772
2025-12-25T21:58:14.251Z,49.267,0.425,20.948,21.930,0.00,1.0330,24.734591,46.698929,8.993,114.863,8.706
2025-12-25T21:58:14.310Z,49.311,0.356,17.532,21.930,0.00,1.0330,24.734591,46.698929,8.994,114.859,8.706
2025-12-25T21:58:14.471Z,49.325,0.314,15.484,21.930,0.00,1.0330,24.734591,46.698929,8.994,114.850,8.707
2025-12-25T21:58:14.471Z,49.383,0.160,7.910,21.930,0.00,1.0330,24.734591,46.698929,8.994,114.850,8.707
2025-12-25T21:58:14.864Z,49.408,0.105,5.187,21.930,0.00,1.0330,24.734591,46.698929,8.995,114.843,8.708
2025-12-25T21:58:14.876Z,49.422,0.069,3.412,21.930,0.00,1.0330,24.734591,46.698929,8.995,114.843,8.708
2025-12-25T21:58:15.171Z,49.429,0.074,3.666,21.930,0.00,1.0330,24.734591,46.698929,8.995,114.839,8.708
2025-12-25T21:58:15.171Z,49.436,0.064,3.187,20.150,0.00,1.0390,24.734629,46.698975,8.995,115.506,8.658
2025-12-25T21:58:15.289Z,49.440,0.066,3.263,20.150,0.00,1.0390,24.734629,46.698975,8.995,115.505,8.658
2025-12-25T21:58:15.683Z,49.441,0.070,3.485,20.150,0.00,1.0390,24.734629,46.698975,8.996,115.500,8.658
2025-12-25T21:58:15.726Z,49.445,0.070,3.465,20.150,0.00,1.0390,24.734629,46.698975,8.996,115.499,8.658
2025-12-25T21:58:15.931Z,49.451,0.064,3.165,20.150,0.00,1.0390,24.734629,46.698975,8.996,115.497,8.658
2025-12-25T21:58:15.932Z,49.452,0.065,3.222,20.150,0.00,1.0390,24.734629,46.698975,8.996,115.497,8.658
2025-12-25T21:58:16.297Z,49.452,0.075,3.711,19.590,0.00,1.0440,24.734665,46.699009,8.996,116.048,8.617
2025-12-25T21:58:16.387Z,49.458,0.075,3.713,19.590,0.00,1.0440,24.734665,46.699009,8.996,116.047,8.617
2025-12-25T21:58:16.604Z,49.461,0.067,3.332,19.590,0.00,1.0440,24.734665,46.699009,8.997,116.044,8.617
2025-12-25T21:58:16.604Z,49.466,0.064,3.166,19.590,0.00,1.0440,24.734665,46.699009,8.997,116.044,8.617
2025-12-25T21:58:16.808Z,49.468,0.064,3.174,19.590,0.00,1.0440,24.734665,46.699009,8.997,116.042,8.618
2025-12-25T21:58:16.937Z,49.467,0.075,3.710,19.590,0.00,1.0440,24.734665,46.699009,8.997,116.040,8.618
2025-12-25T21:58:17.219Z,49.473,0.067,3.293,19.170,0.00,1.0500,24.734709,46.699028,8.997,116.704,8.569
2025-12-25T21:58:17.219Z,49.476,0.064,3.150,19.170,0.00,1.0500,24.734709,46.699028,8.997,116.704,8.569
2025-12-25T21:58:17.357Z,49.478,0.066,3.265,19.170,0.00,1.0500,24.734709,46.699028,8.997,116.702,8.569
2025-12-25T21:58:17.731Z,49.477,0.075,3.699,19.170,0.00,1.0500,24.734709,46.699028,8.998,116.697,8.569
2025-12-25T21:58:17.767Z,49.483,0.074,3.671,19.170,0.00,1.0500,24.734709,46.699028,8.998,116.697,8.569
2025-12-25T21:58:17.767Z,49.487,0.063,3.117,19.170,0.00,1.0500,24.734709,46.699028,8.998,116.697,8.569
2025-12-25T21:58:18.039Z,49.488,0.065,3.241,19.170,0.00,1.0500,24.734709,46.699028,8.998,116.693,8.569
2025-12-25T21:58:18.158Z,49.489,0.069,3.392,19.800,0.00,1.0560,24.734762,46.699043,8.998,117.359,8.521
2025-12-25T21:58:18.550Z,49.489,0.073,3.634,19.800,0.00,1.0560,24.734762,46.699043,8.998,117.354,8.521
2025-12-25T21:58:18.580Z,49.495,0.063,3.132,19.800,0.00,1.0560,24.734762,46.699043,8.998,117.353,8.521
2025-12-25T21:58:18.580Z,49.497,0.065,3.229,19.800,0.00,1.0560,24.734762,46.699043,8.998,117.353,8.521
2025-12-25T21:58:18.787Z,49.497,0.070,3.459,19.800,0.00,1.0560,24.734762,46.699043,8.999,117.351,8.521
2025-12-25T21:58:19.002Z,49.498,0.072,3.588,19.800,0.00,1.0560,24.734762,46.699043,8.999,117.348,8.522
2025-12-25T21:58:19.370Z,49.503,0.064,3.144,19.280,0.00,1.0610,24.734810,46.699043,8.999,117.899,8.482
2025-12-25T21:58:19.370Z,49.506,0.064,3.144,19.280,0.00,1.0610,24.734810,46.699043,8.999,117.899,8.482
2025-12-25T21:58:19.407Z,49.506,0.069,3.407,19.280,0.00,1.0610,24.734810,46.699043,8.999,117.899,8.482
2025-12-25T21:58:19.781Z,49.507,0.073,3.611,19.280,0.00,1.0610,24.734810,46.699043,9.000,117.894,8.482
2025-12-25T21:58:19.822Z,49.507,0.075,3.736,19.280,0.00,1.0610,24.734810,46.699043,9.000,117.893,8.482
2025-12-25T21:58:19.822Z,49.514,0.064,3.156,19.280,0.00,1.0610,24.734810,46.699043,9.000,117.893,8.482
2025-12-25T21:58:20.087Z,49.515,0.065,3.237,19.540,0.00,1.0660,24.734858,46.699036,9.000,118.446,8.443
2025-12-25T21:58:20.216Z,49.513,0.075,3.723,19.540,0.00,1.0660,24.734858,46.699036,9.000,118.444,8.443
2025-12-25T21:58:20.498Z,49.518,0.069,3.415,19.540,0.00,1.0660,24.734858,46.699036,9.000,118.441,8.443
2025-12-25T21:58:20.619Z,49.520,0.064,3.158,19.540,0.00,1.0660,24.734858,46.699036,9.000,118.439,8.443
2025-12-25T21:58:20.620Z,49.430,0.255,12.609,19.540,0.00,1.0660,24.734858,46.699036,9.000,118.439,8.443
2025-12-25T21:58:21.008Z,49.520,0.065,3.242,19.540,0.00,1.0660,24.734858,46.699036,9.001,118.435,8.443
2025-12-25T21:58:21.025Z,49.515,0.076,3.757,19.540,0.00,1.0660,24.734858,46.699036,9.001,118.434,8.444
2025-12-25T21:58:21.315Z,49.428,0.160,7.917,21.040,0.00,1.0720,24.734903,46.699017,9.001,119.092,8.397
2025-12-25T21:58:21.316Z,49.527,0.064,3.176,21.040,0.00,1.0720,24.734903,46.699017,9.001,119.092,8.397
2025-12-25T21:58:21.622Z,49.530,0.066,3.282,21.040,0.00,1.0720,24.734903,46.699017,9.002,119.089,8.397
2025-12-25T21:58:21.665Z,49.528,0.075,3.699,21.040,0.00,1.0720,24.734903,46.699017,9.002,119.088,8.397
2025-12-25T21:58:21.934Z,49.533,0.064,3.148,21.040,0.00,1.0720,24.734903,46.699017,9.002,119.085,8.397
2025-12-25T21:58:21.934Z,49.535,0.064,3.192,21.040,0.00,1.0720,24.734903,46.699017,9.002,119.085,8.397
2025-12-25T21:58:22.237Z,49.508,0.149,7.358,19.280,0.00,1.0750,24.734934,46.699001,9.003,119.410,8.375
2025-12-25T21:58:22.367Z,49.463,0.283,14.014,19.280,0.00,1.0750,24.734934,46.699001,9.003,119.403,8.375
2025-12-25T21:58:22.367Z,49.424,0.398,19.689,19.280,0.00,1.0750,24.734934,46.699001,9.003,119.403,8.375
2025-12-25T21:58:22.578Z,49.380,0.644,31.788,19.280,0.00,1.0750,24.734934,46.699001,9.005,119.379,8.377
2025-12-25T21:58:22.955Z,49.331,0.688,33.950,19.280,0.00,1.0750,24.734934,46.699001,9.009,119.332,8.380
2025-12-25T21:58:23.006Z,49.289,0.832,40.995,19.280,0.00,1.0750,24.734934,46.699001,9.009,119.324,8.381
2025-12-25T21:58:23.009Z,49.279,0.810,39.907,19.280,0.00,1.0750,24.734934,46.699001,9.009,119.323,8.381
2025-12-25T21:58:23.369Z,49.267,0.874,43.079,18.910,0.00,1.0810,24.734970,46.698971,9.013,119.932,8.338
2025-12-25T21:58:23.388Z,49.140,1.242,61.047,18.910,0.00,1.0810,24.734970,46.698971,9.014,119.928,8.338
2025-12-25T21:58:23.670Z,48.914,1.862,91.074,18.910,0.00,1.0810,24.734970,46.698971,9.021,119.833,8.345
2025-12-25T21:58:23.670Z,48.116,4.177,200.986,18.910,0.00,1.0810,24.734970,46.698971,9.021,119.833,8.345
2025-12-25T21:58:23.789Z,47.923,4.593,220.104,18.910,0.00,1.0810,24.734970,46.698971,9.028,119.737,8.352
2025-12-25T21:58:24.162Z,48.022,4.308,206.861,18.910,0.00,1.0810,24.734970,46.698971,9.050,119.453,8.371
2025-12-25T21:58:24.199Z,48.004,4.391,210.779,18.040,0.00,1.0860,24.735003,46.698936,9.052,119.977,8.335
2025-12-25T21:58:24.203Z,47.907,4.681,224.262,18.040,0.00,1.0860,24.735003,46.698936,9.052,119.974,8.335
2025-12-25T21:58:24.491Z,48.132,3.895,187.462,18.040,0.00,1.0860,24.735003,46.698936,9.067,119.775,8.349
2025-12-25T21:58:24.623Z,48.147,3.907,188.104,18.040,0.00,1.0860,24.735003,46.698936,9.074,119.684,8.355
2025-12-25T21:58:25.001Z,47.858,4.743,227.008,18.040,0.00,1.0860,24.735003,46.698936,9.098,119.370,8.377
2025-12-25T21:58:25.015Z,47.768,4.483,214.163,18.040,0.00,1.0860,24.735003,46.698936,9.099,119.359,8.378
2025-12-25T21:58:25.015Z,47.854,4.722,225.970,20.330,0.00,1.0920,24.735041,46.698895,9.099,120.019,8.332
2025-12-25T21:58:25.319Z,47.763,5.114,244.248,20.330,0.00,1.0920,24.735041,46.698895,9.119,119.747,8.351
2025-12-25T21:58:25.431Z,47.797,4.864,232.460,20.330,0.00,1.0920,24.735041,46.698895,9.126,119.653,8.358
2025-12-25T21:58:25.826Z,47.904,4.508,215.930,20.330,0.00,1.0920,24.735041,46.698895,9.150,119.342,8.379
2025-12-25T21:58:25.826Z,47.783,4.948,236.438,20.330,0.00,1.0920,24.735041,46.698895,9.150,119.342,8.379
2025-12-25T21:58:25.890Z,47.793,4.897,234.034,20.330,0.00,1.0920,24.735041,46.698895,9.154,119.289,8.383
2025-12-25T21:58:26.062Z,47.841,4.748,227.144,20.330,0.00,1.0920,24.735041,46.698895,9.165,119.147,8.393
2025-12-25T21:58:26.271Z,47.782,4.956,236.788,24.590,0.00,1.1010,24.735096,46.698830,9.179,119.949,8.337
2025-12-25T21:58:26.271Z,47.821,4.549,217.530,24.590,0.00,1.1010,24.735096,46.698830,9.179,119.949,8.337
2025-12-25T21:58:26.481Z,47.797,4.829,230.825,24.590,0.00,1.1010,24.735096,46.698830,9.192,119.773,8.349
2025-12-25T21:58:26.667Z,47.797,4.874,232.952,24.590,0.00,1.1010,24.735096,46.698830,9.204,119.617,8.360
2025-12-25T21:58:27.049Z,47.876,4.601,220.302,24.590,0.00,1.1010,24.735096,46.698830,9.228,119.314,8.381
2025-12-25T21:58:27.049Z,47.827,4.792,229.167,24.590,0.00,1.1010,24.735096,46.698830,9.228,119.314,8.381
2025-12-25T21:58:27.086Z,48.052,4.061,195.154,26.980,0.00,1.1090,24.735144,46.698761,9.230,120.155,8.323
2025-12-25T21:58:27.356Z,47.787,4.879,233.154,26.980,0.00,1.1090,24.735144,46.698761,9.247,119.928,8.338
2025-12-25T21:58:27.496Z,47.743,4.920,234.888,26.980,0.00,1.1090,24.735144,46.698761,9.256,119.809,8.347
2025-12-25T21:58:27.685Z,47.687,5.145,245.338,26.980,0.00,1.1090,24.735144,46.698761,9.269,119.643,8.358
2025-12-25T21:58:27.685Z,47.763,4.663,222.712,26.980,0.00,1.1090,24.735144,46.698761,9.269,119.642,8.358
2025-12-25T21:58:27.970Z,47.814,4.853,232.055,26.980,0.00,1.1090,24.735144,46.698761,9.288,119.406,8.375
2025-12-25T21:58:28.086Z,47.863,4.568,218.648,25.130,0.00,1.1170,24.735170,46.698692,9.295,120.176,8.321
2025-12-25T21:58:28.317Z,47.787,4.872,232.799,25.130,0.00,1.1170,24.735170,46.698692,9.310,119.984,8.334
2025-12-25T21:58:28.324Z,47.893,4.484,214.757,25.130,0.00,1.1170,24.735170,46.698692,9.310,119.978,8.335
2025-12-25T21:58:28.585Z,47.789,4.830,230.844,25.130,0.00,1.1170,24.735170,46.698692,9.327,119.763,8.350
2025-12-25T21:58:28.726Z,47.718,5.005,238.808,25.130,0.00,1.1170,24.735170,46.698692,9.336,119.643,8.358
2025-12-25T21:58:28.905Z,47.715,5.089,242.835,25.130,0.00,1.1170,24.735170,46.698692,9.348,119.488,8.369
2025-12-25T21:58:28.905Z,47.689,5.147,245.438,25.130,0.00,1.1170,24.735170,46.698692,9.348,119.488,8.369
2025-12-25T21:58:29.200Z,47.731,5.046,240.829,24.130,0.00,1.1240,24.735178,46.698624,9.368,119.984,8.334
2025-12-25T21:58:29.338Z,47.714,5.063,241.568,24.130,0.00,1.1240,24.735178,46.698624,9.377,119.865,8.343
2025-12-25T21:58:29.609Z,47.770,4.874,232.823,24.130,0.00,1.1240,24.735178,46.698624,9.395,119.642,8.358
2025-12-25T21:58:29.746Z,47.710,4.988,237.977,24.130,0.00,1.1240,24.735178,46.698624,9.404,119.526,8.366
2025-12-25T21:58:29.746Z,47.862,4.552,217.858,24.130,0.00,1.1240,24.735178,46.698624,9.404,119.526,8.366
2025-12-25T21:58:30.018Z,47.738,4.922,234.981,24.130,0.00,1.1240,24.735178,46.698624,9.422,119.301,8.382
2025-12-25T21:58:30.304Z,47.762,4.982,237.940,23.650,0.00,1.1310,24.735174,46.698551,9.440,119.804,8.347
2025-12-25T21:58:30.304Z,47.778,4.782,228.461,23.650,0.00,1.1310,24.735174,46.698551,9.440,119.804,8.347
2025-12-25T21:58:30.440Z,47.732,5.039,240.513,23.650,0.00,1.1310,24.735174,46.698551,9.450,119.689,8.355
2025-12-25T21:58:30.838Z,47.738,4.863,232.136,23.650,0.00,1.1310,24.735174,46.698551,9.475,119.365,8.378
2025-12-25T21:58:30.838Z,48.056,3.960,190.301,23.650,0.00,1.1310,24.735174,46.698551,9.475,119.365,8.378
2025-12-25T21:58:30.846Z,47.726,4.897,233.715,23.650,0.00,1.1310,24.735174,46.698551,9.476,119.358,8.378
2025-12-25T21:58:31.144Z,47.720,4.971,237.191,23.650,0.00,1.1310,24.735174,46.698551,9.495,119.111,8.396
2025-12-25T21:58:31.266Z,47.750,4.824,230.334,23.560,0.00,1.1380,24.735151,46.698490,9.503,119.750,8.351
2025-12-25T21:58:31.266Z,47.766,4.781,228.392,23.560,0.00,1.1380,24.735151,46.698490,9.503,119.750,8.351
2025-12-25T21:58:31.657Z,47.908,4.420,211.736,23.560,0.00,1.1380,24.735151,46.698490,9.526,119.461,8.371
2025-12-25T21:58:31.673Z,47.706,4.895,233.527,23.560,0.00,1.1380,24.735151,46.698490,9.527,119.448,8.372
2025-12-25T21:58:31.963Z,47.654,5.107,243.360,23.560,0.00,1.1380,24.735151,46.698490,9.547,119.202,8.389
2025-12-25T21:58:32.087Z,47.610,5.266,250.731,23.560,0.00,1.1380,24.735151,46.698490,9.555,119.095,8.397
2025-12-25T21:58:32.088Z,47.652,4.695,223.710,20.930,0.00,1.1430,24.735123,46.698448,9.555,119.618,8.360
2025-12-25T21:58:32.319Z,47.625,5.152,245.353,20.930,0.00,1.1430,24.735123,46.698448,9.571,119.421,8.374
2025-12-25T21:58:32.578Z,47.846,4.512,215.892,20.930,0.00,1.1430,24.735123,46.698448,9.587,119.227,8.387
2025-12-25T21:58:32.700Z,47.636,5.207,248.028,20.930,0.00,1.1430,24.735123,46.698448,9.595,119.122,8.395
2025-12-25T21:58:32.700Z,47.804,4.667,223.109,20.930,0.00,1.1430,24.735123,46.698448,9.595,119.122,8.395
2025-12-25T21:58:32.988Z,47.804,4.681,223.768,20.930,0.00,1.1430,24.735123,46.698448,9.613,118.900,8.410
2025-12-25T21:58:33.126Z,47.682,5.019,239.302,20.020,0.00,1.1480,24.735088,46.698414,9.622,119.307,8.382
2025-12-25T21:58:33.324Z,47.593,5.192,247.080,20.020,0.00,1.1480,24.735088,46.698414,9.636,119.138,8.394
2025-12-25T21:58:33.325Z,47.636,5.189,247.182,20.020,0.00,1.1480,24.735088,46.698414,9.636,119.138,8.394
2025-12-25T21:58:33.523Z,47.803,4.595,219.660,20.020,0.00,1.1480,24.735088,46.698414,9.648,118.989,8.404
2025-12-25T21:58:33.909Z,47.689,5.029,239.808,20.020,0.00,1.1480,24.735088,46.698414,9.674,118.672,8.427
2025-12-25T21:58:33.996Z,47.634,5.145,245.081,20.020,0.00,1.1480,24.735088,46.698414,9.680,118.600,8.432
2025-12-25T21:58:33.996Z,47.567,5.254,249.901,20.020,0.00,1.1480,24.735088,46.698414,9.680,118.600,8.432
2025-12-25T21:58:34.137Z,47.634,5.167,246.101,19.150,0.00,1.1540,24.735064,46.698368,9.689,119.101,8.396
2025-12-25T21:58:34.390Z,47.569,5.316,252.863,19.150,0.00,1.1540,24.735064,46.698368,9.707,118.883,8.412
2025-12-25T21:58:34.535Z,47.764,4.692,224.101,19.150,0.00,1.1540,24.735064,46.698368,9.716,118.773,8.419
2025-12-25T21:58:34.832Z,47.509,5.449,258.884,19.150,0.00,1.1540,24.735064,46.698368,9.737,118.512,8.438
2025-12-25T21:58:34.833Z,47.601,5.215,248.224,19.150,0.00,1.1540,24.735064,46.698368,9.737,118.512,8.438
2025-12-25T21:58:34.946Z,47.773,4.666,222.907,19.150,0.00,1.1540,24.735064,46.698368,9.744,118.426,8.444
2025-12-25T21:58:35.344Z,47.500,5.501,261.321,18.110,0.00,1.1590,24.735025,46.698341,9.773,118.588,8.433
2025-12-25T21:58:35.363Z,47.550,5.407,257.108,18.110,0.00,1.1590,24.735025,46.698341,9.775,118.571,8.434
2025-12-25T21:58:35.363Z,47.553,5.352,254.511,18.110,0.00,1.1590,24.735025,46.698341,9.775,118.571,8.434
2025-12-25T21:58:35.652Z,47.817,4.689,224.191,18.110,0.00,1.1590,24.735025,46.698341,9.793,118.353,8.449
2025-12-25T21:58:35.775Z,47.551,5.168,245.761,18.110,0.00,1.1590,24.735025,46.698341,9.801,118.252,8.457
2025-12-25T21:58:36.163Z,47.583,5.213,248.064,18.110,0.00,1.1590,24.735025,46.698341,9.828,117.930,8.480
2025-12-25T21:58:36.163Z,47.550,5.222,248.312,21.520,0.00,1.1670,24.734955,46.698345,9.828,118.744,8.421
2025-12-25T21:58:36.177Z,47.585,5.296,251.994,21.520,0.00,1.1670,24.734955,46.698345,9.829,118.733,8.422
2025-12-25T21:58:36.573Z,47.584,5.242,249.440,21.520,0.00,1.1670,24.734955,46.698345,9.856,118.402,8.446
2025-12-25T21:58:36.712Z,47.601,5.208,247.886,21.520,0.00,1.1670,24.734955,46.698345,9.866,118.287,8.454
2025-12-25T21:58:36.713Z,47.700,4.766,227.358,21.520,0.00,1.1670,24.734955,46.698345,9.866,118.286,8.454
2025-12-25T21:58:36.917Z,47.676,4.739,225.915,21.520,0.00,1.1670,24.734955,46.698345,9.879,118.133,8.465
2025-12-25T21:58:37.290Z,47.448,5.516,261.729,21.520,0.00,1.1670,24.734955,46.698345,9.906,117.810,8.488
2025-12-25T21:58:37.290Z,47.495,5.397,256.329,22.110,0.00,1.1740,24.734888,46.698357,9.906,118.516,8.438
2025-12-25T21:58:37.328Z,47.639,5.042,240.188,22.110,0.00,1.1740,24.734888,46.698357,9.908,118.486,8.440
2025-12-25T21:58:37.699Z,47.554,5.479,260.566,22.110,0.00,1.1740,24.734888,46.698357,9.935,118.166,8.463
2025-12-25T21:58:37.716Z,47.545,5.311,252.486,22.110,0.00,1.1740,24.734888,46.698357,9.936,118.151,8.464
2025-12-25T21:58:37.717Z,47.603,5.154,245.350,22.110,0.00,1.1740,24.734888,46.698357,9.936,118.151,8.464
2025-12-25T21:58:38.006Z,47.882,5.019,240.331,22.110,0.00,1.1740,24.734888,46.698357,9.956,117.921,8.480
2025-12-25T21:58:38.125Z,47.451,5.619,266.644,21.740,0.00,1.1810,24.734829,46.698372,9.965,118.520,8.437
2025-12-25T21:58:38.517Z,47.559,5.116,243.317,21.740,0.00,1.1810,24.734829,46.698372,9.991,118.205,8.460
2025-12-25T21:58:38.517Z,47.576,5.203,247.522,21.740,0.00,1.1810,24.734829,46.698372,9.991,118.205,8.460
2025-12-25T21:58:38.557Z,47.629,4.851,231.032,21.740,0.00,1.1810,24.734829,46.698372,9.994,118.175,8.462
2025-12-25T21:58:38.735Z,47.418,5.715,270.997,21.740,0.00,1.1810,24.734829,46.698372,10.007,118.017,8.473
2025-12-25T21:58:39.133Z,47.511,5.865,278.661,21.740,0.00,1.1810,24.734829,46.698372,10.038,117.655,8.499
2025-12-25T21:58:39.160Z,47.469,5.001,237.415,21.500,0.00,1.1880,24.734768,46.698395,10.040,118.331,8.451
2025-12-25T21:58:39.160Z,47.625,4.943,235.424,21.500,0.00,1.1880,24.734768,46.698395,10.040,118.331,8.451
2025-12-25T21:58:39.542Z,47.385,5.886,278.912,21.500,0.00,1.1880,24.734768,46.698395,10.069,117.984,8.476
2025-12-25T21:58:39.598Z,47.426,5.572,264.240,21.500,0.00,1.1880,24.734768,46.698395,10.073,117.935,8.479
2025-12-25T21:58:39.849Z,47.437,5.158,244.682,21.500,0.00,1.1880,24.734768,46.698395,10.090,117.736,8.494
2025-12-25T21:58:39.849Z,47.410,6.041,286.395,21.500,0.00,1.1880,24.734768,46.698395,10.090,117.736,8.494
2025-12-25T21:58:40.054Z,47.496,5.498,261.127,21.500,0.00,1.1880,24.734768,46.698395,10.105,117.562,8.506
2025-12-25T21:58:40.176Z,47.451,5.335,253.139,21.560,0.00,1.1950,24.734713,46.698429,10.114,118.155,8.463
2025-12-25T21:58:40.399Z,47.530,5.117,243.199,21.560,0.00,1.1950,24.734713,46.698429,10.129,117.979,8.476
2025-12-25T21:58:40.400Z,47.455,5.525,262.210,21.560,0.00,1.1950,24.734713,46.698429,10.129,117.979,8.476
2025-12-25T21:58:40.609Z,47.589,5.086,242.016,21.560,0.00,1.1950,24.734713,46.698429,10.143,117.815,8.488
2025-12-25T21:58:40.873Z,47.554,5.315,252.757,21.560,0.00,1.1950,24.734713,46.698429,10.162,117.600,8.503
2025-12-25T21:58:41.006Z,47.756,4.588,219.089,21.560,0.00,1.1950,24.734713,46.698429,10.170,117.506,8.510
2025-12-25T21:58:41.007Z,47.737,4.588,219.025,20.740,0.00,1.2010,24.734669,46.698467,10.170,118.096,8.468
2025-12-25T21:58:41.386Z,47.511,5.300,251.798,20.740,0.00,1.2010,24.734669,46.698467,10.196,117.789,8.490
2025-12-25T21:58:41.406Z,47.569,5.212,247.911,20.740,0.00,1.2010,24.734669,46.698467,10.198,117.773,8.491
2025-12-25T21:58:41.692Z,47.500,5.271,250.381,20.740,0.00,1.2010,24.734669,46.698467,10.217,117.544,8.507
2025-12-25T21:58:41.818Z,47.500,5.290,251.297,20.740,0.00,1.2010,24.734669,46.698467,10.226,117.443,8.515
2025-12-25T21:58:41.822Z,47.470,5.411,256.880,20.740,0.00,1.2010,24.734669,46.698467,10.227,117.439,8.515
2025-12-25T21:58:42.154Z,47.570,5.163,245.619,20.740,0.00,1.2010,24.734669,46.698467,10.249,117.179,8.534
2025-12-25T21:58:42.225Z,47.519,5.282,250.986,20.080,0.00,1.2080,24.734625,46.698517,10.254,117.806,8.489
2025-12-25T21:58:42.440Z,47.541,5.117,243.262,20.080,0.00,1.2080,24.734625,46.698517,10.269,117.639,8.501
2025-12-25T21:58:42.440Z,47.628,5.007,238.455,20.080,0.00,1.2080,24.734625,46.698517,10.269,117.639,8.501
2025-12-25T21:58:42.643Z,47.569,5.141,244.569,20.080,0.00,1.2080,24.734625,46.698517,10.282,117.481,8.512
2025-12-25T21:58:43.023Z,47.494,5.289,251.191,20.080,0.00,1.2080,24.734625,46.698517,10.309,117.179,8.534
2025-12-25T21:58:43.041Z,47.647,4.847,230.925,20.080,0.00,1.2080,24.734625,46.698517,10.310,117.166,8.535
2025-12-25T21:58:43.041Z,47.448,5.568,264.193,19.060,0.00,1.2140,24.734592,46.698566,10.310,117.748,8.493
2025-12-25T21:58:43.360Z,47.391,5.657,268.074,19.060,0.00,1.2140,24.734592,46.698566,10.334,117.477,8.512
2025-12-25T21:58:43.447Z,47.541,5.156,245.134,19.060,0.00,1.2140,24.734592,46.698566,10.340,117.410,8.517
2025-12-25T21:58:43.843Z,47.356,5.726,271.166,19.060,0.00,1.2140,24.734592,46.698566,10.370,117.073,8.542
2025-12-25T21:58:43.968Z,47.455,5.469,259.554,19.060,0.00,1.2140,24.734592,46.698566,10.379,116.971,8.549
2025-12-25T21:58:43.969Z,47.692,4.772,227.580,19.060,0.00,1.2140,24.734592,46.698566,10.379,116.970,8.549
2025-12-25T21:58:44.252Z,47.480,5.302,251.732,18.670,0.00,1.2200,24.734568,46.698616,10.399,117.324,8.523
2025-12-25T21:58:44.391Z,47.320,5.768,272.951,18.670,0.00,1.2200,24.734568,46.698616,10.409,117.205,8.532
2025-12-25T21:58:44.391Z,47.451,5.476,259.818,18.670,0.00,1.2200,24.734568,46.698616,10.409,117.205,8.532
2025-12-25T21:58:44.765Z,47.376,5.656,267.944,18.670,0.00,1.2200,24.734568,46.698616,10.437,116.893,8.555
2025-12-25T21:58:44.788Z,47.343,5.696,269.657,18.670,0.00,1.2200,24.734568,46.698616,10.439,116.874,8.556
2025-12-25T21:58:44.788Z,47.345,5.662,268.057,18.670,0.00,1.2200,24.734568,46.698616,10.439,116.873,8.556
2025-12-25T21:58:45.075Z,47.405,5.628,266.773,18.670,0.00,1.2200,24.734568,46.698616,10.460,116.636,8.574
2025-12-25T21:58:45.217Z,47.554,5.142,244.533,20.520,0.00,1.2310,24.734528,46.698711,10.470,117.579,8.505
2025-12-25T21:58:45.584Z,47.398,5.589,264.885,20.520,0.00,1.2310,24.734528,46.698711,10.497,117.277,8.527
2025-12-25T21:58:45.584Z,47.453,5.378,255.213,20.520,0.00,1.2310,24.734528,46.698711,10.497,117.277,8.527
2025-12-25T21:58:45.635Z,47.425,5.501,260.860,20.520,0.00,1.2310,24.734528,46.698711,10.500,117.235,8.530
2025-12-25T21:58:45.890Z,47.404,5.551,263.151,20.520,0.00,1.2310,24.734528,46.698711,10.519,117.028,8.545
2025-12-25T21:58:46.095Z,47.390,5.535,262.283,20.520,0.00,1.2310,24.734528,46.698711,10.534,116.862,8.557
2025-12-25T21:58:46.221Z,47.256,6.080,287.334,20.560,0.00,1.2370,24.734528,46.698769,10.544,117.320,8.524
2025-12-25T21:58:46.221Z,47.288,5.882,278.123,20.560,0.00,1.2370,24.734528,46.698769,10.544,117.319,8.524
2025-12-25T21:58:46.505Z,47.528,5.181,246.263,20.560,0.00,1.2370,24.734528,46.698769,10.563,117.103,8.539
2025-12-25T21:58:46.627Z,47.337,5.707,270.167,20.560,0.00,1.2370,24.734528,46.698769,10.572,117.002,8.547
2025-12-25T21:58:47.018Z,47.406,5.555,263.362,20.560,0.00,1.2370,24.734528,46.698769,10.601,116.686,8.570
2025-12-25T21:58:47.018Z,47.235,5.934,280.296,20.560,0.00,1.2370,24.734528,46.698769,10.601,116.686,8.570
2025-12-25T21:58:47.031Z,47.328,5.648,267.313,21.780,0.00,1.2450,24.734522,46.698856,10.602,117.430,8.516
2025-12-25T21:58:47.324Z,47.217,5.979,282.298,21.780,0.00,1.2450,24.734522,46.698856,10.625,117.176,8.534
2025-12-25T21:58:47.461Z,47.368,5.638,267.085,21.780,0.00,1.2450,24.734522,46.698856,10.635,117.065,8.542
2025-12-25T21:58:47.461Z,47.340,5.672,268.512,21.780,0.00,1.2450,24.734522,46.698856,10.635,117.064,8.542
2025-12-25T21:58:47.838Z,47.295,5.846,276.474,21.780,0.00,1.2450,24.734522,46.698856,10.664,116.747,8.566
2025-12-25T21:58:47.939Z,47.629,4.870,231.953,21.780,0.00,1.2450,24.734522,46.698856,10.671,116.675,8.571
2025-12-25T21:58:48.144Z,47.247,5.980,282.547,21.780,0.00,1.2450,24.734522,46.698856,10.687,116.500,8.584
2025-12-25T21:58:48.266Z,47.344,5.694,269.562,22.410,0.00,1.2530,24.734549,46.698929,10.696,117.148,8.536
2025-12-25T21:58:48.266Z,47.235,5.950,281.061,22.410,0.00,1.2530,24.734549,46.698929,10.696,117.148,8.536
2025-12-25T21:58:48.656Z,47.167,5.973,281.715,22.410,0.00,1.2530,24.734549,46.698929,10.726,116.815,8.561
2025-12-25T21:58:48.762Z,47.156,6.213,292.989,22.410,0.00,1.2530,24.734549,46.698929,10.735,116.721,8.567
2025-12-25T21:58:49.065Z,47.582,4.900,233.130,22.410,0.00,1.2530,24.734549,46.698929,10.755,116.508,8.583
2025-12-25T21:58:49.066Z,47.273,5.886,278.244,22.410,0.00,1.2530,24.734549,46.698929,10.755,116.508,8.583
2025-12-25T21:58:49.108Z,47.249,5.801,274.086,21.710,0.00,1.2600,24.734583,46.698982,10.758,117.124,8.538
2025-12-25T21:58:49.289Z,49.085,0.645,31.663,21.710,0.00,1.2600,24.734583,46.698982,10.759,117.106,8.539
2025-12-25T21:58:49.577Z,49.147,0.524,25.750,21.710,0.00,1.2600,24.734583,46.698982,10.762,117.084,8.541
2025-12-25T21:58:49.578Z,49.230,0.322,15.833,21.710,0.00,1.2600,24.734583,46.698982,10.762,117.084,8.541
2025-12-25T21:58:49.707Z,49.259,0.237,11.682,21.710,0.00,1.2600,24.734583,46.698982,10.762,117.079,8.541
2025-12-25T21:58:50.089Z,49.282,0.209,10.282,21.710,0.00,1.2600,24.734583,46.698982,10.763,117.067,8.542
2025-12-25T21:58:50.189Z,49.313,0.124,6.138,20.520,0.00,1.2660,24.734629,46.699013,10.763,117.623,8.502
2025-12-25T21:58:50.190Z,49.340,0.064,3.141,20.520,0.00,1.2660,24.734629,46.699013,10.763,117.623,8.502
2025-12-25T21:58:50.499Z,49.344,0.066,3.247,20.520,0.00,1.2660,24.734629,46.699013,10.763,117.620,8.502
2025-12-25T21:58:50.523Z,49.346,0.073,3.610,20.520,0.00,1.2660,24.734629,46.699013,10.764,117.620,8.502
2025-12-25T21:58:50.795Z,49.352,0.069,3.400,20.520,0.00,1.2660,24.734629,46.699013,10.764,117.617,8.502
2025-12-25T21:58:50.936Z,49.357,0.069,3.414,20.520,0.00,1.2660,24.734629,46.699013,10.764,117.615,8.502
2025-12-25T21:58:50.936Z,49.362,0.064,3.163,20.520,0.00,1.2660,24.734629,46.699013,10.764,117.615,8.502
2025-12-25T21:58:51.318Z,49.365,0.065,3.205,22.000,0.00,1.2720,24.734680,46.699032,10.764,118.169,8.462
2025-12-25T21:58:51.410Z,49.364,0.075,3.708,22.000,0.00,1.2720,24.734680,46.699032,10.764,118.168,8.463
2025-12-25T21:58:51.626Z,49.371,0.066,3.236,22.000,0.00,1.2720,24.734680,46.699032,10.765,118.166,8.463
2025-12-25T21:58:51.626Z,49.376,0.064,3.145,22.000,0.00,1.2720,24.734680,46.699032,10.765,118.166,8.463
2025-12-25T21:58:51.830Z,49.377,0.067,3.291,22.000,0.00,1.2720,24.734680,46.699032,10.765,118.164,8.463
2025-12-25T21:58:51.955Z,49.377,0.075,3.697,22.000,0.00,1.2720,24.734680,46.699032,10.765,118.162,8.463
2025-12-25T21:58:52.240Z,49.384,0.064,3.155,21.800,0.00,1.2780,24.734732,46.699047,10.765,118.717,8.423
2025-12-25T21:58:52.240Z,49.387,0.065,3.190,21.800,0.00,1.2780,24.734732,46.699047,10.765,118.717,8.423
2025-12-25T21:58:52.376Z,49.390,0.064,3.165,21.800,0.00,1.2780,24.734732,46.699047,10.765,118.716,8.423
2025-12-25T21:58:52.752Z,49.391,0.067,3.307,21.800,0.00,1.2780,24.734732,46.699047,10.766,118.712,8.424
2025-12-25T21:58:52.763Z,49.392,0.074,3.635,21.800,0.00,1.2780,24.734732,46.699047,10.766,118.712,8.424
2025-12-25T21:58:53.058Z,49.398,0.064,3.149,21.800,0.00,1.2780,24.734732,46.699047,10.766,118.709,8.424
2025-12-25T21:58:53.058Z,49.399,0.066,3.251,21.800,0.00,1.2780,24.734732,46.699047,10.766,118.709,8.424
2025-12-25T21:58:53.175Z,49.400,0.070,3.449,21.350,0.00,1.2840,24.734787,46.699051,10.766,119.265,8.385
2025-12-25T21:58:53.571Z,49.401,0.074,3.635,21.350,0.00,1.2840,24.734787,46.699051,10.766,119.261,8.385
2025-12-25T21:58:53.669Z,49.406,0.065,3.223,21.350,0.00,1.2840,24.734787,46.699051,10.766,119.260,8.385
2025-12-25T21:58:53.669Z,49.409,0.066,3.249,21.350,0.00,1.2840,24.734787,46.699051,10.766,119.260,8.385
2025-12-25T21:58:53.878Z,49.411,0.065,3.201,21.350,0.00,1.2840,24.734787,46.699051,10.767,119.258,8.385
2025-12-25T21:58:53.997Z,49.411,0.072,3.540,21.350,0.00,1.2840,24.734787,46.699051,10.767,119.256,8.385
2025-12-25T21:58:54.390Z,49.413,0.070,3.442,20.300,0.00,1.2890,24.734835,46.699043,10.767,119.717,8.353
2025-12-25T21:58:54.390Z,49.419,0.064,3.156,20.300,0.00,1.2890,24.734835,46.699043,10.767,119.717,8.353
2025-12-25T21:58:54.494Z,49.419,0.065,3.220,20.300,0.00,1.2890,24.734835,46.699043,10.767,119.716,8.353
2025-12-25T21:58:54.697Z,49.419,0.075,3.727,20.300,0.00,1.2890,24.734835,46.699043,10.767,119.713,8.353
2025-12-25T21:58:54.849Z,49.423,0.069,3.395,20.300,0.00,1.2890,24.734835,46.699043,10.768,119.712,8.353
2025-12-25T21:58:54.850Z,49.427,0.064,3.156,20.300,0.00,1.2890,24.734835,46.699043,10.768,119.712,8.353
2025-12-25T21:58:55.107Z,49.428,0.066,3.262,24.220,0.00,1.2960,24.734892,46.699013,10.768,120.359,8.308
2025-12-25T21:58:55.249Z,49.431,0.065,3.194,24.220,0.00,1.2960,24.734892,46.699013,10.768,120.358,8.309
2025-12-25T21:58:55.517Z,49.429,0.074,3.635,24.220,0.00,1.2960,24.734892,46.699013,10.768,120.355,8.309
2025-12-25T21:58:55.658Z,49.428,0.093,4.621,24.220,0.00,1.2960,24.734892,46.699013,10.768,120.353,8.309
2025-12-25T21:58:55.663Z,49.390,0.210,10.351,24.220,0.00,1.2960,24.734892,46.699013,10.768,120.352,8.309
2025-12-25T21:58:55.926Z,49.350,0.338,16.663,24.220,0.00,1.2960,24.734892,46.699013,10.770,120.339,8.310
2025-12-25T21:58:56.080Z,49.327,0.380,18.766,24.220,0.00,1.2960,24.734892,46.699013,10.770,120.330,8.310
2025-12-25T21:58:56.264Z,49.265,0.446,21.965,21.560,0.00,1.3020,24.734938,46.698986,10.772,120.874,8.273
2025-12-25T21:58:56.264Z,49.292,0.485,23.920,21.560,0.00,1.3020,24.734938,46.698986,10.772,120.874,8.273
2025-12-25T21:58:56.466Z,49.294,0.492,24.254,21.560,0.00,1.3020,24.734938,46.698986,10.773,120.859,8.274
2025-12-25T21:58:56.660Z,49.232,0.632,31.136,21.560,0.00,1.3020,24.734938,46.698986,10.775,120.840,8.275
2025-12-25T21:58:56.891Z,49.194,0.763,37.555,21.560,0.00,1.3020,24.734938,46.698986,10.777,120.813,8.277
2025-12-25T21:58:56.891Z,49.152,0.914,44.920,21.560,0.00,1.3020,24.734938,46.698986,10.777,120.813,8.277
2025-12-25T21:58:57.083Z,49.017,1.328,65.070,20.190,0.00,1.3080,24.734982,46.698952,10.780,121.331,8.242
2025-12-25T21:58:57.335Z,48.556,2.634,127.882,20.190,0.00,1.3080,24.734982,46.698952,10.789,121.230,8.249
2025-12-25T21:58:57.486Z,48.437,2.937,142.237,20.190,0.00,1.3080,24.734982,46.698952,10.795,121.163,8.253
2025-12-25T21:58:57.806Z,48.439,2.949,142.864,20.190,0.00,1.3080,24.734982,46.698952,10.808,121.021,8.263
2025-12-25T21:58:57.806Z,48.406,3.030,146.673,20.190,0.00,1.3080,24.734982,46.698952,10.808,121.021,8.263
2025-12-25T21:58:58.077Z,48.331,3.222,155.727,20.190,0.00,1.3080,24.734982,46.698952,10.820,120.890,8.272
2025-12-25T21:58:58.077Z,48.106,3.877,186.528,19.980,0.00,1.3140,24.735020,46.698917,10.820,121.444,8.234
2025-12-25T21:58:58.205Z,48.015,4.131,198.354,19.980,0.00,1.3140,24.735020,46.698917,10.827,121.365,8.240
2025-12-25T21:58:58.486Z,47.817,4.635,221.645,19.980,0.00,1.3140,24.735020,46.698917,10.844,121.172,8.253
2025-12-25T21:58:58.691Z,47.694,5.025,239.669,19.980,0.00,1.3140,24.735020,46.698917,10.858,121.019,8.263
2025-12-25T21:58:58.691Z,47.725,4.885,233.151,19.980,0.00,1.3140,24.735020,46.698917,10.858,121.019,8.263
2025-12-25T21:58:59.203Z,48.024,4.002,192.172,19.980,0.00,1.3140,24.735020,46.698917,10.885,120.715,8.284
2025-12-25T21:58:59.292Z,47.752,4.785,228.482,19.980,0.00,1.3140,24.735020,46.698917,10.891,120.653,8.288
2025-12-25T21:58:59.920Z,47.985,4.135,198.398,22.040,0.00,1.3210,24.735062,46.698864,10.925,120.911,8.271
2025-12-25T21:58:59.921Z,47.966,4.147,198.921,22.040,0.00,1.3210,24.735062,46.698864,10.925,120.911,8.271
2025-12-25T21:58:59.921Z,47.722,4.845,231.206,22.040,0.00,1.3210,24.735062,46.698864,10.925,120.911,8.271
2025-12-25T21:58:59.921Z,47.735,4.844,231.247,22.040,0.00,1.3210,24.735062,46.698864,10.925,120.911,8.271
2025-12-25T21:58:59.921Z,48.037,3.882,186.472,22.040,0.00,1.3210,24.735062,46.698864,10.925,120.911,8.271
2025-12-25T21:59:00.124Z,47.691,4.899,233.640,22.040,0.00,1.3210,24.735062,46.698864,10.939,120.765,8.281
2025-12-25T21:59:00.165Z,47.941,4.199,201.310,26.280,0.00,1.3310,24.735117,46.698788,10.941,121.654,8.220
2025-12-25T21:59:00.364Z,48.045,3.864,185.647,26.280,0.00,1.3310,24.735117,46.698788,10.951,121.540,8.228
2025-12-25T21:59:00.364Z,47.971,4.155,199.306,26.280,0.00,1.3310,24.735117,46.698788,10.951,121.539,8.228
2025-12-25T21:59:00.565Z,47.696,4.846,231.150,26.280,0.00,1.3310,24.735117,46.698788,10.964,121.397,8.237
2025-12-25T21:59:00.944Z,47.695,4.976,237.317,26.280,0.00,1.3310,24.735117,46.698788,10.989,121.121,8.256
2025-12-25T21:59:01.022Z,47.741,4.825,230.361,26.280,0.00,1.3310,24.735117,46.698788,10.994,121.066,8.260
2025-12-25T21:59:01.022Z,47.675,4.897,233.475,26.280,0.00,1.3310,24.735117,46.698788,10.994,121.066,8.260
2025-12-25T21:59:01.251Z,47.741,4.858,231.917,25.720,0.00,1.3390,24.735153,46.698715,11.009,121.631,8.222
2025-12-25T21:59:01.455Z,47.775,4.548,217.274,25.720,0.00,1.3390,24.735153,46.698715,11.021,121.494,8.231
2025-12-25T21:59:01.604Z,47.679,4.920,234.580,25.720,0.00,1.3390,24.735153,46.698715,11.031,121.387,8.238
2025-12-25T21:59:01.604Z,47.788,4.625,221.021,25.720,0.00,1.3390,24.735153,46.698715,11.031,121.387,8.238
2025-12-25T21:59:01.865Z,47.727,4.759,227.119,25.720,0.00,1.3390,24.735153,46.698715,11.047,121.207,8.250
2025-12-25T21:59:02.007Z,47.613,5.112,243.406,25.720,0.00,1.3390,24.735153,46.698715,11.057,121.101,8.258
2025-12-25T21:59:02.204Z,47.672,4.936,235.330,24.500,0.00,1.3460,24.735165,46.698647,11.070,121.592,8.224
2025-12-25T21:59:02.410Z,47.882,4.302,205.978,24.500,0.00,1.3460,24.735165,46.698647,11.082,121.463,8.233
2025-12-25T21:59:02.410Z,47.605,5.146,244.956,24.500,0.00,1.3460,24.735165,46.698647,11.082,121.463,8.233
2025-12-25T21:59:02.685Z,47.803,4.529,216.509,24.500,0.00,1.3460,24.735165,46.698647,11.098,121.282,8.245
2025-12-25T21:59:02.888Z,47.667,4.906,233.839,24.500,0.00,1.3460,24.735165,46.698647,11.111,121.138,8.255
2025-12-25T21:59:03.094Z,47.701,4.809,229.403,24.500,0.00,1.3460,24.735165,46.698647,11.124,120.996,8.265
2025-12-25T21:59:03.094Z,47.620,5.101,242.892,23.690,0.00,1.3530,24.735161,46.698578,11.124,121.625,8.222
2025-12-25T21:59:04.224Z,47.649,4.967,236.651,23.690,0.00,1.3530,24.735161,46.698578,11.199,120.818,8.277
2025-12-25T21:59:04.224Z,47.736,4.752,226.841,23.690,0.00,1.3530,24.735161,46.698578,11.199,120.818,8.277
2025-12-25T21:59:04.224Z,47.750,4.664,222.698,23.690,0.00,1.3530,24.735161,46.698578,11.199,120.818,8.277
2025-12-25T21:59:04.224Z,47.631,5.072,241.608,23.690,0.00,1.3530,24.735161,46.698578,11.199,120.818,8.277
2025-12-25T21:59:04.225Z,47.686,4.889,233.117,23.690,0.00,1.3530,24.735161,46.698578,11.199,120.818,8.277
2025-12-25T21:59:04.225Z,47.793,4.423,211.387,23.690,0.00,1.3530,24.735161,46.698578,11.199,120.817,8.277
2025-12-25T21:59:04.321Z,47.585,5.139,244.546,23.740,0.00,1.3600,24.735136,46.698517,11.205,121.372,8.239
2025-12-25T21:59:04.630Z,47.655,4.936,235.232,23.740,0.00,1.3600,24.735136,46.698517,11.225,121.153,8.254
2025-12-25T21:59:04.630Z,47.638,4.943,235.454,23.740,0.00,1.3600,24.735136,46.698517,11.225,121.153,8.254
2025-12-25T21:59:04.684Z,47.749,4.596,219.470,23.740,0.00,1.3600,24.735136,46.698517,11.229,121.118,8.256
2025-12-25T21:59:05.039Z,47.648,4.994,237.975,23.740,0.00,1.3600,24.735136,46.698517,11.252,120.865,8.274
2025-12-25T21:59:05.244Z,47.595,5.039,239.821,23.740,0.00,1.3600,24.735136,46.698517,11.266,120.719,8.284
2025-12-25T21:59:05.244Z,47.769,4.574,218.490,23.240,0.00,1.3660,24.735100,46.698467,11.266,121.251,8.247
2025-12-25T21:59:05.552Z,47.795,5.280,252.361,23.240,0.00,1.3660,24.735100,46.698467,11.287,121.020,8.263
2025-12-25T21:59:05.552Z,47.598,5.143,244.783,23.240,0.00,1.3660,24.735100,46.698467,11.287,121.020,8.263
2025-12-25T21:59:05.605Z,47.578,5.148,244.907,23.240,0.00,1.3660,24.735100,46.698467,11.291,120.980,8.266
2025-12-25T21:59:05.860Z,47.671,4.871,232.227,23.240,0.00,1.3660,24.735100,46.698467,11.307,120.805,8.278
2025-12-25T21:59:06.063Z,47.641,4.877,232.347,23.240,0.00,1.3660,24.735100,46.698467,11.321,120.665,8.287
2025-12-25T21:59:06.063Z,47.702,4.762,227.157,21.210,0.00,1.3720,24.735067,46.698421,11.321,121.195,8.251
2025-12-25T21:59:06.373Z,47.749,4.606,219.907,21.210,0.00,1.3720,24.735067,46.698421,11.340,120.993,8.265
2025-12-25T21:59:06.480Z,47.686,4.868,232.114,21.210,0.00,1.3720,24.735067,46.698421,11.346,120.919,8.270
2025-12-25T21:59:06.679Z,47.665,4.839,230.676,21.210,0.00,1.3720,24.735067,46.698421,11.359,120.783,8.279
2025-12-25T21:59:06.850Z,47.613,5.003,238.226,21.210,0.00,1.3720,24.735067,46.698421,11.371,120.663,8.288
2025-12-25T21:59:06.851Z,47.611,5.125,244.011,21.210,0.00,1.3720,24.735067,46.698421,11.371,120.663,8.288
2025-12-25T21:59:07.153Z,47.606,4.965,236.376,21.210,0.00,1.3720,24.735067,46.698421,11.390,120.453,8.302
2025-12-25T21:59:07.279Z,47.571,5.065,240.971,20.480,0.00,1.3780,24.735027,46.698391,11.399,120.890,8.272
2025-12-25T21:59:07.281Z,47.445,5.465,259.294,20.480,0.00,1.3780,24.735027,46.698391,11.399,120.888,8.272
2025-12-25T21:59:08.419Z,47.497,5.162,245.162,20.480,0.00,1.3780,24.735027,46.698391,11.476,120.072,8.328
2025-12-25T21:59:08.420Z,47.455,5.325,252.705,20.480,0.00,1.3780,24.735027,46.698391,11.477,120.071,8.328
2025-12-25T21:59:08.420Z,47.542,5.341,253.919,20.480,0.00,1.3780,24.735027,46.698391,11.477,120.071,8.328
2025-12-25T21:59:08.420Z,47.446,5.460,259.068,20.480,0.00,1.3780,24.735027,46.698391,11.477,120.071,8.328
2025-12-25T21:59:08.420Z,47.448,5.386,255.556,18.820,0.00,1.3830,24.734989,46.698360,11.477,120.507,8.298
2025-12-25T21:59:08.420Z,47.424,5.555,263.419,18.820,0.00,1.3830,24.734989,46.698360,11.477,120.507,8.298
2025-12-25T21:59:08.509Z,47.529,5.110,242.873,18.820,0.00,1.3830,24.734989,46.698360,11.483,120.443,8.303
2025-12-25T21:59:08.932Z,47.498,5.137,244.018,18.820,0.00,1.3830,24.734989,46.698360,11.511,120.144,8.323
2025-12-25T21:59:08.932Z,47.477,5.455,258.971,18.820,0.00,1.3830,24.734989,46.698360,11.511,120.143,8.323
2025-12-25T21:59:09.029Z,47.405,5.541,262.651,18.820,0.00,1.3830,24.734989,46.698360,11.518,120.070,8.329
2025-12-25T21:59:09.029Z,47.501,5.236,248.714,17.330,0.00,1.3880,24.734945,46.698341,11.518,120.504,8.299
2025-12-25T21:59:09.238Z,47.428,5.630,267.026,17.330,0.00,1.3880,24.734945,46.698341,11.534,120.342,8.310
2025-12-25T21:59:09.367Z,47.615,4.820,229.504,17.330,0.00,1.3880,24.734945,46.698341,11.542,120.256,8.316
2025-12-25T21:59:09.750Z,47.557,5.150,244.938,17.330,0.00,1.3880,24.734945,46.698341,11.568,119.985,8.334
2025-12-25T21:59:09.838Z,47.400,5.717,270.987,17.330,0.00,1.3880,24.734945,46.698341,11.575,119.916,8.339
2025-12-25T21:59:09.839Z,47.520,5.175,245.923,17.330,0.00,1.3880,24.734945,46.698341,11.575,119.916,8.339
2025-12-25T21:59:10.160Z,47.358,5.593,264.853,17.330,0.00,1.3880,24.734945,46.698341,11.598,119.672,8.356
2025-12-25T21:59:10.204Z,47.584,5.087,242.064,17.390,0.00,1.3940,24.734894,46.698338,11.601,120.158,8.322
2025-12-25T21:59:10.569Z,47.397,5.643,267.482,17.390,0.00,1.3940,24.734894,46.698338,11.628,119.878,8.342
2025-12-25T21:59:10.570Z,47.354,5.788,274.070,17.390,0.00,1.3940,24.734894,46.698338,11.629,119.878,8.342
2025-12-25T21:59:10.660Z,47.455,5.307,251.858,17.390,0.00,1.3940,24.734894,46.698338,11.635,119.813,8.346
2025-12-25T21:59:10.979Z,47.549,4.806,228.496,17.390,0.00,1.3940,24.734894,46.698338,11.655,119.605,8.361
2025-12-25T21:59:11.011Z,47.387,5.296,250.986,17.390,0.00,1.3940,24.734894,46.698338,11.657,119.581,8.363
2025-12-25T21:59:11.012Z,47.293,5.550,262.462,18.580,0.00,1.4000,24.734842,46.698345,11.657,120.096,8.327
2025-12-25T21:59:11.245Z,47.526,5.108,242.775,18.580,0.00,1.4000,24.734842,46.698345,11.673,119.934,8.338
2025-12-25T21:59:11.447Z,47.521,5.170,245.703,18.580,0.00,1.4000,24.734842,46.698345,11.687,119.792,8.348
2025-12-25T21:59:12.516Z,47.470,5.847,277.557,18.580,0.00,1.4000,24.734842,46.698345,11.769,118.953,8.407
2025-12-25T21:59:12.620Z,47.860,4.323,206.883,18.580,0.00,1.4000,24.734842,46.698345,11.775,118.893,8.411
2025-12-25T21:59:12.620Z,47.606,4.874,232.010,18.580,0.00,1.4000,24.734842,46.698345,11.775,118.893,8.411
2025-12-25T21:59:12.620Z,47.530,4.754,225.951,18.580,0.00,1.4000,24.734842,46.698345,11.775,118.893,8.411
2025-12-25T21:59:12.620Z,47.403,5.614,266.108,19.560,0.00,1.4060,24.734789,46.698364,11.775,119.402,8.375
2025-12-25T21:59:12.621Z,47.569,5.073,241.319,19.560,0.00,1.4060,24.734789,46.698364,11.775,119.402,8.375
2025-12-25T21:59:12.700Z,47.279,5.463,258.301,19.560,0.00,1.4060,24.734789,46.698364,11.781,119.344,8.379
2025-12-25T21:59:12.701Z,47.310,5.189,245.487,19.560,0.00,1.4060,24.734789,46.698364,11.781,119.344,8.379
2025-12-25T21:59:12.889Z,47.314,5.474,259.007,19.560,0.00,1.4060,24.734789,46.698364,11.795,119.207,8.389
2025-12-25T21:59:13.233Z,47.305,5.725,270.820,19.560,0.00,1.4060,24.734789,46.698364,11.820,118.946,8.407
2025-12-25T21:59:13.233Z,47.384,5.378,254.823,21.540,0.00,1.4130,24.734730,46.698402,11.820,119.538,8.366
2025-12-25T21:59:13.336Z,47.296,5.823,275.386,21.540,0.00,1.4130,24.734730,46.698402,11.828,119.458,8.371
2025-12-25T21:59:13.489Z,47.295,5.879,278.053,21.540,0.00,1.4130,24.734730,46.698402,11.840,119.339,8.379
2025-12-25T21:59:13.818Z,47.275,5.804,274.399,21.540,0.00,1.4130,24.734730,46.698402,11.865,119.087,8.397
2025-12-25T21:59:13.921Z,47.458,5.295,251.275,21.540,0.00,1.4130,24.734730,46.698402,11.872,119.015,8.402
2025-12-25T21:59:13.921Z,47.292,5.732,271.080,21.540,0.00,1.4130,24.734730,46.698402,11.872,119.015,8.402
2025-12-25T21:59:14.144Z,47.733,4.491,214.351,20.980,0.00,1.4200,24.734680,46.698441,11.886,119.471,8.370
2025-12-25T21:59:14.284Z,47.508,5.113,242.915,20.980,0.00,1.4200,24.734680,46.698441,11.895,119.376,8.377
2025-12-25T21:59:14.674Z,47.190,6.010,283.606,20.980,0.00,1.4200,24.734680,46.698441,11.926,119.068,8.399
2025-12-25T21:59:14.674Z,47.447,5.250,249.093,20.980,0.00,1.4200,24.734680,46.698441,11.926,119.068,8.399
2025-12-25T21:59:14.778Z,47.810,4.125,197.208,20.980,0.00,1.4200,24.734680,46.698441,11.932,119.011,8.403
2025-12-25T21:59:14.972Z,47.345,5.497,260.240,20.980,0.00,1.4200,24.734680,46.698441,11.946,118.872,8.412
2025-12-25T21:59:15.125Z,47.727,4.353,207.735,20.980,0.00,1.4200,24.734680,46.698441,11.954,118.784,8.419
2025-12-25T21:59:15.125Z,47.385,5.326,252.360,20.500,0.00,1.4270,24.734636,46.698490,11.954,119.370,8.377
2025-12-25T21:59:15.460Z,47.276,5.816,274.953,20.500,0.00,1.4270,24.734636,46.698490,11.980,119.114,8.395
2025-12-25T21:59:15.553Z,47.346,5.558,263.137,20.500,0.00,1.4270,24.734636,46.698490,11.987,119.047,8.400
2025-12-25T21:59:15.997Z,47.329,5.549,262.616,20.500,0.00,1.4270,24.734636,46.698490,12.019,118.726,8.423
2025-12-25T21:59:15.998Z,47.848,4.014,192.042,20.500,0.00,1.4270,24.734636,46.698490,12.019,118.726,8.423
2025-12-25T21:59:16.891Z,47.471,5.118,242.945,20.500,0.00,1.4270,24.734636,46.698490,12.080,118.134,8.465
2025-12-25T21:59:16.971Z,47.415,5.377,254.946,20.110,0.00,1.4340,24.734600,46.698544,12.085,118.657,8.428
2025-12-25T21:59:16.972Z,47.551,4.921,233.981,20.110,0.00,1.4340,24.734600,46.698544,12.085,118.657,8.428
2025-12-25T21:59:16.972Z,47.482,5.229,248.267,20.110,0.00,1.4340,24.734600,46.698544,12.085,118.657,8.428
2025-12-25T21:59:16.972Z,47.523,5.046,239.779,20.110,0.00,1.4340,24.734600,46.698544,12.085,118.657,8.428
2025-12-25T21:59:16.972Z,48.006,3.627,174.134,20.110,0.00,1.4340,24.734600,46.698544,12.085,118.657,8.428
2025-12-25T21:59:17.046Z,47.665,4.719,224.947,20.110,0.00,1.4340,24.734600,46.698544,12.090,118.611,8.431
2025-12-25T21:59:17.047Z,47.787,4.259,203.522,19.650,0.00,1.4400,24.734568,46.698597,12.090,119.107,8.396
2025-12-25T21:59:17.431Z,48.046,3.559,170.985,19.650,0.00,1.4400,24.734568,46.698597,12.108,118.928,8.408
2025-12-25T21:59:17.554Z,48.236,2.994,144.411,19.650,0.00,1.4400,24.734568,46.698597,12.113,118.879,8.412
2025-12-25T21:59:17.557Z,48.733,1.632,79.525,19.650,0.00,1.4400,24.734568,46.698597,12.113,118.878,8.412
2025-12-25T21:59:17.840Z,49.007,0.804,39.421,19.650,0.00,1.4400,24.734568,46.698597,12.116,118.848,8.414
2025-12-25T21:59:17.885Z,49.128,0.528,25.933,19.650,0.00,1.4400,24.734568,46.698597,12.117,118.845,8.414
2025-12-25T21:59:18.249Z,49.113,0.544,26.735,19.650,0.00,1.4400,24.734568,46.698597,12.119,118.818,8.416
2025-12-25T21:59:18.249Z,49.216,0.236,11.629,20.670,0.00,1.4530,24.734510,46.698704,12.119,119.891,8.341
2025-12-25T21:59:18.337Z,49.238,0.178,8.745,20.670,0.00,1.4530,24.734510,46.698704,12.120,119.889,8.341
2025-12-25T21:59:18.659Z,49.276,0.130,6.397,20.670,0.00,1.4530,24.734510,46.698704,12.120,119.883,8.341
2025-12-25T21:59:18.690Z,49.294,0.096,4.709,20.670,0.00,1.4530,24.734510,46.698704,12.120,119.883,8.341
2025-12-25T21:59:19.148Z,49.309,0.065,3.198,20.670,0.00,1.4530,24.734510,46.698704,12.121,119.879,8.342
2025-12-25T21:59:19.148Z,49.313,0.065,3.228,20.670,0.00,1.4530,24.734510,46.698704,12.121,119.879,8.342
2025-12-25T21:59:19.331Z,49.312,0.076,3.747,19.780,0.00,1.4590,24.734507,46.698761,12.121,120.372,8.308
2025-12-25T21:59:19.331Z,49.319,0.066,3.242,19.780,0.00,1.4590,24.734507,46.698761,12.121,120.372,8.308
2025-12-25T21:59:19.583Z,49.323,0.063,3.108,19.780,0.00,1.4590,24.734507,46.698761,12.121,120.370,8.308
2025-12-25T21:59:19.583Z,49.326,0.066,3.267,19.780,0.00,1.4590,24.734507,46.698761,12.121,120.370,8.308
2025-12-25T21:59:19.942Z,49.327,0.070,3.470,19.780,0.00,1.4590,24.734507,46.698761,12.121,120.366,8.308
2025-12-25T21:59:19.943Z,49.286,0.210,10.357,19.780,0.00,1.4590,24.734507,46.698761,12.121,120.366,8.308
2025-12-25T21:59:20.297Z,49.309,0.146,7.189,19.780,0.00,1.4590,24.734507,46.698761,12.122,120.359,8.308
2025-12-25T21:59:20.297Z,49.319,0.124,6.096,20.150,0.00,1.4660,24.734509,46.698837,12.122,120.937,8.269
2025-12-25T21:59:21.181Z,49.339,0.071,3.512,20.150,0.00,1.4660,24.734509,46.698837,12.123,120.928,8.269
2025-12-25T21:59:21.181Z,49.340,0.075,3.713,20.150,0.00,1.4660,24.734509,46.698837,12.123,120.928,8.269
2025-12-25T21:59:21.181Z,49.342,0.075,3.678,20.150,0.00,1.4660,24.734509,46.698837,12.123,120.928,8.269
2025-12-25T21:59:21.181Z,49.331,0.124,6.112,20.150,0.00,1.4660,24.734509,46.698837,12.123,120.928,8.269
2025-12-25T21:59:21.262Z,49.288,0.244,12.039,20.150,0.00,1.4660,24.734509,46.698837,12.123,120.925,8.270
2025-12-25T21:59:21.262Z,49.254,0.369,18.169,19.520,0.00,1.4730,24.734524,46.698902,12.123,121.503,8.230
2025-12-25T21:59:21.262Z,49.222,0.477,23.458,19.520,0.00,1.4730,24.734524,46.698902,12.123,121.503,8.230
2025-12-25T21:59:21.526Z,49.197,0.681,33.492,19.520,0.00,1.4730,24.734524,46.698902,12.126,121.478,8.232
2025-12-25T21:59:21.730Z,49.192,0.472,23.235,19.520,0.00,1.4730,24.734524,46.698902,12.127,121.465,8.233
2025-12-25T21:59:21.935Z,49.251,0.518,25.518,19.520,0.00,1.4730,24.734524,46.698902,12.128,121.450,8.234
2025-12-25T21:59:21.935Z,49.207,0.600,29.510,19.520,0.00,1.4730,24.734524,46.698902,12.128,121.450,8.234
2025-12-25T21:59:22.148Z,49.224,0.486,23.941,18.670,0.00,1.4790,24.734558,46.698948,12.130,121.931,8.201
2025-12-25T21:59:22.283Z,49.262,0.496,24.426,18.670,0.00,1.4790,24.734558,46.698948,12.131,121.922,8.202
2025-12-25T21:59:22.508Z,49.240,0.445,21.896,18.670,0.00,1.4790,24.734558,46.698948,12.132,121.908,8.203
2025-12-25T21:59:22.508Z,49.208,0.506,24.894,18.670,0.00,1.4790,24.734558,46.698948,12.132,121.908,8.203
2025-12-25T21:59:22.685Z,49.255,0.398,19.605,18.670,0.00,1.4790,24.734558,46.698948,12.133,121.898,8.204
2025-12-25T21:59:22.895Z,49.238,0.495,24.352,18.670,0.00,1.4790,24.734558,46.698948,12.134,121.884,8.205
2025-12-25T21:59:23.164Z,49.169,0.506,24.875,18.670,0.00,1.4790,24.734558,46.698948,12.136,121.865,8.206
2025-12-25T21:59:23.369Z,49.279,0.406,20.022,17.760,0.00,1.4850,24.734592,46.698986,12.137,122.348,8.173
2025-12-25T21:59:23.369Z,49.292,0.318,15.669,17.760,0.00,1.4850,24.734592,46.698986,12.137,122.348,8.173
2025-12-25T21:59:23.677Z,49.323,0.227,11.214,17.760,0.00,1.4850,24.734592,46.698986,12.138,122.338,8.174
2025-12-25T21:59:23.771Z,49.361,0.122,6.046,17.760,0.00,1.4850,24.734592,46.698986,12.139,122.337,8.174
2025-12-25T21:59:24.087Z,49.377,0.081,4.018,17.760,0.00,1.4850,24.734592,46.698986,12.139,122.333,8.174
2025-12-25T21:59:24.092Z,49.386,0.066,3.255,17.760,0.00,1.4850,24.734592,46.698986,12.139,122.333,8.174
2025-12-25T21:59:24.284Z,49.386,0.075,3.717,16.370,0.00,1.4890,24.734625,46.699017,12.139,122.661,8.153
2025-12-25T21:59:24.285Z,49.391,0.065,3.229,16.370,0.00,1.4890,24.734625,46.699017,12.139,122.661,8.153
2025-12-25T21:59:25.417Z,49.392,0.067,3.301,16.370,0.00,1.4890,24.734625,46.699017,12.140,122.650,8.153
2025-12-25T21:59:25.417Z,49.389,0.078,3.875,16.370,0.00,1.4890,24.734625,46.699017,12.140,122.650,8.153
2025-12-25T21:59:25.506Z,49.392,0.076,3.768,16.370,0.00,1.4890,24.734625,46.699017,12.140,122.649,8.153
2025-12-25T21:59:25.506Z,49.393,0.076,3.765,16.370,0.00,1.4890,24.734625,46.699017,12.140,122.649,8.153
2025-12-25T21:59:25.507Z,49.395,0.076,3.769,17.580,0.00,1.4940,24.734663,46.699032,12.140,123.061,8.126
2025-12-25T21:59:25.507Z,49.396,0.077,3.808,17.580,0.00,1.4940,24.734663,46.699032,12.140,123.061,8.126
2025-12-25T21:59:25.931Z,49.396,0.080,3.931,17.580,0.00,1.4940,24.734663,46.699032,12.141,123.056,8.126
2025-12-25T21:59:25.931Z,49.404,0.065,3.198,17.580,0.00,1.4940,24.734663,46.699032,12.141,123.056,8.126
2025-12-25T21:59:25.931Z,49.402,0.078,3.865,17.580,0.00,1.4940,24.734663,46.699032,12.141,123.056,8.126
2025-12-25T21:59:25.931Z,49.408,0.066,3.281,17.580,0.00,1.4940,24.734663,46.699032,12.141,123.056,8.126
2025-12-25T21:59:26.237Z,49.405,0.078,3.835,17.580,0.00,1.4940,24.734663,46.699032,12.141,123.053,8.127
2025-12-25T21:59:26.303Z,49.412,0.066,3.278,18.610,0.00,1.4990,24.734709,46.699043,12.141,123.464,8.100
2025-12-25T21:59:26.304Z,49.413,0.064,3.144,18.610,0.00,1.4990,24.734709,46.699043,12.141,123.464,8.100
2025-12-25T21:59:26.497Z,49.411,0.076,3.734,18.610,0.00,1.4990,24.734709,46.699043,12.141,123.462,8.100
2025-12-25T21:59:26.684Z,49.412,0.076,3.753,18.610,0.00,1.4990,24.734709,46.699043,12.142,123.460,8.100
2025-12-25T21:59:26.953Z,49.418,0.064,3.169,18.610,0.00,1.4990,24.734709,46.699043,12.142,123.458,8.100
2025-12-25T21:59:26.954Z,49.419,0.065,3.218,18.610,0.00,1.4990,24.734709,46.699043,12.142,123.458,8.100
2025-12-25T21:59:27.140Z,49.418,0.075,3.684,19.630,0.00,1.5050,24.734758,46.699043,12.142,123.950,8.068
2025-12-25T21:59:27.286Z,49.420,0.069,3.408,19.630,0.00,1.5050,24.734758,46.699043,12.142,123.949,8.068
2025-12-25T21:59:27.677Z,49.421,0.074,3.646,19.630,0.00,1.5050,24.734758,46.699043,12.143,123.945,8.068
2025-12-25T21:59:27.677Z,49.426,0.064,3.152,19.630,0.00,1.5050,24.734758,46.699043,12.143,123.945,8.068
2025-12-25T21:59:27.772Z,49.427,0.066,3.249,19.630,0.00,1.5050,24.734758,46.699043,12.143,123.944,8.068
2025-12-25T21:59:28.080Z,49.425,0.072,3.543,19.630,0.00,1.5050,24.734758,46.699043,12.143,123.941,8.068
2025-12-25T21:59:28.125Z,49.427,0.072,3.543,15.960,0.00,1.5080,24.734793,46.699043,12.143,124.187,8.052
2025-12-25T21:59:28.387Z,49.431,0.063,3.136,15.960,0.00,1.5080,24.734793,46.699043,12.143,124.185,8.053
2025-12-25T21:59:28.387Z,49.432,0.066,3.251,15.960,0.00,1.5080,24.734793,46.699043,12.143,124.185,8.053
2025-12-25T21:59:28.796Z,49.429,0.068,3.337,15.960,0.00,1.5080,24.734793,46.699043,12.144,124.181,8.053
2025-12-25T21:59:28.796Z,49.437,0.064,3.149,15.960,0.00,1.5080,24.734793,46.699043,12.144,124.181,8.053
2025-12-25T21:59:30.025Z,49.434,0.072,3.579,15.960,0.00,1.5080,24.734793,46.699043,12.145,124.169,8.054
2025-12-25T21:59:30.138Z,49.413,0.139,6.846,15.960,0.00,1.5080,24.734793,46.699043,12.145,124.166,8.054
2025-12-25T21:59:30.138Z,49.385,0.240,11.863,15.240,0.00,1.5130,24.734831,46.699036,12.145,124.578,8.027
2025-12-25T21:59:30.139Z,49.340,0.350,17.290,15.240,0.00,1.5130,24.734831,46.699036,12.145,124.578,8.027
2025-12-25T21:59:30.139Z,49.292,0.500,24.638,15.240,0.00,1.5130,24.734831,46.699036,12.145,124.578,8.027
2025-12-25T21:59:30.139Z,49.216,0.751,36.942,15.240,0.00,1.5130,24.734831,46.699036,12.145,124.578,8.027
2025-12-25T21:59:30.139Z,49.202,0.733,36.083,15.240,0.00,1.5130,24.734831,46.699036,12.145,124.578,8.027
2025-12-25T21:59:30.139Z,49.093,1.084,53.195,15.240,0.00,1.5130,24.734831,46.699036,12.145,124.578,8.027
2025-12-25T21:59:30.139Z,48.395,3.048,147.521,16.450,0.00,1.5180,24.734873,46.699017,12.145,124.990,8.001
2025-12-25T21:59:30.366Z,48.276,3.410,164.618,16.450,0.00,1.5180,24.734873,46.699017,12.155,124.883,8.007
2025-12-25T21:59:30.366Z,48.374,3.157,152.701,16.450,0.00,1.5180,24.734873,46.699017,12.155,124.883,8.008
2025-12-25T21:59:30.845Z,48.265,3.381,163.207,16.450,0.00,1.5180,24.734873,46.699017,12.177,124.660,8.022
2025-12-25T21:59:30.845Z,48.328,3.262,157.636,16.450,0.00,1.5180,24.734873,46.699017,12.177,124.660,8.022
2025-12-25T21:59:30.957Z,48.210,3.537,170.496,16.450,0.00,1.5180,24.734873,46.699017,12.182,124.606,8.025
2025-12-25T21:59:31.107Z,48.208,3.572,172.218,16.450,0.00,1.5180,24.734873,46.699017,12.190,124.532,8.030
2025-12-25T21:59:31.289Z,47.946,4.312,206.761,17.870,0.00,1.5230,24.734915,46.698994,12.200,124.836,8.011
2025-12-25T21:59:31.289Z,47.905,4.375,209.585,17.870,0.00,1.5230,24.734915,46.698994,12.200,124.836,8.011
2025-12-25T21:59:31.491Z,47.880,4.467,213.890,17.870,0.00,1.5230,24.734915,46.698994,12.212,124.713,8.018
2025-12-25T21:59:31.971Z,47.977,4.196,201.299,17.870,0.00,1.5230,24.734915,46.698994,12.239,124.440,8.036
2025-12-25T21:59:31.971Z,47.877,4.422,211.692,17.870,0.00,1.5230,24.734915,46.698994,12.239,124.440,8.036
2025-12-25T21:59:31.971Z,47.869,4.533,216.974,17.870,0.00,1.5230,24.734915,46.698994,12.239,124.440,8.036
2025-12-25T21:59:32.278Z,47.901,4.363,208.998,18.410,0.00,1.5290,24.734957,46.698959,12.257,124.749,8.016
2025-12-25T21:59:32.370Z,47.987,4.132,198.260,18.410,0.00,1.5290,24.734957,46.698959,12.262,124.697,8.019
2025-12-25T21:59:32.584Z,47.847,4.464,213.569,18.410,0.00,1.5290,24.734957,46.698959,12.274,124.568,8.028
2025-12-25T21:59:32.789Z,47.774,4.673,223.248,18.410,0.00,1.5290,24.734957,46.698959,12.287,124.439,8.036
2025-12-25T21:59:32.794Z,47.844,4.497,215.168,18.410,0.00,1.5290,24.734957,46.698959,12.287,124.436,8.036
2025-12-25T21:59:34.019Z,47.727,4.455,212.641,18.410,0.00,1.5290,24.734957,46.698959,12.360,123.708,8.084
2025-12-25T21:59:34.019Z,47.846,4.472,213.980,17.190,0.00,1.5340,24.734991,46.698929,12.360,124.112,8.057
2025-12-25T21:59:34.019Z,47.797,4.628,221.193,17.190,0.00,1.5340,24.734991,46.698929,12.360,124.112,8.057
2025-12-25T21:59:34.020Z,47.617,5.160,245.712,17.190,0.00,1.5340,24.734991,46.698929,12.360,124.112,8.057
2025-12-25T21:59:34.020Z,47.828,4.481,214.317,17.190,0.00,1.5340,24.734991,46.698929,12.360,124.112,8.057
2025-12-25T21:59:34.020Z,47.697,4.818,229.805,17.190,0.00,1.5340,24.734991,46.698929,12.360,124.111,8.057
2025-12-25T21:59:34.131Z,47.776,4.653,222.280,17.190,0.00,1.5340,24.734991,46.698929,12.367,124.042,8.062
2025-12-25T21:59:34.134Z,47.565,5.180,246.381,17.190,0.00,1.5340,24.734991,46.698929,12.367,124.041,8.062
2025-12-25T21:59:34.245Z,47.720,4.707,224.625,21.340,0.00,1.5410,24.735037,46.698883,12.374,124.537,8.030
2025-12-25T21:59:34.245Z,47.553,5.252,249.741,21.340,0.00,1.5410,24.735037,46.698883,12.374,124.537,8.030
2025-12-25T21:59:34.530Z,47.637,5.041,240.139,21.340,0.00,1.5410,24.735037,46.698883,12.393,124.346,8.042
2025-12-25T21:59:34.735Z,47.690,4.766,227.315,21.340,0.00,1.5410,24.735037,46.698883,12.406,124.216,8.050
2025-12-25T21:59:34.885Z,47.631,5.017,238.988,21.340,0.00,1.5410,24.735037,46.698883,12.416,124.116,8.057
2025-12-25T21:59:35.143Z,47.654,4.935,235.151,21.340,0.00,1.5410,24.735037,46.698883,12.433,123.948,8.068
2025-12-25T21:59:35.144Z,47.659,4.954,236.100,22.240,0.00,1.5480,24.735077,46.698830,12.433,124.511,8.031
2025-12-25T21:59:35.286Z,47.701,4.827,230.260,22.240,0.00,1.5480,24.735077,46.698830,12.442,124.420,8.037
2025-12-25T21:59:35.657Z,47.939,4.015,192.453,22.240,0.00,1.5480,24.735077,46.698830,12.462,124.221,8.050
2025-12-25T21:59:35.782Z,47.649,4.928,234.833,22.240,0.00,1.5480,24.735077,46.698830,12.470,124.140,8.055
2025-12-25T21:59:35.783Z,47.688,4.770,227.492,22.240,0.00,1.5480,24.735077,46.698830,12.470,124.140,8.055
2025-12-25T21:59:35.964Z,47.542,5.351,254.401,22.240,0.00,1.5480,24.735077,46.698830,12.483,124.012,8.064
2025-12-25T21:59:36.169Z,47.449,5.399,256.195,25.370,0.00,1.5560,24.735123,46.698757,12.497,124.508,8.032
2025-12-25T21:59:36.285Z,47.550,5.193,246.943,25.370,0.00,1.5560,24.735123,46.698757,12.505,124.429,8.037
2025-12-25T21:59:36.290Z,47.418,5.478,259.776,25.370,0.00,1.5560,24.735123,46.698757,12.506,124.425,8.037
2025-12-25T21:59:36.579Z,47.785,4.498,214.952,25.370,0.00,1.5560,24.735123,46.698757,12.523,124.254,8.048
2025-12-25T21:59:36.722Z,47.520,5.251,249.522,25.370,0.00,1.5560,24.735123,46.698757,12.533,124.156,8.054
2025-12-25T21:59:36.925Z,47.483,5.406,256.713,25.370,0.00,1.5560,24.735123,46.698757,12.547,124.012,8.064
2025-12-25T21:59:37.021Z,47.475,5.437,258.111,25.370,0.00,1.5560,24.735123,46.698757,12.554,123.944,8.068
2025-12-25T21:59:37.193Z,47.473,5.461,259.264,23.410,0.00,1.5630,24.735142,46.698692,12.566,124.379,8.040
2025-12-25T21:59:37.332Z,47.396,5.567,263.843,23.410,0.00,1.5630,24.735142,46.698692,12.577,124.279,8.046
2025-12-25T21:59:37.705Z,47.428,5.439,257.949,23.410,0.00,1.5630,24.735142,46.698692,12.603,124.015,8.064
2025-12-25T21:59:37.817Z,47.428,5.477,259.772,23.410,0.00,1.5630,24.735142,46.698692,12.611,123.936,8.069
2025-12-25T21:59:37.819Z,47.484,5.366,254.778,23.410,0.00,1.5630,24.735142,46.698692,12.612,123.934,8.069
2025-12-25T21:59:38.013Z,47.311,5.817,275.187,23.410,0.00,1.5630,24.735142,46.698692,12.626,123.788,8.078
2025-12-25T21:59:38.152Z,47.445,5.495,260.705,23.670,0.00,1.5700,24.735144,46.698624,12.636,124.244,8.049
2025-12-25T21:59:38.933Z,47.424,5.562,263.777,23.670,0.00,1.5700,24.735144,46.698624,12.694,123.683,8.085
2025-12-25T21:59:38.933Z,47.563,5.022,238.849,23.670,0.00,1.5700,24.735144,46.698624,12.694,123.683,8.085
2025-12-25T21:59:38.934Z,47.518,5.078,241.311,23.670,0.00,1.5700,24.735144,46.698624,12.694,123.683,8.085
2025-12-25T21:59:38.934Z,47.338,5.681,268.901,23.670,0.00,1.5700,24.735144,46.698624,12.694,123.683,8.085
2025-12-25T21:59:39.025Z,47.379,5.541,262.510,23.670,0.00,1.5700,24.735144,46.698624,12.700,123.619,8.089
2025-12-25T21:59:39.138Z,47.333,5.667,268.248,23.670,0.00,1.5700,24.735144,46.698624,12.709,123.536,8.095
2025-12-25T21:59:39.276Z,47.516,5.153,244.836,23.690,0.00,1.5780,24.735140,46.698551,12.718,124.074,8.060
2025-12-25T21:59:39.651Z,47.292,5.811,274.799,23.690,0.00,1.5780,24.735140,46.698551,12.747,123.796,8.078
2025-12-25T21:59:39.651Z,47.366,5.587,264.649,23.690,0.00,1.5780,24.735140,46.698551,12.747,123.796,8.078
2025-12-25T21:59:39.756Z,47.435,5.467,259.310,23.690,0.00,1.5780,24.735140,46.698551,12.754,123.722,8.083
2025-12-25T21:59:39.957Z,47.281,5.895,278.710,23.690,0.00,1.5780,24.735140,46.698551,12.770,123.571,8.093
2025-12-25T21:59:40.162Z,47.295,5.880,278.108,23.690,0.00,1.5780,24.735140,46.698551,12.786,123.418,8.103
2025-12-25T21:59:40.162Z,47.299,5.677,268.495,23.340,0.00,1.5840,24.735111,46.698498,12.786,123.887,8.072
2025-12-25T21:59:40.370Z,47.424,5.459,258.868,23.340,0.00,1.5840,24.735111,46.698498,12.801,123.743,8.081
2025-12-25T21:59:40.520Z,47.570,4.979,236.861,23.340,0.00,1.5840,24.735111,46.698498,12.811,123.648,8.088
2025-12-25T21:59:40.777Z,47.226,5.960,281.486,23.340,0.00,1.5840,24.735111,46.698498,12.831,123.454,8.100
2025-12-25T21:59:40.778Z,48.209,3.072,148.109,23.340,0.00,1.5840,24.735111,46.698498,12.831,123.454,8.100
2025-12-25T21:59:41.085Z,47.414,5.499,260.742,23.340,0.00,1.5840,24.735111,46.698498,12.853,123.240,8.114
2025-12-25T21:59:41.100Z,47.095,6.336,298.405,21.980,0.00,1.5900,24.735073,46.698456,12.854,123.694,8.084
2025-12-25T21:59:41.328Z,47.290,5.643,266.838,21.980,0.00,1.5900,24.735073,46.698456,12.871,123.532,8.095
2025-12-25T21:59:41.328Z,47.088,6.298,296.551,21.980,0.00,1.5900,24.735073,46.698456,12.871,123.532,8.095
2025-12-25T21:59:41.596Z,47.113,9.202,433.531,21.980,0.00,1.5900,24.735073,46.698456,12.903,123.223,8.115
2025-12-25T21:59:41.800Z,47.226,5.914,279.305,21.980,0.00,1.5900,24.735073,46.698456,12.919,123.072,8.125
2025-12-25T21:59:41.915Z,47.076,6.337,298.311,21.980,0.00,1.5900,24.735073,46.698456,12.929,122.981,8.131
2025-12-25T21:59:42.145Z,47.129,6.272,295.588,21.980,0.00,1.5900,24.735073,46.698456,12.948,122.802,8.143
2025-12-25T21:59:42.145Z,47.098,6.381,300.549,21.850,0.00,1.5950,24.735029,46.698429,12.948,123.188,8.118
2025-12-25T21:59:42.333Z,47.104,6.115,288.055,21.850,0.00,1.5950,24.735029,46.698429,12.963,123.046,8.127
2025-12-25T21:59:42.724Z,47.281,5.797,274.102,21.850,0.00,1.5950,24.735029,46.698429,12.992,122.764,8.146
2025-12-25T21:59:42.828Z,47.095,6.327,297.974,21.850,0.00,1.5950,24.735029,46.698429,13.001,122.682,8.151
2025-12-25T21:59:42.828Z,47.107,6.138,289.149,21.850,0.00,1.5950,24.735029,46.698429,13.001,122.682,8.151
2025-12-25T21:59:43.107Z,47.058,6.268,294.947,21.850,0.00,1.5950,24.735029,46.698429,13.024,122.467,8.165
2025-12-25T21:59:43.108Z,47.092,6.259,294.766,21.840,0.00,1.6020,24.734976,46.698410,13.024,123.004,8.130
2025-12-25T21:59:43.268Z,47.328,5.472,258.968,21.840,0.00,1.6020,24.734976,46.698410,13.036,122.895,8.137
2025-12-25T21:59:43.536Z,47.158,6.107,287.983,21.840,0.00,1.6020,24.734976,46.698410,13.057,122.693,8.150
2025-12-25T21:59:43.676Z,47.005,6.543,307.556,21.840,0.00,1.6020,24.734976,46.698410,13.069,122.581,8.158
2025-12-25T21:59:43.676Z,46.848,7.078,331.582,21.840,0.00,1.6020,24.734976,46.698410,13.069,122.581,8.158
2025-12-25T21:59:43.951Z,47.347,5.586,264.494,21.840,0.00,1.6020,24.734976,46.698410,13.089,122.391,8.171
2025-12-25T21:59:44.086Z,46.889,6.707,314.491,20.760,0.00,1.6080,24.734921,46.698399,13.101,122.739,8.147
2025-12-25T21:59:44.438Z,47.184,5.888,277.830,20.760,0.00,1.6080,24.734921,46.698399,13.128,122.485,8.164
2025-12-25T21:59:44.555Z,204.800,6.495,1330.085,20.760,0.00,1.6080,24.734921,46.698399,13.171,122.085,8.191
2025-12-25T21:59:44.558Z,47.006,6.443,302.855,20.760,0.00,1.6080,24.734921,46.698399,13.171,122.083,8.191
2025-12-25T21:59:44.771Z,47.104,5.759,271.264,20.760,0.00,1.6080,24.734921,46.698399,13.188,121.934,8.201
2025-12-25T21:59:44.910Z,46.815,7.401,346.454,20.760,0.00,1.6080,24.734921,46.698399,13.201,121.811,8.209
2025-12-25T21:59:45.094Z,47.039,6.503,305.908,20.760,0.00,1.6080,24.734921,46.698399,13.217,121.666,8.219
2025-12-25T21:59:45.095Z,47.438,5.153,244.445,20.320,0.00,1.6150,24.734859,46.698395,13.217,122.195,8.184
2025-12-25T21:59:45.384Z,47.124,6.333,298.454,20.320,0.00,1.6150,24.734859,46.698395,13.241,121.974,8.198
2025-12-25T21:59:45.514Z,47.049,5.952,280.032,20.320,0.00,1.6150,24.734859,46.698395,13.251,121.881,8.205
2025-12-25T21:59:45.898Z,47.512,4.771,226.670,20.320,0.00,1.6150,24.734859,46.698395,13.275,121.659,8.220
2025-12-25T21:59:45.898Z,46.909,4.080,191.400,20.320,0.00,1.6150,24.734859,46.698395,13.275,121.659,8.220
2025-12-25T21:59:45.966Z,46.928,6.907,324.118,20.320,0.00,1.6150,24.734859,46.698395,13.281,121.603,8.224
2025-12-25T21:59:46.204Z,47.341,5.556,263.049,19.520,0.00,1.6210,24.734800,46.698402,13.298,121.895,8.204
2025-12-25T21:59:46.319Z,47.076,5.832,274.525,19.520,0.00,1.6210,24.734800,46.698402,13.307,121.815,8.209
2025-12-25T21:59:46.716Z,47.555,4.912,233.609,19.520,0.00,1.6210,24.734800,46.698402,13.333,121.579,8.225
2025-12-25T21:59:46.717Z,47.028,6.657,313.085,19.520,0.00,1.6210,24.734800,46.698402,13.333,121.579,8.225
2025-12-25T21:59:46.726Z,47.404,5.751,272.624,19.520,0.00,1.6210,24.734800,46.698402,13.334,121.572,8.226
2025-12-25T21:59:47.127Z,46.947,7.365,345.769,19.520,0.00,1.6210,24.734800,46.698402,13.372,121.223,8.249
2025-12-25T21:59:47.144Z,46.855,6.133,287.342,22.850,0.00,1.6300,24.734732,46.698433,13.373,121.883,8.205
2025-12-25T21:59:47.144Z,47.285,5.646,266.984,22.850,0.00,1.6300,24.734732,46.698433,13.373,121.883,8.205
2025-12-25T21:59:47.433Z,46.834,7.251,339.600,22.850,0.00,1.6300,24.734732,46.698433,13.401,121.635,8.221
2025-12-25T21:59:47.551Z,47.455,5.319,252.394,22.850,0.00,1.6300,24.734732,46.698433,13.409,121.560,8.226
2025-12-25T21:59:47.945Z,46.740,7.721,360.893,22.850,0.00,1.6300,24.734732,46.698433,13.449,121.202,8.251
2025-12-25T21:59:47.946Z,46.895,6.864,321.866,22.850,0.00,1.6300,24.734732,46.698433,13.449,121.202,8.251
2025-12-25T21:59:47.964Z,46.819,7.580,354.886,22.850,0.00,1.6300,24.734732,46.698433,13.450,121.186,8.252
2025-12-25T21:59:48.253Z,46.711,6.998,326.887,22.760,0.00,1.6370,24.734673,46.698463,13.477,121.470,8.233
2025-12-25T21:59:48.381Z,47.226,6.081,287.189,22.760,0.00,1.6370,24.734673,46.698463,13.487,121.378,8.239
2025-12-25T21:59:48.381Z,46.735,6.529,305.128,22.760,0.00,1.6370,24.734673,46.698463,13.487,121.377,8.239
2025-12-25T21:59:48.764Z,46.524,7.536,350.601,22.760,0.00,1.6370,24.734673,46.698463,13.524,121.043,8.262
2025-12-25T21:59:48.866Z,46.722,6.524,304.820,22.760,0.00,1.6370,24.734673,46.698463,13.533,120.965,8.267
2025-12-25T21:59:49.071Z,47.192,5.441,256.770,22.760,0.00,1.6370,24.734673,46.698463,13.547,120.835,8.276
2025-12-25T21:59:49.198Z,46.740,6.691,312.742,23.300,0.00,1.6440,24.734617,46.698505,13.558,121.253,8.247
2025-12-25T21:59:49.199Z,46.694,0.000,-0.002,23.300,0.00,1.6440,24.734617,46.698505,13.558,121.253,8.247
2025-12-25T21:59:49.416Z,46.653,7.936,370.261,23.300,0.00,1.6440,24.734617,46.698505,13.581,121.053,8.261
2025-12-25T21:59:49.687Z,46.990,6.662,313.041,23.300,0.00,1.6440,24.734617,46.698505,13.604,120.843,8.275
2025-12-25T21:59:49.890Z,47.280,6.033,285.248,23.300,0.00,1.6440,24.734617,46.698505,13.620,120.700,8.285
2025-12-25T21:59:49.890Z,47.390,5.247,248.641,23.300,0.00,1.6440,24.734617,46.698505,13.621,120.700,8.285
2025-12-25T21:59:50.197Z,46.740,7.155,334.445,23.300,0.00,1.6440,24.734617,46.698505,13.649,120.448,8.302
2025-12-25T21:59:50.279Z,46.816,6.873,321.787,23.580,0.00,1.6520,24.734570,46.698555,13.656,120.969,8.267
2025-12-25T21:59:50.504Z,46.804,0.000,-0.002,23.580,0.00,1.6520,24.734570,46.698555,13.656,120.969,8.267
2025-12-25T21:59:50.504Z,47.299,5.446,257.595,23.580,0.00,1.6520,24.734570,46.698555,13.656,120.969,8.267
2025-12-25T21:59:50.812Z,47.340,5.260,249.028,23.580,0.00,1.6520,24.734570,46.698555,13.678,120.781,8.279
2025-12-25T21:59:50.902Z,46.825,6.906,323.362,23.580,0.00,1.6520,24.734570,46.698555,13.686,120.710,8.284
2025-12-25T21:59:51.120Z,46.754,7.162,334.850,23.580,0.00,1.6520,24.734570,46.698555,13.706,120.532,8.297
2025-12-25T21:59:51.244Z,46.897,6.632,311.031,22.720,0.00,1.6590,24.734531,46.698612,13.717,120.947,8.268
2025-12-25T21:59:51.245Z,46.850,6.790,318.115,22.720,0.00,1.6590,24.734531,46.698612,13.717,120.947,8.268
2025-12-25T21:59:51.632Z,46.717,7.077,330.606,22.720,0.00,1.6590,24.734531,46.698612,13.752,120.634,8.290
2025-12-25T21:59:51.709Z,46.905,7.074,331.804,22.720,0.00,1.6590,24.734531,46.698612,13.759,120.572,8.294
2025-12-25T21:59:51.938Z,47.746,4.204,200.747,22.720,0.00,1.6590,24.734531,46.698612,13.772,120.460,8.302
2025-12-25T21:59:51.938Z,46.893,6.704,314.359,22.720,0.00,1.6590,24.734531,46.698612,13.772,120.460,8.302
2025-12-25T21:59:52.143Z,47.298,5.364,253.726,22.690,0.00,1.6660,24.734499,46.698669,13.787,120.841,8.275
2025-12-25T21:59:52.291Z,47.023,6.286,295.580,22.690,0.00,1.6660,24.734499,46.698669,13.799,120.735,8.283
2025-12-25T21:59:52.553Z,46.835,6.809,318.899,22.690,0.00,1.6660,24.734499,46.698669,13.822,120.532,8.297
2025-12-25T21:59:52.556Z,46.646,7.369,343.744,22.690,0.00,1.6660,24.734499,46.698669,13.822,120.530,8.297
2025-12-25T21:59:52.757Z,46.898,6.592,309.171,22.690,0.00,1.6660,24.734499,46.698669,13.840,120.379,8.307
2025-12-25T21:59:52.962Z,46.857,6.716,314.684,22.690,0.00,1.6660,24.734499,46.698669,13.857,120.224,8.318
2025-12-25T21:59:53.093Z,47.129,5.904,278.266,22.690,0.00,1.6660,24.734499,46.698669,13.868,120.136,8.324
2025-12-25T21:59:53.094Z,47.048,6.217,292.491,22.980,0.00,1.6750,24.734459,46.698753,13.868,120.785,8.279
2025-12-25T21:59:53.329Z,47.132,5.892,277.697,22.980,0.00,1.6750,24.734459,46.698753,13.886,120.627,8.290
2025-12-25T21:59:53.575Z,46.917,6.535,306.623,22.980,0.00,1.6750,24.734459,46.698753,13.907,120.445,8.303
2025-12-25T21:59:53.781Z,46.686,7.180,335.204,22.980,0.00,1.6750,24.734459,46.698753,13.926,120.279,8.314
2025-12-25T21:59:53.898Z,47.049,6.114,287.656,22.980,0.00,1.6750,24.734459,46.698753,13.935,120.198,8.320
2025-12-25T21:59:53.898Z,46.928,6.477,303.937,22.980,0.00,1.6750,24.734459,46.698753,13.935,120.198,8.320
2025-12-25T21:59:54.406Z,47.013,6.271,294.828,23.590,0.00,1.6840,24.734432,46.698837,13.977,120.485,8.300
2025-12-25T21:59:54.464Z,46.627,7.371,343.698,23.590,0.00,1.6840,24.734432,46.698837,13.982,120.437,8.303
2025-12-25T21:59:54.464Z,47.303,5.357,253.395,23.590,0.00,1.6840,24.734432,46.698837,13.982,120.437,8.303
2025-12-25T21:59:54.703Z,46.800,7.147,334.474,23.590,0.00,1.6840,24.734432,46.698837,14.005,120.246,8.316
2025-12-25T21:59:54.824Z,47.050,6.228,293.028,23.590,0.00,1.6840,24.734432,46.698837,14.015,120.161,8.322
2025-12-25T21:59:54.825Z,46.627,7.257,338.365,23.590,0.00,1.6840,24.734432,46.698837,14.015,120.161,8.322
2025-12-25T21:59:55.113Z,46.969,6.588,309.419,23.690,0.00,1.6920,24.734432,46.698910,14.039,120.518,8.297
2025-12-25T21:59:55.522Z,46.767,6.759,316.083,23.690,0.00,1.6920,24.734432,46.698910,14.075,120.211,8.319
2025-12-25T21:59:55.523Z,47.040,5.884,276.789,23.690,0.00,1.6920,24.734432,46.698910,14.075,120.211,8.319
2025-12-25T21:59:55.647Z,46.519,7.588,353.002,23.690,0.00,1.6920,24.734432,46.698910,14.087,120.107,8.326
2025-12-25T21:59:55.829Z,46.846,6.606,309.474,23.690,0.00,1.6920,24.734432,46.698910,14.103,119.973,8.335
2025-12-25T21:59:55.969Z,46.894,6.478,303.795,23.690,0.00,1.6920,24.734432,46.698910,14.115,119.873,8.342
2025-12-25T21:59:55.970Z,47.244,6.364,300.642,23.690,0.00,1.6920,24.734432,46.698910,14.115,119.873,8.342
2025-12-25T21:59:56.175Z,47.111,5.798,273.161,24.370,0.00,1.6990,24.734457,46.698975,14.131,120.236,8.317
2025-12-25T21:59:56.355Z,47.657,4.052,193.105,24.370,0.00,1.6990,24.734457,46.698975,14.140,120.154,8.323
2025-12-25T21:59:56.651Z,47.023,6.289,295.739,24.370,0.00,1.6990,24.734457,46.698975,14.165,119.948,8.337
2025-12-25T21:59:56.651Z,47.132,5.923,279.170,24.370,0.00,1.6990,24.734457,46.698975,14.165,119.948,8.337
2025-12-25T21:59:56.761Z,46.821,6.738,315.478,24.370,0.00,1.6990,24.734457,46.698975,14.174,119.866,8.343
2025-12-25T21:59:56.995Z,47.231,5.934,280.250,24.370,0.00,1.6990,24.734457,46.698975,14.192,119.712,8.353
2025-12-25T21:59:57.264Z,46.736,6.454,301.648,24.150,0.00,1.7050,24.734501,46.699020,14.215,119.944,8.337
2025-12-25T21:59:57.264Z,46.883,6.549,307.015,24.150,0.00,1.7050,24.734501,46.699020,14.215,119.944,8.337
2025-12-25T21:59:57.570Z,47.686,3.744,178.523,24.150,0.00,1.7050,24.734501,46.699020,14.230,119.816,8.346
2025-12-25T21:59:57.585Z,48.491,1.790,86.821,24.150,0.00,1.7050,24.734501,46.699020,14.230,119.813,8.346
2025-12-25T21:59:57.878Z,48.910,0.741,36.237,24.150,0.00,1.7050,24.734501,46.699020,14.233,119.788,8.348
2025-12-25T21:59:57.878Z,48.922,0.722,35.324,24.150,0.00,1.7050,24.734501,46.699020,14.233,119.788,8.348
2025-12-25T21:59:57.997Z,49.022,0.450,22.065,23.410,0.00,1.7120,24.734554,46.699051,14.234,120.274,8.314
2025-12-25T21:59:58.390Z,48.994,0.472,23.110,23.410,0.00,1.7120,24.734554,46.699051,14.237,120.253,8.316
2025-12-25T21:59:58.522Z,49.096,0.261,12.803,23.410,0.00,1.7120,24.734554,46.699051,14.237,120.249,8.316
2025-12-25T21:59:58.799Z,49.124,0.205,10.084,23.410,0.00,1.7120,24.734554,46.699051,14.238,120.242,8.317
2025-12-25T21:59:58.800Z,49.145,0.160,7.887,23.410,0.00,1.7120,24.734554,46.699051,14.238,120.242,8.317
2025-12-25T21:59:58.813Z,49.176,0.082,4.016,23.410,0.00,1.7120,24.734554,46.699051,14.238,120.242,8.317
2025-12-25T21:59:59.044Z,49.186,0.074,3.629,23.410,0.00,1.7120,24.734554,46.699051,14.238,120.240,8.317
2025-12-25T21:59:59.311Z,49.193,0.069,3.400,23.610,0.00,1.7190,24.734613,46.699074,14.238,120.729,8.283
2025-12-25T21:59:59.311Z,49.198,0.064,3.142,23.610,0.00,1.7190,24.734613,46.699074,14.238,120.729,8.283
2025-12-25T21:59:59.466Z,49.201,0.066,3.251,23.610,0.00,1.7190,24.734613,46.699074,14.239,120.728,8.283
2025-12-25T21:59:59.660Z,49.200,0.078,3.848,23.610,0.00,1.7190,24.734613,46.699074,14.239,120.727,8.283
2025-12-25T21:59:59.926Z,49.207,0.069,3.409,23.610,0.00,1.7190,24.734613,46.699074,14.239,120.724,8.283
2025-12-25T21:59:59.926Z,49.213,0.064,3.139,23.610,0.00,1.7190,24.734613,46.699074,14.239,120.724,8.283
2025-12-25T22:00:00.130Z,49.215,0.065,3.218,24.150,0.00,1.7270,24.734682,46.699085,14.239,121.285,8.245
2025-12-25T22:00:00.254Z,49.215,0.075,3.689,24.150,0.00,1.7270,24.734682,46.699085,14.239,121.284,8.245
2025-12-25T22:00:00.453Z,49.220,0.075,3.691,24.150,0.00,1.7270,24.734682,46.699085,14.240,121.282,8.245
2025-12-25T22:00:00.696Z,49.226,0.066,3.239,24.150,0.00,1.7270,24.734682,46.699085,14.240,121.280,8.245
2025-12-25T22:00:00.698Z,49.230,0.065,3.189,24.150,0.00,1.7270,24.734682,46.699085,14.240,121.280,8.245
2025-12-25T22:00:00.949Z,49.232,0.067,3.298,24.150,0.00,1.7270,24.734682,46.699085,14.240,121.278,8.246
2025-12-25T22:00:01.100Z,49.231,0.076,3.735,24.150,0.00,1.7270,24.734682,46.699085,14.240,121.277,8.246
2025-12-25T22:00:01.300Z,49.238,0.064,3.165,22.850,0.00,1.7330,24.734741,46.699085,14.240,121.697,8.217
2025-12-25T22:00:01.300Z,49.240,0.065,3.199,22.850,0.00,1.7330,24.734741,46.699085,14.240,121.697,8.217
2025-12-25T22:00:01.564Z,49.242,0.068,3.330,22.850,0.00,1.7330,24.734741,46.699085,14.241,121.694,8.217
2025-12-25T22:00:01.871Z,49.242,0.073,3.590,22.850,0.00,1.7330,24.734741,46.699085,14.241,121.692,8.217
2025-12-25T22:00:01.894Z,49.247,0.072,3.560,22.850,0.00,1.7330,24.734741,46.699085,14.241,121.692,8.217
2025-12-25T22:00:01.894Z,49.251,0.065,3.186,22.850,0.00,1.7330,24.734741,46.699085,14.241,121.692,8.217
2025-12-25T22:00:02.334Z,49.254,0.065,3.209,24.060,0.00,1.7400,24.734802,46.699070,14.241,122.180,8.185
2025-12-25T22:00:02.335Z,49.254,0.070,3.467,24.060,0.00,1.7400,24.734802,46.699070,14.241,122.180,8.185
2025-12-25T22:00:02.691Z,49.256,0.070,3.472,24.060,0.00,1.7400,24.734802,46.699070,14.242,122.177,8.185
2025-12-25T22:00:02.714Z,49.261,0.064,3.176,24.060,0.00,1.7400,24.734802,46.699070,14.242,122.177,8.185
2025-12-25T22:00:02.714Z,49.263,0.064,3.168,24.060,0.00,1.7400,24.734802,46.699070,14.242,122.177,8.185
2025-12-25T22:00:02.997Z,49.262,0.073,3.578,24.060,0.00,1.7400,24.734802,46.699070,14.242,122.174,8.185
2025-12-25T22:00:03.120Z,49.265,0.071,3.477,22.260,0.00,1.7460,24.734854,46.699051,14.242,122.595,8.157
2025-12-25T22:00:03.341Z,49.269,0.069,3.415,22.260,0.00,1.7460,24.734854,46.699051,14.242,122.593,8.157
2025-12-25T22:00:03.341Z,49.273,0.064,3.137,22.260,0.00,1.7460,24.734854,46.699051,14.242,122.593,8.157
2025-12-25T22:00:03.537Z,49.275,0.065,3.210,22.260,0.00,1.7460,24.734854,46.699051,14.242,122.591,8.157
2025-12-25T22:00:03.831Z,49.273,0.074,3.648,22.260,0.00,1.7460,24.734854,46.699051,14.243,122.589,8.157
2025-12-25T22:00:03.951Z,49.279,0.066,3.277,22.260,0.00,1.7460,24.734854,46.699051,14.243,122.588,8.157
2025-12-25T22:00:03.951Z,49.281,0.064,3.171,22.260,0.00,1.7460,24.734854,46.699051,14.243,122.588,8.157
2025-12-25T22:00:04.328Z,49.282,0.066,3.262,19.580,0.00,1.7510,24.734892,46.699028,14.243,122.936,8.134
2025-12-25T22:00:04.423Z,49.280,0.078,3.827,19.580,0.00,1.7510,24.734892,46.699028,14.243,122.935,8.134
2025-12-25T22:00:04.739Z,49.287,0.064,3.174,19.580,0.00,1.7510,24.734892,46.699028,14.244,122.933,8.135
2025-12-25T22:00:04.739Z,49.267,0.133,6.536,19.580,0.00,1.7510,24.734892,46.699028,14.244,122.933,8.135
2025-12-25T22:00:04.760Z,49.238,0.226,11.118,19.580,0.00,1.7510,24.734892,46.699028,14.244,122.932,8.135
2025-12-25T22:00:05.046Z,49.183,0.388,19.096,19.580,0.00,1.7510,24.734892,46.699028,14.245,122.919,8.135
2025-12-25T22:00:05.154Z,49.163,0.453,22.293,22.260,0.00,1.7580,24.734940,46.698990,14.246,123.404,8.103
2025-12-25T22:00:05.559Z,49.129,0.585,28.751,22.260,0.00,1.7580,24.734940,46.698990,14.249,123.376,8.105
2025-12-25T22:00:05.559Z,49.044,0.817,40.087,22.260,0.00,1.7580,24.734940,46.698990,14.249,123.376,8.105
2025-12-25T22:00:05.667Z,48.983,0.980,48.018,22.260,0.00,1.7580,24.734940,46.698990,14.251,123.364,8.106
2025-12-25T22:00:05.864Z,48.923,1.168,57.141,22.260,0.00,1.7580,24.734940,46.698990,14.254,123.337,8.108
2025-12-25T22:00:05.980Z,48.170,3.402,163.867,22.260,0.00,1.7580,24.734940,46.698990,14.259,123.291,8.111
2025-12-25T22:00:05.986Z,47.796,4.466,213.449,22.130,0.00,1.7640,24.734983,46.698944,14.259,123.709,8.083
2025-12-25T22:00:06.376Z,47.787,4.411,210.769,22.130,0.00,1.7640,24.734983,46.698944,14.282,123.511,8.096
2025-12-25T22:00:06.456Z,47.784,4.491,214.619,22.130,0.00,1.7640,24.734983,46.698944,14.287,123.470,8.099
2025-12-25T22:00:06.787Z,47.640,4.733,225.481,22.130,0.00,1.7640,24.734983,46.698944,14.308,123.291,8.111
2025-12-25T22:00:06.787Z,47.699,4.540,216.540,22.130,0.00,1.7640,24.734983,46.698944,14.308,123.291,8.111
2025-12-25T22:00:06.799Z,47.597,4.876,232.104,22.130,0.00,1.7640,24.734983,46.698944,14.308,123.284,8.111
2025-12-25T22:00:07.199Z,47.606,4.883,232.482,22.130,0.00,1.7640,24.734983,46.698944,14.334,123.062,8.126
2025-12-25T22:00:07.287Z,47.658,4.754,226.574,22.820,0.00,1.7710,24.735023,46.698891,14.340,123.503,8.097
2025-12-25T22:00:07.447Z,47.616,4.816,229.303,22.820,0.00,1.7710,24.735023,46.698891,14.350,123.415,8.103
2025-12-25T22:00:07.447Z,47.620,4.660,221.889,22.820,0.00,1.7710,24.735023,46.698891,14.350,123.415,8.103
2025-12-25T22:00:07.651Z,47.610,4.834,230.146,22.820,0.00,1.7710,24.735023,46.698891,14.363,123.303,8.110
2025-12-25T22:00:07.847Z,47.764,4.332,206.892,22.820,0.00,1.7710,24.735023,46.698891,14.374,123.206,8.116
2025-12-25T22:00:08.118Z,47.537,5.010,238.174,22.820,0.00,1.7710,24.735023,46.698891,14.392,123.053,8.127
2025-12-25T22:00:08.118Z,47.442,5.275,250.267,25.850,0.00,1.7800,24.735071,46.698818,14.392,123.678,8.086
2025-12-25T22:00:08.424Z,47.629,4.765,226.958,25.850,0.00,1.7800,24.735071,46.698818,14.411,123.513,8.096
2025-12-25T22:00:08.437Z,47.537,4.908,233.293,25.850,0.00,1.7800,24.735071,46.698818,14.412,123.506,8.097
2025-12-25T22:00:08.731Z,47.439,5.222,247.708,25.850,0.00,1.7800,24.735071,46.698818,14.433,123.332,8.108
2025-12-25T22:00:08.732Z,47.539,5.033,239.243,25.850,0.00,1.7800,24.735071,46.698818,14.433,123.332,8.108
2025-12-25T22:00:08.936Z,47.478,5.115,242.829,25.850,0.00,1.7800,24.735071,46.698818,14.446,123.215,8.116
2025-12-25T22:00:09.081Z,47.498,5.179,245.988,25.850,0.00,1.7800,24.735071,46.698818,14.456,123.130,8.121
2025-12-25T22:00:09.448Z,47.482,5.172,245.555,25.720,0.00,1.7880,24.735100,46.698750,14.481,123.470,8.099
2025-12-25T22:00:09.448Z,47.480,5.171,245.496,25.720,0.00,1.7880,24.735100,46.698750,14.481,123.469,8.099
2025-12-25T22:00:09.486Z,47.433,5.193,246.302,25.720,0.00,1.7880,24.735100,46.698750,14.484,123.447,8.101
2025-12-25T22:00:09.858Z,47.373,5.322,252.114,25.720,0.00,1.7880,24.735100,46.698750,14.510,123.225,8.115
2025-12-25T22:00:09.959Z,47.526,4.939,234.737,25.720,0.00,1.7880,24.735100,46.698750,14.517,123.170,8.119
2025-12-25T22:00:10.140Z,47.488,5.091,241.743,25.720,0.00,1.7880,24.735100,46.698750,14.529,123.067,8.126
2025-12-25T22:00:10.140Z,47.351,5.439,257.551,24.210,0.00,1.7950,24.735102,46.698681,14.529,123.548,8.094
2025-12-25T22:00:10.305Z,47.368,5.337,252.819,24.210,0.00,1.7950,24.735102,46.698681,14.540,123.450,8.100
2025-12-25T22:00:10.490Z,47.516,5.017,238.374,24.210,0.00,1.7950,24.735102,46.698681,14.553,123.346,8.107
2025-12-25T22:00:10.882Z,47.405,5.305,251.496,24.210,0.00,1.7950,24.735102,46.698681,14.580,123.115,8.123
2025-12-25T22:00:10.882Z,47.660,4.570,217.826,24.210,0.00,1.7950,24.735102,46.698681,14.580,123.115,8.123
2025-12-25T22:00:10.941Z,47.560,4.919,233.936,24.210,0.00,1.7950,24.735102,46.698681,14.584,123.082,8.125
2025-12-25T22:00:11.159Z,47.600,4.736,225.442,24.080,0.00,1.8020,24.735094,46.698612,14.597,123.447,8.101
2025-12-25T22:00:11.335Z,47.358,5.444,257.839,24.080,0.00,1.8020,24.735094,46.698612,14.610,123.340,8.108
2025-12-25T22:00:11.335Z,47.292,5.556,262.774,24.080,0.00,1.8020,24.735094,46.698612,14.610,123.340,8.108
2025-12-25T22:00:11.510Z,47.530,4.900,232.875,24.080,0.00,1.8020,24.735094,46.698612,14.621,123.244,8.114
2025-12-25T22:00:11.804Z,47.320,5.583,264.187,24.080,0.00,1.8020,24.735094,46.698612,14.643,123.063,8.126
2025-12-25T22:00:11.918Z,47.314,5.634,266.577,24.080,0.00,1.8020,24.735094,46.698612,14.651,122.992,8.131
2025-12-25T22:00:12.316Z,47.461,5.015,238.031,24.080,0.00,1.8020,24.735094,46.698612,14.678,122.771,8.145
2025-12-25T22:00:12.317Z,47.580,4.812,228.975,23.960,0.00,1.8090,24.735067,46.698555,14.678,123.248,8.114
2025-12-25T22:00:12.420Z,47.290,5.540,261.997,23.960,0.00,1.8090,24.735067,46.698555,14.685,123.185,8.118
2025-12-25T22:00:12.555Z,47.321,5.648,267.283,23.960,0.00,1.8090,24.735067,46.698555,14.695,123.101,8.123
2025-12-25T22:00:12.930Z,47.314,5.620,265.897,23.960,0.00,1.8090,24.735067,46.698555,14.723,122.869,8.139
2025-12-25T22:00:12.930Z,47.196,6.017,283.976,23.960,0.00,1.8090,24.735067,46.698555,14.723,122.869,8.139
2025-12-25T22:00:13.058Z,47.362,5.630,266.638,23.960,0.00,1.8090,24.735067,46.698555,14.732,122.791,8.144
2025-12-25T22:00:13.238Z,47.223,5.666,267.563,22.890,0.00,1.8150,24.735031,46.698505,14.746,123.086,8.124
2025-12-25T22:00:13.366Z,47.168,5.990,282.517,22.890,0.00,1.8150,24.735031,46.698505,14.756,123.002,8.130
2025-12-25T22:00:13.367Z,47.356,5.373,254.459,22.890,0.00,1.8150,24.735031,46.698505,14.756,123.002,8.130
2025-12-25T22:00:13.646Z,47.172,5.799,273.550,22.890,0.00,1.8150,24.735031,46.698505,14.777,122.825,8.142
2025-12-25T22:00:13.765Z,47.288,5.554,262.615,22.890,0.00,1.8150,24.735031,46.698505,14.786,122.753,8.146
2025-12-25T22:00:14.168Z,47.317,5.363,253.771,22.890,0.00,1.8150,24.735031,46.698505,14.814,122.517,8.162
2025-12-25T22:00:14.168Z,47.163,5.959,281.030,22.710,0.00,1.8210,24.734987,46.698471,14.814,122.922,8.135
2025-12-25T22:00:14.279Z,47.078,6.160,290.012,22.710,0.00,1.8210,24.734987,46.698471,14.823,122.848,8.140
2025-12-25T22:00:14.671Z,47.327,5.541,262.245,22.710,0.00,1.8210,24.734987,46.698471,14.852,122.612,8.156
2025-12-25T22:00:14.671Z,47.095,6.049,284.889,22.710,0.00,1.8210,24.734987,46.698471,14.852,122.612,8.156
2025-12-25T22:00:14.683Z,47.210,6.101,288.049,22.710,0.00,1.8210,24.734987,46.698471,14.853,122.604,8.156
2025-12-25T22:00:14.977Z,47.173,5.986,282.392,22.710,0.00,1.8210,24.734987,46.698471,14.876,122.414,8.169
2025-12-25T22:00:15.104Z,46.963,6.028,283.072,22.710,0.00,1.8210,24.734987,46.698471,14.886,122.332,8.174
2025-12-25T22:00:15.105Z,47.094,6.521,307.106,21.300,0.00,1.8270,24.734945,46.698437,14.886,122.735,8.148
2025-12-25T22:00:15.435Z,47.227,5.567,262.919,21.300,0.00,1.8270,24.734945,46.698437,14.910,122.536,8.161
2025-12-25T22:00:15.527Z,46.962,5.823,273.480,21.300,0.00,1.8270,24.734945,46.698437,14.917,122.478,8.165
2025-12-25T22:00:15.797Z,47.176,5.725,270.098,21.300,0.00,1.8270,24.734945,46.698437,14.937,122.312,8.176
2025-12-25T22:00:15.798Z,47.046,6.443,303.105,21.300,0.00,1.8270,24.734945,46.698437,14.937,122.312,8.176
2025-12-25T22:00:16.044Z,46.906,5.802,272.147,21.300,0.00,1.8270,24.734945,46.698437,14.956,122.160,8.186
2025-12-25T22:00:16.125Z,47.161,6.159,290.444,18.630,0.00,1.8320,24.734913,46.698399,14.962,122.441,8.167
2025-12-25T22:00:16.309Z,47.109,5.782,272.399,18.630,0.00,1.8320,24.734913,46.698399,14.976,122.327,8.175
2025-12-25T22:00:16.449Z,47.043,5.822,273.894,18.630,0.00,1.8320,24.734913,46.698399,14.987,122.240,8.181
2025-12-25T22:00:16.719Z,47.134,5.758,271.415,18.630,0.00,1.8320,24.734913,46.698399,15.007,122.074,8.192
2025-12-25T22:00:16.854Z,47.322,5.852,276.932,18.630,0.00,1.8320,24.734913,46.698399,15.018,121.990,8.197
2025-12-25T22:00:16.859Z,46.930,5.779,271.198,18.630,0.00,1.8320,24.734913,46.698399,15.018,121.987,8.198
2025-12-25T22:00:17.039Z,47.054,6.732,316.775,16.690,0.00,1.8370,24.734869,46.698383,15.034,122.191,8.184
2025-12-25T22:00:17.256Z,47.229,6.059,286.145,16.690,0.00,1.8370,24.734869,46.698383,15.051,122.051,8.193
2025-12-25T22:00:17.501Z,47.062,6.560,308.739,16.690,0.00,1.8370,24.734869,46.698383,15.072,121.880,8.205
2025-12-25T22:00:17.502Z,47.045,6.044,284.346,16.690,0.00,1.8370,24.734869,46.698383,15.072,121.880,8.205
2025-12-25T22:00:17.676Z,46.937,6.215,291.692,16.690,0.00,1.8370,24.734869,46.698383,15.086,121.766,8.212
2025-12-25T22:00:17.948Z,46.997,5.992,281.598,16.690,0.00,1.8370,24.734869,46.698383,15.108,121.595,8.224
2025-12-25T22:00:18.093Z,47.060,6.376,300.070,16.690,0.00,1.8370,24.734869,46.698383,15.120,121.497,8.231
2025-12-25T22:00:18.093Z,47.549,4.882,232.134,16.170,0.00,1.8420,24.734823,46.698380,15.120,121.828,8.208
2025-12-25T22:00:18.357Z,47.093,6.248,294.244,16.170,0.00,1.8420,24.734823,46.698380,15.141,121.654,8.220
2025-12-25T22:00:18.473Z,46.989,6.281,295.113,16.170,0.00,1.8420,24.734823,46.698380,15.151,121.578,8.225
2025-12-25T22:00:18.870Z,47.025,5.716,268.784,16.170,0.00,1.8420,24.734823,46.698380,15.180,121.340,8.241
2025-12-25T22:00:18.974Z,47.251,5.499,259.843,16.170,0.00,1.8420,24.734823,46.698380,15.188,121.280,8.245
2025-12-25T22:00:18.974Z,47.033,6.277,295.206,16.170,0.00,1.8420,24.734823,46.698380,15.188,121.280,8.245
2025-12-25T22:00:19.176Z,47.116,5.948,280.266,20.280,0.00,1.8500,24.734756,46.698406,15.204,121.681,8.218
2025-12-25T22:00:19.328Z,47.114,5.984,281.932,20.280,0.00,1.8500,24.734756,46.698406,15.216,121.586,8.225
2025-12-25T22:00:19.689Z,46.930,6.250,293.303,20.280,0.00,1.8500,24.734756,46.698406,15.245,121.352,8.241
2025-12-25T22:00:19.689Z,46.979,6.448,302.904,20.280,0.00,1.8500,24.734756,46.698406,15.245,121.352,8.241
2025-12-25T22:00:19.778Z,46.968,6.181,290.293,20.280,0.00,1.8500,24.734756,46.698406,15.252,121.294,8.244
2025-12-25T22:00:19.996Z,46.993,6.179,290.373,20.280,0.00,1.8500,24.734756,46.698406,15.270,121.155,8.254
2025-12-25T22:00:20.200Z,47.131,5.809,273.766,20.280,0.00,1.8500,24.734756,46.698406,15.285,121.032,8.262
2025-12-25T22:00:20.200Z,47.029,6.032,283.664,22.220,0.00,1.8580,24.734692,46.698441,15.285,121.555,8.227
2025-12-25T22:00:20.405Z,47.273,5.389,254.770,22.220,0.00,1.8580,24.734692,46.698441,15.300,121.440,8.235
2025-12-25T22:00:20.555Z,47.625,4.338,206.608,22.220,0.00,1.8580,24.734692,46.698441,15.308,121.371,8.239
2025-12-25T22:00:20.918Z,47.163,5.640,266.008,22.220,0.00,1.8580,24.734692,46.698441,15.335,121.159,8.254
2025-12-25T22:00:20.918Z,47.115,5.932,279.485,22.220,0.00,1.8580,24.734692,46.698441,15.335,121.159,8.254
2025-12-25T22:00:21.018Z,47.072,6.159,289.939,22.220,0.00,1.8580,24.734692,46.698441,15.343,121.096,8.258
2025-12-25T22:00:21.224Z,46.864,6.822,319.692,23.960,0.00,1.8660,24.734631,46.698486,15.362,121.472,8.232
2025-12-25T22:00:21.371Z,46.856,6.015,281.860,23.960,0.00,1.8660,24.734631,46.698486,15.373,121.381,8.239
2025-12-25T22:00:21.738Z,47.174,5.221,246.308,23.960,0.00,1.8660,24.734631,46.698486,15.398,121.184,8.252
2025-12-25T22:00:21.738Z,46.898,6.578,308.515,23.960,0.00,1.8660,24.734631,46.698486,15.398,121.183,8.252
2025-12-25T22:00:21.851Z,46.907,6.262,293.736,23.960,0.00,1.8660,24.734631,46.698486,15.407,121.111,8.257
2025-12-25T22:00:22.043Z,46.918,6.195,290.652,23.960,0.00,1.8660,24.734631,46.698486,15.423,120.989,8.265
2025-12-25T22:00:22.176Z,47.074,6.350,298.936,23.170,0.00,1.8750,24.734577,46.698544,15.434,121.486,8.231
2025-12-25T22:00:22.176Z,47.015,6.354,298.724,23.170,0.00,1.8750,24.734577,46.698544,15.434,121.486,8.231
2025-12-25T22:00:22.380Z,46.972,6.252,293.689,23.170,0.00,1.8750,24.734577,46.698544,15.451,121.354,8.240
2025-12-25T22:00:22.599Z,46.724,7.127,332.985,23.170,0.00,1.8750,24.734577,46.698544,15.471,121.196,8.251
2025-12-25T22:00:22.778Z,47.580,4.660,221.725,23.170,0.00,1.8750,24.734577,46.698544,15.482,121.110,8.257
2025-12-25T22:00:22.779Z,46.772,6.694,313.096,23.170,0.00,1.8750,24.734577,46.698544,15.482,121.109,8.257
2025-12-25T22:00:23.170Z,47.039,6.303,296.481,23.170,0.00,1.8750,24.734577,46.698544,15.514,120.858,8.274
2025-12-25T22:00:23.242Z,47.767,3.891,185.880,22.760,0.00,1.8820,24.734533,46.698601,15.518,121.280,8.245
2025-12-25T22:00:23.477Z,46.913,6.470,303.544,22.760,0.00,1.8820,24.734533,46.698601,15.538,121.125,8.256
2025-12-25T22:00:23.599Z,46.871,6.476,303.559,22.760,0.00,1.8820,24.734533,46.698601,15.548,121.045,8.261
2025-12-25T22:00:23.600Z,47.246,5.258,248.420,22.760,0.00,1.8820,24.734533,46.698601,15.548,121.045,8.261
2025-12-25T22:00:23.994Z,47.955,3.426,164.286,22.760,0.00,1.8820,24.734533,46.698601,15.566,120.905,8.271
2025-12-25T22:00:24.096Z,47.166,5.748,271.122,22.760,0.00,1.8820,24.734533,46.698601,15.574,120.845,8.275
2025-12-25T22:00:24.228Z,46.918,6.545,307.064,22.020,0.00,1.8890,24.734503,46.698662,15.585,121.207,8.250
2025-12-25T22:00:24.228Z,47.133,5.849,275.674,22.020,0.00,1.8890,24.734503,46.698662,15.585,121.207,8.250
2025-12-25T22:00:24.501Z,47.329,5.250,248.483,22.020,0.00,1.8890,24.734503,46.698662,15.604,121.060,8.260
2025-12-25T22:00:24.705Z,47.003,6.161,289.605,22.020,0.00,1.8890,24.734503,46.698662,15.620,120.934,8.269
2025-12-25T22:00:24.823Z,46.949,6.319,296.650,22.020,0.00,1.8890,24.734503,46.698662,15.630,120.858,8.274
2025-12-25T22:00:24.823Z,47.413,4.875,231.116,22.020,0.00,1.8890,24.734503,46.698662,15.630,120.858,8.274
2025-12-25T22:00:25.219Z,47.090,5.998,282.465,23.170,0.00,1.9000,24.734457,46.698753,15.661,121.321,8.243
2025-12-25T22:00:25.330Z,46.975,6.108,286.915,23.170,0.00,1.9000,24.734457,46.698753,15.670,121.252,8.247
2025-12-25T22:00:25.525Z,46.950,6.309,296.213,23.170,0.00,1.9000,24.734457,46.698753,15.686,121.128,8.256
2025-12-25T22:00:25.525Z,46.965,6.284,295.127,23.170,0.00,1.9000,24.734457,46.698753,15.686,121.128,8.256
2025-12-25T22:00:25.734Z,46.783,6.651,311.132,23.170,0.00,1.9000,24.734457,46.698753,15.704,120.989,8.265
2025-12-25T22:00:25.878Z,47.096,5.824,274.286,23.170,0.00,1.9000,24.734457,46.698753,15.715,120.904,8.271
2025-12-25T22:00:26.343Z,46.832,6.648,311.352,23.170,0.00,1.9000,24.734457,46.698753,15.755,120.595,8.292
2025-12-25T22:00:26.344Z,47.412,4.981,236.156,23.260,0.00,1.9120,24.734415,46.698860,15.755,121.357,8.240
2025-12-25T22:00:26.430Z,46.930,6.378,299.295,23.260,0.00,1.9120,24.734415,46.698860,15.762,121.301,8.244
2025-12-25T22:00:26.651Z,47.051,5.951,279.996,23.260,0.00,1.9120,24.734415,46.698860,15.780,121.170,8.253
2025-12-25T22:00:26.651Z,47.051,6.192,291.342,23.260,0.00,1.9120,24.734415,46.698860,15.780,121.169,8.253
2025-12-25T22:00:26.774Z,46.919,6.221,291.893,23.260,0.00,1.9120,24.734415,46.698860,15.790,121.093,8.258
2025-12-25T22:00:27.103Z,46.853,6.589,308.733,23.260,0.00,1.9120,24.734415,46.698860,15.818,120.877,8.273
2025-12-25T22:00:27.213Z,47.068,5.931,279.164,23.560,0.00,1.9190,24.734421,46.698933,15.826,121.254,8.247
2025-12-25T22:00:27.213Z,47.061,6.225,292.943,23.560,0.00,1.9190,24.734421,46.698933,15.826,121.254,8.247
2025-12-25T22:00:27.471Z,46.828,6.802,318.515,23.560,0.00,1.9190,24.734421,46.698933,15.849,121.079,8.259
2025-12-25T22:00:27.596Z,46.753,6.718,314.097,23.560,0.00,1.9190,24.734421,46.698933,15.860,120.996,8.265
2025-12-25T22:00:27.984Z,46.872,6.275,294.124,23.560,0.00,1.9190,24.734421,46.698933,15.892,120.755,8.281
2025-12-25T22:00:27.984Z,46.781,6.647,310.960,23.560,0.00,1.9190,24.734421,46.698933,15.892,120.755,8.281
2025-12-25T22:00:27.996Z,46.710,7.157,334.311,24.060,0.00,1.9260,24.734449,46.698990,15.893,121.187,8.252
2025-12-25T22:00:28.392Z,46.872,6.426,301.190,24.060,0.00,1.9260,24.734449,46.698990,15.926,120.935,8.269
2025-12-25T22:00:28.464Z,47.112,5.629,265.173,24.060,0.00,1.9260,24.734449,46.698990,15.931,120.895,8.272
2025-12-25T22:00:28.464Z,46.846,6.688,313.285,24.060,0.00,1.9260,24.734449,46.698990,15.931,120.895,8.272
2025-12-25T22:00:28.620Z,46.869,6.621,310.305,24.060,0.00,1.9260,24.734449,46.698990,15.945,120.793,8.279
2025-12-25T22:00:28.905Z,46.722,6.534,305.273,24.060,0.00,1.9260,24.734449,46.698990,15.969,120.610,8.291
2025-12-25T22:00:29.046Z,46.680,6.614,308.721,24.060,0.00,1.9260,24.734449,46.698990,15.981,120.518,8.297
2025-12-25T22:00:29.415Z,46.861,6.214,291.203,23.840,0.00,1.9320,24.734495,46.699036,16.011,120.669,8.287
2025-12-25T22:00:29.415Z,46.963,6.206,291.457,23.840,0.00,1.9320,24.734495,46.699036,16.011,120.669,8.287
2025-12-25T22:00:29.499Z,46.974,5.417,254.475,23.840,0.00,1.9320,24.734495,46.699036,16.017,120.624,8.290
2025-12-25T22:00:29.635Z,47.682,3.895,185.713,23.840,0.00,1.9320,24.734495,46.699036,16.024,120.571,8.294
2025-12-25T22:00:30.032Z,48.509,1.441,69.920,23.840,0.00,1.9320,24.734495,46.699036,16.031,120.513,8.298
2025-12-25T22:00:30.032Z,48.861,0.699,34.148,23.840,0.00,1.9320,24.734495,46.699036,16.031,120.513,8.298
2025-12-25T22:00:30.128Z,48.905,0.583,28.493,22.960,0.00,1.9390,24.734549,46.699070,16.032,120.944,8.268
2025-12-25T22:00:30.301Z,48.933,0.522,25.527,22.960,0.00,1.9390,24.734549,46.699070,16.033,120.935,8.269
2025-12-25T22:00:30.458Z,48.931,0.515,25.182,22.960,0.00,1.9390,24.734549,46.699070,16.035,120.926,8.269
2025-12-25T22:00:30.850Z,49.038,0.257,12.584,22.960,0.00,1.9390,24.734549,46.699070,16.036,120.916,8.270
2025-12-25T22:00:30.850Z,49.041,0.257,12.579,22.960,0.00,1.9390,24.734549,46.699070,16.036,120.916,8.270
2025-12-25T22:00:30.943Z,49.083,0.148,7.272,22.960,0.00,1.9390,24.734549,46.699070,16.036,120.915,8.270
2025-12-25T22:00:31.140Z,49.112,0.077,3.775,22.960,0.00,1.9390,24.734549,46.699070,16.036,120.913,8.270
2025-12-25T22:00:31.276Z,49.121,0.065,3.180,23.610,0.00,1.9460,24.734608,46.699089,16.036,121.349,8.241
2025-12-25T22:00:31.277Z,49.126,0.065,3.191,23.610,0.00,1.9460,24.734608,46.699089,16.036,121.349,8.241
2025-12-25T22:00:31.670Z,49.128,0.067,3.304,23.610,0.00,1.9460,24.734608,46.699089,16.037,121.346,8.241
2025-12-25T22:00:31.795Z,49.129,0.076,3.716,23.610,0.00,1.9460,24.734608,46.699089,16.037,121.345,8.241
2025-12-25T22:00:32.079Z,49.137,0.064,3.151,23.610,0.00,1.9460,24.734608,46.699089,16.037,121.343,8.241
2025-12-25T22:00:32.079Z,49.140,0.065,3.189,23.610,0.00,1.9460,24.734608,46.699089,16.037,121.343,8.241
2025-12-25T22:00:32.098Z,49.145,0.066,3.236,25.000,0.00,1.9530,24.734669,46.699093,16.037,121.780,8.212
2025-12-25T22:00:32.488Z,49.147,0.070,3.453,25.000,0.00,1.9530,24.734669,46.699093,16.038,121.777,8.212
2025-12-25T22:00:32.609Z,49.148,0.074,3.628,25.000,0.00,1.9530,24.734669,46.699093,16.038,121.776,8.212
2025-12-25T22:00:32.613Z,49.154,0.065,3.180,25.000,0.00,1.9530,24.734669,46.699093,16.038,121.776,8.212
2025-12-25T22:00:32.897Z,49.156,0.066,3.231,25.000,0.00,1.9530,24.734669,46.699093,16.038,121.774,8.212
2025-12-25T22:00:32.910Z,49.157,0.071,3.482,25.000,0.00,1.9530,24.734669,46.699093,16.038,121.774,8.212
2025-12-25T22:00:33.204Z,49.161,0.070,3.437,25.450,0.00,1.9600,24.734735,46.699089,16.038,122.208,8.183
2025-12-25T22:00:33.333Z,49.165,0.065,3.177,25.450,0.00,1.9600,24.734735,46.699089,16.038,122.207,8.183
2025-12-25T22:00:33.333Z,49.169,0.065,3.181,25.450,0.00,1.9600,24.734735,46.699089,16.038,122.207,8.183
2025-12-25T22:00:33.549Z,49.171,0.065,3.215,25.450,0.00,1.9600,24.734735,46.699089,16.039,122.206,8.183
2025-12-25T22:00:33.923Z,49.171,0.073,3.609,25.450,0.00,1.9600,24.734735,46.699089,16.039,122.203,8.183
2025-12-25T22:00:33.997Z,49.175,0.068,3.365,25.450,0.00,1.9600,24.734735,46.699089,16.039,122.202,8.183
2025-12-25T22:00:33.998Z,49.179,0.065,3.197,25.450,0.00,1.9600,24.734735,46.699089,16.039,122.202,8.183
2025-12-25T22:00:34.331Z,49.181,0.065,3.208,23.190,0.00,1.9670,24.734789,46.699070,16.039,122.636,8.154
2025-12-25T22:00:34.344Z,49.179,0.078,3.838,23.190,0.00,1.9670,24.734789,46.699070,16.039,122.636,8.154
2025-12-25T22:00:34.639Z,49.186,0.067,3.314,23.190,0.00,1.9670,24.734789,46.699070,16.040,122.634,8.154
2025-12-25T22:00:34.639Z,49.189,0.065,3.194,23.190,0.00,1.9670,24.734789,46.699070,16.040,122.634,8.154
2025-12-25T22:00:34.759Z,49.190,0.065,3.175,23.190,0.00,1.9670,24.734789,46.699070,16.040,122.633,8.154
2025-12-25T22:00:35.152Z,49.193,0.067,3.284,23.190,0.00,1.9670,24.734789,46.699070,16.040,122.631,8.155
2025-12-25T22:00:35.159Z,49.192,0.077,3.766,23.630,0.00,1.9740,24.734846,46.699043,16.040,123.067,8.126
2025-12-25T22:00:35.456Z,49.199,0.064,3.142,23.630,0.00,1.9740,24.734846,46.699043,16.040,123.065,8.126
2025-12-25T22:00:35.457Z,49.194,0.085,4.194,23.630,0.00,1.9740,24.734846,46.699043,16.040,123.065,8.126
2025-12-25T22:00:35.663Z,49.197,0.086,4.226,23.630,0.00,1.9740,24.734846,46.699043,16.041,123.063,8.126
2025-12-25T22:00:35.801Z,49.140,0.266,13.066,23.630,0.00,1.9740,24.734846,46.699043,16.041,123.059,8.126
2025-12-25T22:00:36.077Z,49.079,0.457,22.431,23.630,0.00,1.9740,24.734846,46.699043,16.043,123.046,8.127
2025-12-25T22:00:36.077Z,49.040,0.558,27.352,23.630,0.00,1.9800,24.734896,46.699013,16.043,123.420,8.102
2025-12-25T22:00:36.204Z,49.006,0.650,31.837,23.630,0.00,1.9800,24.734896,46.699013,16.044,123.412,8.103
2025-12-25T22:00:36.583Z,48.899,1.000,48.896,23.630,0.00,1.9800,24.734896,46.699013,16.049,123.372,8.106
2025-12-25T22:00:36.679Z,48.952,0.791,38.707,23.630,0.00,1.9800,24.734896,46.699013,16.050,123.364,8.106
2025-12-25T22:00:36.680Z,48.931,0.861,42.149,23.630,0.00,1.9800,24.734896,46.699013,16.050,123.364,8.106
2025-12-25T22:00:36.890Z,48.971,0.769,37.659,23.630,0.00,1.9800,24.734896,46.699013,16.052,123.347,8.107
2025-12-25T22:00:37.103Z,48.963,0.770,37.679,23.630,0.00,1.9800,24.734896,46.699013,16.054,123.330,8.108
2025-12-25T22:00:37.218Z,48.837,1.194,58.308,22.760,0.00,1.9860,24.734943,46.698978,16.056,123.689,8.085
2025-12-25T22:00:37.607Z,48.891,1.016,49.672,22.760,0.00,1.9860,24.734943,46.698978,16.062,123.648,8.087
2025-12-25T22:00:37.607Z,48.806,1.288,62.879,22.760,0.00,1.9860,24.734943,46.698978,16.062,123.648,8.087
2025-12-25T22:00:37.702Z,48.874,1.525,74.524,22.760,0.00,1.9860,24.734943,46.698978,16.064,123.633,8.088
2025-12-25T22:00:38.018Z,48.826,1.140,55.663,22.760,0.00,1.9860,24.734943,46.698978,16.069,123.595,8.091
2025-12-25T22:00:38.069Z,48.824,1.218,59.477,22.760,0.00,1.9860,24.734943,46.698978,16.069,123.589,8.091
2025-12-25T22:00:38.069Z,48.666,1.695,82.471,21.950,0.00,1.9920,24.734983,46.698936,16.069,123.962,8.067
2025-12-25T22:00:38.233Z,48.656,1.676,81.527,21.950,0.00,1.9920,24.734983,46.698936,16.073,123.934,8.069
2025-12-25T22:00:38.455Z,48.788,1.316,64.206,21.950,0.00,1.9920,24.734983,46.698936,16.077,123.903,8.071
2025-12-25T22:00:38.838Z,48.518,2.127,103.178,21.950,0.00,1.9920,24.734983,46.698936,16.088,123.819,8.076
2025-12-25T22:00:38.838Z,48.137,3.208,154.399,21.950,0.00,1.9920,24.734983,46.698936,16.088,123.818,8.076
2025-12-25T22:00:38.934Z,48.225,2.933,141.430,21.950,0.00,1.9920,24.734983,46.698936,16.092,123.789,8.078
2025-12-25T22:00:39.143Z,48.181,3.060,147.420,22.040,0.00,1.9980,24.735014,46.698887,16.100,124.096,8.058
2025-12-25T22:00:39.257Z,48.107,3.224,155.113,22.040,0.00,1.9980,24.735014,46.698887,16.105,124.058,8.061
2025-12-25T22:00:39.658Z,48.260,2.839,136.993,22.040,0.00,1.9980,24.735014,46.698887,16.121,123.941,8.068
2025-12-25T22:00:39.658Z,48.172,3.079,148.313,22.040,0.00,1.9980,24.735014,46.698887,16.121,123.941,8.068
2025-12-25T22:00:39.679Z,48.075,3.324,159.791,22.040,0.00,1.9980,24.735014,46.698887,16.121,123.934,8.069
2025-12-25T22:00:39.964Z,48.040,3.506,168.410,22.040,0.00,1.9980,24.735014,46.698887,16.135,123.832,8.075
2025-12-25T22:00:40.080Z,47.955,3.761,180.376,22.040,0.00,1.9980,24.735014,46.698887,16.141,123.787,8.078
2025-12-25T22:00:40.086Z,48.034,3.459,166.165,22.040,0.00,2.0050,24.735035,46.698830,16.141,124.218,8.050
2025-12-25T22:00:40.474Z,48.002,3.540,169.905,22.040,0.00,2.0050,24.735035,46.698830,16.159,124.078,8.059
2025-12-25T22:00:40.491Z,48.006,3.546,170.212,22.040,0.00,2.0050,24.735035,46.698830,16.160,124.072,8.060
2025-12-25T22:00:40.885Z,47.818,4.109,196.475,22.040,0.00,2.0050,24.735035,46.698830,16.182,123.907,8.071
2025-12-25T22:00:40.885Z,47.765,4.296,205.209,22.040,0.00,2.0050,24.735035,46.698830,16.182,123.906,8.071
2025-12-25T22:00:40.894Z,47.959,3.645,174.807,22.040,0.00,2.0050,24.735035,46.698830,16.182,123.903,8.071
2025-12-25T22:00:41.192Z,47.967,3.641,174.658,22.190,0.00,2.0110,24.735044,46.698772,16.196,124.163,8.054
2025-12-25T22:00:41.318Z,47.818,4.074,194.813,22.190,0.00,2.0110,24.735044,46.698772,16.203,124.111,8.057
2025-12-25T22:00:41.318Z,47.975,3.577,171.606,22.190,0.00,2.0110,24.735044,46.698772,16.203,124.111,8.057
2025-12-25T22:00:41.704Z,47.979,3.535,169.589,22.190,0.00,2.0110,24.735044,46.698772,16.221,123.972,8.066
2025-12-25T22:00:41.833Z,47.936,3.722,178.392,22.190,0.00,2.0110,24.735044,46.698772,16.228,123.923,8.070
2025-12-25T22:00:41.833Z,47.704,4.330,206.552,22.190,0.00,2.0110,24.735044,46.698772,16.228,123.923,8.070
2025-12-25T22:00:42.216Z,47.830,3.959,189.337,22.190,0.00,2.0110,24.735044,46.698772,16.248,123.769,8.080
2025-12-25T22:00:42.231Z,47.732,4.403,210.157,21.650,0.00,2.0160,24.735041,46.698715,16.249,124.070,8.060
2025-12-25T22:00:42.523Z,47.667,4.561,217.402,21.650,0.00,2.0160,24.735041,46.698715,16.266,123.936,8.069
2025-12-25T22:00:42.523Z,47.713,4.393,209.623,21.650,0.00,2.0160,24.735041,46.698715,16.266,123.936,8.069
2025-12-25T22:00:42.728Z,47.513,4.887,232.219,21.650,0.00,2.0160,24.735041,46.698715,16.280,123.835,8.075
2025-12-25T22:00:42.856Z,47.542,4.827,229.495,21.650,0.00,2.0160,24.735041,46.698715,16.288,123.773,8.079
2025-12-25T22:00:43.064Z,47.470,4.986,236.680,21.650,0.00,2.0160,24.735041,46.698715,16.302,123.669,8.086
2025-12-25T22:00:43.069Z,47.462,5.037,239.051,21.110,0.00,2.0220,24.735025,46.698658,16.302,124.035,8.062
2025-12-25T22:00:43.270Z,47.519,4.857,230.816,21.110,0.00,2.0220,24.735025,46.698658,16.315,123.937,8.069
2025-12-25T22:00:43.650Z,47.537,4.810,228.636,21.110,0.00,2.0220,24.735025,46.698658,16.339,123.754,8.081
2025-12-25T22:00:43.744Z,47.475,4.998,237.275,21.110,0.00,2.0220,24.735025,46.698658,16.345,123.707,8.084
2025-12-25T22:00:43.747Z,47.544,4.775,227.021,21.110,0.00,2.0220,24.735025,46.698658,16.345,123.706,8.084
2025-12-25T22:00:43.912Z,47.564,4.803,228.463,21.110,0.00,2.0220,24.735025,46.698658,16.356,123.626,8.089
2025-12-25T22:00:44.161Z,47.515,4.954,235.401,21.560,0.00,2.0280,24.734985,46.698624,16.372,123.870,8.073
2025-12-25T22:00:44.299Z,47.556,4.640,220.676,21.560,0.00,2.0280,24.734985,46.698624,16.381,123.805,8.077
2025-12-25T22:00:44.571Z,47.552,4.619,219.635,21.560,0.00,2.0280,24.734985,46.698624,16.397,123.680,8.085
2025-12-25T22:00:44.571Z,47.507,4.781,227.141,21.560,0.00,2.0280,24.734985,46.698624,16.397,123.680,8.085
2025-12-25T22:00:44.710Z,47.429,5.139,243.737,21.560,0.00,2.0280,24.734985,46.698624,16.407,123.609,8.090
2025-12-25T22:00:45.083Z,47.481,4.971,236.024,21.560,0.00,2.0280,24.734985,46.698624,16.431,123.426,8.102
2025-12-25T22:00:45.171Z,47.698,4.288,204.519,21.560,0.00,2.0280,24.734985,46.698624,16.436,123.388,8.105
2025-12-25T22:00:45.171Z,47.437,5.003,237.343,22.650,0.00,2.0340,24.734943,46.698582,16.436,123.753,8.081
2025-12-25T22:00:45.303Z,47.523,4.811,228.613,22.650,0.00,2.0340,24.734943,46.698582,16.444,123.690,8.085
2025-12-25T22:00:45.594Z,47.517,4.749,225.652,22.650,0.00,2.0340,24.734943,46.698582,16.463,123.553,8.094
2025-12-25T22:00:45.738Z,47.655,4.480,213.485,22.650,0.00,2.0340,24.734943,46.698582,16.471,123.489,8.098
2025-12-25T22:00:45.739Z,47.687,4.392,209.440,22.650,0.00,2.0340,24.734943,46.698582,16.471,123.488,8.098
2025-12-25T22:00:46.005Z,47.499,4.867,231.181,22.650,0.00,2.0340,24.734943,46.698582,16.488,123.360,8.106
2025-12-25T22:00:46.209Z,47.449,5.045,239.378,23.240,0.00,2.0410,24.734896,46.698547,16.502,123.683,8.085
2025-12-25T22:00:46.329Z,47.553,4.690,223.004,23.240,0.00,2.0410,24.734896,46.698547,16.509,123.628,8.089
2025-12-25T22:00:46.620Z,47.543,4.673,222.155,23.240,0.00,2.0410,24.734896,46.698547,16.527,123.493,8.098
2025-12-25T22:00:46.620Z,47.462,4.913,233.201,23.240,0.00,2.0410,24.734896,46.698547,16.527,123.493,8.098
2025-12-25T22:00:46.769Z,47.429,5.023,238.230,23.240,0.00,2.0410,24.734896,46.698547,16.537,123.419,8.102
2025-12-25T22:00:47.131Z,47.529,4.790,227.649,23.240,0.00,2.0410,24.734896,46.698547,16.560,123.249,8.114
2025-12-25T22:00:47.155Z,47.570,4.644,220.935,22.910,0.00,2.0470,24.734842,46.698524,16.561,123.600,8.091
2025-12-25T22:00:47.155Z,47.407,5.133,243.355,22.910,0.00,2.0470,24.734842,46.698524,16.561,123.600,8.091
2025-12-25T22:00:47.438Z,47.546,4.673,222.198,22.910,0.00,2.0470,24.734842,46.698524,16.579,123.470,8.099
2025-12-25T22:00:47.558Z,47.403,5.106,242.021,22.910,0.00,2.0470,24.734842,46.698524,16.587,123.410,8.103
2025-12-25T22:00:47.950Z,47.442,5.077,240.882,22.910,0.00,2.0470,24.734842,46.698524,16.613,123.215,8.116
2025-12-25T22:00:47.950Z,47.584,4.661,221.787,22.910,0.00,2.0470,24.734842,46.698524,16.613,123.215,8.116
2025-12-25T22:00:47.961Z,47.601,4.644,221.040,22.910,0.00,2.0470,24.734842,46.698524,16.614,123.210,8.116
2025-12-25T22:00:48.258Z,47.529,4.617,219.427,22.840,0.00,2.0540,24.734783,46.698521,16.632,123.497,8.097
2025-12-25T22:00:48.371Z,47.620,4.421,210.507,22.840,0.00,2.0540,24.734783,46.698521,16.639,123.448,8.101
2025-12-25T22:00:48.770Z,47.486,4.863,230.923,22.840,0.00,2.0540,24.734783,46.698521,16.664,123.258,8.113
2025-12-25T22:00:48.770Z,47.471,4.856,230.541,22.840,0.00,2.0540,24.734783,46.698521,16.664,123.258,8.113
2025-12-25T22:00:48.787Z,47.355,5.252,248.727,22.840,0.00,2.0540,24.734783,46.698521,16.665,123.249,8.114
2025-12-25T22:00:49.077Z,47.337,5.128,242.759,22.840,0.00,2.0540,24.734783,46.698521,16.685,123.105,8.123
2025-12-25T22:00:49.385Z,47.430,4.630,219.596,21.800,0.00,2.0600,24.734726,46.698524,16.704,123.326,8.109
2025-12-25T22:00:49.385Z,47.308,5.274,249.519,21.800,0.00,2.0600,24.734726,46.698524,16.704,123.326,8.109
2025-12-25T22:00:49.467Z,47.437,4.994,236.895,21.800,0.00,2.0600,24.734726,46.698524,16.709,123.286,8.111
2025-12-25T22:00:49.619Z,47.380,5.017,237.685,21.800,0.00,2.0600,24.734726,46.698524,16.719,123.212,8.116
2025-12-25T22:00:49.898Z,47.404,5.013,237.622,21.800,0.00,2.0600,24.734726,46.698524,16.738,123.077,8.125
2025-12-25T22:00:49.898Z,47.298,5.400,255.404,21.800,0.00,2.0600,24.734726,46.698524,16.738,123.077,8.125
2025-12-25T22:00:50.147Z,47.408,4.938,234.116,20.370,0.00,2.0660,24.734674,46.698532,16.754,123.316,8.109
2025-12-25T22:00:50.236Z,47.520,4.856,230.738,20.370,0.00,2.0660,24.734674,46.698532,16.759,123.273,8.112
2025-12-25T22:00:50.510Z,47.379,5.128,242.943,20.370,0.00,2.0660,24.734674,46.698532,16.778,123.138,8.121
2025-12-25T22:00:50.511Z,47.346,5.125,242.639,20.370,0.00,2.0660,24.734674,46.698532,16.778,123.138,8.121
2025-12-25T22:00:50.818Z,47.417,4.990,236.592,20.370,0.00,2.0660,24.734674,46.698532,16.798,122.989,8.131
2025-12-25T22:00:50.846Z,47.317,5.098,241.203,20.370,0.00,2.0660,24.734674,46.698532,16.800,122.975,8.132
2025-12-25T22:00:51.125Z,47.346,5.195,245.971,20.370,0.00,2.0660,24.734674,46.698532,16.819,122.837,8.141
2025-12-25T22:00:51.258Z,47.345,5.279,249.924,19.830,0.00,2.0720,24.734623,46.698555,16.828,123.125,8.122
2025-12-25T22:00:51.258Z,47.179,5.448,257.041,19.830,0.00,2.0720,24.734623,46.698555,16.828,123.125,8.122
2025-12-25T22:00:51.637Z,47.374,4.946,234.304,19.830,0.00,2.0720,24.734623,46.698555,16.853,122.945,8.134
2025-12-25T22:00:51.747Z,47.476,5.002,237.483,19.830,0.00,2.0720,24.734623,46.698555,16.860,122.892,8.137
2025-12-25T22:00:51.944Z,47.330,5.291,250.438,19.830,0.00,2.0720,24.734623,46.698555,16.874,122.793,8.144
2025-12-25T22:00:51.944Z,47.340,5.069,239.977,19.830,0.00,2.0720,24.734623,46.698555,16.874,122.792,8.144
2025-12-25T22:00:52.055Z,47.359,5.268,249.466,19.300,0.00,2.0780,24.734575,46.698582,16.882,123.092,8.124
2025-12-25T22:00:52.295Z,47.380,4.712,223.242,19.300,0.00,2.0780,24.734575,46.698582,16.897,122.984,8.131
2025-12-25T22:00:52.558Z,47.547,4.409,209.624,19.300,0.00,2.0780,24.734575,46.698582,16.912,122.872,8.139
2025-12-25T22:00:52.558Z,47.487,4.409,209.387,19.300,0.00,2.0780,24.734575,46.698582,16.912,122.872,8.139
2025-12-25T22:00:52.750Z,47.346,5.292,250.542,19.300,0.00,2.0780,24.734575,46.698582,16.925,122.775,8.145
2025-12-25T22:00:52.893Z,47.626,4.311,205.293,19.300,0.00,2.0780,24.734575,46.698582,16.933,122.716,8.149
2025-12-25T22:00:53.275Z,47.257,5.280,249.543,19.300,0.00,2.0780,24.734575,46.698582,16.960,122.524,8.162
2025-12-25T22:00:53.312Z,47.446,4.900,232.462,23.450,0.00,2.0890,24.734497,46.698658,16.962,123.156,8.120
2025-12-25T22:00:53.312Z,47.548,5.347,254.250,23.450,0.00,2.0890,24.734497,46.698658,16.962,123.156,8.120
2025-12-25T22:00:53.583Z,47.349,5.276,249.805,23.450,0.00,2.0890,24.734497,46.698658,16.981,123.020,8.129
2025-12-25T22:00:53.698Z,47.349,5.203,246.356,23.450,0.00,2.0890,24.734497,46.698658,16.989,122.963,8.133
2025-12-25T22:00:53.992Z,47.382,5.138,243.437,23.450,0.00,2.0890,24.734497,46.698658,17.009,122.818,8.142
2025-12-25T22:00:53.993Z,47.645,4.326,206.133,23.450,0.00,2.0890,24.734497,46.698658,17.009,122.818,8.142
2025-12-25T22:00:54.196Z,47.329,5.284,250.108,23.320,0.00,2.0960,24.734453,46.698704,17.023,123.128,8.122
2025-12-25T22:00:54.315Z,47.427,4.842,229.624,23.320,0.00,2.0960,24.734453,46.698704,17.031,123.073,8.125
2025-12-25T22:00:54.709Z,47.238,5.477,258.706,23.320,0.00,2.0960,24.734453,46.698704,17.059,122.869,8.139
2025-12-25T22:00:54.709Z,47.362,5.075,240.339,23.320,0.00,2.0960,24.734453,46.698704,17.059,122.869,8.139
2025-12-25T22:00:54.805Z,47.310,5.289,250.213,23.320,0.00,2.0960,24.734453,46.698704,17.066,122.821,8.142
2025-12-25T22:00:55.119Z,47.353,5.074,240.288,23.320,0.00,2.0960,24.734453,46.698704,17.086,122.670,8.152
2025-12-25T22:00:55.135Z,47.366,4.966,235.214,23.430,0.00,2.1020,24.734417,46.698750,17.088,123.013,8.129
2025-12-25T22:00:55.137Z,47.564,4.571,217.440,23.430,0.00,2.1020,24.734417,46.698750,17.088,123.013,8.129
2025-12-25T22:00:55.528Z,47.287,5.226,247.112,23.430,0.00,2.1020,24.734417,46.698750,17.115,122.819,8.142
2025-12-25T22:00:55.621Z,47.287,5.345,252.730,23.430,0.00,2.1020,24.734417,46.698750,17.121,122.773,8.145
2025-12-25T22:00:55.745Z,47.330,5.165,244.449,23.430,0.00,2.1020,24.734417,46.698750,17.129,122.713,8.149
2025-12-25T22:00:56.146Z,47.344,5.085,240.722,23.430,0.00,2.1020,24.734417,46.698750,17.156,122.521,8.162
2025-12-25T22:00:56.147Z,47.288,5.291,250.199,23.430,0.00,2.1020,24.734417,46.698750,17.156,122.520,8.162
2025-12-25T22:00:56.242Z,47.321,4.606,217.982,22.800,0.00,2.1080,24.734386,46.698799,17.162,122.829,8.141
2025-12-25T22:00:56.359Z,47.330,5.179,245.113,22.800,0.00,2.1080,24.734386,46.698799,17.170,122.772,8.145
2025-12-25T22:00:56.589Z,47.253,5.320,251.401,22.800,0.00,2.1080,24.734386,46.698799,17.186,122.657,8.153
2025-12-25T22:00:56.589Z,47.277,5.355,253.188,22.800,0.00,2.1080,24.734386,46.698799,17.186,122.657,8.153
2025-12-25T22:00:56.961Z,47.243,5.426,256.325,22.800,0.00,2.1080,24.734386,46.698799,17.213,122.468,8.165
2025-12-25T22:00:56.980Z,47.229,5.392,254.679,22.800,0.00,2.1080,24.734386,46.698799,17.214,122.459,8.166
2025-12-25T22:00:57.205Z,47.507,4.624,219.659,22.260,0.00,2.1140,24.734364,46.698849,17.228,122.709,8.149
2025-12-25T22:00:57.205Z,47.213,5.476,258.525,22.260,0.00,2.1140,24.734364,46.698849,17.228,122.709,8.149
2025-12-25T22:00:57.386Z,47.275,5.393,254.961,22.260,0.00,2.1140,24.734364,46.698849,17.241,122.618,8.155
2025-12-25T22:00:57.678Z,47.505,5.434,258.136,22.260,0.00,2.1140,24.734364,46.698849,17.261,122.469,8.165
2025-12-25T22:00:57.794Z,47.926,3.413,163.575,22.260,0.00,2.1140,24.734364,46.698849,17.267,122.432,8.168
2025-12-25T22:00:58.191Z,47.203,5.562,262.549,22.260,0.00,2.1140,24.734364,46.698849,17.296,122.227,8.181
2025-12-25T22:00:58.191Z,47.691,4.077,194.454,22.170,0.00,2.1200,24.734354,46.698902,17.296,122.574,8.158
2025-12-25T22:00:58.208Z,47.401,4.878,231.231,22.170,0.00,2.1200,24.734354,46.698902,17.297,122.567,8.159
2025-12-25T22:00:58.498Z,47.292,5.304,250.855,22.170,0.00,2.1200,24.734354,46.698902,17.317,122.423,8.168
2025-12-25T22:00:58.643Z,47.318,5.183,245.242,22.170,0.00,2.1200,24.734354,46.698902,17.327,122.354,8.173
2025-12-25T22:00:58.646Z,47.298,5.287,250.086,22.170,0.00,2.1200,24.734354,46.698902,17.327,122.352,8.173
2025-12-25T22:00:59.010Z,47.243,5.354,252.961,22.170,0.00,2.1200,24.734354,46.698902,17.353,122.172,8.185
2025-12-25T22:00:59.108Z,47.294,5.250,248.298,22.170,0.00,2.1200,24.734354,46.698902,17.359,122.124,8.188
2025-12-25T22:00:59.262Z,47.291,5.249,248.240,22.370,0.00,2.1260,24.734356,46.698963,17.370,122.395,8.170
2025-12-25T22:00:59.262Z,47.258,5.395,254.970,22.370,0.00,2.1260,24.734356,46.698963,17.370,122.395,8.170
2025-12-25T22:00:59.432Z,47.194,5.594,263.986,22.370,0.00,2.1260,24.734356,46.698963,17.382,122.307,8.176
2025-12-25T22:00:59.674Z,47.232,5.333,251.891,22.370,0.00,2.1260,24.734356,46.698963,17.399,122.188,8.184
2025-12-25T22:00:59.931Z,47.267,5.320,251.458,22.370,0.00,2.1260,24.734356,46.698963,17.417,122.062,8.193
2025-12-25T22:00:59.931Z,47.423,4.779,226.655,22.370,0.00,2.1260,24.734356,46.698963,17.417,122.062,8.193
2025-12-25T22:01:00.135Z,47.284,5.236,247.573,25.260,0.00,2.1330,24.734367,46.699036,17.431,122.365,8.172
2025-12-25T22:01:00.264Z,47.302,5.148,243.487,25.260,0.00,2.1330,24.734367,46.699036,17.440,122.304,8.176
2025-12-25T22:01:00.467Z,47.320,5.112,241.877,25.260,0.00,2.1330,24.734367,46.699036,17.454,122.209,8.183
2025-12-25T22:01:00.955Z,47.352,4.972,235.457,25.260,0.00,2.1330,24.734367,46.699036,17.486,121.986,8.198
2025-12-25T22:01:00.955Z,47.438,4.864,230.721,25.260,0.00,2.1330,24.734367,46.699036,17.486,121.986,8.198
2025-12-25T22:01:00.955Z,47.331,5.088,240.827,25.260,0.00,2.1330,24.734367,46.699036,17.486,121.986,8.198
2025-12-25T22:01:01.262Z,47.305,5.132,242.765,22.870,0.00,2.1390,24.734404,46.699078,17.506,122.184,8.184
2025-12-25T22:01:01.283Z,47.311,5.126,242.521,22.870,0.00,2.1390,24.734404,46.699078,17.508,122.174,8.185
2025-12-25T22:01:01.284Z,47.395,4.932,233.744,22.870,0.00,2.1390,24.734404,46.699078,17.508,122.174,8.185
2025-12-25T22:01:01.488Z,47.352,5.081,240.614,22.870,0.00,2.1390,24.734404,46.699078,17.521,122.079,8.191
2025-12-25T22:01:01.774Z,47.522,4.555,216.460,22.870,0.00,2.1390,24.734404,46.699078,17.539,121.959,8.199
2025-12-25T22:01:01.894Z,48.288,2.298,110.966,22.870,0.00,2.1390,24.734404,46.699078,17.542,121.933,8.201
2025-12-25T22:01:01.894Z,48.865,0.632,30.880,22.870,0.00,2.1390,24.734404,46.699078,17.542,121.933,8.201
2025-12-25T22:01:02.184Z,48.902,0.572,27.980,21.300,0.00,2.1450,24.734446,46.699116,17.545,122.260,8.179
2025-12-25T22:01:02.330Z,48.968,0.384,18.790,21.300,0.00,2.1450,24.734446,46.699116,17.545,122.254,8.180
2025-12-25T22:01:02.513Z,49.004,0.361,17.708,21.300,0.00,2.1450,24.734446,46.699116,17.546,122.248,8.180
2025-12-25T22:01:02.721Z,49.021,0.250,12.243,21.300,0.00,2.1450,24.734446,46.699116,17.547,122.243,8.180
2025-12-25T22:01:02.799Z,49.072,0.132,6.488,21.300,0.00,2.1450,24.734446,46.699116,17.547,122.242,8.180
2025-12-25T22:01:03.004Z,49.094,0.084,4.114,21.300,0.00,2.1450,24.734446,46.699116,17.547,122.241,8.181
2025-12-25T22:01:03.207Z,49.102,0.076,3.739,20.220,0.00,2.1510,24.734495,46.699139,17.548,122.581,8.158
2025-12-25T22:01:03.339Z,49.102,0.085,4.177,20.220,0.00,2.1510,24.734495,46.699139,17.548,122.580,8.158
2025-12-25T22:01:03.339Z,49.109,0.080,3.930,20.220,0.00,2.1510,24.734495,46.699139,17.548,122.580,8.158
2025-12-25T22:01:03.617Z,49.117,0.066,3.245,20.220,0.00,2.1510,24.734495,46.699139,17.548,122.578,8.158
2025-12-25T22:01:03.734Z,49.117,0.076,3.715,20.220,0.00,2.1510,24.734495,46.699139,17.548,122.577,8.158
2025-12-25T22:01:04.130Z,49.121,0.077,3.759,20.220,0.00,2.1510,24.734495,46.699139,17.549,122.575,8.158
2025-12-25T22:01:04.130Z,49.109,0.118,5.774,20.220,0.00,2.1510,24.734495,46.699139,17.549,122.575,8.158
2025-12-25T22:01:04.220Z,49.127,0.076,3.716,19.740,0.00,2.1570,24.734541,46.699165,17.549,122.916,8.136
2025-12-25T22:01:04.401Z,49.129,0.075,3.664,19.740,0.00,2.1570,24.734541,46.699165,17.549,122.915,8.136
2025-12-25T22:01:04.553Z,49.134,0.070,3.417,19.740,0.00,2.1570,24.734541,46.699165,17.549,122.914,8.136
2025-12-25T22:01:04.949Z,49.139,0.064,3.134,19.740,0.00,2.1570,24.734541,46.699165,17.549,122.911,8.136
2025-12-25T22:01:04.949Z,49.140,0.064,3.159,19.740,0.00,2.1570,24.734541,46.699165,17.549,122.911,8.136
2025-12-25T22:01:05.037Z,49.144,0.066,3.254,19.740,0.00,2.1570,24.734541,46.699165,17.549,122.911,8.136
2025-12-25T22:01:05.358Z,49.143,0.075,3.704,20.110,0.00,2.1640,24.734604,46.699162,17.550,123.307,8.110
2025-12-25T22:01:05.380Z,49.149,0.066,3.230,20.110,0.00,2.1640,24.734604,46.699162,17.550,123.307,8.110
2025-12-25T22:01:05.380Z,49.152,0.064,3.142,20.110,0.00,2.1640,24.734604,46.699162,17.550,123.307,8.110
2025-12-25T22:01:05.769Z,49.154,0.066,3.261,20.110,0.00,2.1640,24.734604,46.699162,17.550,123.304,8.110
2025-12-25T22:01:05.873Z,49.152,0.075,3.669,20.110,0.00,2.1640,24.734604,46.699162,17.550,123.304,8.110
2025-12-25T22:01:06.145Z,49.158,0.065,3.218,20.110,0.00,2.1640,24.734604,46.699162,17.550,123.302,8.110
2025-12-25T22:01:06.146Z,49.160,0.065,3.182,21.130,0.00,2.1710,24.734665,46.699150,17.550,123.701,8.084
2025-12-25T22:01:06.196Z,49.162,0.065,3.171,21.130,0.00,2.1710,24.734665,46.699150,17.550,123.701,8.084
2025-12-25T22:01:06.486Z,49.164,0.069,3.400,21.130,0.00,2.1710,24.734665,46.699150,17.551,123.699,8.084
2025-12-25T22:01:06.605Z,49.165,0.072,3.554,21.130,0.00,2.1710,24.734665,46.699150,17.551,123.698,8.084
2025-12-25T22:01:06.606Z,49.171,0.064,3.166,21.130,0.00,2.1710,24.734665,46.699150,17.551,123.698,8.084
2025-12-25T22:01:06.839Z,49.172,0.066,3.230,21.130,0.00,2.1710,24.734665,46.699150,17.551,123.696,8.084
2025-12-25T22:01:07.202Z,49.172,0.070,3.453,21.130,0.00,2.1710,24.734665,46.699150,17.551,123.694,8.084
2025-12-25T22:01:07.287Z,49.173,0.072,3.542,19.980,0.00,2.1760,24.734715,46.699142,17.551,123.978,8.066
2025-12-25T22:01:07.450Z,49.178,0.064,3.137,19.980,0.00,2.1760,24.734715,46.699142,17.552,123.977,8.066
2025-12-25T22:01:07.450Z,49.179,0.066,3.262,19.980,0.00,2.1760,24.734715,46.699142,17.552,123.977,8.066
2025-12-25T22:01:07.815Z,49.178,0.074,3.638,19.980,0.00,2.1760,24.734715,46.699142,17.552,123.975,8.066
2025-12-25T22:01:07.927Z,49.180,0.075,3.668,19.980,0.00,2.1760,24.734715,46.699142,17.552,123.974,8.066
2025-12-25T22:01:08.123Z,49.184,0.070,3.424,19.980,0.00,2.1760,24.734715,46.699142,17.552,123.972,8.066
2025-12-25T22:01:08.123Z,49.188,0.064,3.158,21.610,0.00,2.1830,24.734772,46.699112,17.552,124.371,8.040
2025-12-25T22:01:08.235Z,49.189,0.065,3.218,21.610,0.00,2.1830,24.734772,46.699112,17.552,124.371,8.040
2025-12-25T22:01:08.636Z,49.187,0.076,3.715,21.610,0.00,2.1830,24.734772,46.699112,17.553,124.368,8.041
2025-12-25T22:01:08.722Z,49.192,0.069,3.378,21.610,0.00,2.1830,24.734772,46.699112,17.553,124.367,8.041
2025-12-25T22:01:08.722Z,49.170,0.139,6.839,21.610,0.00,2.1830,24.734772,46.699112,17.553,124.367,8.041
2025-12-25T22:01:08.943Z,49.126,0.278,13.663,21.610,0.00,2.1830,24.734772,46.699112,17.554,124.361,8.041
2025-12-25T22:01:09.076Z,49.094,0.343,16.823,21.890,0.00,2.1890,24.734821,46.699085,17.554,124.698,8.019
2025-12-25T22:01:09.354Z,49.018,0.671,32.893,21.890,0.00,2.1890,24.734821,46.699085,17.557,124.680,8.021
2025-12-25T22:01:09.354Z,49.054,0.506,24.821,21.890,0.00,2.1890,24.734821,46.699085,17.557,124.680,8.021
2025-12-25T22:01:09.490Z,49.026,0.580,28.459,21.890,0.00,2.1890,24.734821,46.699085,17.558,124.673,8.021
2025-12-25T22:01:09.865Z,49.008,0.642,31.439,21.890,0.00,2.1890,24.734821,46.699085,17.561,124.650,8.022
2025-12-25T22:01:09.910Z,48.990,0.696,34.119,21.890,0.00,2.1890,24.734821,46.699085,17.562,124.647,8.023
2025-12-25T22:01:10.171Z,48.983,0.724,35.470,21.890,0.00,2.1890,24.734821,46.699085,17.564,124.628,8.024
2025-12-25T22:01:10.172Z,48.968,0.761,37.259,21.430,0.00,2.1960,24.734867,46.699047,17.564,125.027,7.998
2025-12-25T22:01:10.309Z,48.979,0.743,36.374,21.430,0.00,2.1960,24.734867,46.699047,17.566,125.017,7.999
2025-12-25T22:01:10.640Z,48.884,0.957,46.763,21.430,0.00,2.1960,24.734867,46.699047,17.570,124.986,8.001
2025-12-25T22:01:10.721Z,48.047,3.476,166.995,21.430,0.00,2.1960,24.734867,46.699047,17.574,124.960,8.003
2025-12-25T22:01:10.721Z,47.647,4.602,219.262,21.430,0.00,2.1960,24.734867,46.699047,17.574,124.960,8.003
2025-12-25T22:01:10.991Z,47.601,4.688,223.129,21.430,0.00,2.1960,24.734867,46.699047,17.590,124.841,8.010
2025-12-25T22:01:11.124Z,47.577,4.804,228.558,21.260,0.00,2.2020,24.734907,46.699005,17.599,125.122,7.992
2025-12-25T22:01:11.315Z,47.620,4.618,219.907,21.260,0.00,2.2020,24.734907,46.699005,17.611,125.039,7.998
2025-12-25T22:01:11.574Z,47.637,4.577,218.013,21.260,0.00,2.2020,24.734907,46.699005,17.626,124.928,8.005
2025-12-25T22:01:11.574Z,47.630,4.516,215.101,21.260,0.00,2.2020,24.734907,46.699005,17.626,124.928,8.005
2025-12-25T22:01:11.725Z,47.658,4.469,213.000,21.260,0.00,2.2020,24.734907,46.699005,17.635,124.864,8.009
2025-12-25T22:01:12.119Z,47.643,4.528,215.709,21.260,0.00,2.2020,24.734907,46.699005,17.659,124.697,8.019
2025-12-25T22:01:12.133Z,47.717,4.296,205.007,21.460,0.00,2.2080,24.734943,46.698959,17.660,125.032,7.998
2025-12-25T22:01:12.234Z,47.661,4.415,210.406,21.460,0.00,2.2080,24.734943,46.698959,17.665,124.990,8.001
2025-12-25T22:01:12.358Z,47.658,4.457,212.434,21.460,0.00,2.2080,24.734943,46.698959,17.673,124.938,8.004
2025-12-25T22:01:12.730Z,47.763,4.109,196.252,21.460,0.00,2.2080,24.734943,46.698959,17.693,124.795,8.013
2025-12-25T22:01:12.730Z,47.621,4.572,217.704,21.460,0.00,2.2080,24.734943,46.698959,17.693,124.795,8.013
2025-12-25T22:01:12.938Z,47.733,4.207,200.824,21.460,0.00,2.2080,24.734943,46.698959,17.705,124.713,8.018
2025-12-25T22:01:13.092Z,47.620,4.564,217.344,21.460,0.00,2.2080,24.734943,46.698959,17.714,124.647,8.023
2025-12-25T22:01:13.093Z,47.573,4.619,219.735,22.130,0.00,2.2140,24.734970,46.698910,17.714,124.986,8.001
2025-12-25T22:01:13.256Z,47.532,4.796,227.961,22.130,0.00,2.2140,24.734970,46.698910,17.724,124.913,8.006
2025-12-25T22:01:13.549Z,47.495,4.866,231.114,22.130,0.00,2.2140,24.734970,46.698910,17.743,124.781,8.014
2025-12-25T22:01:13.673Z,47.506,4.792,227.656,22.130,0.00,2.2140,24.734970,46.698910,17.751,124.725,8.018
2025-12-25T22:01:14.062Z,47.539,4.775,226.987,22.130,0.00,2.2140,24.734970,46.698910,17.776,124.553,8.029
2025-12-25T22:01:14.062Z,47.394,5.196,246.266,22.130,0.00,2.2140,24.734970,46.698910,17.776,124.553,8.029
2025-12-25T22:01:14.150Z,47.513,4.887,232.214,22.820,0.00,2.2200,24.734987,46.698856,17.781,124.851,8.010
2025-12-25T22:01:14.370Z,47.570,4.594,218.514,22.820,0.00,2.2200,24.734987,46.698856,17.795,124.757,8.016
2025-12-25T22:01:14.507Z,47.545,4.733,225.030,22.820,0.00,2.2200,24.734987,46.698856,17.803,124.697,8.019
2025-12-25T22:01:14.507Z,47.550,4.694,223.206,22.820,0.00,2.2200,24.734987,46.698856,17.803,124.697,8.019
2025-12-25T22:01:14.885Z,47.486,4.782,227.101,22.820,0.00,2.2200,24.734987,46.698856,17.827,124.531,8.030
2025-12-25T22:01:14.976Z,47.489,4.924,233.826,22.820,0.00,2.2200,24.734987,46.698856,17.833,124.489,8.033
2025-12-25T22:01:15.126Z,47.515,4.725,224.503,22.820,0.00,2.2200,24.734987,46.698856,17.842,124.424,8.037
2025-12-25T22:01:15.126Z,47.502,4.822,229.057,23.000,0.00,2.2260,24.734989,46.698795,17.842,124.760,8.015
2025-12-25T22:01:15.495Z,47.497,4.880,231.770,23.000,0.00,2.2260,24.734989,46.698795,17.866,124.594,8.026
2025-12-25T22:01:15.513Z,47.512,4.762,226.255,23.000,0.00,2.2260,24.734989,46.698795,17.867,124.586,8.027
2025-12-25T22:01:15.803Z,47.487,4.828,229.279,23.000,0.00,2.2260,24.734989,46.698795,17.886,124.458,8.035
2025-12-25T22:01:15.803Z,47.521,4.702,223.424,23.000,0.00,2.2260,24.734989,46.698795,17.886,124.458,8.035
2025-12-25T22:01:16.006Z,47.533,4.735,225.077,23.000,0.00,2.2260,24.734989,46.698795,17.898,124.369,8.041
2025-12-25T22:01:16.139Z,47.459,4.937,234.294,22.390,0.00,2.2310,24.734970,46.698746,17.907,124.589,8.026
2025-12-25T22:01:16.416Z,47.463,4.987,236.705,22.390,0.00,2.2310,24.734970,46.698746,17.925,124.462,8.035
2025-12-25T22:01:16.549Z,47.546,4.597,218.576,22.390,0.00,2.2310,24.734970,46.698746,17.933,124.406,8.038
2025-12-25T22:01:16.549Z,47.419,4.956,234.985,22.390,0.00,2.2310,24.734970,46.698746,17.933,124.406,8.038
2025-12-25T22:01:16.866Z,47.427,4.972,235.808,22.390,0.00,2.2310,24.734970,46.698746,17.954,124.262,8.047
2025-12-25T22:01:16.941Z,47.534,4.660,221.505,22.390,0.00,2.2310,24.734970,46.698746,17.959,124.230,8.050
2025-12-25T22:01:17.236Z,47.478,4.824,229.023,22.150,0.00,2.2370,24.734943,46.698692,17.977,124.434,8.036
2025-12-25T22:01:17.236Z,47.556,4.594,218.461,22.150,0.00,2.2370,24.734943,46.698692,17.977,124.434,8.036
2025-12-25T22:01:17.396Z,47.555,4.653,221.257,22.150,0.00,2.2370,24.734943,46.698692,17.987,124.366,8.041
2025-12-25T22:01:17.750Z,47.395,5.061,239.857,22.150,0.00,2.2370,24.734943,46.698692,18.011,124.203,8.051
2025-12-25T22:01:17.768Z,47.468,4.763,226.082,22.150,0.00,2.2370,24.734943,46.698692,18.012,124.196,8.052
2025-12-25T22:01:17.769Z,47.489,4.810,228.419,22.150,0.00,2.2370,24.734943,46.698692,18.012,124.195,8.052
2025-12-25T22:01:18.056Z,47.452,4.854,230.318,22.150,0.00,2.2370,24.734943,46.698692,18.030,124.069,8.060
2025-12-25T22:01:18.203Z,47.340,5.361,253.786,21.910,0.00,2.2440,24.734905,46.698643,18.041,124.386,8.040
2025-12-25T22:01:18.400Z,47.313,5.301,250.800,21.910,0.00,2.2440,24.734905,46.698643,18.054,124.291,8.046
2025-12-25T22:01:18.400Z,47.316,5.425,256.688,21.910,0.00,2.2440,24.734905,46.698643,18.054,124.291,8.046
2025-12-25T22:01:18.617Z,47.443,4.902,232.560,21.910,0.00,2.2440,24.734905,46.698643,18.068,124.194,8.052
2025-12-25T22:01:18.875Z,47.430,4.976,236.004,21.910,0.00,2.2440,24.734905,46.698643,18.085,124.078,8.059
2025-12-25T22:01:19.020Z,47.345,5.382,254.825,21.910,0.00,2.2440,24.734905,46.698643,18.096,124.008,8.064
2025-12-25T22:01:19.207Z,47.472,4.983,236.545,22.890,0.00,2.2500,24.734861,46.698601,18.108,124.255,8.048
2025-12-25T22:01:19.207Z,47.351,5.324,252.075,22.890,0.00,2.2500,24.734861,46.698601,18.108,124.255,8.048
2025-12-25T22:01:19.592Z,47.568,4.658,221.584,22.890,0.00,2.2500,24.734861,46.698601,18.132,124.093,8.058
2025-12-25T22:01:19.711Z,47.604,4.564,217.272,22.890,0.00,2.2500,24.734861,46.698601,18.139,124.043,8.062
2025-12-25T22:01:20.003Z,47.345,5.154,244.005,22.890,0.00,2.2500,24.734861,46.698601,18.159,123.908,8.070
2025-12-25T22:01:20.004Z,47.415,4.946,234.524,22.890,0.00,2.2500,24.734861,46.698601,18.159,123.908,8.071
2025-12-25T22:01:20.041Z,47.293,5.143,243.239,22.670,0.00,2.2570,24.734821,46.698555,18.161,124.276,8.047
2025-12-25T22:01:20.245Z,47.458,4.866,230.940,22.670,0.00,2.2570,24.734821,46.698555,18.174,124.187,8.052
2025-12-25T22:01:20.423Z,47.356,5.238,248.065,22.670,0.00,2.2570,24.734821,46.698555,18.187,124.103,8.058
2025-12-25T22:01:20.718Z,47.381,4.991,236.500,22.670,0.00,2.2570,24.734821,46.698555,18.206,123.971,8.066
2025-12-25T22:01:20.718Z,47.456,4.829,229.152,22.670,0.00,2.2570,24.734821,46.698555,18.206,123.971,8.066
2025-12-25T22:01:20.922Z,47.332,5.323,251.952,22.670,0.00,2.2570,24.734821,46.698555,18.220,123.874,8.073
2025-12-25T22:01:21.127Z,47.385,5.030,238.346,22.670,0.00,2.2570,24.734821,46.698555,18.234,123.782,8.079
2025-12-25T22:01:21.269Z,47.304,5.378,254.387,20.170,0.00,2.2620,24.734785,46.698517,18.244,123.988,8.065
2025-12-25T22:01:21.269Z,47.312,5.466,258.614,20.170,0.00,2.2620,24.734785,46.698517,18.244,123.987,8.065
2025-12-25T22:01:21.537Z,47.346,4.952,234.432,20.170,0.00,2.2620,24.734785,46.698517,18.261,123.869,8.073
2025-12-25T22:01:21.675Z,47.280,5.242,247.838,20.170,0.00,2.2620,24.734785,46.698517,18.271,123.805,8.077
2025-12-25T22:01:22.050Z,47.473,5.115,242.826,20.170,0.00,2.2620,24.734785,46.698517,18.296,123.634,8.088
2025-12-25T22:01:22.050Z,47.406,5.121,242.766,20.170,0.00,2.2620,24.734785,46.698517,18.296,123.633,8.088
2025-12-25T22:01:22.158Z,47.235,5.614,265.167,16.650,0.00,2.2670,24.734749,46.698490,18.304,123.853,8.074
2025-12-25T22:01:22.356Z,47.037,5.430,255.405,16.650,0.00,2.2670,24.734749,46.698490,18.318,123.758,8.080
2025-12-25T22:01:22.664Z,47.221,6.085,287.322,16.650,0.00,2.2670,24.734749,46.698490,18.343,123.592,8.091
2025-12-25T22:01:22.664Z,47.144,5.430,255.996,16.650,0.00,2.2670,24.734749,46.698490,18.343,123.592,8.091
2025-12-25T22:01:22.774Z,47.512,4.642,220.556,16.650,0.00,2.2670,24.734749,46.698490,18.349,123.547,8.094
2025-12-25T22:01:23.144Z,47.260,5.541,261.870,16.650,0.00,2.2670,24.734749,46.698490,18.376,123.366,8.106
2025-12-25T22:01:23.144Z,47.272,5.291,250.094,14.110,0.00,2.2710,24.734713,46.698479,18.376,123.584,8.092
2025-12-25T22:01:23.186Z,47.066,5.293,249.099,14.110,0.00,2.2710,24.734713,46.698479,18.379,123.565,8.093
2025-12-25T22:01:23.482Z,47.232,5.905,278.883,14.110,0.00,2.2710,24.734713,46.698479,18.402,123.410,8.103
2025-12-25T22:01:23.599Z,47.141,6.171,290.926,14.110,0.00,2.2710,24.734713,46.698479,18.412,123.346,8.107
2025-12-25T22:01:23.600Z,47.049,5.699,268.132,14.110,0.00,2.2710,24.734713,46.698479,18.412,123.346,8.107
2025-12-25T22:01:23.995Z,47.474,4.152,197.113,14.110,0.00,2.2710,24.734713,46.698479,18.433,123.201,8.117
2025-12-25T22:01:24.100Z,47.466,5.241,248.770,14.110,0.00,2.2710,24.734713,46.698479,18.440,123.153,8.120
2025-12-25T22:01:24.405Z,46.981,5.800,272.512,11.890,0.00,2.2750,24.734680,46.698475,18.464,123.216,8.116
2025-12-25T22:01:24.405Z,47.269,5.343,252.562,11.890,0.00,2.2750,24.734680,46.698475,18.464,123.215,8.116
2025-12-25T22:01:24.414Z,47.116,6.321,297.809,11.890,0.00,2.2750,24.734680,46.698475,18.464,123.210,8.116
2025-12-25T22:01:24.711Z,47.211,5.956,281.170,11.890,0.00,2.2750,24.734680,46.698475,18.488,123.056,8.126
2025-12-25T22:01:25.121Z,47.147,5.889,277.644,11.890,0.00,2.2750,24.734680,46.698475,18.519,122.846,8.140
2025-12-25T22:01:25.121Z,47.071,5.994,282.122,11.890,0.00,2.2750,24.734680,46.698475,18.519,122.846,8.140
2025-12-25T22:01:25.163Z,47.046,5.517,259.572,11.450,0.00,2.2800,24.734638,46.698494,18.522,123.096,8.124
2025-12-25T22:01:25.531Z,46.908,5.791,271.631,11.450,0.00,2.2800,24.734638,46.698494,18.550,122.912,8.136
2025-12-25T22:01:25.531Z,47.137,5.415,255.254,11.450,0.00,2.2800,24.734638,46.698494,18.550,122.912,8.136
2025-12-25T22:01:25.612Z,47.167,5.701,268.879,11.450,0.00,2.2800,24.734638,46.698494,18.556,122.872,8.139
2025-12-25T22:01:25.838Z,47.089,5.589,263.187,11.450,0.00,2.2800,24.734638,46.698494,18.573,122.762,8.146
2025-12-25T22:01:25.978Z,47.130,5.618,264.763,11.450,0.00,2.2800,24.734638,46.698494,18.583,122.694,8.150
2025-12-25T22:01:25.981Z,47.165,5.450,257.028,11.450,0.00,2.2800,24.734638,46.698494,18.583,122.693,8.150
2025-12-25T22:01:26.349Z,47.075,5.481,258.039,15.170,0.00,2.2890,24.734575,46.698551,18.609,123.002,8.130
2025-12-25T22:01:26.440Z,47.061,5.669,266.776,15.170,0.00,2.2890,24.734575,46.698551,18.616,122.958,8.133
2025-12-25T22:01:26.658Z,46.986,5.874,276.006,15.170,0.00,2.2890,24.734575,46.698551,18.633,122.847,8.140
2025-12-25T22:01:26.658Z,47.100,5.676,267.358,15.170,0.00,2.2890,24.734575,46.698551,18.633,122.847,8.140
2025-12-25T22:01:26.861Z,47.381,5.316,251.884,15.170,0.00,2.2890,24.734575,46.698551,18.647,122.754,8.146
2025-12-25T22:01:27.066Z,47.076,5.468,257.418,15.170,0.00,2.2890,24.734575,46.698551,18.662,122.658,8.153
2025-12-25T22:01:27.188Z,47.236,5.351,252.741,22.370,0.00,2.3030,24.734491,46.698647,18.670,123.351,8.107
2025-12-25T22:01:27.188Z,47.285,5.235,247.531,22.370,0.00,2.3030,24.734491,46.698647,18.670,123.351,8.107
2025-12-25T22:01:27.477Z,47.045,5.755,270.748,22.370,0.00,2.3030,24.734491,46.698647,18.692,123.208,8.116
2025-12-25T22:01:27.604Z,47.147,5.496,259.139,22.370,0.00,2.3030,24.734491,46.698647,18.701,123.147,8.120
2025-12-25T22:01:27.989Z,47.146,5.735,270.397,22.370,0.00,2.3030,24.734491,46.698647,18.730,122.957,8.133
2025-12-25T22:01:28.061Z,47.099,5.627,265.034,22.370,0.00,2.3030,24.734491,46.698647,18.735,122.923,8.135
2025-12-25T22:01:28.061Z,47.393,4.745,224.861,23.190,0.00,2.3100,24.734453,46.698700,18.735,123.296,8.111
2025-12-25T22:01:28.398Z,47.045,5.893,277.230,23.190,0.00,2.3100,24.734453,46.698700,18.761,123.126,8.122
2025-12-25T22:01:28.503Z,47.008,6.003,282.177,23.190,0.00,2.3100,24.734453,46.698700,18.770,123.072,8.125
2025-12-25T22:01:28.807Z,47.160,5.368,253.134,23.190,0.00,2.3100,24.734453,46.698700,18.791,122.931,8.135
2025-12-25T22:01:28.807Z,47.117,5.595,263.606,23.190,0.00,2.3100,24.734453,46.698700,18.791,122.931,8.135
2025-12-25T22:01:28.845Z,47.096,5.590,263.284,23.190,0.00,2.3100,24.734453,46.698700,18.794,122.913,8.136
2025-12-25T22:01:29.044Z,47.064,5.821,273.977,23.190,0.00,2.3100,24.734453,46.698700,18.809,122.814,8.142
2025-12-25T22:01:29.272Z,47.253,5.277,249.364,23.340,0.00,2.3160,24.734423,46.698750,18.825,123.030,8.128
2025-12-25T22:01:29.272Z,47.901,3.297,157.906,23.340,0.00,2.3160,24.734423,46.698750,18.825,123.030,8.128
2025-12-25T22:01:29.439Z,47.161,5.615,264.805,23.340,0.00,2.3160,24.734423,46.698750,18.837,122.950,8.133
2025-12-25T22:01:29.729Z,47.389,4.916,232.979,23.340,0.00,2.3160,24.734423,46.698750,18.856,122.828,8.141
2025-12-25T22:01:29.847Z,47.260,5.279,249.464,23.340,0.00,2.3160,24.734423,46.698750,18.864,122.774,8.145
2025-12-25T22:01:30.074Z,47.178,5.373,253.481,23.340,0.00,2.3160,24.734423,46.698750,18.880,122.671,8.152
2025-12-25T22:01:30.077Z,47.025,5.921,278.412,23.480,0.00,2.3220,24.734400,46.698811,18.880,122.987,8.131
2025-12-25T22:01:30.254Z,47.095,5.712,268.997,23.480,0.00,2.3220,24.734400,46.698811,18.893,122.901,8.137
2025-12-25T22:01:30.496Z,47.433,4.677,221.833,23.480,0.00,2.3220,24.734400,46.698811,18.908,122.804,8.143
2025-12-25T22:01:30.674Z,47.141,5.134,242.045,23.480,0.00,2.3220,24.734400,46.698811,18.920,122.726,8.148
2025-12-25T22:01:30.674Z,47.240,5.303,250.506,23.480,0.00,2.3220,24.734400,46.698811,18.920,122.726,8.148
2025-12-25T22:01:30.960Z,47.169,5.424,255.866,23.480,0.00,2.3220,24.734400,46.698811,18.941,122.594,8.157
2025-12-25T22:01:31.081Z,47.144,5.623,265.092,23.480,0.00,2.3290,24.734390,46.698872,18.949,122.906,8.136
2025-12-25T22:01:31.324Z,47.133,5.463,257.472,23.480,0.00,2.3290,24.734390,46.698872,18.967,122.794,8.144
2025-12-25T22:01:31.325Z,47.163,5.434,256.286,23.480,0.00,2.3290,24.734390,46.698872,18.967,122.793,8.144
2025-12-25T22:01:31.484Z,46.987,6.033,283.458,23.480,0.00,2.3290,24.734390,46.698872,18.979,122.712,8.149
2025-12-25T22:01:31.777Z,47.012,5.904,277.561,23.480,0.00,2.3290,24.734390,46.698872,19.002,122.566,8.159
2025-12-25T22:01:31.906Z,46.925,6.154,288.785,23.480,0.00,2.3290,24.734390,46.698872,19.012,122.499,8.163
2025-12-25T22:01:31.906Z,47.037,5.646,265.577,23.480,0.00,2.3290,24.734390,46.698872,19.012,122.499,8.163
2025-12-25T22:01:32.289Z,47.060,5.740,270.145,24.090,0.00,2.3350,24.734394,46.698940,19.041,122.629,8.155
2025-12-25T22:01:32.378Z,47.288,5.125,242.341,24.090,0.00,2.3350,24.734394,46.698940,19.047,122.591,8.157
2025-12-25T22:01:32.597Z,47.150,5.472,257.999,24.090,0.00,2.3350,24.734394,46.698940,19.063,122.490,8.164
2025-12-25T22:01:32.714Z,47.070,5.558,261.628,24.090,0.00,2.3350,24.734394,46.698940,19.071,122.435,8.168
2025-12-25T22:01:32.715Z,47.389,4.858,230.237,24.090,0.00,2.3350,24.734394,46.698940,19.071,122.435,8.168
2025-12-25T22:01:33.109Z,47.512,4.364,207.326,24.090,0.00,2.3350,24.734394,46.698940,19.094,122.290,8.177
2025-12-25T22:01:33.208Z,47.572,4.215,200.519,24.650,0.00,2.3420,24.734419,46.699001,19.100,122.621,8.155
2025-12-25T22:01:33.332Z,48.312,2.083,100.626,24.650,0.00,2.3420,24.734419,46.699001,19.103,122.598,8.157
2025-12-25T22:01:33.333Z,48.798,0.699,34.110,24.650,0.00,2.3420,24.734419,46.699001,19.103,122.598,8.157
2025-12-25T22:01:33.621Z,48.845,0.557,27.183,24.650,0.00,2.3420,24.734419,46.699001,19.105,122.584,8.158
2025-12-25T22:01:33.748Z,48.918,0.405,19.805,24.650,0.00,2.3420,24.734419,46.699001,19.106,122.580,8.158
2025-12-25T22:01:34.031Z,48.951,0.226,11.071,24.650,0.00,2.3420,24.734419,46.699001,19.107,122.574,8.158
2025-12-25T22:01:34.031Z,48.983,0.222,10.873,24.650,0.00,2.3420,24.734419,46.699001,19.107,122.574,8.158
2025-12-25T22:01:34.145Z,49.016,0.150,7.337,22.800,0.00,2.3480,24.734455,46.699047,19.107,122.887,8.138
2025-12-25T22:01:34.542Z,49.034,0.106,5.181,22.800,0.00,2.3480,24.734455,46.699047,19.108,122.883,8.138
2025-12-25T22:01:34.570Z,49.051,0.072,3.514,22.800,0.00,2.3480,24.734455,46.699047,19.108,122.883,8.138
2025-12-25T22:01:34.952Z,49.057,0.065,3.191,22.800,0.00,2.3480,24.734455,46.699047,19.108,122.881,8.138
2025-12-25T22:01:34.956Z,49.061,0.066,3.219,22.800,0.00,2.3480,24.734455,46.699047,19.108,122.881,8.138
2025-12-25T22:01:34.963Z,49.065,0.067,3.281,22.800,0.00,2.3480,24.734455,46.699047,19.108,122.881,8.138
2025-12-25T22:01:35.263Z,49.063,0.084,4.101,20.710,0.00,2.3540,24.734503,46.699078,19.108,123.193,8.117
2025-12-25T22:01:35.423Z,49.069,0.075,3.658,20.710,0.00,2.3540,24.734503,46.699078,19.108,123.192,8.117
2025-12-25T22:01:35.423Z,49.073,0.074,3.624,20.710,0.00,2.3540,24.734503,46.699078,19.108,123.192,8.117
2025-12-25T22:01:35.670Z,49.062,0.116,5.676,20.710,0.00,2.3540,24.734503,46.699078,19.109,123.189,8.118
2025-12-25T22:01:35.810Z,49.067,0.112,5.486,20.710,0.00,2.3540,24.734503,46.699078,19.109,123.188,8.118
2025-12-25T22:01:36.078Z,49.084,0.066,3.224,20.710,0.00,2.3540,24.734503,46.699078,19.109,123.186,8.118
2025-12-25T22:01:36.078Z,49.087,0.064,3.138,19.950,0.00,2.3600,24.734552,46.699097,19.109,123.500,8.097
2025-12-25T22:01:36.282Z,49.089,0.067,3.279,19.950,0.00,2.3600,24.734552,46.699097,19.109,123.499,8.097
2025-12-25T22:01:36.422Z,49.092,0.068,3.343,19.950,0.00,2.3600,24.734552,46.699097,19.110,123.498,8.097
2025-12-25T22:01:36.692Z,49.091,0.077,3.757,19.950,0.00,2.3600,24.734552,46.699097,19.110,123.496,8.097
2025-12-25T22:01:36.896Z,49.098,0.064,3.147,19.950,0.00,2.3600,24.734552,46.699097,19.110,123.495,8.097
2025-12-25T22:01:36.902Z,49.100,0.065,3.169,19.950,0.00,2.3600,24.734552,46.699097,19.110,123.495,8.097
2025-12-25T22:01:37.110Z,49.101,0.070,3.437,19.950,0.00,2.3600,24.734552,46.699097,19.110,123.494,8.098
2025-12-25T22:01:37.306Z,49.101,0.078,3.838,20.430,0.00,2.3670,24.734608,46.699104,19.110,123.859,8.074
2025-12-25T22:01:37.433Z,49.104,0.079,3.885,20.430,0.00,2.3670,24.734608,46.699104,19.111,123.858,8.074
2025-12-25T22:01:37.433Z,49.109,0.067,3.312,20.430,0.00,2.3670,24.734608,46.699104,19.111,123.858,8.074
2025-12-25T22:01:37.716Z,49.108,0.073,3.578,20.430,0.00,2.3670,24.734608,46.699104,19.111,123.856,8.074
2025-12-25T22:01:37.877Z,49.111,0.073,3.606,20.430,0.00,2.3670,24.734608,46.699104,19.111,123.855,8.074
2025-12-25T22:01:38.043Z,49.114,0.072,3.547,20.430,0.00,2.3670,24.734608,46.699104,19.111,123.854,8.074
2025-12-25T22:01:38.044Z,49.119,0.065,3.195,22.190,0.00,2.3730,24.734665,46.699104,19.111,124.168,8.054
2025-12-25T22:01:38.273Z,49.113,0.090,4.427,22.190,0.00,2.3730,24.734665,46.699104,19.112,124.166,8.054
2025-12-25T22:01:38.537Z,49.120,0.074,3.635,22.190,0.00,2.3730,24.734665,46.699104,19.112,124.164,8.054
2025-12-25T22:01:38.740Z,49.123,0.071,3.465,22.190,0.00,2.3730,24.734665,46.699104,19.112,124.163,8.054
2025-12-25T22:01:38.740Z,49.127,0.065,3.201,22.190,0.00,2.3730,24.734665,46.699104,19.112,124.163,8.054
2025-12-25T22:01:38.944Z,49.117,0.102,4.999,22.190,0.00,2.3730,24.734665,46.699104,19.112,124.161,8.054
2025-12-25T22:01:39.077Z,49.123,0.087,4.252,23.000,0.00,2.3790,24.734720,46.699100,19.112,124.474,8.034
2025-12-25T22:01:39.456Z,49.128,0.080,3.954,23.000,0.00,2.3790,24.734720,46.699100,19.113,124.471,8.034
2025-12-25T22:01:39.556Z,49.126,0.091,4.449,23.000,0.00,2.3790,24.734720,46.699100,19.113,124.471,8.034
2025-12-25T22:01:39.556Z,49.137,0.064,3.145,23.000,0.00,2.3790,24.734720,46.699100,19.113,124.471,8.034
2025-12-25T22:01:39.765Z,49.137,0.067,3.284,23.000,0.00,2.3790,24.734720,46.699100,19.113,124.469,8.034
2025-12-25T22:01:39.876Z,49.136,0.076,3.753,23.000,0.00,2.3790,24.734720,46.699100,19.113,124.469,8.034
2025-12-25T22:01:40.276Z,49.140,0.072,3.535,23.000,0.00,2.3790,24.734720,46.699100,19.114,124.466,8.034
2025-12-25T22:01:40.367Z,49.106,0.177,8.701,23.000,0.00,2.3850,24.734770,46.699093,19.114,124.778,8.014
2025-12-25T22:01:40.369Z,49.078,0.279,13.693,23.000,0.00,2.3850,24.734770,46.699093,19.114,124.778,8.014
2025-12-25T22:01:40.523Z,49.064,0.286,14.019,23.000,0.00,2.3850,24.734770,46.699093,19.114,124.774,8.014
2025-12-25T22:01:40.788Z,49.068,0.303,14.873,23.000,0.00,2.3850,24.734770,46.699093,19.116,124.767,8.015
2025-12-25T22:01:40.788Z,49.044,0.386,18.950,23.000,0.00,2.3850,24.734770,46.699093,19.116,124.767,8.015
2025-12-25T22:01:41.096Z,49.011,0.418,20.467,23.000,0.00,2.3850,24.734770,46.699093,19.117,124.756,8.016
2025-12-25T22:01:41.121Z,48.913,0.612,29.946,22.590,0.00,2.3900,24.734816,46.699078,19.118,125.016,7.999
2025-12-25T22:01:41.321Z,48.921,0.758,37.105,22.590,0.00,2.3900,24.734816,46.699078,19.120,125.003,8.000
2025-12-25T22:01:41.710Z,48.942,0.712,34.868,22.590,0.00,2.3900,24.734816,46.699078,19.123,124.978,8.001
2025-12-25T22:01:41.710Z,48.896,0.839,41.041,22.590,0.00,2.3900,24.734816,46.699078,19.123,124.978,8.001
2025-12-25T22:01:41.717Z,48.886,0.845,41.317,22.590,0.00,2.3900,24.734816,46.699078,19.123,124.977,8.001
2025-12-25T22:01:42.017Z,48.889,0.849,41.485,22.590,0.00,2.3900,24.734816,46.699078,19.127,124.955,8.003
2025-12-25T22:01:42.134Z,48.878,0.851,41.600,21.980,0.00,2.3960,24.734861,46.699047,19.128,125.260,7.983
2025-12-25T22:01:42.138Z,48.827,1.018,49.707,21.980,0.00,2.3960,24.734861,46.699047,19.128,125.259,7.983
2025-12-25T22:01:42.529Z,48.719,1.369,66.685,21.980,0.00,2.3960,24.734861,46.699047,19.136,125.212,7.986
2025-12-25T22:01:42.627Z,48.357,2.430,117.486,21.980,0.00,2.3960,24.734861,46.699047,19.139,125.191,7.988
2025-12-25T22:01:42.837Z,48.006,3.426,164.481,21.980,0.00,2.3960,24.734861,46.699047,19.148,125.128,7.992
2025-12-25T22:01:42.837Z,48.104,3.160,152.003,21.980,0.00,2.3960,24.734861,46.699047,19.148,125.128,7.992
2025-12-25T22:01:42.950Z,47.831,3.864,184.796,21.980,0.00,2.3960,24.734861,46.699047,19.154,125.091,7.994
2025-12-25T22:01:43.348Z,47.572,4.667,222.016,21.520,0.00,2.4010,24.734900,46.699017,19.179,125.191,7.988
2025-12-25T22:01:43.432Z,47.740,4.152,198.210,21.520,0.00,2.4010,24.734900,46.699017,19.183,125.161,7.990
2025-12-25T22:01:43.758Z,47.790,4.008,191.522,21.520,0.00,2.4010,24.734900,46.699017,19.201,125.048,7.997
2025-12-25T22:01:43.759Z,47.837,3.838,183.615,21.520,0.00,2.4010,24.734900,46.699017,19.201,125.048,7.997
2025-12-25T22:01:43.770Z,47.888,3.682,176.314,21.520,0.00,2.4010,24.734900,46.699017,19.201,125.044,7.997
2025-12-25T22:01:44.167Z,47.735,4.148,197.987,21.520,0.00,2.4010,24.734900,46.699017,19.223,124.902,8.006
2025-12-25T22:01:44.260Z,47.721,4.202,200.527,21.500,0.00,2.4070,24.734934,46.698978,19.228,125.181,7.988
2025-12-25T22:01:44.260Z,47.561,4.741,225.486,21.500,0.00,2.4070,24.734934,46.698978,19.228,125.180,7.988
2025-12-25T22:01:44.474Z,47.503,4.768,226.501,21.500,0.00,2.4070,24.734934,46.698978,19.242,125.093,7.994
2025-12-25T22:01:44.592Z,47.523,4.698,223.271,21.500,0.00,2.4070,24.734934,46.698978,19.249,125.045,7.997
2025-12-25T22:01:44.885Z,47.550,4.616,219.473,21.500,0.00,2.4070,24.734934,46.698978,19.267,124.929,8.005
2025-12-25T22:01:44.886Z,47.576,4.788,227.780,21.500,0.00,2.4070,24.734934,46.698978,19.267,124.929,8.005
2025-12-25T22:01:44.998Z,47.625,4.406,209.849,21.500,0.00,2.4070,24.734934,46.698978,19.274,124.886,8.007
2025-12-25T22:01:45.395Z,47.534,4.692,223.020,21.580,0.00,2.4120,24.734962,46.698933,19.298,124.986,8.001
2025-12-25T22:01:45.488Z,47.580,4.507,214.450,21.580,0.00,2.4120,24.734962,46.698933,19.304,124.950,8.003
2025-12-25T22:01:45.489Z,47.651,4.326,206.156,21.580,0.00,2.4120,24.734962,46.698933,19.304,124.950,8.003
2025-12-25T22:01:45.704Z,47.622,4.385,208.832,21.580,0.00,2.4120,24.734962,46.698933,19.316,124.869,8.008
2025-12-25T22:01:45.845Z,47.616,4.451,211.938,21.580,0.00,2.4120,24.734962,46.698933,19.324,124.816,8.012
2025-12-25T22:01:46.215Z,47.536,4.676,222.283,21.580,0.00,2.4120,24.734962,46.698933,19.347,124.668,8.021
2025-12-25T22:01:46.328Z,47.481,4.813,228.523,21.910,0.00,2.4180,24.734985,46.698875,19.354,124.932,8.004
2025-12-25T22:01:46.328Z,47.460,4.672,221.731,21.910,0.00,2.4180,24.734985,46.698875,19.354,124.932,8.004
2025-12-25T22:01:46.522Z,47.440,4.928,233.789,21.910,0.00,2.4180,24.734985,46.698875,19.367,124.851,8.010
2025-12-25T22:01:46.671Z,47.483,4.807,228.228,21.910,0.00,2.4180,24.734985,46.698875,19.377,124.790,8.013
2025-12-25T22:01:46.855Z,47.495,4.762,226.176,21.910,0.00,2.4180,24.734985,46.698875,19.388,124.716,8.018
2025-12-25T22:01:46.855Z,47.544,4.628,220.026,21.910,0.00,2.4180,24.734985,46.698875,19.388,124.716,8.018
2025-12-25T22:01:47.137Z,47.439,4.978,236.172,22.870,0.00,2.4240,24.734995,46.698818,19.407,124.906,8.006
2025-12-25T22:01:47.259Z,47.555,4.554,216.567,22.870,0.00,2.4240,24.734995,46.698818,19.414,124.859,8.009
2025-12-25T22:01:47.650Z,47.403,5.022,238.081,22.870,0.00,2.4240,24.734995,46.698818,19.440,124.693,8.020
2025-12-25T22:01:47.650Z,47.455,4.878,231.463,22.870,0.00,2.4240,24.734995,46.698818,19.440,124.693,8.020
2025-12-25T22:01:47.756Z,47.557,4.564,217.046,22.870,0.00,2.4240,24.734995,46.698818,19.446,124.652,8.022
2025-12-25T22:01:47.870Z,47.468,4.784,227.082,22.870,0.00,2.4240,24.734995,46.698818,19.453,124.606,8.025
2025-12-25T22:01:48.175Z,47.443,4.788,227.171,22.870,0.00,2.4240,24.734995,46.698818,19.473,124.483,8.033
2025-12-25T22:01:48.279Z,47.540,4.657,221.393,22.320,0.00,2.4300,24.734991,46.698765,19.479,124.750,8.016
2025-12-25T22:01:48.282Z,47.502,4.591,218.096,22.320,0.00,2.4300,24.734991,46.698765,19.479,124.749,8.016
2025-12-25T22:01:48.514Z,47.482,4.606,218.695,22.320,0.00,2.4300,24.734991,46.698765,19.493,124.658,8.022
2025-12-25T22:01:48.776Z,47.500,4.588,217.947,22.320,0.00,2.4300,24.734991,46.698765,19.509,124.557,8.028
2025-12-25T22:01:48.980Z,47.474,4.803,227.994,22.320,0.00,2.4300,24.734991,46.698765,19.522,124.475,8.034
2025-12-25T22:01:48.980Z,47.496,4.635,220.161,22.320,0.00,2.4300,24.734991,46.698765,19.522,124.475,8.034
2025-12-25T22:01:49.185Z,47.428,4.984,236.372,22.260,0.00,2.4360,24.734974,46.698711,19.535,124.696,8.019
2025-12-25T22:01:49.389Z,47.484,4.662,221.380,22.260,0.00,2.4360,24.734974,46.698711,19.548,124.616,8.025
2025-12-25T22:01:49.509Z,47.406,4.874,231.072,22.260,0.00,2.4360,24.734974,46.698711,19.556,124.567,8.028
2025-12-25T22:01:49.509Z,47.369,5.143,243.634,22.260,0.00,2.4360,24.734974,46.698711,19.556,124.567,8.028
2025-12-25T22:01:49.904Z,47.616,4.275,203.577,22.260,0.00,2.4360,24.734974,46.698711,19.578,124.424,8.037
2025-12-25T22:01:50.005Z,47.532,4.505,214.124,22.260,0.00,2.4360,24.734974,46.698711,19.584,124.387,8.039
2025-12-25T22:01:50.208Z,47.394,4.946,234.406,21.960,0.00,2.4410,24.734945,46.698662,19.597,124.558,8.028
2025-12-25T22:01:50.413Z,47.337,5.143,243.464,21.960,0.00,2.4410,24.734945,46.698662,19.611,124.470,8.034
2025-12-25T22:01:50.413Z,47.398,4.930,233.649,21.960,0.00,2.4410,24.734945,46.698662,19.611,124.470,8.034
2025-12-25T22:01:50.724Z,47.366,5.030,238.272,21.960,0.00,2.4410,24.734945,46.698662,19.632,124.339,8.043
2025-12-25T22:01:50.781Z,47.416,4.828,228.911,21.960,0.00,2.4410,24.734945,46.698662,19.635,124.316,8.044
2025-12-25T22:01:51.643Z,47.443,4.702,223.080,21.960,0.00,2.4410,24.734945,46.698662,19.689,123.979,8.066
2025-12-25T22:01:51.643Z,47.464,4.685,222.353,21.960,0.00,2.4410,24.734945,46.698662,19.689,123.979,8.066
2025-12-25T22:01:51.643Z,47.406,4.959,235.077,22.780,0.00,2.4480,24.734903,46.698612,19.689,124.334,8.043
2025-12-25T22:01:51.643Z,47.355,5.010,237.231,22.780,0.00,2.4480,24.734903,46.698612,19.689,124.334,8.043
2025-12-25T22:01:51.643Z,47.388,4.933,233.754,22.780,0.00,2.4480,24.734903,46.698612,19.689,124.334,8.043
2025-12-25T22:01:51.643Z,47.401,4.867,230.724,22.780,0.00,2.4480,24.734903,46.698612,19.689,124.334,8.043
2025-12-25T22:01:51.858Z,47.429,4.930,233.812,22.780,0.00,2.4480,24.734903,46.698612,19.703,124.246,8.049
2025-12-25T22:01:51.991Z,47.372,4.964,235.164,22.780,0.00,2.4480,24.734903,46.698612,19.712,124.191,8.052
2025-12-25T22:01:52.258Z,47.424,4.737,224.667,23.240,0.00,2.4550,24.734850,46.698582,19.728,124.441,8.036
2025-12-25T22:01:52.258Z,47.436,4.772,226.384,23.240,0.00,2.4550,24.734850,46.698582,19.728,124.441,8.036
2025-12-25T22:01:52.460Z,47.289,5.109,241.617,23.240,0.00,2.4550,24.734850,46.698582,19.742,124.356,8.041
2025-12-25T22:01:52.576Z,47.339,5.106,241.734,23.240,0.00,2.4550,24.734850,46.698582,19.750,124.307,8.045
2025-12-25T22:01:52.871Z,47.471,4.630,219.769,23.240,0.00,2.4550,24.734850,46.698582,19.767,124.194,8.052
2025-12-25T22:01:53.007Z,47.454,4.656,220.931,23.240,0.00,2.4550,24.734850,46.698582,19.776,124.141,8.055
2025-12-25T22:01:53.007Z,47.469,4.663,221.331,23.320,0.00,2.4620,24.734791,46.698563,19.776,124.495,8.032
2025-12-25T22:01:53.280Z,47.337,5.266,249.292,23.320,0.00,2.4620,24.734791,46.698563,19.795,124.376,8.040
2025-12-25T22:01:53.396Z,47.406,4.986,236.382,23.320,0.00,2.4620,24.734791,46.698563,19.802,124.329,8.043
2025-12-25T22:01:53.691Z,47.359,4.999,236.734,23.320,0.00,2.4620,24.734791,46.698563,19.822,124.207,8.051
2025-12-25T22:01:53.691Z,47.344,5.005,236.954,23.320,0.00,2.4620,24.734791,46.698563,19.822,124.207,8.051
2025-12-25T22:01:53.894Z,47.559,4.388,208.700,23.320,0.00,2.4620,24.734791,46.698563,19.834,124.133,8.056
2025-12-25T22:01:54.112Z,47.326,5.312,251.405,23.320,0.00,2.4620,24.734791,46.698563,19.849,124.038,8.062
2025-12-25T22:01:54.221Z,47.253,5.243,247.734,23.040,0.00,2.4680,24.734732,46.698559,19.856,124.294,8.045
2025-12-25T22:01:54.221Z,47.366,5.017,237.632,23.040,0.00,2.4680,24.734732,46.698559,19.856,124.293,8.045
2025-12-25T22:01:54.509Z,47.351,5.038,238.558,23.040,0.00,2.4680,24.734732,46.698559,19.875,124.174,8.053
2025-12-25T22:01:54.652Z,47.380,4.876,231.046,23.040,0.00,2.4680,24.734732,46.698559,19.885,124.117,8.057
2025-12-25T22:01:55.021Z,47.406,4.929,233.649,23.040,0.00,2.4680,24.734732,46.698559,19.908,123.967,8.067
2025-12-25T22:01:55.022Z,47.446,4.586,217.590,23.040,0.00,2.4680,24.734732,46.698559,19.909,123.967,8.067
2025-12-25T22:01:55.034Z,47.291,5.155,243.768,23.710,0.00,2.4750,24.734673,46.698570,19.909,124.313,8.044
2025-12-25T22:01:55.337Z,47.449,4.729,224.369,23.710,0.00,2.4750,24.734673,46.698570,19.928,124.196,8.052
2025-12-25T22:01:55.454Z,47.244,4.859,229.549,23.710,0.00,2.4750,24.734673,46.698570,19.936,124.149,8.055
2025-12-25T22:01:55.841Z,47.323,5.211,246.607,23.710,0.00,2.4750,24.734673,46.698570,19.962,123.984,8.066
2025-12-25T22:01:55.841Z,47.346,4.923,233.105,23.710,0.00,2.4750,24.734673,46.698570,19.962,123.984,8.066
2025-12-25T22:01:55.953Z,47.373,5.197,246.193,23.710,0.00,2.4750,24.734673,46.698570,19.970,123.937,8.069
2025-12-25T22:01:56.250Z,47.389,5.162,244.636,23.710,0.00,2.4750,24.734673,46.698570,19.990,123.812,8.077
2025-12-25T22:01:56.273Z,47.293,4.871,230.350,24.080,0.00,2.4820,24.734613,46.698589,19.992,124.153,8.055
2025-12-25T22:01:56.277Z,47.257,5.219,246.622,24.080,0.00,2.4820,24.734613,46.698589,19.992,124.151,8.055
2025-12-25T22:01:56.474Z,47.254,5.407,255.499,24.080,0.00,2.4820,24.734613,46.698589,20.006,124.064,8.060
2025-12-25T22:01:56.737Z,47.321,4.725,223.607,24.080,0.00,2.4820,24.734613,46.698589,20.022,123.963,8.067
2025-12-25T22:01:56.910Z,47.306,4.996,236.344,24.080,0.00,2.4820,24.734613,46.698589,20.033,123.893,8.071
2025-12-25T22:01:56.910Z,47.442,4.747,225.215,24.080,0.00,2.4820,24.734613,46.698589,20.033,123.893,8.072
2025-12-25T22:01:57.251Z,47.212,4.955,233.954,24.260,0.00,2.4890,24.734556,46.698616,20.056,124.105,8.058
2025-12-25T22:01:57.336Z,47.340,5.551,262.796,24.260,0.00,2.4890,24.734556,46.698616,20.062,124.066,8.060
2025-12-25T22:01:57.527Z,47.274,4.943,233.673,24.260,0.00,2.4890,24.734556,46.698616,20.074,123.990,8.065
2025-12-25T22:01:57.528Z,47.465,4.410,209.305,24.260,0.00,2.4890,24.734556,46.698616,20.074,123.990,8.065
2025-12-25T22:01:57.895Z,47.451,4.808,228.119,24.260,0.00,2.4890,24.734556,46.698616,20.098,123.846,8.075
2025-12-25T22:01:58.028Z,47.522,4.798,228.029,24.260,0.00,2.4890,24.734556,46.698616,20.106,123.794,8.078
2025-12-25T22:01:58.195Z,47.402,4.719,223.708,24.480,0.00,2.4960,24.734503,46.698650,20.116,124.078,8.059
2025-12-25T22:01:58.320Z,47.565,4.599,218.773,24.480,0.00,2.4960,24.734503,46.698650,20.124,124.031,8.062
2025-12-25T22:01:58.320Z,47.524,4.652,221.065,24.480,0.00,2.4960,24.734503,46.698650,20.124,124.031,8.062
2025-12-25T22:01:58.712Z,47.329,4.735,224.087,24.480,0.00,2.4960,24.734503,46.698650,20.148,123.881,8.072
2025-12-25T22:01:58.834Z,47.612,3.978,189.396,24.480,0.00,2.4960,24.734503,46.698650,20.155,123.842,8.075
2025-12-25T22:01:58.841Z,47.298,5.485,259.453,24.480,0.00,2.4960,24.734503,46.698650,20.155,123.839,8.075
2025-12-25T22:01:59.117Z,47.204,5.587,263.744,24.480,0.00,2.4960,24.734503,46.698650,20.175,123.715,8.083
2025-12-25T22:01:59.263Z,47.372,5.095,241.351,24.670,0.00,2.5030,24.734449,46.698689,20.185,124.002,8.064
2025-12-25T22:01:59.263Z,47.169,5.664,267.167,24.670,0.00,2.5030,24.734449,46.698689,20.185,124.001,8.064
2025-12-25T22:01:59.630Z,47.218,5.142,242.818,24.670,0.00,2.5030,24.734449,46.698689,20.210,123.850,8.074
2025-12-25T22:01:59.644Z,47.083,5.750,270.716,24.670,0.00,2.5030,24.734449,46.698689,20.211,123.843,8.075
2025-12-25T22:02:00.142Z,47.251,5.299,250.379,24.670,0.00,2.5030,24.734449,46.698689,20.246,123.631,8.089
2025-12-25T22:02:00.142Z,47.143,5.617,264.815,24.670,0.00,2.5030,24.734449,46.698689,20.246,123.631,8.089
2025-12-25T22:02:00.142Z,47.163,5.512,259.972,23.980,0.00,2.5100,24.734404,46.698734,20.246,123.977,8.066
2025-12-25T22:02:00.298Z,47.000,5.898,277.217,23.980,0.00,2.5100,24.734404,46.698734,20.258,123.904,8.071
2025-12-25T22:02:00.464Z,47.280,4.975,235.228,23.980,0.00,2.5100,24.734404,46.698734,20.269,123.837,8.075
2025-12-25T22:02:00.756Z,46.958,6.065,284.815,23.980,0.00,2.5100,24.734404,46.698734,20.292,123.696,8.084
2025-12-25T22:02:00.757Z,47.268,5.727,270.698,23.980,0.00,2.5100,24.734404,46.698734,20.292,123.696,8.084
2025-12-25T22:02:00.889Z,46.972,6.043,283.838,23.980,0.00,2.5100,24.734404,46.698734,20.302,123.632,8.089
2025-12-25T22:02:01.268Z,47.045,5.576,262.321,23.740,0.00,2.5170,24.734364,46.698788,20.330,123.808,8.077
2025-12-25T22:02:01.370Z,47.412,4.665,221.153,23.740,0.00,2.5170,24.734364,46.698788,20.336,123.770,8.079
2025-12-25T22:02:01.371Z,47.522,4.324,205.461,23.740,0.00,2.5170,24.734364,46.698788,20.336,123.770,8.079
2025-12-25T22:02:01.508Z,46.990,5.899,277.186,23.740,0.00,2.5170,24.734364,46.698788,20.347,123.706,8.084
2025-12-25T22:02:01.727Z,47.089,5.558,261.704,23.740,0.00,2.5170,24.734364,46.698788,20.363,123.609,8.090
2025-12-25T22:02:01.985Z,47.121,5.515,259.860,23.740,0.00,2.5170,24.734364,46.698788,20.381,123.496,8.097
2025-12-25T22:02:02.067Z,47.508,4.394,208.744,23.740,0.00,2.5170,24.734364,46.698788,20.386,123.467,8.099
2025-12-25T22:02:02.145Z,47.145,5.633,265.569,23.060,0.00,2.5230,24.734331,46.698841,20.392,123.727,8.082
2025-12-25T22:02:02.304Z,47.125,5.587,263.283,23.060,0.00,2.5230,24.734331,46.698841,20.403,123.656,8.087
2025-12-25T22:02:02.702Z,47.074,5.729,269.675,23.060,0.00,2.5230,24.734331,46.698841,20.433,123.476,8.099
2025-12-25T22:02:02.728Z,47.155,5.556,261.975,23.060,0.00,2.5230,24.734331,46.698841,20.435,123.464,8.100
2025-12-25T22:02:02.728Z,47.168,5.390,254.248,23.060,0.00,2.5230,24.734331,46.698841,20.435,123.464,8.100
2025-12-25T22:02:03.009Z,47.052,5.774,271.675,23.060,0.00,2.5230,24.734331,46.698841,20.456,123.337,8.108
2025-12-25T22:02:03.132Z,47.007,5.905,277.581,22.450,0.00,2.5290,24.734310,46.698895,20.466,123.572,8.092
2025-12-25T22:02:03.438Z,47.067,5.615,264.303,22.450,0.00,2.5290,24.734310,46.698895,20.488,123.437,8.101
2025-12-25T22:02:03.438Z,47.001,5.829,273.976,22.450,0.00,2.5290,24.734310,46.698895,20.488,123.437,8.101
2025-12-25T22:02:03.562Z,47.048,4.837,227.558,22.450,0.00,2.5290,24.734310,46.698895,20.496,123.389,8.104
2025-12-25T22:02:03.930Z,47.227,5.174,244.357,22.450,0.00,2.5290,24.734310,46.698895,20.521,123.239,8.114
2025-12-25T22:02:03.965Z,47.223,5.157,243.534,22.450,0.00,2.5290,24.734310,46.698895,20.523,123.225,8.115
2025-12-25T22:02:03.965Z,47.216,5.327,251.514,22.930,0.00,2.5350,24.734303,46.698952,20.523,123.517,8.096
2025-12-25T22:02:04.237Z,46.987,5.914,277.904,22.930,0.00,2.5350,24.734303,46.698952,20.544,123.391,8.104
2025-12-25T22:02:04.354Z,47.064,5.707,268.595,22.930,0.00,2.5350,24.734303,46.698952,20.553,123.339,8.108
2025-12-25T22:02:04.750Z,47.167,5.344,252.068,22.930,0.00,2.5350,24.734303,46.698952,20.581,123.173,8.119
2025-12-25T22:02:04.750Z,46.965,6.051,284.194,22.930,0.00,2.5350,24.734303,46.698952,20.581,123.173,8.119
2025-12-25T22:02:04.764Z,47.408,4.704,223.012,22.930,0.00,2.5350,24.734303,46.698952,20.582,123.168,8.119
2025-12-25T22:02:05.056Z,46.999,5.929,278.658,22.930,0.00,2.5350,24.734303,46.698952,20.604,123.032,8.128
2025-12-25T22:02:05.176Z,47.093,5.542,260.985,23.590,0.00,2.5420,24.734310,46.699017,20.613,123.320,8.109
2025-12-25T22:02:05.570Z,47.261,5.116,241.774,23.590,0.00,2.5420,24.734310,46.699017,20.639,123.162,8.119
2025-12-25T22:02:05.570Z,47.147,5.358,252.624,23.590,0.00,2.5420,24.734310,46.699017,20.639,123.162,8.119
2025-12-25T22:02:05.586Z,47.072,5.674,267.095,23.590,0.00,2.5420,24.734310,46.699017,20.641,123.155,8.120
2025-12-25T22:02:05.876Z,47.054,5.701,268.233,23.590,0.00,2.5420,24.734310,46.699017,20.662,123.026,8.128
2025-12-25T22:02:06.015Z,47.111,5.491,258.707,23.590,0.00,2.5420,24.734310,46.699017,20.672,122.967,8.132
2025-12-25T22:02:06.015Z,47.008,5.781,271.768,23.650,0.00,2.5480,24.734337,46.699070,20.672,123.257,8.113
2025-12-25T22:02:06.389Z,46.992,5.890,276.792,23.650,0.00,2.5480,24.734337,46.699070,20.701,123.086,8.124
2025-12-25T22:02:06.522Z,47.152,5.705,268.996,23.650,0.00,2.5480,24.734337,46.699070,20.711,123.027,8.128
2025-12-25T22:02:06.608Z,46.972,5.845,274.563,23.650,0.00,2.5480,24.734337,46.699070,20.718,122.988,8.131
2025-12-25T22:02:06.843Z,47.148,5.384,253.852,23.650,0.00,2.5480,24.734337,46.699070,20.734,122.890,8.137
2025-12-25T22:02:06.843Z,47.035,5.727,269.379,23.650,0.00,2.5480,24.734337,46.699070,20.734,122.889,8.137
2025-12-25T22:02:07.137Z,47.128,5.420,255.426,23.650,0.00,2.5480,24.734337,46.699070,20.755,122.766,8.146
2025-12-25T22:02:07.257Z,46.979,5.837,274.201,23.020,0.00,2.5540,24.734375,46.699116,20.764,123.001,8.130
2025-12-25T22:02:07.513Z,47.031,5.854,275.326,23.020,0.00,2.5540,24.734375,46.699116,20.784,122.885,8.138
2025-12-25T22:02:07.513Z,47.145,5.277,248.801,23.020,0.00,2.5540,24.734375,46.699116,20.784,122.885,8.138
2025-12-25T22:02:07.720Z,47.221,5.209,245.974,23.020,0.00,2.5540,24.734375,46.699116,20.798,122.801,8.143
2025-12-25T22:02:07.851Z,48.629,0.846,41.160,23.020,0.00,2.5540,24.734375,46.699116,20.799,122.793,8.144
2025-12-25T22:02:08.230Z,48.808,0.525,25.617,23.020,0.00,2.5540,24.734375,46.699116,20.802,122.777,8.145
2025-12-25T22:02:08.231Z,48.846,0.419,20.489,22.020,0.00,2.5600,24.734421,46.699150,20.802,123.065,8.126
2025-12-25T22:02:08.245Z,48.880,0.325,15.905,22.020,0.00,2.5600,24.734421,46.699150,20.802,123.065,8.126
2025-12-25T22:02:08.524Z,48.902,0.305,14.933,22.020,0.00,2.5600,24.734421,46.699150,20.803,123.058,8.126
2025-12-25T22:02:08.692Z,48.960,0.145,7.105,22.020,0.00,2.5600,24.734421,46.699150,20.804,123.056,8.126
2025-12-25T22:02:08.692Z,48.986,0.087,4.259,22.020,0.00,2.5600,24.734421,46.699150,20.804,123.056,8.126
2025-12-25T22:02:09.051Z,48.997,0.067,3.297,22.020,0.00,2.5600,24.734421,46.699150,20.804,123.054,8.127
2025-12-25T22:02:09.139Z,48.997,0.078,3.820,21.090,0.00,2.5660,24.734474,46.699173,20.804,123.342,8.108
2025-12-25T22:02:09.358Z,49.005,0.070,3.412,21.090,0.00,2.5660,24.734474,46.699173,20.804,123.341,8.108
2025-12-25T22:02:09.562Z,49.006,0.077,3.774,21.090,0.00,2.5660,24.734474,46.699173,20.804,123.339,8.108
2025-12-25T22:02:09.562Z,49.014,0.064,3.149,21.090,0.00,2.5660,24.734474,46.699173,20.804,123.339,8.108
2025-12-25T22:02:09.870Z,49.017,0.066,3.216,21.090,0.00,2.5660,24.734474,46.699173,20.805,123.338,8.108
2025-12-25T22:02:09.909Z,49.016,0.079,3.878,21.090,0.00,2.5660,24.734474,46.699173,20.805,123.337,8.108
2025-12-25T22:02:10.177Z,49.023,0.067,3.282,21.090,0.00,2.5660,24.734474,46.699173,20.805,123.336,8.108
2025-12-25T22:02:10.178Z,49.027,0.066,3.213,21.820,0.00,2.5730,24.734531,46.699188,20.805,123.672,8.086
2025-12-25T22:02:10.483Z,49.029,0.067,3.292,21.820,0.00,2.5730,24.734531,46.699188,20.805,123.671,8.086
2025-12-25T22:02:10.525Z,49.029,0.077,3.763,21.820,0.00,2.5730,24.734531,46.699188,20.805,123.671,8.086
2025-12-25T22:02:10.791Z,49.036,0.065,3.163,21.820,0.00,2.5730,24.734531,46.699188,20.806,123.669,8.086
2025-12-25T22:02:10.791Z,49.039,0.064,3.160,21.820,0.00,2.5730,24.734531,46.699188,20.806,123.669,8.086
2025-12-25T22:02:10.995Z,49.041,0.067,3.304,21.820,0.00,2.5730,24.734531,46.699188,20.806,123.668,8.086
2025-12-25T22:02:11.119Z,49.042,0.070,3.418,23.170,0.00,2.5800,24.734596,46.699181,20.806,124.004,8.064
2025-12-25T22:02:11.323Z,49.039,0.084,4.112,23.170,0.00,2.5800,24.734596,46.699181,20.806,124.002,8.064
2025-12-25T22:02:11.546Z,49.049,0.065,3.190,23.170,0.00,2.5800,24.734596,46.699181,20.806,124.001,8.064
2025-12-25T22:02:11.554Z,49.051,0.065,3.207,23.170,0.00,2.5800,24.734596,46.699181,20.806,124.001,8.064
2025-12-25T22:02:11.815Z,49.051,0.070,3.439,23.170,0.00,2.5800,24.734596,46.699181,20.807,124.000,8.065
2025-12-25T22:02:11.958Z,49.053,0.073,3.600,23.170,0.00,2.5800,24.734596,46.699181,20.807,123.999,8.065
2025-12-25T22:02:12.224Z,49.058,0.065,3.174,23.950,0.00,2.5870,24.734659,46.699169,20.807,124.334,8.043
2025-12-25T22:02:12.224Z,49.061,0.065,3.178,23.950,0.00,2.5870,24.734659,46.699169,20.807,124.334,8.043
2025-12-25T22:02:12.429Z,49.063,0.067,3.272,23.950,0.00,2.5870,24.734659,46.699169,20.807,124.333,8.043
2025-12-25T22:02:12.557Z,49.061,0.074,3.651,23.950,0.00,2.5870,24.734659,46.699169,20.807,124.332,8.043
2025-12-25T22:02:12.941Z,49.065,0.072,3.517,23.950,0.00,2.5870,24.734659,46.699169,20.808,124.330,8.043
2025-12-25T22:02:12.942Z,49.070,0.065,3.195,23.950,0.00,2.5870,24.734659,46.699169,20.808,124.330,8.043
2025-12-25T22:02:13.248Z,49.071,0.067,3.272,23.950,0.00,2.5870,24.734659,46.699169,20.808,124.328,8.043
2025-12-25T22:02:13.248Z,49.069,0.077,3.774,23.910,0.00,2.5940,24.734716,46.699150,20.808,124.664,8.022
2025-12-25T22:02:13.326Z,49.075,0.066,3.263,23.910,0.00,2.5940,24.734716,46.699150,20.808,124.664,8.022
2025-12-25T22:02:13.555Z,49.072,0.080,3.929,23.910,0.00,2.5940,24.734716,46.699150,20.808,124.663,8.022
2025-12-25T22:02:13.863Z,49.078,0.067,3.291,23.910,0.00,2.5940,24.734716,46.699150,20.808,124.661,8.022
2025-12-25T22:02:13.863Z,49.081,0.067,3.275,23.910,0.00,2.5940,24.734716,46.699150,20.808,124.661,8.022
2025-12-25T22:02:13.992Z,49.079,0.077,3.791,23.910,0.00,2.5940,24.734716,46.699150,20.809,124.660,8.022
2025-12-25T22:02:14.374Z,49.085,0.066,3.245,23.340,0.00,2.6000,24.734768,46.699123,20.809,124.946,8.003
2025-12-25T22:02:14.375Z,49.071,0.119,5.859,23.340,0.00,2.6000,24.734768,46.699123,20.809,124.946,8.003
2025-12-25T22:02:14.458Z,49.029,0.234,11.456,23.340,0.00,2.6000,24.734768,46.699123,20.809,124.945,8.004
2025-12-25T22:02:14.681Z,48.998,0.337,16.531,23.340,0.00,2.6000,24.734768,46.699123,20.810,124.939,8.004
2025-12-25T22:02:14.887Z,48.960,0.450,22.027,23.340,0.00,2.6000,24.734768,46.699123,20.811,124.931,8.004
2025-12-25T22:02:14.887Z,48.869,0.710,34.682,23.340,0.00,2.6000,24.734768,46.699123,20.811,124.931,8.004
2025-12-25T22:02:15.193Z,48.869,0.721,35.224,23.340,0.00,2.6000,24.734768,46.699123,20.814,124.913,8.006
2025-12-25T22:02:15.259Z,48.790,0.986,48.131,22.870,0.00,2.6070,24.734818,46.699089,20.815,125.244,7.984
2025-12-25T22:02:15.500Z,48.629,1.374,66.830,22.870,0.00,2.6070,24.734818,46.699089,20.820,125.217,7.986
2025-12-25T22:02:15.500Z,47.733,4.078,194.636,22.870,0.00,2.6070,24.734818,46.699089,20.820,125.217,7.986
2025-12-25T22:02:15.706Z,47.605,4.330,206.108,22.870,0.00,2.6070,24.734818,46.699089,20.832,125.146,7.991
2025-12-25T22:02:15.818Z,47.675,4.125,196.658,22.870,0.00,2.6070,24.734818,46.699089,20.838,125.109,7.993
2025-12-25T22:02:16.115Z,47.817,3.791,181.264,22.870,0.00,2.6070,24.734818,46.699089,20.853,125.020,7.999
2025-12-25T22:02:16.233Z,47.807,3.874,185.224,22.560,0.00,2.6130,24.734863,46.699051,20.859,125.271,7.983
2025-12-25T22:02:16.234Z,47.765,3.990,190.577,22.560,0.00,2.6130,24.734863,46.699051,20.859,125.271,7.983
2025-12-25T22:02:16.627Z,47.574,4.447,211.569,22.560,0.00,2.6130,24.734863,46.699051,20.882,125.132,7.992
2025-12-25T22:02:16.686Z,47.554,4.492,213.626,22.560,0.00,2.6130,24.734863,46.699051,20.885,125.111,7.993
2025-12-25T22:02:16.855Z,47.608,4.346,206.926,22.560,0.00,2.6130,24.734863,46.699051,20.895,125.053,7.997
2025-12-25T22:02:16.856Z,47.578,4.411,209.885,22.560,0.00,2.6130,24.734863,46.699051,20.895,125.053,7.997
2025-12-25T22:02:17.086Z,47.563,4.488,213.475,22.480,0.00,2.6200,24.734903,46.699005,20.909,125.306,7.980
2025-12-25T22:02:17.344Z,47.576,4.411,209.873,22.480,0.00,2.6200,24.734903,46.699005,20.924,125.216,7.986
2025-12-25T22:02:17.498Z,47.596,4.367,207.862,22.480,0.00,2.6200,24.734903,46.699005,20.933,125.163,7.990
2025-12-25T22:02:17.498Z,47.664,4.183,199.383,22.480,0.00,2.6200,24.734903,46.699005,20.933,125.163,7.990
2025-12-25T22:02:17.753Z,47.621,4.262,202.975,22.480,0.00,2.6200,24.734903,46.699005,20.947,125.077,7.995
2025-12-25T22:02:17.899Z,47.512,4.606,218.847,22.480,0.00,2.6200,24.734903,46.699005,20.956,125.024,7.998
2025-12-25T22:02:18.163Z,47.374,4.997,236.732,22.480,0.00,2.6200,24.734903,46.699005,20.973,124.920,8.005
2025-12-25T22:02:18.368Z,47.356,5.058,239.520,22.500,0.00,2.6260,24.734936,46.698956,20.987,125.125,7.992
2025-12-25T22:02:18.368Z,47.579,4.345,206.737,22.500,0.00,2.6260,24.734936,46.698956,20.987,125.125,7.992
2025-12-25T22:02:18.489Z,47.412,4.863,230.573,22.500,0.00,2.6260,24.734936,46.698956,20.995,125.079,7.995
2025-12-25T22:02:18.799Z,47.365,4.949,234.389,22.500,0.00,2.6260,24.734936,46.698956,21.015,124.958,8.003
2025-12-25T22:02:18.906Z,47.578,4.288,204.017,22.500,0.00,2.6260,24.734936,46.698956,21.021,124.923,8.005
2025-12-25T22:02:18.909Z,47.500,4.531,215.234,22.500,0.00,2.6260,24.734936,46.698956,21.021,124.922,8.005
2025-12-25T22:02:19.125Z,47.538,4.576,217.521,22.630,0.00,2.6320,24.734957,46.698898,21.034,125.129,7.992
2025-12-25T22:02:19.495Z,47.345,5.058,239.469,22.630,0.00,2.6320,24.734957,46.698898,21.059,124.983,8.001
2025-12-25T22:02:19.517Z,47.424,4.725,224.066,22.630,0.00,2.6320,24.734957,46.698898,21.060,124.975,8.002
2025-12-25T22:02:19.517Z,47.281,5.166,244.233,22.630,0.00,2.6320,24.734957,46.698898,21.060,124.975,8.002
2025-12-25T22:02:19.803Z,47.515,4.533,215.380,22.630,0.00,2.6320,24.734957,46.698898,21.077,124.874,8.008
2025-12-25T22:02:20.007Z,47.286,5.293,250.303,22.630,0.00,2.6320,24.734957,46.698898,21.092,124.790,8.013
2025-12-25T22:02:20.148Z,47.379,4.906,232.444,23.780,0.00,2.6390,24.734962,46.698833,21.101,125.067,7.996
2025-12-25T22:02:20.148Z,47.392,4.950,234.571,23.780,0.00,2.6390,24.734962,46.698833,21.101,125.067,7.996
2025-12-25T22:02:20.380Z,47.268,5.118,241.897,23.780,0.00,2.6390,24.734962,46.698833,21.116,124.975,8.002
2025-12-25T22:02:20.562Z,47.252,5.125,242.161,23.780,0.00,2.6390,24.734962,46.698833,21.128,124.903,8.006
2025-12-25T22:02:20.824Z,47.351,4.958,234.754,23.780,0.00,2.6390,24.734962,46.698833,21.146,124.802,8.013
2025-12-25T22:02:21.066Z,47.218,5.330,251.659,23.780,0.00,2.6390,24.734962,46.698833,21.162,124.702,8.019
2025-12-25T22:02:21.066Z,47.304,5.044,238.598,23.780,0.00,2.6390,24.734962,46.698833,21.162,124.702,8.019
2025-12-25T22:02:21.270Z,47.262,5.093,240.712,22.780,0.00,2.6450,24.734949,46.698776,21.176,124.905,8.006
2025-12-25T22:02:21.271Z,47.286,5.061,239.332,22.780,0.00,2.6450,24.734949,46.698776,21.176,124.905,8.006
2025-12-25T22:02:21.483Z,47.289,5.031,237.932,22.780,0.00,2.6450,24.734949,46.698776,21.190,124.822,8.011
2025-12-25T22:02:21.654Z,47.302,5.229,247.351,22.780,0.00,2.6450,24.734949,46.698776,21.202,124.753,8.016
2025-12-25T22:02:22.054Z,47.281,5.122,242.182,22.780,0.00,2.6450,24.734949,46.698776,21.229,124.595,8.026
2025-12-25T22:02:22.055Z,47.104,5.530,260.504,22.780,0.00,2.6450,24.734949,46.698776,21.229,124.594,8.026
2025-12-25T22:02:22.174Z,47.136,5.575,262.793,22.710,0.00,2.6510,24.734928,46.698719,21.238,124.826,8.011
2025-12-25T22:02:22.363Z,47.416,5.688,269.698,22.710,0.00,2.6510,24.734928,46.698719,21.252,124.743,8.017
2025-12-25T22:02:22.510Z,47.186,5.254,247.917,22.710,0.00,2.6510,24.734928,46.698719,21.262,124.683,8.020
2025-12-25T22:02:22.510Z,47.223,5.320,251.239,22.710,0.00,2.6510,24.734928,46.698719,21.262,124.683,8.020
2025-12-25T22:02:22.874Z,47.124,5.773,272.030,22.710,0.00,2.6510,24.734928,46.698719,21.289,124.522,8.031
2025-12-25T22:02:22.981Z,47.098,5.532,260.540,22.710,0.00,2.6510,24.734928,46.698719,21.297,124.477,8.034
2025-12-25T22:02:23.115Z,47.116,5.456,257.073,22.850,0.00,2.6570,24.734894,46.698666,21.307,124.703,8.019
2025-12-25T22:02:23.301Z,47.041,5.945,279.664,22.850,0.00,2.6570,24.734894,46.698666,21.321,124.618,8.025
2025-12-25T22:02:23.301Z,47.119,5.994,282.413,22.850,0.00,2.6570,24.734894,46.698666,21.321,124.618,8.025
2025-12-25T22:02:23.533Z,47.141,6.033,284.417,22.850,0.00,2.6570,24.734894,46.698666,21.339,124.511,8.031
2025-12-25T22:02:23.796Z,47.105,5.789,272.679,22.850,0.00,2.6570,24.734894,46.698666,21.359,124.395,8.039
2025-12-25T22:02:24.000Z,47.124,6.178,291.150,22.850,0.00,2.6570,24.734894,46.698666,21.376,124.299,8.045
2025-12-25T22:02:24.000Z,47.008,5.658,265.962,22.850,0.00,2.6570,24.734894,46.698666,21.376,124.299,8.045
2025-12-25T22:02:24.115Z,47.212,5.211,246.018,24.190,0.00,2.6640,24.734842,46.698627,21.384,124.581,8.027
2025-12-25T22:02:24.410Z,46.959,5.639,264.822,24.190,0.00,2.6640,24.734842,46.698627,21.405,124.454,8.035
2025-12-25T22:02:24.526Z,47.043,5.613,264.049,24.190,0.00,2.6640,24.734842,46.698627,21.414,124.405,8.038
2025-12-25T22:02:24.529Z,47.098,5.452,256.801,24.190,0.00,2.6640,24.734842,46.698627,21.414,124.403,8.038
2025-12-25T22:02:24.922Z,46.947,5.729,268.973,24.190,0.00,2.6640,24.734842,46.698627,21.444,124.233,8.049
2025-12-25T22:02:25.011Z,47.057,5.454,256.664,24.190,0.00,2.6640,24.734842,46.698627,21.450,124.196,8.052
2025-12-25T22:02:25.229Z,47.161,5.703,268.939,24.430,0.00,2.6710,24.734783,46.698601,21.466,124.429,8.037
2025-12-25T22:02:25.346Z,47.142,5.225,246.304,24.430,0.00,2.6710,24.734783,46.698601,21.474,124.382,8.040
2025-12-25T22:02:25.350Z,47.222,5.291,249.866,24.430,0.00,2.6710,24.734783,46.698601,21.474,124.381,8.040
2025-12-25T22:02:25.741Z,47.182,5.475,258.340,24.430,0.00,2.6710,24.734783,46.698601,21.503,124.218,8.050
2025-12-25T22:02:25.758Z,47.076,5.921,278.746,24.430,0.00,2.6710,24.734783,46.698601,21.504,124.210,8.051
2025-12-25T22:02:26.049Z,47.024,5.732,269.558,24.430,0.00,2.6710,24.734783,46.698601,21.526,124.085,8.059
2025-12-25T22:02:26.049Z,47.084,5.918,278.640,24.430,0.00,2.6710,24.734783,46.698601,21.526,124.085,8.059
2025-12-25T22:02:26.252Z,47.102,5.210,245.409,24.460,0.00,2.6780,24.734724,46.698589,21.539,124.330,8.043
2025-12-25T22:02:26.394Z,46.875,5.709,267.614,24.460,0.00,2.6780,24.734724,46.698589,21.550,124.269,8.047
2025-12-25T22:02:26.663Z,47.038,5.811,273.324,24.460,0.00,2.6780,24.734724,46.698589,21.570,124.151,8.055
2025-12-25T22:02:26.663Z,46.981,6.082,285.723,24.460,0.00,2.6780,24.734724,46.698589,21.570,124.151,8.055
2025-12-25T22:02:26.803Z,47.042,5.785,272.127,24.460,0.00,2.6780,24.734724,46.698589,21.581,124.091,8.059
2025-12-25T22:02:27.176Z,47.056,5.611,264.054,24.460,0.00,2.6780,24.734724,46.698589,21.608,123.934,8.069
2025-12-25T22:02:27.266Z,47.036,5.686,267.439,24.740,0.00,2.6850,24.734663,46.698593,21.615,124.219,8.050
2025-12-25T22:02:27.404Z,47.322,4.934,233.487,24.740,0.00,2.6850,24.734663,46.698593,21.624,124.167,8.054
2025-12-25T22:02:27.405Z,46.986,6.032,283.441,24.740,0.00,2.6850,24.734663,46.698593,21.624,124.167,8.054
2025-12-25T22:02:27.789Z,46.962,5.794,272.102,24.740,0.00,2.6850,24.734663,46.698593,21.653,124.001,8.064
2025-12-25T22:02:27.797Z,47.063,5.596,263.388,24.740,0.00,2.6850,24.734663,46.698593,21.654,123.997,8.065
2025-12-25T22:02:28.098Z,47.002,5.710,268.398,24.740,0.00,2.6850,24.734663,46.698593,21.676,123.869,8.073
2025-12-25T22:02:28.098Z,47.008,5.626,264.468,25.190,0.00,2.6920,24.734600,46.698608,21.676,124.192,8.052
2025-12-25T22:02:28.306Z,46.965,5.807,272.717,25.190,0.00,2.6920,24.734600,46.698608,21.692,124.102,8.058
2025-12-25T22:02:28.432Z,46.902,6.241,292.721,25.190,0.00,2.6920,24.734600,46.698608,21.702,124.043,8.062
2025-12-25T22:02:28.713Z,47.025,5.790,272.260,25.190,0.00,2.6920,24.734600,46.698608,21.723,123.922,8.070
2025-12-25T22:02:28.713Z,46.856,6.091,285.400,25.190,0.00,2.6920,24.734600,46.698608,21.723,123.922,8.070
2025-12-25T22:02:28.915Z,46.772,6.448,301.569,25.190,0.00,2.6920,24.734600,46.698608,21.740,123.826,8.076
2025-12-25T22:02:29.031Z,46.986,5.863,275.499,25.190,0.00,2.6920,24.734600,46.698608,21.749,123.775,8.079
2025-12-25T22:02:29.254Z,46.896,6.055,283.971,25.500,0.00,2.6990,24.734539,46.698631,21.767,123.997,8.065
2025-12-25T22:02:29.565Z,46.770,6.452,301.773,25.500,0.00,2.6990,24.734539,46.698631,21.793,123.848,8.074
2025-12-25T22:02:29.565Z,46.983,5.925,278.355,25.500,0.00,2.6990,24.734539,46.698631,21.793,123.848,8.074
2025-12-25T22:02:29.673Z,46.744,6.478,302.803,25.500,0.00,2.6990,24.734539,46.698631,21.802,123.796,8.078
2025-12-25T22:02:30.042Z,46.818,6.363,297.902,25.500,0.00,2.6990,24.734539,46.698631,21.832,123.623,8.089
2025-12-25T22:02:30.063Z,46.762,6.456,301.891,25.500,0.00,2.6990,24.734539,46.698631,21.834,123.613,8.090
2025-12-25T22:02:30.064Z,46.703,6.612,308.819,25.970,0.00,2.7070,24.734482,46.698666,21.834,123.979,8.066
2025-12-25T22:02:30.304Z,46.722,6.580,307.417,25.970,0.00,2.7070,24.734482,46.698666,21.855,123.863,8.073
2025-12-25T22:02:30.468Z,46.812,6.377,298.501,25.970,0.00,2.7070,24.734482,46.698666,21.868,123.786,8.078
2025-12-25T22:02:30.861Z,46.901,6.025,282.562,25.970,0.00,2.7070,24.734482,46.698666,21.899,123.612,8.090
2025-12-25T22:02:30.861Z,46.776,6.394,299.091,25.970,0.00,2.7070,24.734482,46.698666,21.899,123.612,8.090
2025-12-25T22:02:30.961Z,46.741,6.393,298.806,25.970,0.00,2.7070,24.734482,46.698666,21.908,123.565,8.093
2025-12-25T22:02:31.271Z,46.900,6.037,283.142,25.950,0.00,2.7140,24.734428,46.698708,21.932,123.747,8.081
2025-12-25T22:02:31.271Z,46.815,6.142,287.539,25.950,0.00,2.7140,24.734428,46.698708,21.932,123.747,8.081
2025-12-25T22:02:31.475Z,47.062,5.638,265.318,25.950,0.00,2.7140,24.734428,46.698708,21.947,123.662,8.087
2025-12-25T22:02:31.613Z,46.984,5.911,277.715,25.950,0.00,2.7140,24.734428,46.698708,21.958,123.602,8.090
2025-12-25T22:02:31.613Z,46.853,6.190,290.016,25.950,0.00,2.7140,24.734428,46.698708,21.958,123.602,8.090
2025-12-25T22:02:31.988Z,46.882,6.041,283.222,25.950,0.00,2.7140,24.734428,46.698708,21.987,123.436,8.101
2025-12-25T22:02:32.108Z,46.929,5.972,280.240,25.950,0.00,2.7140,24.734428,46.698708,21.996,123.384,8.105
2025-12-25T22:02:32.298Z,46.888,6.273,294.131,25.560,0.00,2.7210,24.734383,46.698757,22.012,123.614,8.090
2025-12-25T22:02:32.432Z,46.981,5.931,278.623,25.560,0.00,2.7210,24.734383,46.698757,22.022,123.556,8.093
2025-12-25T22:02:32.435Z,46.785,5.499,257.287,25.560,0.00,2.7210,24.734383,46.698757,22.023,123.555,8.094
2025-12-25T22:02:32.807Z,47.006,5.253,246.932,25.560,0.00,2.7210,24.734383,46.698757,22.048,123.412,8.103
2025-12-25T22:02:32.915Z,46.740,6.041,282.376,25.560,0.00,2.7210,24.734383,46.698757,22.057,123.365,8.106
2025-12-25T22:02:33.026Z,46.892,5.782,271.146,25.560,0.00,2.7210,24.734383,46.698757,22.065,123.318,8.109
2025-12-25T22:02:33.026Z,47.031,5.714,268.723,25.080,0.00,2.7280,24.734344,46.698814,22.065,123.635,8.088
2025-12-25T22:02:33.254Z,46.993,5.296,248.865,25.080,0.00,2.7280,24.734344,46.698814,22.081,123.547,8.094
2025-12-25T22:02:33.522Z,47.048,5.393,253.748,25.080,0.00,2.7280,24.734344,46.698814,22.100,123.441,8.101
2025-12-25T22:02:33.668Z,47.166,5.267,248.444,25.080,0.00,2.7280,24.734344,46.698814,22.110,123.385,8.105
2025-12-25T22:02:33.668Z,46.957,5.908,277.417,25.080,0.00,2.7280,24.734344,46.698814,22.110,123.385,8.105
2025-12-25T22:02:34.035Z,47.028,5.372,252.646,25.080,0.00,2.7280,24.734344,46.698814,22.135,123.241,8.114
2025-12-25T22:02:34.036Z,47.005,5.666,266.309,24.540,0.00,2.7350,24.734314,46.698875,22.135,123.558,8.093
2025-12-25T22:02:34.239Z,46.878,6.186,290.008,24.540,0.00,2.7350,24.734314,46.698875,22.152,123.466,8.099
2025-12-25T22:02:34.364Z,46.787,6.022,281.746,24.540,0.00,2.7350,24.734314,46.698875,22.162,123.412,8.103
2025-12-25T22:02:34.651Z,46.880,6.237,292.407,24.540,0.00,2.7350,24.734314,46.698875,22.185,123.282,8.111
2025-12-25T22:02:34.773Z,46.894,5.829,273.333,24.540,0.00,2.7350,24.734314,46.698875,22.194,123.231,8.115
2025-12-25T22:02:34.773Z,47.420,4.378,207.600,24.540,0.00,2.7350,24.734314,46.698875,22.194,123.230,8.115
2025-12-25T22:02:35.162Z,47.154,5.200,245.209,24.540,0.00,2.7350,24.734314,46.698875,22.221,123.084,8.125
2025-12-25T22:02:35.223Z,47.144,5.341,251.793,24.760,0.00,2.7420,24.734301,46.698936,22.225,123.375,8.105
2025-12-25T22:02:35.469Z,47.239,4.828,228.051,24.760,0.00,2.7420,24.734301,46.698936,22.241,123.288,8.111
2025-12-25T22:02:35.576Z,46.931,5.372,252.132,24.760,0.00,2.7420,24.734301,46.698936,22.248,123.247,8.114
2025-12-25T22:02:35.673Z,46.977,5.445,255.791,24.760,0.00,2.7420,24.734301,46.698936,22.255,123.209,8.116
2025-12-25T22:02:35.789Z,46.907,6.100,286.110,24.760,0.00,2.7420,24.734301,46.698936,22.264,123.158,8.120
2025-12-25T22:02:36.186Z,46.933,6.084,285.530,24.760,0.00,2.7420,24.734301,46.698936,22.296,122.984,8.131
2025-12-25T22:02:36.186Z,46.815,5.567,260.639,25.060,0.00,2.7480,24.734299,46.699001,22.296,123.253,8.113
2025-12-25T22:02:36.301Z,46.777,6.012,281.207,25.060,0.00,2.7480,24.734299,46.699001,22.305,123.203,8.117
2025-12-25T22:02:36.596Z,46.925,5.535,259.735,25.060,0.00,2.7480,24.734299,46.699001,22.326,123.086,8.124
2025-12-25T22:02:36.611Z,47.421,4.786,226.960,25.060,0.00,2.7480,24.734299,46.699001,22.327,123.081,8.125
2025-12-25T22:02:36.903Z,47.106,5.673,267.231,25.060,0.00,2.7480,24.734299,46.699001,22.348,122.961,8.133
2025-12-25T22:02:36.903Z,46.869,5.850,274.170,25.060,0.00,2.7480,24.734299,46.699001,22.349,122.961,8.133
2025-12-25T22:02:37.018Z,46.914,5.570,261.298,25.060,0.00,2.7480,24.734299,46.699001,22.357,122.915,8.136
2025-12-25T22:02:37.256Z,46.954,5.221,245.161,25.320,0.00,2.7550,24.734318,46.699066,22.373,123.139,8.121
2025-12-25T22:02:37.443Z,48.760,0.352,17.140,25.320,0.00,2.7550,24.734318,46.699066,22.374,123.134,8.121
2025-12-25T22:02:37.449Z,48.797,0.371,18.121,25.320,0.00,2.7550,24.734318,46.699066,22.374,123.134,8.121
2025-12-25T22:02:37.722Z,48.827,0.358,17.456,25.320,0.00,2.7550,24.734318,46.699066,22.375,123.127,8.122
2025-12-25T22:02:37.841Z,48.851,0.243,11.884,25.320,0.00,2.7550,24.734318,46.699066,22.376,123.125,8.122
2025-12-25T22:02:38.235Z,48.897,0.137,6.694,25.320,0.00,2.7550,24.734318,46.699066,22.376,123.121,8.122
2025-12-25T22:02:38.236Z,48.921,0.079,3.861,24.890,0.00,2.7620,24.734356,46.699116,22.376,123.433,8.102
2025-12-25T22:02:38.438Z,48.927,0.077,3.789,24.890,0.00,2.7620,24.734356,46.699116,22.377,123.432,8.102
2025-12-25T22:02:38.438Z,48.936,0.065,3.162,24.890,0.00,2.7620,24.734356,46.699116,22.377,123.432,8.102
2025-12-25T22:02:38.577Z,48.939,0.066,3.248,24.890,0.00,2.7620,24.734356,46.699116,22.377,123.431,8.102
2025-12-25T22:02:38.848Z,48.941,0.072,3.529,24.890,0.00,2.7620,24.734356,46.699116,22.377,123.430,8.102
2025-12-25T22:02:39.053Z,48.945,0.073,3.551,24.890,0.00,2.7620,24.734356,46.699116,22.377,123.429,8.102
2025-12-25T22:02:39.176Z,48.952,0.065,3.161,22.610,0.00,2.7680,24.734402,46.699154,22.377,123.696,8.084
2025-12-25T22:02:39.177Z,48.954,0.067,3.290,22.610,0.00,2.7680,24.734402,46.699154,22.377,123.696,8.084
2025-12-25T22:02:39.463Z,48.955,0.073,3.595,22.610,0.00,2.7680,24.734402,46.699154,22.378,123.695,8.084
2025-12-25T22:02:39.578Z,48.960,0.075,3.653,22.610,0.00,2.7680,24.734402,46.699154,22.378,123.694,8.084
2025-12-25T22:02:39.975Z,48.963,0.071,3.469,22.610,0.00,2.7680,24.734402,46.699154,22.378,123.692,8.085
2025-12-25T22:02:39.975Z,48.969,0.064,3.146,22.610,0.00,2.7680,24.734402,46.699154,22.378,123.692,8.085
2025-12-25T22:02:39.989Z,48.971,0.065,3.189,22.610,0.00,2.7680,24.734402,46.699154,22.378,123.692,8.085
2025-12-25T22:02:40.281Z,48.970,0.077,3.759,19.560,0.00,2.7740,24.734446,46.699181,22.378,123.958,8.067
2025-12-25T22:02:40.418Z,48.977,0.068,3.313,19.560,0.00,2.7740,24.734446,46.699181,22.379,123.958,8.067
2025-12-25T22:02:40.418Z,48.980,0.064,3.154,19.560,0.00,2.7740,24.734446,46.699181,22.379,123.958,8.067
2025-12-25T22:02:40.613Z,48.982,0.066,3.244,19.560,0.00,2.7740,24.734446,46.699181,22.379,123.957,8.067
2025-12-25T22:02:40.898Z,48.980,0.077,3.772,19.560,0.00,2.7740,24.734446,46.699181,22.379,123.955,8.067
2025-12-25T22:02:41.021Z,48.987,0.066,3.220,19.560,0.00,2.7740,24.734446,46.699181,22.379,123.955,8.067
2025-12-25T22:02:41.021Z,48.990,0.066,3.233,19.390,0.00,2.7800,24.734499,46.699196,22.379,124.223,8.050
2025-12-25T22:02:41.410Z,48.992,0.066,3.224,19.390,0.00,2.7800,24.734499,46.699196,22.380,124.221,8.050
2025-12-25T22:02:41.508Z,48.994,0.068,3.308,19.390,0.00,2.7800,24.734499,46.699196,22.380,124.220,8.050
2025-12-25T22:02:41.715Z,48.994,0.076,3.747,19.390,0.00,2.7800,24.734499,46.699196,22.380,124.219,8.050
2025-12-25T22:02:41.830Z,48.999,0.065,3.185,19.390,0.00,2.7800,24.734499,46.699196,22.380,124.218,8.050
2025-12-25T22:02:41.837Z,49.002,0.066,3.211,19.390,0.00,2.7800,24.734499,46.699196,22.380,124.218,8.050
2025-12-25T22:02:42.227Z,49.002,0.071,3.486,22.610,0.00,2.7880,24.734570,46.699188,22.380,124.574,8.027
2025-12-25T22:02:42.309Z,49.002,0.077,3.765,22.610,0.00,2.7880,24.734570,46.699188,22.380,124.573,8.027
2025-12-25T22:02:42.471Z,49.008,0.064,3.148,22.610,0.00,2.7880,24.734570,46.699188,22.381,124.572,8.027
2025-12-25T22:02:42.471Z,49.009,0.064,3.128,22.610,0.00,2.7880,24.734570,46.699188,22.381,124.572,8.027
2025-12-25T22:02:42.649Z,49.013,0.065,3.207,22.610,0.00,2.7880,24.734570,46.699188,22.381,124.572,8.028
2025-12-25T22:02:43.047Z,49.012,0.073,3.554,22.610,0.00,2.7880,24.734570,46.699188,22.381,124.569,8.028
2025-12-25T22:02:43.125Z,49.014,0.072,3.538,22.610,0.00,2.7880,24.734570,46.699188,22.381,124.569,8.028
2025-12-25T22:02:43.125Z,49.020,0.065,3.199,24.220,0.00,2.7950,24.734632,46.699181,22.381,124.882,8.008
2025-12-25T22:02:43.354Z,49.020,0.066,3.241,24.220,0.00,2.7950,24.734632,46.699181,22.381,124.881,8.008
2025-12-25T22:02:43.560Z,49.020,0.074,3.643,24.220,0.00,2.7950,24.734632,46.699181,22.382,124.879,8.008
2025-12-25T22:02:43.682Z,49.023,0.070,3.424,24.220,0.00,2.7950,24.734632,46.699181,22.382,124.879,8.008
2025-12-25T22:02:43.970Z,1.444,0.282,0.407,24.220,0.00,2.7950,24.734632,46.699181,22.382,124.879,8.008
2025-12-25T22:02:43.970Z,49.025,0.335,16.426,24.220,0.00,2.7950,24.734632,46.699181,22.382,124.879,8.008
2025-12-25T22:02:44.144Z,49.028,0.066,3.237,24.170,0.00,2.8020,24.734694,46.699162,22.382,125.190,7.988
2025-12-25T22:02:44.299Z,48.913,0.193,9.430,24.170,0.00,2.8020,24.734694,46.699162,22.382,125.188,7.988
2025-12-25T22:02:44.497Z,49.032,0.067,3.264,24.170,0.00,2.8020,24.734694,46.699162,22.382,125.187,7.988
2025-12-25T22:02:44.497Z,49.035,0.064,3.152,24.170,0.00,2.8020,24.734694,46.699162,22.382,125.187,7.988
2025-12-25T22:02:44.790Z,49.030,0.082,4.042,24.170,0.00,2.8020,24.734694,46.699162,22.383,125.185,7.988
2025-12-25T22:02:45.403Z,48.961,0.300,14.669,24.170,0.00,2.8020,24.734694,46.699162,22.385,125.171,7.989
2025-12-25T22:02:45.404Z,48.954,0.326,15.959,24.170,0.00,2.8020,24.734694,46.699162,22.385,125.171,7.989
2025-12-25T22:02:45.404Z,48.908,0.474,23.168,23.740,0.00,2.8080,24.734751,46.699139,22.385,125.439,7.972
2025-12-25T22:02:45.606Z,48.868,0.591,28.898,23.740,0.00,2.8080,24.734751,46.699139,22.387,125.430,7.973
2025-12-25T22:02:45.606Z,48.762,0.903,44.010,23.740,0.00,2.8080,24.734751,46.699139,22.387,125.430,7.973
2025-12-25T22:02:45.915Z,48.763,0.904,44.069,23.740,0.00,2.8080,24.734751,46.699139,22.391,125.409,7.974
2025-12-25T22:02:46.026Z,48.682,1.095,53.305,23.740,0.00,2.8080,24.734751,46.699139,22.392,125.400,7.974
2025-12-25T22:02:46.026Z,48.167,2.634,126.848,23.740,0.00,2.8080,24.734751,46.699139,22.392,125.400,7.974
2025-12-25T22:02:46.220Z,47.597,4.342,206.668,23.130,0.00,2.8150,24.734800,46.699108,22.404,125.650,7.959
2025-12-25T22:02:46.426Z,47.458,4.661,221.201,23.130,0.00,2.8150,24.734800,46.699108,22.416,125.579,7.963
2025-12-25T22:02:46.630Z,47.447,4.760,225.868,23.130,0.00,2.8150,24.734800,46.699108,22.429,125.507,7.968
2025-12-25T22:02:46.630Z,47.568,4.344,206.649,23.130,0.00,2.8150,24.734800,46.699108,22.429,125.507,7.968
2025-12-25T22:02:47.039Z,47.551,4.434,210.862,23.130,0.00,2.8150,24.734800,46.699108,22.453,125.373,7.976
2025-12-25T22:02:47.040Z,47.331,5.189,245.611,23.130,0.00,2.8150,24.734800,46.699108,22.453,125.373,7.976
2025-12-25T22:02:47.119Z,47.370,4.868,230.613,22.950,0.00,2.8210,24.734846,46.699070,22.458,125.612,7.961
2025-12-25T22:02:47.347Z,47.422,4.895,232.110,22.950,0.00,2.8210,24.734846,46.699070,22.473,125.530,7.966
2025-12-25T22:02:47.559Z,47.361,4.879,231.078,22.950,0.00,2.8210,24.734846,46.699070,22.486,125.454,7.971
2025-12-25T22:02:47.559Z,47.340,5.046,238.862,22.950,0.00,2.8210,24.734846,46.699070,22.486,125.454,7.971
2025-12-25T22:02:47.757Z,47.297,5.018,237.322,22.950,0.00,2.8210,24.734846,46.699070,22.499,125.381,7.976
2025-12-25T22:02:47.963Z,47.489,4.610,218.920,22.950,0.00,2.8210,24.734846,46.699070,22.512,125.312,7.980
2025-12-25T22:02:48.269Z,47.453,4.773,226.474,22.950,0.00,2.8210,24.734846,46.699070,22.531,125.204,7.987
2025-12-25T22:02:48.373Z,47.135,5.221,246.084,23.040,0.00,2.8270,24.734888,46.699028,22.538,125.431,7.973
2025-12-25T22:02:48.382Z,47.137,5.617,264.760,23.040,0.00,2.8270,24.734888,46.699028,22.539,125.427,7.973
2025-12-25T22:02:48.576Z,47.129,5.664,266.941,23.040,0.00,2.8270,24.734888,46.699028,22.553,125.348,7.978
2025-12-25T22:02:49.600Z,47.221,5.336,251.992,23.040,0.00,2.8270,24.734888,46.699028,22.625,124.950,8.003
2025-12-25T22:02:49.718Z,47.079,5.606,263.927,23.040,0.00,2.8270,24.734888,46.699028,22.634,124.903,8.006
2025-12-25T22:02:49.718Z,47.160,5.683,268.025,23.040,0.00,2.8270,24.734888,46.699028,22.634,124.902,8.006
2025-12-25T22:02:49.718Z,47.275,5.129,242.495,23.280,0.00,2.8340,24.734924,46.698975,22.634,125.212,7.986
2025-12-25T22:02:49.718Z,47.195,5.276,248.987,23.280,0.00,2.8340,24.734924,46.698975,22.634,125.212,7.986
2025-12-25T22:02:49.718Z,47.468,4.577,217.285,23.280,0.00,2.8340,24.734924,46.698975,22.634,125.212,7.986
2025-12-25T22:02:49.907Z,47.146,5.674,267.492,23.280,0.00,2.8340,24.734924,46.698975,22.648,125.134,7.991
2025-12-25T22:02:49.907Z,47.153,5.454,257.157,23.280,0.00,2.8340,24.734924,46.698975,22.648,125.134,7.991
2025-12-25T22:02:49.908Z,47.171,5.452,257.172,23.280,0.00,2.8340,24.734924,46.698975,22.648,125.134,7.991
2025-12-25T22:02:50.215Z,47.094,5.543,261.060,23.260,0.00,2.8410,24.734949,46.698917,22.670,125.320,7.980
2025-12-25T22:02:50.215Z,47.177,5.254,247.880,23.260,0.00,2.8410,24.734949,46.698917,22.670,125.320,7.980
2025-12-25T22:02:50.366Z,47.212,5.332,251.744,23.260,0.00,2.8410,24.734949,46.698917,22.681,125.261,7.983
2025-12-25T22:02:50.726Z,46.989,5.878,276.222,23.260,0.00,2.8410,24.734949,46.698917,22.708,125.109,7.993
2025-12-25T22:02:50.838Z,47.076,5.556,261.560,23.260,0.00,2.8410,24.734949,46.698917,22.716,125.064,7.996
2025-12-25T22:02:51.035Z,46.993,6.046,284.135,23.260,0.00,2.8410,24.734949,46.698917,22.732,124.978,8.001
2025-12-25T22:02:51.036Z,46.987,6.288,295.474,23.260,0.00,2.8410,24.734949,46.698917,22.732,124.978,8.001
2025-12-25T22:02:51.163Z,47.064,5.873,276.399,24.560,0.00,2.8470,24.734962,46.698853,22.742,125.188,7.988
2025-12-25T22:02:51.443Z,47.009,5.566,261.663,24.560,0.00,2.8470,24.734962,46.698853,22.762,125.076,7.995
2025-12-25T22:02:51.649Z,47.088,4.996,235.256,24.560,0.00,2.8470,24.734962,46.698853,22.776,125.003,8.000
2025-12-25T22:02:51.649Z,47.106,5.533,260.650,24.560,0.00,2.8470,24.734962,46.698853,22.776,125.002,8.000
2025-12-25T22:02:51.955Z,47.112,5.318,250.529,24.560,0.00,2.8470,24.734962,46.698853,22.797,124.886,8.007
2025-12-25T22:02:52.006Z,47.264,5.331,251.958,24.560,0.00,2.8470,24.734962,46.698853,22.800,124.866,8.009
2025-12-25T22:02:52.262Z,47.136,5.699,268.623,24.370,0.00,2.8540,24.734955,46.698788,22.820,125.068,7.996
2025-12-25T22:02:52.263Z,47.235,5.292,249.984,24.370,0.00,2.8540,24.734955,46.698788,22.820,125.068,7.996
2025-12-25T22:02:52.467Z,47.032,5.048,237.406,24.370,0.00,2.8540,24.734955,46.698788,22.833,124.994,8.000
2025-12-25T22:02:52.672Z,47.160,4.833,227.913,24.370,0.00,2.8540,24.734955,46.698788,22.846,124.923,8.005
2025-12-25T22:02:53.691Z,47.101,5.249,247.245,24.370,0.00,2.8540,24.734955,46.698788,22.916,124.542,8.029
2025-12-25T22:02:53.692Z,47.304,5.091,240.826,24.370,0.00,2.8540,24.734955,46.698788,22.916,124.542,8.029
2025-12-25T22:02:53.692Z,47.290,5.552,262.531,23.690,0.00,2.8600,24.734926,46.698730,22.916,124.803,8.013
2025-12-25T22:02:53.692Z,47.153,5.770,272.079,23.690,0.00,2.8600,24.734926,46.698730,22.916,124.803,8.013
2025-12-25T22:02:53.803Z,47.126,5.385,253.771,23.690,0.00,2.8600,24.734926,46.698730,22.924,124.761,8.015
2025-12-25T22:02:53.803Z,46.844,5.572,261.025,23.690,0.00,2.8600,24.734926,46.698730,22.924,124.760,8.015
2025-12-25T22:02:53.902Z,47.021,5.468,257.105,23.690,0.00,2.8600,24.734926,46.698730,22.931,124.722,8.018
2025-12-25T22:02:53.902Z,47.008,5.321,250.115,23.690,0.00,2.8600,24.734926,46.698730,22.931,124.722,8.018
2025-12-25T22:02:54.415Z,47.016,5.644,265.351,23.690,0.00,2.8600,24.734926,46.698730,22.969,124.517,8.031
2025-12-25T22:02:54.415Z,46.948,5.784,271.569,22.960,0.00,2.8670,24.734894,46.698681,22.969,124.821,8.011
2025-12-25T22:02:54.416Z,47.113,5.749,270.868,22.960,0.00,2.8670,24.734894,46.698681,22.969,124.821,8.011
2025-12-25T22:02:54.560Z,46.958,5.686,266.985,22.960,0.00,2.8670,24.734894,46.698681,22.980,124.763,8.015
2025-12-25T22:02:54.561Z,46.995,5.855,275.143,22.960,0.00,2.8670,24.734894,46.698681,22.980,124.763,8.015
2025-12-25T22:02:54.823Z,47.400,4.882,231.391,22.960,0.00,2.8670,24.734894,46.698681,22.996,124.672,8.021
2025-12-25T22:02:54.966Z,47.069,5.769,271.542,22.960,0.00,2.8670,24.734894,46.698681,23.007,124.613,8.025
2025-12-25T22:02:55.337Z,46.905,5.718,268.208,23.910,0.00,2.8740,24.734848,46.698635,23.035,124.768,8.015
2025-12-25T22:02:55.337Z,46.947,5.435,255.139,23.910,0.00,2.8740,24.734848,46.698635,23.035,124.767,8.015
2025-12-25T22:02:55.362Z,46.996,5.781,271.700,23.910,0.00,2.8740,24.734848,46.698635,23.037,124.757,8.016
2025-12-25T22:02:55.642Z,47.185,5.612,264.814,23.910,0.00,2.8740,24.734848,46.698635,23.057,124.646,8.023
2025-12-25T22:02:55.769Z,46.981,5.665,266.155,23.910,0.00,2.8740,24.734848,46.698635,23.067,124.595,8.026
2025-12-25T22:02:56.052Z,46.926,6.149,288.532,23.910,0.00,2.8740,24.734848,46.698635,23.089,124.472,8.034
2025-12-25T22:02:56.053Z,46.940,5.856,274.879,23.910,0.00,2.8740,24.734848,46.698635,23.090,124.472,8.034
2025-12-25T22:02:56.203Z,46.960,5.733,269.200,24.890,0.00,2.8810,24.734789,46.698605,23.101,124.715,8.018
2025-12-25T22:02:56.402Z,47.358,4.700,222.583,24.890,0.00,2.8810,24.734789,46.698605,23.113,124.648,8.023
2025-12-25T22:02:56.601Z,46.991,5.844,274.628,24.890,0.00,2.8810,24.734789,46.698605,23.128,124.566,8.028
2025-12-25T22:02:56.601Z,47.348,4.654,220.367,24.890,0.00,2.8810,24.734789,46.698605,23.128,124.566,8.028
2025-12-25T22:02:56.869Z,47.279,4.800,226.955,24.890,0.00,2.8810,24.734789,46.698605,23.145,124.475,8.034
2025-12-25T22:02:57.085Z,46.968,5.904,277.297,24.890,0.00,2.8810,24.734789,46.698605,23.162,124.386,8.039
2025-12-25T22:02:58.140Z,47.007,5.653,265.744,25.130,0.00,2.8880,24.734726,46.698593,23.240,124.271,8.047
2025-12-25T22:02:58.140Z,46.964,5.851,274.801,25.130,0.00,2.8880,24.734726,46.698593,23.240,124.270,8.047
2025-12-25T22:02:58.140Z,47.112,5.380,253.471,25.130,0.00,2.8880,24.734726,46.698593,23.240,124.270,8.047
2025-12-25T22:02:58.140Z,47.054,5.519,259.668,25.130,0.00,2.8880,24.734726,46.698593,23.240,124.270,8.047
2025-12-25T22:02:58.140Z,46.943,5.771,270.917,25.130,0.00,2.8880,24.734726,46.698593,23.240,124.270,8.047
2025-12-25T22:02:58.140Z,46.920,5.754,269.972,25.130,0.00,2.8880,24.734726,46.698593,23.240,124.270,8.047
2025-12-25T22:02:58.305Z,47.110,5.416,255.138,25.210,0.00,2.8950,24.734663,46.698593,23.251,124.509,8.032
2025-12-25T22:02:58.305Z,46.963,5.734,269.274,25.210,0.00,2.8950,24.734663,46.698593,23.251,124.509,8.032
2025-12-25T22:02:58.608Z,47.105,5.287,249.044,25.210,0.00,2.8950,24.734663,46.698593,23.272,124.397,8.039
2025-12-25T22:02:58.608Z,46.902,5.896,276.537,25.210,0.00,2.8950,24.734663,46.698593,23.272,124.397,8.039
2025-12-25T22:02:58.816Z,46.905,5.856,274.656,25.210,0.00,2.8950,24.734663,46.698593,23.288,124.312,8.044
2025-12-25T22:02:59.019Z,46.814,6.171,288.864,25.210,0.00,2.8950,24.734663,46.698593,23.304,124.225,8.050
2025-12-25T22:02:59.020Z,46.854,6.025,282.302,25.210,0.00,2.8950,24.734663,46.698593,23.304,124.225,8.050
2025-12-25T22:02:59.328Z,46.886,5.966,279.726,24.650,0.00,2.9020,24.734604,46.698605,23.328,124.398,8.039
2025-12-25T22:02:59.461Z,46.771,6.317,295.436,24.650,0.00,2.9020,24.734604,46.698605,23.339,124.339,8.043
2025-12-25T22:02:59.738Z,46.850,6.014,281.761,24.650,0.00,2.9020,24.734604,46.698605,23.361,124.224,8.050
2025-12-25T22:02:59.738Z,46.788,6.252,292.509,24.650,0.00,2.9020,24.734604,46.698605,23.361,124.224,8.050
2025-12-25T22:02:59.949Z,46.821,6.163,288.556,24.650,0.00,2.9020,24.734604,46.698605,23.378,124.134,8.056
2025-12-25T22:02:59.950Z,46.721,5.253,245.443,24.650,0.00,2.9020,24.734604,46.698605,23.378,124.134,8.056
2025-12-25T22:03:00.146Z,47.133,5.239,246.912,25.690,0.00,2.9090,24.734541,46.698631,23.392,124.361,8.041
2025-12-25T22:03:00.281Z,46.931,5.866,275.306,25.690,0.00,2.9090,24.734541,46.698631,23.402,124.307,8.045
2025-12-25T22:03:00.481Z,46.740,6.431,300.572,25.690,0.00,2.9090,24.734541,46.698631,23.418,124.218,8.050
2025-12-25T22:03:00.761Z,47.000,5.462,256.700,25.690,0.00,2.9090,24.734541,46.698631,23.438,124.112,8.057
2025-12-25T22:03:00.762Z,46.497,7.144,332.177,25.690,0.00,2.9090,24.734541,46.698631,23.439,124.112,8.057
2025-12-25T22:03:01.069Z,46.975,5.568,261.546,25.690,0.00,2.9090,24.734541,46.698631,23.461,123.994,8.065
2025-12-25T22:03:01.273Z,47.153,4.985,235.074,26.040,0.00,2.9170,24.734482,46.698666,23.474,124.264,8.047
2025-12-25T22:03:01.273Z,46.654,6.511,303.754,26.040,0.00,2.9170,24.734482,46.698666,23.474,124.264,8.047
2025-12-25T22:03:02.298Z,46.821,6.593,308.674,26.040,0.00,2.9170,24.734482,46.698666,23.562,123.801,8.078
2025-12-25T22:03:02.299Z,46.956,5.648,265.215,26.040,0.00,2.9170,24.734482,46.698666,23.562,123.801,8.078
2025-12-25T22:03:02.299Z,46.587,6.748,314.364,26.040,0.00,2.9170,24.734482,46.698666,23.562,123.800,8.078
2025-12-25T22:03:02.299Z,46.659,6.633,309.470,26.040,0.00,2.9170,24.734482,46.698666,23.562,123.800,8.078
2025-12-25T22:03:02.299Z,46.888,5.912,277.196,26.040,0.00,2.9170,24.734482,46.698666,23.562,123.800,8.078
2025-12-25T22:03:02.300Z,46.954,5.674,266.397,26.350,0.00,2.9240,24.734430,46.698711,23.562,124.097,8.058
2025-12-25T22:03:02.448Z,46.588,6.736,313.834,26.350,0.00,2.9240,24.734430,46.698711,23.575,124.029,8.063
2025-12-25T22:03:02.448Z,46.614,6.793,316.651,26.350,0.00,2.9240,24.734430,46.698711,23.575,124.029,8.063
2025-12-25T22:03:02.810Z,47.063,5.332,250.953,26.350,0.00,2.9240,24.734430,46.698711,23.600,123.897,8.071
2025-12-25T22:03:02.810Z,46.704,6.308,294.618,26.350,0.00,2.9240,24.734430,46.698711,23.600,123.896,8.071
2025-12-25T22:03:03.116Z,46.719,6.427,300.242,26.350,0.00,2.9240,24.734430,46.698711,23.626,123.763,8.080
2025-12-25T22:03:03.120Z,46.680,6.480,302.464,26.240,0.00,2.9310,24.734386,46.698765,23.626,124.057,8.061
2025-12-25T22:03:03.282Z,46.770,6.224,291.091,26.240,0.00,2.9310,24.734386,46.698765,23.639,123.989,8.065
2025-12-25T22:03:03.494Z,47.181,5.021,236.885,26.240,0.00,2.9310,24.734386,46.698765,23.653,123.915,8.070
2025-12-25T22:03:03.681Z,46.645,6.218,290.044,26.240,0.00,2.9310,24.734386,46.698765,23.668,123.836,8.075
2025-12-25T22:03:03.681Z,46.539,6.778,315.435,26.240,0.00,2.9310,24.734386,46.698765,23.668,123.836,8.075
2025-12-25T22:03:04.140Z,46.653,6.250,291.596,26.240,0.00,2.9310,24.734386,46.698765,23.706,123.642,8.088
2025-12-25T22:03:04.141Z,46.768,6.773,316.777,26.240,0.00,2.9310,24.734386,46.698765,23.706,123.642,8.088
2025-12-25T22:03:04.281Z,46.550,6.527,303.849,25.760,0.00,2.9390,24.734348,46.698826,23.717,123.917,8.070
2025-12-25T22:03:04.282Z,46.983,5.958,279.928,25.760,0.00,2.9390,24.734348,46.698826,23.717,123.917,8.070
2025-12-25T22:03:04.551Z,46.911,6.135,287.781,25.760,0.00,2.9390,24.734348,46.698826,23.739,123.805,8.077
2025-12-25T22:03:04.688Z,46.935,5.796,272.048,25.760,0.00,2.9390,24.734348,46.698826,23.749,123.751,8.081
2025-12-25T22:03:04.961Z,46.887,6.523,305.851,25.760,0.00,2.9390,24.734348,46.698826,23.772,123.630,8.089
2025-12-25T22:03:05.139Z,46.668,6.521,304.322,25.760,0.00,2.9390,24.734348,46.698826,23.788,123.552,8.094
2025-12-25T22:03:05.139Z,46.493,6.134,285.185,25.040,0.00,2.9460,24.734318,46.698887,23.788,123.846,8.075
2025-12-25T22:03:05.370Z,46.776,6.191,289.573,25.040,0.00,2.9460,24.734318,46.698887,23.806,123.749,8.081
2025-12-25T22:03:05.778Z,46.835,6.438,301.544,25.040,0.00,2.9460,24.734318,46.698887,23.840,123.572,8.092
2025-12-25T22:03:05.778Z,46.622,7.036,328.054,25.040,0.00,2.9460,24.734318,46.698887,23.840,123.572,8.092
2025-12-25T22:03:06.605Z,47.199,5.370,253.456,25.040,0.00,2.9460,24.734318,46.698887,23.899,123.271,8.112
2025-12-25T22:03:06.708Z,47.097,4.585,215.929,25.040,0.00,2.9460,24.734318,46.698887,23.905,123.239,8.114
2025-12-25T22:03:06.714Z,46.754,6.803,318.073,24.930,0.00,2.9520,24.734301,46.698948,23.905,123.488,8.098
2025-12-25T22:03:06.714Z,46.571,7.392,344.266,24.930,0.00,2.9520,24.734301,46.698948,23.905,123.487,8.098
2025-12-25T22:03:06.718Z,46.673,6.085,284.019,24.930,0.00,2.9520,24.734301,46.698948,23.905,123.487,8.098
2025-12-25T22:03:06.718Z,46.637,5.847,272.683,24.930,0.00,2.9520,24.734301,46.698948,23.906,123.486,8.098
2025-12-25T22:03:06.727Z,46.927,6.188,290.388,24.930,0.00,2.9520,24.734301,46.698948,23.906,123.482,8.098
2025-12-25T22:03:06.961Z,46.819,6.026,282.133,24.930,0.00,2.9520,24.734301,46.698948,23.925,123.387,8.105
2025-12-25T22:03:06.965Z,46.668,6.749,314.950,24.930,0.00,2.9520,24.734301,46.698948,23.925,123.386,8.105
2025-12-25T22:03:07.315Z,46.676,5.956,277.991,26.220,0.00,2.9590,24.734301,46.699020,23.952,123.539,8.095
2025-12-25T22:03:07.425Z,46.688,6.267,292.586,26.220,0.00,2.9590,24.734301,46.699020,23.961,123.493,8.098
2025-12-25T22:03:07.561Z,47.255,5.031,237.747,26.220,0.00,2.9590,24.734301,46.699020,23.970,123.446,8.101
2025-12-25T22:03:07.828Z,46.674,6.153,287.203,26.220,0.00,2.9590,24.734301,46.699020,23.991,123.337,8.108
2025-12-25T22:03:07.828Z,47.154,4.914,231.698,26.220,0.00,2.9590,24.734301,46.699020,23.991,123.337,8.108
2025-12-25T22:03:07.973Z,46.937,5.223,245.137,26.220,0.00,2.9590,24.734301,46.699020,24.001,123.286,8.111
2025-12-25T22:03:08.163Z,47.534,4.271,203.021,26.760,0.00,2.9660,24.734322,46.699085,24.012,123.522,8.096
2025-12-25T22:03:08.441Z,48.225,1.773,85.491,26.760,0.00,2.9660,24.734322,46.699085,24.018,123.488,8.098
2025-12-25T22:03:08.441Z,48.618,0.683,33.209,26.760,0.00,2.9660,24.734322,46.699085,24.018,123.488,8.098
2025-12-25T22:03:08.645Z,48.671,0.554,26.955,26.760,0.00,2.9660,24.734322,46.699085,24.020,123.481,8.098
2025-12-25T22:03:08.854Z,48.724,0.434,21.159,26.760,0.00,2.9660,24.734322,46.699085,24.021,123.474,8.099
2025-12-25T22:03:09.004Z,48.763,0.340,16.583,26.760,0.00,2.9660,24.734322,46.699085,24.022,123.471,8.099
2025-12-25T22:03:09.005Z,48.798,0.249,12.141,24.820,0.00,2.9730,24.734362,46.699135,24.022,123.762,8.080
2025-12-25T22:03:09.466Z,48.779,0.340,16.602,24.820,0.00,2.9730,24.734362,46.699135,24.024,123.751,8.081
2025-12-25T22:03:09.466Z,48.845,0.137,6.700,24.820,0.00,2.9730,24.734362,46.699135,24.024,123.751,8.081
2025-12-25T22:03:09.773Z,48.869,0.085,4.150,24.820,0.00,2.9730,24.734362,46.699135,24.024,123.749,8.081
2025-12-25T22:03:09.773Z,48.879,0.065,3.175,24.820,0.00,2.9730,24.734362,46.699135,24.024,123.749,8.081
2025-12-25T22:03:10.900Z,48.882,0.067,3.271,24.820,0.00,2.9730,24.734362,46.699135,24.025,123.744,8.081
2025-12-25T22:03:10.900Z,48.886,0.069,3.370,24.820,0.00,2.9730,24.734362,46.699135,24.025,123.744,8.081
2025-12-25T22:03:10.901Z,48.888,0.075,3.687,22.650,0.00,2.9790,24.734409,46.699169,24.025,123.994,8.065
2025-12-25T22:03:10.901Z,48.891,0.076,3.724,22.650,0.00,2.9790,24.734409,46.699169,24.025,123.994,8.065
2025-12-25T22:03:10.902Z,48.894,0.078,3.797,22.650,0.00,2.9790,24.734409,46.699169,24.025,123.994,8.065
2025-12-25T22:03:10.902Z,48.897,0.075,3.673,22.650,0.00,2.9790,24.734409,46.699169,24.025,123.994,8.065
2025-12-25T22:03:10.992Z,48.901,0.075,3.692,22.650,0.00,2.9790,24.734409,46.699169,24.025,123.993,8.065
2025-12-25T22:03:10.992Z,48.903,0.077,3.768,22.650,0.00,2.9790,24.734409,46.699169,24.025,123.993,8.065
2025-12-25T22:03:11.187Z,48.907,0.075,3.666,21.670,0.00,2.9860,24.734463,46.699192,24.026,124.284,8.046
2025-12-25T22:03:11.360Z,48.913,0.066,3.226,21.670,0.00,2.9860,24.734463,46.699192,24.026,124.283,8.046
2025-12-25T22:03:11.360Z,48.916,0.065,3.157,21.670,0.00,2.9860,24.734463,46.699192,24.026,124.283,8.046
2025-12-25T22:03:11.560Z,48.920,0.065,3.204,21.670,0.00,2.9860,24.734463,46.699192,24.026,124.282,8.046
2025-12-25T22:03:11.760Z,48.918,0.075,3.658,21.670,0.00,2.9860,24.734463,46.699192,24.026,124.281,8.046
2025-12-25T22:03:12.129Z,48.921,0.076,3.719,21.670,0.00,2.9860,24.734463,46.699192,24.027,124.279,8.046
2025-12-25T22:03:12.212Z,48.928,0.064,3.113,22.190,0.00,2.9930,24.734524,46.699200,24.027,124.570,8.028
2025-12-25T22:03:12.213Z,48.930,0.065,3.194,22.190,0.00,2.9930,24.734524,46.699200,24.027,124.570,8.028
2025-12-25T22:03:12.434Z,48.929,0.071,3.468,22.190,0.00,2.9930,24.734524,46.699200,24.027,124.569,8.028
2025-12-25T22:03:12.564Z,48.932,0.073,3.573,22.190,0.00,2.9930,24.734524,46.699200,24.027,124.568,8.028
2025-12-25T22:03:12.949Z,48.937,0.065,3.160,22.190,0.00,2.9930,24.734524,46.699200,24.027,124.566,8.028
2025-12-25T22:03:12.949Z,48.939,0.067,3.280,22.190,0.00,2.9930,24.734524,46.699200,24.027,124.566,8.028
2025-12-25T22:03:13.056Z,48.936,0.078,3.816,22.190,0.00,2.9930,24.734524,46.699200,24.027,124.566,8.028
2025-12-25T22:03:13.205Z,48.942,0.071,3.482,24.130,0.00,3.0000,24.734592,46.699192,24.028,124.856,8.009
2025-12-25T22:03:13.561Z,48.941,0.083,4.051,24.130,0.00,3.0000,24.734592,46.699192,24.028,124.854,8.009
2025-12-25T22:03:13.561Z,48.948,0.064,3.128,24.130,0.00,3.0000,24.734592,46.699192,24.028,124.854,8.009
2025-12-25T22:03:13.671Z,48.950,0.065,3.206,24.130,0.00,3.0000,24.734592,46.699192,24.028,124.854,8.009
2025-12-25T22:03:14.073Z,48.950,0.072,3.512,24.130,0.00,3.0000,24.734592,46.699192,24.029,124.852,8.010
2025-12-25T22:03:14.073Z,48.953,0.070,3.449,24.130,0.00,3.0000,24.734592,46.699192,24.029,124.852,8.010
2025-12-25T22:03:15.199Z,48.952,0.078,3.826,24.690,0.00,3.0070,24.734655,46.699177,24.030,125.137,7.991
2025-12-25T22:03:15.199Z,48.958,0.066,3.237,24.690,0.00,3.0070,24.734655,46.699177,24.030,125.137,7.991
2025-12-25T22:03:15.297Z,48.958,0.075,3.647,24.690,0.00,3.0070,24.734655,46.699177,24.030,125.136,7.991
2025-12-25T22:03:15.297Z,48.959,0.075,3.679,24.690,0.00,3.0070,24.734655,46.699177,24.030,125.136,7.991
2025-12-25T22:03:15.297Z,48.962,0.074,3.642,24.690,0.00,3.0070,24.734655,46.699177,24.030,125.136,7.991
2025-12-25T22:03:15.298Z,48.959,0.091,4.469,24.690,0.00,3.0070,24.734655,46.699177,24.030,125.136,7.991
2025-12-25T22:03:15.298Z,48.964,0.078,3.831,24.690,0.00,3.0070,24.734655,46.699177,24.030,125.136,7.991
2025-12-25T22:03:15.298Z,48.971,0.064,3.155,24.500,0.00,3.0140,24.734713,46.699158,24.030,125.428,7.973
2025-12-25T22:03:15.405Z,48.971,0.067,3.280,24.500,0.00,3.0140,24.734713,46.699158,24.030,125.427,7.973
2025-12-25T22:03:15.609Z,48.970,0.075,3.682,24.500,0.00,3.0140,24.734713,46.699158,24.030,125.426,7.973
2025-12-25T22:03:15.813Z,48.977,0.064,3.128,24.500,0.00,3.0140,24.734713,46.699158,24.030,125.425,7.973
2025-12-25T22:03:15.813Z,48.977,0.067,3.275,24.500,0.00,3.0140,24.734713,46.699158,24.030,125.425,7.973
2025-12-25T22:03:16.130Z,48.980,0.066,3.253,24.500,0.00,3.0140,24.734713,46.699158,24.031,125.424,7.973
2025-12-25T22:03:16.168Z,48.951,0.160,7.852,23.960,0.00,3.0210,24.734768,46.699127,24.031,125.714,7.955
2025-12-25T22:03:16.634Z,48.914,0.275,13.468,23.960,0.00,3.0210,24.734768,46.699127,24.032,125.705,7.955
2025-12-25T22:03:16.719Z,48.870,0.426,20.840,23.960,0.00,3.0210,24.734768,46.699127,24.033,125.703,7.955
2025-12-25T22:03:16.720Z,48.781,0.642,31.333,23.960,0.00,3.0210,24.734768,46.699127,24.033,125.703,7.955
2025-12-25T22:03:16.885Z,48.750,0.784,38.205,23.960,0.00,3.0210,24.734768,46.699127,24.035,125.694,7.956
2025-12-25T22:03:16.885Z,48.757,0.763,37.180,23.960,0.00,3.0210,24.734768,46.699127,24.035,125.694,7.956
2025-12-25T22:03:17.145Z,48.704,0.924,45.023,23.370,0.00,3.0270,24.734818,46.699097,24.038,125.926,7.941
2025-12-25T22:03:17.453Z,48.660,0.977,47.518,23.370,0.00,3.0270,24.734818,46.699097,24.042,125.905,7.943
2025-12-25T22:03:17.522Z,47.651,3.947,188.086,23.370,0.00,3.0270,24.734818,46.699097,24.046,125.886,7.944
2025-12-25T22:03:17.528Z,46.971,5.862,275.353,23.370,0.00,3.0270,24.734818,46.699097,24.046,125.884,7.944
2025-12-25T22:03:17.760Z,47.146,5.275,248.719,23.370,0.00,3.0270,24.734818,46.699097,24.062,125.800,7.949
2025-12-25T22:03:17.963Z,47.086,5.719,269.287,23.370,0.00,3.0270,24.734818,46.699097,24.077,125.720,7.954
2025-12-25T22:03:18.121Z,47.222,5.296,250.091,23.370,0.00,3.0270,24.734818,46.699097,24.088,125.663,7.958
2025-12-25T22:03:18.122Z,46.860,6.160,288.660,23.020,0.00,3.0340,24.734863,46.699059,24.088,125.953,7.939
2025-12-25T22:03:18.374Z,47.113,5.314,250.368,23.020,0.00,3.0340,24.734863,46.699059,24.106,125.862,7.945
2025-12-25T22:03:19.363Z,46.835,6.165,288.737,23.020,0.00,3.0340,24.734863,46.699059,24.185,125.449,7.971
2025-12-25T22:03:19.363Z,46.901,6.330,296.875,23.020,0.00,3.0340,24.734863,46.699059,24.185,125.449,7.971
2025-12-25T22:03:19.364Z,46.828,6.316,295.766,23.020,0.00,3.0340,24.734863,46.699059,24.185,125.448,7.971
2025-12-25T22:03:19.364Z,46.794,6.510,304.620,23.020,0.00,3.0340,24.734863,46.699059,24.185,125.448,7.971
2025-12-25T22:03:19.364Z,47.153,5.267,248.369,23.340,0.00,3.0400,24.734903,46.699009,24.185,125.696,7.956
2025-12-25T22:03:19.364Z,46.874,6.254,293.158,23.340,0.00,3.0400,24.734903,46.699009,24.185,125.696,7.956
2025-12-25T22:03:19.528Z,46.653,6.479,302.274,23.340,0.00,3.0400,24.734903,46.699009,24.199,125.625,7.960
2025-12-25T22:03:19.528Z,46.893,6.266,293.832,23.340,0.00,3.0400,24.734903,46.699009,24.199,125.625,7.960
2025-12-25T22:03:19.809Z,47.003,5.794,272.335,23.340,0.00,3.0400,24.734903,46.699009,24.220,125.515,7.967
2025-12-25T22:03:20.012Z,46.774,6.322,295.714,23.340,0.00,3.0400,24.734903,46.699009,24.237,125.429,7.973
2025-12-25T22:03:20.320Z,46.930,6.238,292.762,23.630,0.00,3.0470,24.734934,46.698952,24.262,125.587,7.963
2025-12-25T22:03:20.321Z,46.636,6.541,305.028,23.630,0.00,3.0470,24.734934,46.698952,24.262,125.587,7.963
2025-12-25T22:03:20.362Z,47.045,5.878,276.543,23.630,0.00,3.0470,24.734934,46.698952,24.265,125.571,7.964
2025-12-25T22:03:20.627Z,46.508,6.582,306.134,23.630,0.00,3.0470,24.734934,46.698952,24.288,125.454,7.971
2025-12-25T22:03:20.770Z,46.617,6.506,303.266,23.630,0.00,3.0470,24.734934,46.698952,24.300,125.392,7.975
2025-12-25T22:03:20.771Z,46.533,7.469,347.545,23.630,0.00,3.0470,24.734934,46.698952,24.300,125.392,7.975
2025-12-25T22:03:21.139Z,46.613,7.418,345.781,23.630,0.00,3.0470,24.734934,46.698952,24.335,125.210,7.987
2025-12-25T22:03:21.231Z,46.534,6.800,316.411,24.090,0.00,3.0540,24.734951,46.698887,24.343,125.456,7.971
2025-12-25T22:03:21.483Z,47.248,4.768,225.257,24.090,0.00,3.0540,24.734951,46.698887,24.359,125.374,7.976
2025-12-25T22:03:21.602Z,47.028,5.465,257.026,24.090,0.00,3.0540,24.734951,46.698887,24.368,125.330,7.979
2025-12-25T22:03:21.602Z,46.792,6.564,307.125,24.090,0.00,3.0540,24.734951,46.698887,24.368,125.330,7.979
2025-12-25T22:03:21.856Z,46.600,6.521,303.895,24.090,0.00,3.0540,24.734951,46.698887,24.389,125.220,7.986
2025-12-25T22:03:22.002Z,46.631,6.513,303.696,24.090,0.00,3.0540,24.734951,46.698887,24.401,125.157,7.990
2025-12-25T22:03:22.211Z,46.763,6.872,321.360,24.850,0.00,3.0610,24.734955,46.698818,24.420,125.348,7.978
2025-12-25T22:03:22.211Z,46.809,6.525,305.419,24.850,0.00,3.0610,24.734955,46.698818,24.420,125.348,7.978
2025-12-25T22:03:22.441Z,47.042,5.690,267.663,24.850,0.00,3.0610,24.734955,46.698818,24.437,125.260,7.983
2025-12-25T22:03:23.495Z,46.593,7.106,331.069,24.850,0.00,3.0610,24.734955,46.698818,24.534,124.765,8.015
2025-12-25T22:03:23.587Z,46.657,6.528,304.564,24.850,0.00,3.0610,24.734955,46.698818,24.542,124.726,8.018
2025-12-25T22:03:23.587Z,46.671,6.832,318.872,24.850,0.00,3.0610,24.734955,46.698818,24.542,124.726,8.018
2025-12-25T22:03:23.587Z,46.593,6.680,311.221,24.850,0.00,3.0610,24.734955,46.698818,24.542,124.726,8.018
2025-12-25T22:03:23.587Z,46.751,6.848,320.129,24.650,0.00,3.0670,24.734938,46.698757,24.542,124.970,8.002
2025-12-25T22:03:23.587Z,46.634,6.835,318.757,24.650,0.00,3.0670,24.734938,46.698757,24.542,124.970,8.002
2025-12-25T22:03:23.701Z,46.891,5.669,265.821,24.650,0.00,3.0670,24.734938,46.698757,24.550,124.927,8.005
2025-12-25T22:03:23.701Z,46.530,6.816,317.149,24.650,0.00,3.0670,24.734938,46.698757,24.550,124.927,8.005
2025-12-25T22:03:23.849Z,46.675,6.421,299.690,24.650,0.00,3.0670,24.734938,46.698757,24.563,124.865,8.009
2025-12-25T22:03:24.109Z,46.920,6.022,282.547,24.650,0.00,3.0670,24.734938,46.698757,24.583,124.761,8.015
2025-12-25T22:03:24.407Z,46.955,5.678,266.599,24.320,0.00,3.0740,24.734907,46.698700,24.605,124.934,8.004
2025-12-25T22:03:24.407Z,46.490,6.956,323.406,24.320,0.00,3.0740,24.734907,46.698700,24.605,124.934,8.004
2025-12-25T22:03:24.621Z,47.214,5.029,237.453,24.320,0.00,3.0740,24.734907,46.698700,24.619,124.862,8.009
2025-12-25T22:03:24.621Z,46.847,6.096,285.567,24.320,0.00,3.0740,24.734907,46.698700,24.619,124.862,8.009
2025-12-25T22:03:24.762Z,46.796,5.999,280.722,24.320,0.00,3.0740,24.734907,46.698700,24.630,124.806,8.012
2025-12-25T22:03:25.134Z,46.534,6.945,323.165,24.320,0.00,3.0740,24.734907,46.698700,24.664,124.637,8.023
2025-12-25T22:03:25.209Z,46.445,7.183,333.607,24.850,0.00,3.0810,24.734863,46.698647,24.670,124.886,8.007
2025-12-25T22:03:25.209Z,46.628,6.604,307.943,24.850,0.00,3.0810,24.734863,46.698647,24.670,124.886,8.007
2025-12-25T22:03:25.440Z,46.757,6.053,283.033,24.850,0.00,3.0810,24.734863,46.698647,24.689,124.794,8.013
2025-12-25T22:03:25.566Z,46.714,6.323,295.387,24.850,0.00,3.0810,24.734863,46.698647,24.699,124.742,8.017
2025-12-25T22:03:25.952Z,46.520,6.908,321.379,24.850,0.00,3.0810,24.734863,46.698647,24.733,124.568,8.028
2025-12-25T22:03:26.056Z,46.435,7.181,333.460,24.850,0.00,3.0810,24.734863,46.698647,24.743,124.520,8.031
2025-12-25T22:03:26.057Z,46.801,6.569,307.451,24.850,0.00,3.0810,24.734863,46.698647,24.743,124.519,8.031
2025-12-25T22:03:26.321Z,46.647,6.491,302.802,25.650,0.00,3.0890,24.734802,46.698612,24.765,124.731,8.017
2025-12-25T22:03:26.322Z,46.503,6.894,320.590,25.650,0.00,3.0890,24.734802,46.698612,24.765,124.730,8.017
2025-12-25T22:03:26.487Z,46.349,7.460,345.762,25.650,0.00,3.0890,24.734802,46.698612,24.781,124.650,8.022
2025-12-25T22:03:26.722Z,46.840,5.859,274.428,25.650,0.00,3.0890,24.734802,46.698612,24.799,124.560,8.028
2025-12-25T22:03:26.977Z,46.822,5.967,279.372,25.650,0.00,3.0890,24.734802,46.698612,24.819,124.461,8.035
2025-12-25T22:03:26.978Z,46.476,6.936,322.338,25.650,0.00,3.0890,24.734802,46.698612,24.819,124.461,8.035
2025-12-25T22:03:28.102Z,46.346,7.500,347.585,25.930,0.00,3.0960,24.734739,46.698593,24.928,124.200,8.052
2025-12-25T22:03:28.210Z,46.268,7.489,346.488,25.930,0.00,3.0960,24.734739,46.698593,24.938,124.148,8.055
2025-12-25T22:03:28.215Z,46.609,7.092,330.539,25.930,0.00,3.0960,24.734739,46.698593,24.938,124.146,8.055
2025-12-25T22:03:28.215Z,46.410,7.208,334.543,25.930,0.00,3.0960,24.734739,46.698593,24.938,124.146,8.055
2025-12-25T22:03:28.219Z,46.429,7.146,331.771,25.930,0.00,3.0960,24.734739,46.698593,24.939,124.145,8.055
2025-12-25T22:03:28.220Z,46.537,6.764,314.790,25.930,0.00,3.0960,24.734739,46.698593,24.939,124.144,8.055
2025-12-25T22:03:28.220Z,46.358,7.303,338.542,26.300,0.00,3.1030,24.734674,46.698586,24.939,124.424,8.037
2025-12-25T22:03:28.410Z,46.512,6.905,321.171,26.300,0.00,3.1030,24.734674,46.698586,24.956,124.339,8.042
2025-12-25T22:03:28.410Z,46.512,6.907,321.260,26.300,0.00,3.1030,24.734674,46.698586,24.956,124.339,8.043
2025-12-25T22:03:28.614Z,46.224,7.733,357.438,26.300,0.00,3.1030,24.734674,46.698586,24.976,124.239,8.049
2025-12-25T22:03:28.819Z,46.751,6.246,291.999,26.300,0.00,3.1030,24.734674,46.698586,24.993,124.156,8.054
2025-12-25T22:03:29.024Z,46.330,7.224,334.692,26.300,0.00,3.1030,24.734674,46.698586,25.012,124.061,8.061
2025-12-25T22:03:29.024Z,46.298,7.419,343.485,26.300,0.00,3.1030,24.734674,46.698586,25.012,124.061,8.061
2025-12-25T22:03:29.203Z,46.444,7.039,326.913,26.650,0.00,3.1110,24.734610,46.698601,25.028,124.301,8.045
2025-12-25T22:03:29.434Z,46.292,7.476,346.096,26.650,0.00,3.1110,24.734610,46.698601,25.050,124.190,8.052
2025-12-25T22:03:29.570Z,46.232,7.670,354.602,26.650,0.00,3.1110,24.734610,46.698601,25.064,124.124,8.056
2025-12-25T22:03:29.570Z,46.220,7.721,356.849,26.650,0.00,3.1110,24.734610,46.698601,25.064,124.124,8.056
2025-12-25T22:03:29.945Z,46.279,7.501,347.153,26.650,0.00,3.1110,24.734610,46.698601,25.100,123.945,8.068
2025-12-25T22:03:30.039Z,46.179,7.742,357.513,26.650,0.00,3.1110,24.734610,46.698601,25.109,123.899,8.071
2025-12-25T22:03:30.200Z,46.706,6.144,286.982,27.110,0.00,3.1180,24.734545,46.698624,25.122,124.114,8.057
2025-12-25T22:03:30.456Z,46.203,5.835,269.591,27.110,0.00,3.1180,24.734545,46.698624,25.141,124.020,8.063
2025-12-25T22:03:30.456Z,46.299,7.456,345.180,27.110,0.00,3.1180,24.734545,46.698624,25.141,124.019,8.063
2025-12-25T22:03:30.661Z,46.248,7.477,345.786,27.110,0.00,3.1180,24.734545,46.698624,25.161,123.923,8.070
2025-12-25T22:03:30.802Z,46.344,7.310,338.758,27.110,0.00,3.1180,24.734545,46.698624,25.174,123.857,8.074
2025-12-25T22:03:31.173Z,46.293,0.000,-0.002,27.110,0.00,3.1180,24.734545,46.698624,25.174,123.857,8.074
2025-12-25T22:03:31.174Z,46.526,6.776,315.248,27.710,0.00,3.1270,24.734480,46.698666,25.174,124.215,8.051
2025-12-25T22:03:31.276Z,46.265,7.610,352.066,27.710,0.00,3.1270,24.734480,46.698666,25.184,124.165,8.054
2025-12-25T22:03:32.404Z,46.330,7.267,336.696,27.710,0.00,3.1270,24.734480,46.698666,25.290,123.647,8.088
2025-12-25T22:03:32.404Z,46.143,7.839,361.724,27.710,0.00,3.1270,24.734480,46.698666,25.290,123.647,8.088
2025-12-25T22:03:32.405Z,46.074,8.087,372.583,27.710,0.00,3.1270,24.734480,46.698666,25.290,123.647,8.088
2025-12-25T22:03:32.405Z,46.213,7.734,357.432,27.710,0.00,3.1270,24.734480,46.698666,25.290,123.647,8.088
2025-12-25T22:03:32.496Z,46.400,7.105,329.654,27.710,0.00,3.1270,24.734480,46.698666,25.298,123.606,8.090
2025-12-25T22:03:32.496Z,46.199,7.647,353.283,28.190,0.00,3.1350,24.734425,46.698715,25.298,123.922,8.070
2025-12-25T22:03:32.497Z,46.462,6.877,319.508,28.190,0.00,3.1350,24.734425,46.698715,25.298,123.922,8.070
2025-12-25T22:03:32.497Z,46.292,7.333,339.479,28.190,0.00,3.1350,24.734425,46.698715,25.298,123.922,8.070
2025-12-25T22:03:32.915Z,46.454,6.882,319.707,28.190,0.00,3.1350,24.734425,46.698715,25.335,123.740,8.081
2025-12-25T22:03:32.915Z,46.158,7.779,359.057,28.190,0.00,3.1350,24.734425,46.698715,25.335,123.740,8.081
2025-12-25T22:03:33.119Z,46.538,6.633,308.674,28.190,0.00,3.1350,24.734425,46.698715,25.353,123.655,8.087
2025-12-25T22:03:33.120Z,46.470,6.746,313.506,27.950,0.00,3.1430,24.734377,46.698772,25.353,123.970,8.066
2025-12-25T22:03:33.253Z,46.332,7.172,332.284,27.950,0.00,3.1430,24.734377,46.698772,25.365,123.910,8.070
2025-12-25T22:03:33.457Z,46.793,5.856,274.011,27.950,0.00,3.1430,24.734377,46.698772,25.381,123.834,8.075
2025-12-25T22:03:33.736Z,46.298,7.387,342.009,27.950,0.00,3.1430,24.734377,46.698772,25.407,123.705,8.084
2025-12-25T22:03:33.736Z,46.391,7.072,328.076,27.950,0.00,3.1430,24.734377,46.698772,25.407,123.705,8.084
2025-12-25T22:03:33.938Z,46.140,7.711,355.799,27.950,0.00,3.1430,24.734377,46.698772,25.427,123.608,8.090
2025-12-25T22:03:34.087Z,46.288,7.183,332.495,27.950,0.00,3.1430,24.734377,46.698772,25.441,123.541,8.094
2025-12-25T22:03:34.348Z,46.286,7.268,336.397,27.470,0.00,3.1500,24.734341,46.698833,25.465,123.698,8.084
2025-12-25T22:03:34.348Z,46.476,6.842,317.996,27.470,0.00,3.1500,24.734341,46.698833,25.465,123.698,8.084
2025-12-25T22:03:34.553Z,46.706,6.107,285.251,27.470,0.00,3.1500,24.734341,46.698833,25.482,123.619,8.089
2025-12-25T22:03:34.692Z,46.139,7.689,354.759,27.470,0.00,3.1500,24.734341,46.698833,25.495,123.553,8.094
2025-12-25T22:03:35.065Z,46.675,6.224,290.512,27.470,0.00,3.1500,24.734341,46.698833,25.525,123.407,8.103
2025-12-25T22:03:35.066Z,47.141,4.717,222.383,27.470,0.00,3.1500,24.734341,46.698833,25.525,123.407,8.103
2025-12-25T22:03:35.175Z,47.898,2.573,123.237,26.970,0.00,3.1580,24.734312,46.698902,25.529,123.702,8.084
2025-12-25T22:03:35.476Z,48.458,0.897,43.451,26.970,0.00,3.1580,24.734312,46.698902,25.533,123.684,8.085
2025-12-25T22:03:35.611Z,48.570,0.692,33.598,26.970,0.00,3.1580,24.734312,46.698902,25.534,123.678,8.085
2025-12-25T22:03:35.687Z,48.617,0.528,25.669,26.970,0.00,3.1580,24.734312,46.698902,25.535,123.676,8.086
2025-12-25T22:03:35.987Z,48.656,0.426,20.732,26.970,0.00,3.1580,24.734312,46.698902,25.536,123.667,8.086
2025-12-25T22:03:36.008Z,48.688,0.374,18.188,26.970,0.00,3.1580,24.734312,46.698902,25.536,123.667,8.086
2025-12-25T22:03:36.008Z,48.738,0.212,10.354,26.780,0.00,3.1650,24.734297,46.698971,25.536,123.941,8.068
2025-12-25T22:03:36.294Z,48.760,0.167,8.132,26.780,0.00,3.1650,24.734297,46.698971,25.537,123.938,8.069
2025-12-25T22:03:36.425Z,48.786,0.099,4.829,26.780,0.00,3.1650,24.734297,46.698971,25.537,123.937,8.069
2025-12-25T22:03:36.805Z,48.801,0.071,3.444,26.780,0.00,3.1650,24.734297,46.698971,25.538,123.935,8.069
2025-12-25T22:03:36.805Z,48.808,0.066,3.199,26.780,0.00,3.1650,24.734297,46.698971,25.538,123.935,8.069
2025-12-25T22:03:36.920Z,48.812,0.067,3.260,26.780,0.00,3.1650,24.734297,46.698971,25.538,123.935,8.069
2025-12-25T22:03:37.215Z,48.813,0.075,3.659,26.780,0.00,3.1650,24.734297,46.698971,25.538,123.933,8.069
2025-12-25T22:03:37.262Z,48.819,0.069,3.367,25.780,0.00,3.1710,24.734303,46.699036,25.538,124.168,8.054
2025-12-25T22:03:37.460Z,48.824,0.064,3.136,25.780,0.00,3.1710,24.734303,46.699036,25.538,124.167,8.054
2025-12-25T22:03:37.559Z,48.827,0.065,3.178,25.780,0.00,3.1710,24.734303,46.699036,25.538,124.167,8.054
2025-12-25T22:03:37.933Z,48.831,0.067,3.251,25.780,0.00,3.1710,24.734303,46.699036,25.539,124.165,8.054
2025-12-25T22:03:37.933Z,48.831,0.076,3.699,25.780,0.00,3.1710,24.734303,46.699036,25.539,124.165,8.054
2025-12-25T22:03:38.240Z,48.838,0.066,3.230,25.780,0.00,3.1710,24.734303,46.699036,25.539,124.164,8.054
2025-12-25T22:03:38.240Z,48.841,0.064,3.149,24.580,0.00,3.1780,24.734333,46.699093,25.539,124.438,8.036
2025-12-25T22:03:38.444Z,48.840,0.075,3.665,24.580,0.00,3.1780,24.734333,46.699093,25.539,124.437,8.036
2025-12-25T22:03:38.444Z,48.847,0.065,3.168,24.580,0.00,3.1780,24.734333,46.699093,25.539,124.437,8.036
2025-12-25T22:03:38.854Z,48.849,0.067,3.268,24.580,0.00,3.1780,24.734333,46.699093,25.539,124.435,8.036
2025-12-25T22:03:38.855Z,48.849,0.076,3.697,24.580,0.00,3.1780,24.734333,46.699093,25.539,124.435,8.036
2025-12-25T22:03:39.058Z,48.854,0.071,3.472,24.580,0.00,3.1780,24.734333,46.699093,25.540,124.434,8.036
2025-12-25T22:03:39.058Z,48.860,0.064,3.129,23.300,0.00,3.1840,24.734375,46.699135,25.540,124.669,8.021
2025-12-25T22:03:39.264Z,48.862,0.065,3.185,23.300,0.00,3.1840,24.734375,46.699135,25.540,124.668,8.021
2025-12-25T22:03:39.469Z,48.863,0.070,3.441,23.300,0.00,3.1840,24.734375,46.699135,25.540,124.667,8.021
2025-12-25T22:03:39.596Z,48.864,0.072,3.532,23.300,0.00,3.1840,24.734375,46.699135,25.540,124.666,8.021
2025-12-25T22:03:39.981Z,48.870,0.064,3.147,23.300,0.00,3.1840,24.734375,46.699135,25.540,124.665,8.022
2025-12-25T22:03:39.981Z,48.869,0.071,3.466,23.300,0.00,3.1840,24.734375,46.699135,25.540,124.665,8.022
2025-12-25T22:03:40.013Z,48.870,0.074,3.609,23.300,0.00,3.1840,24.734375,46.699135,25.541,124.665,8.022
2025-12-25T22:03:40.222Z,48.873,0.073,3.559,22.260,0.00,3.1910,24.734425,46.699165,25.541,124.938,8.004
2025-12-25T22:03:40.492Z,48.879,0.064,3.149,22.260,0.00,3.1910,24.734425,46.699165,25.541,124.937,8.004
2025-12-25T22:03:40.492Z,48.882,0.065,3.157,22.260,0.00,3.1910,24.734425,46.699165,25.541,124.937,8.004
2025-12-25T22:03:40.902Z,48.883,0.066,3.206,22.260,0.00,3.1910,24.734425,46.699165,25.541,124.935,8.004
2025-12-25T22:03:40.902Z,48.882,0.075,3.670,22.260,0.00,3.1910,24.734425,46.699165,25.541,124.935,8.004
2025-12-25T22:03:41.021Z,48.882,0.078,3.798,22.260,0.00,3.1910,24.734425,46.699165,25.541,124.934,8.004
2025-12-25T22:03:41.022Z,48.889,0.068,3.314,20.580,0.00,3.1960,24.734474,46.699184,25.541,125.130,7.992
2025-12-25T22:03:41.414Z,48.891,0.067,3.284,20.580,0.00,3.1960,24.734474,46.699184,25.542,125.128,7.992
2025-12-25T22:03:41.563Z,48.889,0.079,3.846,20.580,0.00,3.1960,24.734474,46.699184,25.542,125.127,7.992
2025-12-25T22:03:41.721Z,48.889,0.090,4.424,20.580,0.00,3.1960,24.734474,46.699184,25.542,125.126,7.992
2025-12-25T22:03:41.725Z,48.899,0.064,3.141,20.580,0.00,3.1960,24.734474,46.699184,25.542,125.126,7.992
2025-12-25T22:03:41.925Z,48.901,0.065,3.166,20.580,0.00,3.1960,24.734474,46.699184,25.542,125.126,7.992
2025-12-25T22:03:42.041Z,48.901,0.071,3.477,20.220,0.00,3.2020,24.734526,46.699196,25.542,125.360,7.977
2025-12-25T22:03:42.438Z,48.901,0.078,3.791,20.220,0.00,3.2020,24.734526,46.699196,25.543,125.358,7.977
2025-12-25T22:03:42.567Z,48.903,0.078,3.815,20.220,0.00,3.2020,24.734526,46.699196,25.543,125.357,7.977
2025-12-25T22:03:42.571Z,48.909,0.066,3.209,20.220,0.00,3.2020,24.734526,46.699196,25.543,125.357,7.977
2025-12-25T22:03:42.746Z,48.910,0.069,3.371,20.220,0.00,3.2020,24.734526,46.699196,25.543,125.356,7.977
2025-12-25T22:03:42.883Z,48.909,0.076,3.730,20.220,0.00,3.2020,24.734526,46.699196,25.543,125.356,7.977
2025-12-25T22:03:43.155Z,48.914,0.065,3.198,20.220,0.00,3.2020,24.734526,46.699196,25.544,125.354,7.977
2025-12-25T22:03:43.155Z,48.916,0.066,3.249,23.430,0.00,3.2100,24.734592,46.699188,25.544,125.668,7.957
2025-12-25T22:03:43.296Z,48.915,0.074,3.611,23.430,0.00,3.2100,24.734592,46.699188,25.544,125.667,7.958
2025-12-25T22:03:43.666Z,48.917,0.073,3.575,23.430,0.00,3.2100,24.734592,46.699188,25.544,125.665,7.958
2025-12-25T22:03:43.794Z,48.916,0.086,4.200,23.430,0.00,3.2100,24.734592,46.699188,25.544,125.664,7.958
2025-12-25T22:03:43.798Z,48.925,0.065,3.197,23.430,0.00,3.2100,24.734592,46.699188,25.544,125.664,7.958
2025-12-25T22:03:43.883Z,48.925,0.067,3.298,23.430,0.00,3.2100,24.734592,46.699188,25.544,125.664,7.958
2025-12-25T22:03:44.294Z,48.925,0.072,3.542,23.980,0.00,3.2170,24.734653,46.699177,25.545,125.936,7.941
2025-12-25T22:03:44.373Z,48.927,0.071,3.468,23.980,0.00,3.2170,24.734653,46.699177,25.545,125.936,7.941
2025-12-25T22:03:44.700Z,48.931,0.064,3.149,23.980,0.00,3.2170,24.734653,46.699177,25.545,125.934,7.941
2025-12-25T22:03:44.702Z,48.929,0.075,3.683,23.980,0.00,3.2170,24.734653,46.699177,25.545,125.934,7.941
2025-12-25T22:03:44.749Z,48.928,0.070,3.423,23.980,0.00,3.2170,24.734653,46.699177,25.545,125.934,7.941
2025-12-25T22:03:45.119Z,48.932,0.078,3.814,23.980,0.00,3.2170,24.734653,46.699177,25.546,125.932,7.941
2025-12-25T22:03:45.179Z,48.937,0.069,3.383,23.980,0.00,3.2170,24.734653,46.699177,25.546,125.932,7.941
2025-12-25T22:03:45.179Z,48.911,0.154,7.512,23.690,0.00,3.2230,24.734711,46.699154,25.546,126.167,7.926
2025-12-25T22:03:45.370Z,48.875,0.261,12.758,23.690,0.00,3.2230,24.734711,46.699154,25.546,126.163,7.926
2025-12-25T22:03:45.555Z,48.796,0.506,24.690,23.690,0.00,3.2230,24.734711,46.699154,25.548,126.157,7.927
2025-12-25T22:03:45.919Z,48.829,0.476,23.256,23.690,0.00,3.2230,24.734711,46.699154,25.550,126.145,7.927
2025-12-25T22:03:45.919Z,48.753,0.662,32.293,23.690,0.00,3.2230,24.734711,46.699154,25.550,126.145,7.927
2025-12-25T22:03:46.228Z,48.704,0.820,39.943,23.690,0.00,3.2230,24.734711,46.699154,25.553,126.129,7.928
2025-12-25T22:03:46.228Z,48.652,0.906,44.084,23.340,0.00,3.2300,24.734764,46.699127,25.553,126.402,7.911
2025-12-25T22:03:46.354Z,48.534,1.090,52.914,23.340,0.00,3.2300,24.734764,46.699127,25.555,126.393,7.912
2025-12-25T22:03:46.354Z,47.920,3.057,146.495,23.340,0.00,3.2300,24.734764,46.699127,25.555,126.393,7.912
2025-12-25T22:03:46.739Z,47.983,2.896,138.947,23.340,0.00,3.2300,24.734764,46.699127,25.570,126.320,7.916
2025-12-25T22:03:46.747Z,47.749,3.603,172.018,23.340,0.00,3.2300,24.734764,46.699127,25.570,126.318,7.917
2025-12-25T22:03:47.045Z,47.702,3.762,179.437,23.340,0.00,3.2300,24.734764,46.699127,25.585,126.245,7.921
2025-12-25T22:03:47.275Z,47.633,3.828,182.339,22.850,0.00,3.2370,24.734814,46.699089,25.597,126.461,7.908
2025-12-25T22:03:47.275Z,47.669,3.792,180.746,22.850,0.00,3.2370,24.734814,46.699089,25.597,126.461,7.908
2025-12-25T22:03:47.466Z,47.526,4.232,201.107,22.850,0.00,3.2370,24.734814,46.699089,25.608,126.408,7.911
2025-12-25T22:03:47.466Z,47.295,4.881,230.863,22.850,0.00,3.2370,24.734814,46.699089,25.608,126.408,7.911
2025-12-25T22:03:47.700Z,47.292,4.965,234.829,22.850,0.00,3.2370,24.734814,46.699089,25.623,126.333,7.916
2025-12-25T22:03:47.968Z,47.234,5.110,241.364,22.850,0.00,3.2370,24.734814,46.699089,25.641,126.244,7.921
2025-12-25T22:03:48.422Z,47.252,4.955,234.133,22.850,0.00,3.2370,24.734814,46.699089,25.670,126.099,7.930
2025-12-25T22:03:48.422Z,47.241,5.084,240.189,22.690,0.00,3.2430,24.734858,46.699051,25.670,126.333,7.916
2025-12-25T22:03:48.422Z,47.361,4.546,215.309,22.690,0.00,3.2430,24.734858,46.699051,25.670,126.333,7.916
2025-12-25T22:03:48.423Z,47.176,5.259,248.103,22.690,0.00,3.2430,24.734858,46.699051,25.670,126.332,7.916
2025-12-25T22:03:48.787Z,47.147,5.540,261.209,22.690,0.00,3.2430,24.734858,46.699051,25.697,126.202,7.924
2025-12-25T22:03:48.816Z,47.101,5.358,252.347,22.690,0.00,3.2430,24.734858,46.699051,25.699,126.192,7.924
2025-12-25T22:03:49.098Z,47.092,5.302,249.695,22.690,0.00,3.2430,24.734858,46.699051,25.718,126.097,7.930
2025-12-25T22:03:49.268Z,47.065,5.264,247.769,23.040,0.00,3.2490,24.734896,46.699001,25.730,126.272,7.919
2025-12-25T22:03:49.270Z,47.029,5.757,270.724,23.040,0.00,3.2490,24.734896,46.699001,25.730,126.272,7.919
2025-12-25T22:03:49.426Z,47.042,5.628,264.743,23.040,0.00,3.2490,24.734896,46.699001,25.742,126.215,7.923
2025-12-25T22:03:49.631Z,46.974,5.830,273.847,23.040,0.00,3.2490,24.734896,46.699001,25.757,126.139,7.928
2025-12-25T22:03:49.914Z,47.302,4.899,231.723,23.040,0.00,3.2490,24.734896,46.699001,25.776,126.050,7.933
2025-12-25T22:03:49.914Z,47.016,5.458,256.607,23.040,0.00,3.2490,24.734896,46.699001,25.776,126.050,7.933
2025-12-25T22:03:50.220Z,46.984,5.534,260.002,23.130,0.00,3.2560,24.734924,46.698948,25.798,126.213,7.923
2025-12-25T22:03:50.221Z,47.054,5.463,257.074,23.130,0.00,3.2560,24.734924,46.698948,25.798,126.213,7.923
2025-12-25T22:03:50.424Z,47.092,5.260,247.695,23.130,0.00,3.2560,24.734924,46.698948,25.812,126.145,7.927
2025-12-25T22:03:50.645Z,47.052,5.297,249.251,23.130,0.00,3.2560,24.734924,46.698948,25.827,126.070,7.932
2025-12-25T22:03:50.646Z,47.028,5.684,267.319,23.130,0.00,3.2560,24.734924,46.698948,25.827,126.070,7.932
2025-12-25T22:03:51.039Z,47.109,5.251,247.388,23.130,0.00,3.2560,24.734924,46.698948,25.854,125.938,7.940
2025-12-25T22:03:51.039Z,47.013,5.116,240.533,23.130,0.00,3.2560,24.734924,46.698948,25.854,125.938,7.940
2025-12-25T22:03:51.270Z,47.288,4.786,226.300,23.610,0.00,3.2630,24.734941,46.698883,25.869,126.138,7.928
2025-12-25T22:03:51.381Z,46.831,5.683,266.153,23.610,0.00,3.2630,24.734941,46.698883,25.877,126.098,7.930
2025-12-25T22:03:51.577Z,47.072,5.429,255.560,23.610,0.00,3.2630,24.734941,46.698883,25.891,126.030,7.935
2025-12-25T22:03:51.577Z,46.863,6.018,282.013,23.610,0.00,3.2630,24.734941,46.698883,25.891,126.030,7.935
2025-12-25T22:03:51.887Z,46.958,5.701,267.720,23.610,0.00,3.2630,24.734941,46.698883,25.914,125.918,7.942
2025-12-25T22:03:51.987Z,47.069,5.141,241.965,23.610,0.00,3.2630,24.734941,46.698883,25.920,125.885,7.944
2025-12-25T22:03:52.269Z,46.946,5.744,269.635,24.780,0.00,3.2700,24.734945,46.698814,25.942,126.052,7.933
2025-12-25T22:03:52.270Z,46.875,6.115,286.638,24.780,0.00,3.2700,24.734945,46.698814,25.942,126.052,7.933
2025-12-25T22:03:52.473Z,46.931,5.698,267.416,24.780,0.00,3.2700,24.734945,46.698814,25.957,125.979,7.938
2025-12-25T22:03:52.580Z,47.120,5.553,261.660,24.780,0.00,3.2700,24.734945,46.698814,25.965,125.941,7.940
2025-12-25T22:03:52.984Z,46.898,6.255,293.335,24.780,0.00,3.2700,24.734945,46.698814,25.997,125.781,7.950
2025-12-25T22:03:52.985Z,46.899,6.582,308.672,24.780,0.00,3.2700,24.734945,46.698814,25.998,125.781,7.950
2025-12-25T22:03:53.005Z,47.099,5.645,265.866,23.820,0.00,3.2760,24.734932,46.698753,25.999,126.005,7.936
2025-12-25T22:03:53.198Z,46.790,5.441,254.600,23.820,0.00,3.2760,24.734932,46.698753,26.013,125.939,7.940
2025-12-25T22:03:53.598Z,46.886,6.281,294.469,23.820,0.00,3.2760,24.734932,46.698753,26.045,125.780,7.950
2025-12-25T22:03:53.599Z,46.914,5.393,253.031,23.820,0.00,3.2760,24.734932,46.698753,26.045,125.780,7.950
2025-12-25T22:03:53.804Z,47.075,5.762,271.251,23.820,0.00,3.2760,24.734932,46.698753,26.061,125.706,7.955
2025-12-25T22:03:53.935Z,46.865,6.057,283.886,23.820,0.00,3.2760,24.734932,46.698753,26.071,125.656,7.958
2025-12-25T22:03:53.936Z,46.874,6.153,288.424,23.820,0.00,3.2760,24.734932,46.698753,26.071,125.656,7.958
2025-12-25T22:03:54.171Z,46.894,5.140,241.042,22.170,0.00,3.2820,24.734896,46.698704,26.087,125.809,7.949
2025-12-25T22:03:54.342Z,46.784,5.799,271.290,22.170,0.00,3.2820,24.734896,46.698704,26.100,125.747,7.952
2025-12-25T22:03:54.547Z,47.019,5.039,236.926,22.170,0.00,3.2820,24.734896,46.698704,26.113,125.682,7.957
2025-12-25T22:03:54.547Z,47.009,5.420,254.804,22.170,0.00,3.2820,24.734896,46.698704,26.113,125.682,7.957
2025-12-25T22:03:54.746Z,46.791,5.997,280.585,22.170,0.00,3.2820,24.734896,46.698704,26.129,125.608,7.961
2025-12-25T22:03:54.951Z,46.751,5.797,271.024,22.170,0.00,3.2820,24.734896,46.698704,26.144,125.534,7.966
2025-12-25T22:03:55.160Z,46.728,6.031,281.797,24.240,0.00,3.2890,24.734859,46.698650,26.161,125.723,7.954
2025-12-25T22:03:55.160Z,46.746,6.236,291.525,24.240,0.00,3.2890,24.734859,46.698650,26.161,125.723,7.954
2025-12-25T22:03:55.344Z,46.957,5.740,269.512,24.240,0.00,3.2890,24.734859,46.698650,26.175,125.657,7.958
2025-12-25T22:03:55.668Z,46.821,5.792,271.198,24.240,0.00,3.2890,24.734859,46.698650,26.199,125.540,7.966
2025-12-25T22:03:55.829Z,46.734,6.189,289.233,24.240,0.00,3.2890,24.734859,46.698650,26.212,125.478,7.970
2025-12-25T22:03:56.307Z,46.755,6.017,281.335,24.240,0.00,3.2890,24.734859,46.698650,26.249,125.299,7.981
2025-12-25T22:03:56.307Z,46.782,6.303,294.855,24.240,0.00,3.2890,24.734859,46.698650,26.249,125.299,7.981
2025-12-25T22:03:56.400Z,46.810,5.828,272.830,24.890,0.00,3.2960,24.734802,46.698620,26.256,125.532,7.966
2025-12-25T22:03:56.400Z,46.849,6.067,284.235,24.890,0.00,3.2960,24.734802,46.698620,26.256,125.532,7.966
2025-12-25T22:03:56.615Z,46.826,6.045,283.077,24.890,0.00,3.2960,24.734802,46.698620,26.273,125.451,7.971
2025-12-25T22:03:56.615Z,46.700,6.532,305.044,24.890,0.00,3.2960,24.734802,46.698620,26.273,125.451,7.971
2025-12-25T22:03:56.790Z,46.784,6.172,288.761,24.890,0.00,3.2960,24.734802,46.698620,26.287,125.384,7.975
2025-12-25T22:03:57.085Z,46.692,6.216,290.234,24.890,0.00,3.2960,24.734802,46.698620,26.311,125.271,7.983
2025-12-25T22:03:57.205Z,46.956,5.530,259.677,24.960,0.00,3.3030,24.734739,46.698601,26.320,125.496,7.968
2025-12-25T22:03:57.205Z,46.807,6.035,282.495,24.960,0.00,3.3030,24.734739,46.698601,26.320,125.496,7.968
2025-12-25T22:03:57.528Z,46.926,5.700,267.493,24.960,0.00,3.3030,24.734739,46.698601,26.344,125.382,7.976
2025-12-25T22:03:57.627Z,46.946,5.656,265.511,24.960,0.00,3.3030,24.734739,46.698601,26.351,125.347,7.978
2025-12-25T22:03:57.833Z,46.716,6.243,291.632,24.960,0.00,3.3030,24.734739,46.698601,26.368,125.267,7.983
2025-12-25T22:03:57.833Z,47.039,5.234,246.220,24.960,0.00,3.3030,24.734739,46.698601,26.368,125.267,7.983
2025-12-25T22:03:58.110Z,46.750,6.040,282.380,24.520,0.00,3.3100,24.734678,46.698589,26.389,125.430,7.973
2025-12-25T22:03:58.242Z,46.807,5.995,280.605,24.520,0.00,3.3100,24.734678,46.698589,26.400,125.381,7.976
2025-12-25T22:03:58.719Z,46.765,6.010,281.068,24.520,0.00,3.3100,24.734678,46.698589,26.437,125.204,7.987
2025-12-25T22:03:58.719Z,46.829,5.957,278.953,24.520,0.00,3.3100,24.734678,46.698589,26.437,125.204,7.987
2025-12-25T22:03:58.720Z,46.812,5.931,277.653,24.520,0.00,3.3100,24.734678,46.698589,26.437,125.204,7.987
2025-12-25T22:03:59.027Z,46.774,5.994,280.360,24.520,0.00,3.3100,24.734678,46.698589,26.461,125.091,7.994
2025-12-25T22:03:59.027Z,46.858,5.827,273.039,24.520,0.00,3.3100,24.734678,46.698589,26.461,125.090,7.994
2025-12-25T22:03:59.232Z,46.882,5.801,271.958,23.560,0.00,3.3170,24.734619,46.698593,26.476,125.282,7.982
2025-12-25T22:03:59.364Z,46.923,5.572,261.447,23.560,0.00,3.3170,24.734619,46.698593,26.486,125.236,7.985
2025-12-25T22:03:59.561Z,46.781,6.000,280.704,23.560,0.00,3.3170,24.734619,46.698593,26.501,125.164,7.990
2025-12-25T22:03:59.562Z,46.811,5.956,278.821,23.560,0.00,3.3170,24.734619,46.698593,26.501,125.164,7.990
2025-12-25T22:04:00.052Z,46.788,5.871,274.689,23.560,0.00,3.3170,24.734619,46.698593,26.539,124.987,8.001
2025-12-25T22:04:00.052Z,46.763,5.931,277.362,23.560,0.00,3.3170,24.734619,46.698593,26.539,124.987,8.001
2025-12-25T22:04:00.184Z,46.628,6.360,296.530,25.410,0.00,3.3250,24.734550,46.698620,26.550,125.237,7.985
2025-12-25T22:04:00.459Z,46.682,6.199,289.377,25.410,0.00,3.3250,24.734550,46.698620,26.572,125.133,7.991
2025-12-25T22:04:00.459Z,46.867,5.625,263.647,25.410,0.00,3.3250,24.734550,46.698620,26.572,125.133,7.992
2025-12-25T22:04:00.580Z,46.615,6.526,304.198,25.410,0.00,3.3250,24.734550,46.698620,26.582,125.085,7.995
2025-12-25T22:04:00.881Z,46.768,6.074,284.074,25.410,0.00,3.3250,24.734550,46.698620,26.606,124.973,8.002
2025-12-25T22:04:00.882Z,46.726,6.207,290.030,25.410,0.00,3.3250,24.734550,46.698620,26.606,124.973,8.002
2025-12-25T22:04:01.192Z,46.828,5.761,269.765,26.040,0.00,3.3330,24.734489,46.698654,26.629,125.164,7.989
2025-12-25T22:04:01.192Z,46.665,6.379,297.682,26.040,0.00,3.3330,24.734489,46.698654,26.629,125.164,7.990
2025-12-25T22:04:01.390Z,46.839,5.782,270.809,26.040,0.00,3.3330,24.734489,46.698654,26.644,125.094,7.994
2025-12-25T22:04:01.599Z,46.703,6.110,285.335,26.040,0.00,3.3330,24.734489,46.698654,26.660,125.017,7.999
2025-12-25T22:04:01.605Z,46.632,6.401,298.488,26.040,0.00,3.3330,24.734489,46.698654,26.661,125.014,7.999
2025-12-25T22:04:01.893Z,46.683,6.192,289.047,26.040,0.00,3.3330,24.734489,46.698654,26.684,124.906,8.006
2025-12-25T22:04:02.021Z,46.762,6.510,304.437,26.040,0.00,3.3330,24.734489,46.698654,26.695,124.855,8.009
2025-12-25T22:04:02.408Z,46.628,6.454,300.957,26.350,0.00,3.3400,24.734434,46.698696,26.727,124.966,8.002
2025-12-25T22:04:02.408Z,46.736,6.012,280.954,26.350,0.00,3.3400,24.734434,46.698696,26.727,124.966,8.002
2025-12-25T22:04:02.521Z,46.930,5.376,252.307,26.350,0.00,3.3400,24.734434,46.698696,26.735,124.929,8.005
2025-12-25T22:04:02.714Z,46.819,5.805,271.769,26.350,0.00,3.3400,24.734434,46.698696,26.750,124.861,8.009
2025-12-25T22:04:02.831Z,46.691,6.200,289.506,26.350,0.00,3.3400,24.734434,46.698696,26.759,124.817,8.012
2025-12-25T22:04:03.072Z,46.815,5.744,268.901,26.350,0.00,3.3400,24.734434,46.698696,26.777,124.733,8.017
2025-12-25T22:04:03.073Z,46.776,5.988,280.099,26.590,0.00,3.3480,24.734386,46.698753,26.777,125.032,7.998
2025-12-25T22:04:03.257Z,46.765,6.046,282.750,26.590,0.00,3.3480,24.734386,46.698753,26.792,124.964,8.002
2025-12-25T22:04:03.838Z,46.688,5.931,276.897,26.590,0.00,3.3480,24.734386,46.698753,26.836,124.756,8.016
2025-12-25T22:04:03.838Z,46.702,6.108,285.250,26.590,0.00,3.3480,24.734386,46.698753,26.836,124.756,8.016
2025-12-25T22:04:03.839Z,46.657,6.139,286.427,26.590,0.00,3.3480,24.734386,46.698753,26.836,124.756,8.016
2025-12-25T22:04:04.147Z,46.643,6.068,283.015,26.590,0.00,3.3480,24.734386,46.698753,26.861,124.643,8.023
2025-12-25T22:04:04.153Z,46.623,6.549,305.354,26.590,0.00,3.3480,24.734386,46.698753,26.861,124.641,8.023
2025-12-25T22:04:04.272Z,46.745,6.358,297.187,25.890,0.00,3.3550,24.734346,46.698807,26.871,124.856,8.009
2025-12-25T22:04:04.272Z,46.676,5.871,274.022,25.890,0.00,3.3550,24.734346,46.698807,26.871,124.856,8.009
2025-12-25T22:04:04.659Z,46.727,6.000,280.370,25.890,0.00,3.3550,24.734346,46.698807,26.901,124.716,8.018
2025-12-25T22:04:04.773Z,46.724,5.832,272.507,25.890,0.00,3.3550,24.734346,46.698807,26.910,124.676,8.021
2025-12-25T22:04:04.965Z,46.672,5.631,262.800,25.890,0.00,3.3550,24.734346,46.698807,26.924,124.611,8.025
2025-12-25T22:04:04.965Z,46.744,5.855,273.711,25.890,0.00,3.3550,24.734346,46.698807,26.924,124.611,8.025
2025-12-25T22:04:05.175Z,46.718,6.104,285.146,24.890,0.00,3.3620,24.734314,46.698868,26.940,124.794,8.013
2025-12-25T22:04:05.293Z,46.663,5.963,278.234,24.890,0.00,3.3620,24.734314,46.698868,26.950,124.752,8.016
2025-12-25T22:04:05.581Z,46.838,6.106,285.985,24.890,0.00,3.3620,24.734314,46.698868,26.972,124.646,8.023
2025-12-25T22:04:05.700Z,46.806,5.480,256.482,24.890,0.00,3.3620,24.734314,46.698868,26.981,124.607,8.025
2025-12-25T22:04:05.700Z,46.812,6.221,291.197,24.890,0.00,3.3620,24.734314,46.698868,26.981,124.607,8.025
2025-12-25T22:04:06.091Z,46.983,5.327,250.262,24.890,0.00,3.3620,24.734314,46.698868,27.008,124.481,8.033
2025-12-25T22:04:06.399Z,46.579,5.802,270.244,25.060,0.00,3.3690,24.734293,46.698929,27.031,124.634,8.024
2025-12-25T22:04:06.399Z,46.637,5.949,277.423,25.060,0.00,3.3690,24.734293,46.698929,27.031,124.634,8.024
2025-12-25T22:04:06.399Z,46.958,5.880,276.120,25.060,0.00,3.3690,24.734293,46.698929,27.031,124.634,8.024
2025-12-25T22:04:06.603Z,46.754,6.246,292.027,25.060,0.00,3.3690,24.734293,46.698929,27.048,124.558,8.028
2025-12-25T22:04:06.719Z,47.624,2.987,142.253,25.060,0.00,3.3690,24.734293,46.698929,27.052,124.536,8.030
2025-12-25T22:04:07.014Z,48.269,1.262,60.916,25.060,0.00,3.3690,24.734293,46.698929,27.057,124.514,8.031
2025-12-25T22:04:07.014Z,48.552,0.672,32.631,25.060,0.00,3.3690,24.734293,46.698929,27.057,124.514,8.031
2025-12-25T22:04:07.146Z,48.604,0.503,24.446,25.130,0.00,3.3760,24.734289,46.698997,27.058,124.768,8.015
2025-12-25T22:04:07.416Z,48.640,0.411,19.969,25.130,0.00,3.3760,24.734289,46.698997,27.060,124.761,8.015
2025-12-25T22:04:07.556Z,48.676,0.302,14.712,25.130,0.00,3.3760,24.734289,46.698997,27.060,124.759,8.015
2025-12-25T22:04:07.815Z,48.714,0.232,11.302,25.130,0.00,3.3760,24.734289,46.698997,27.061,124.755,8.016
2025-12-25T22:04:07.815Z,48.752,0.152,7.420,25.130,0.00,3.3760,24.734289,46.698997,27.061,124.755,8.016
2025-12-25T22:04:07.955Z,48.777,0.087,4.220,25.130,0.00,3.3760,24.734289,46.698997,27.061,124.754,8.016
2025-12-25T22:04:08.162Z,48.784,0.076,3.688,24.800,0.00,3.3820,24.734306,46.699059,27.061,124.975,8.002
2025-12-25T22:04:08.446Z,48.786,0.085,4.130,24.800,0.00,3.3820,24.734306,46.699059,27.062,124.973,8.002
2025-12-25T22:04:08.446Z,48.796,0.065,3.179,24.800,0.00,3.3820,24.734306,46.699059,27.062,124.973,8.002
2025-12-25T22:04:08.652Z,48.799,0.068,3.327,24.800,0.00,3.3820,24.734306,46.699059,27.062,124.972,8.002
2025-12-25T22:04:08.959Z,48.798,0.080,3.883,24.800,0.00,3.3820,24.734306,46.699059,27.062,124.971,8.002
2025-12-25T22:04:08.960Z,48.806,0.066,3.202,24.800,0.00,3.3820,24.734306,46.699059,27.062,124.971,8.002
2025-12-25T22:04:09.070Z,48.805,0.077,3.755,23.890,0.00,3.3880,24.734339,46.699112,27.062,125.192,7.988
2025-12-25T22:04:09.471Z,48.810,0.077,3.759,23.890,0.00,3.3880,24.734339,46.699112,27.063,125.190,7.988
2025-12-25T22:04:09.471Z,48.817,0.064,3.143,23.890,0.00,3.3880,24.734339,46.699112,27.063,125.190,7.988
2025-12-25T22:04:09.590Z,48.817,0.077,3.756,23.890,0.00,3.3880,24.734339,46.699112,27.063,125.190,7.988
2025-12-25T22:04:09.778Z,48.820,0.074,3.632,23.890,0.00,3.3880,24.734339,46.699112,27.063,125.189,7.988
2025-12-25T22:04:09.890Z,48.817,0.087,4.266,23.890,0.00,3.3880,24.734339,46.699112,27.063,125.188,7.988
2025-12-25T22:04:10.188Z,48.802,0.145,7.078,23.890,0.00,3.3880,24.734339,46.699112,27.064,125.185,7.988
2025-12-25T22:04:10.189Z,48.828,0.071,3.444,22.130,0.00,3.3950,24.734381,46.699150,27.064,125.444,7.972
2025-12-25T22:04:10.392Z,48.830,0.071,3.446,22.130,0.00,3.3950,24.734381,46.699150,27.064,125.443,7.972
2025-12-25T22:04:10.530Z,48.834,0.072,3.532,22.130,0.00,3.3950,24.734381,46.699150,27.064,125.442,7.972
2025-12-25T22:04:10.727Z,48.834,0.076,3.728,22.130,0.00,3.3950,24.734381,46.699150,27.064,125.442,7.972
2025-12-25T22:04:10.728Z,48.841,0.064,3.132,22.130,0.00,3.3950,24.734381,46.699150,27.064,125.442,7.972
2025-12-25T22:04:10.919Z,48.843,0.066,3.244,22.130,0.00,3.3950,24.734381,46.699150,27.065,125.441,7.972
2025-12-25T22:04:11.127Z,48.843,0.074,3.635,21.090,0.00,3.4000,24.734428,46.699177,27.065,125.624,7.960
2025-12-25T22:04:11.460Z,48.847,0.070,3.430,21.090,0.00,3.4000,24.734428,46.699177,27.065,125.623,7.960
2025-12-25T22:04:11.460Z,48.851,0.065,3.170,21.090,0.00,3.4000,24.734428,46.699177,27.065,125.623,7.960
2025-12-25T22:04:12.038Z,48.847,0.079,3.848,21.090,0.00,3.4000,24.734428,46.699177,27.066,125.620,7.961
2025-12-25T22:04:12.038Z,48.854,0.067,3.273,21.090,0.00,3.4000,24.734428,46.699177,27.066,125.620,7.961
2025-12-25T22:04:12.038Z,48.850,0.084,4.116,21.090,0.00,3.4000,24.734428,46.699177,27.066,125.620,7.961
2025-12-25T22:04:12.134Z,48.854,0.077,3.774,19.690,0.00,3.4060,24.734476,46.699196,27.066,125.841,7.947
2025-12-25T22:04:12.338Z,48.856,0.079,3.882,19.690,0.00,3.4060,24.734476,46.699196,27.066,125.840,7.947
2025-12-25T22:04:12.464Z,48.863,0.067,3.294,19.690,0.00,3.4060,24.734476,46.699196,27.066,125.840,7.947
2025-12-25T22:04:12.465Z,48.865,0.065,3.176,19.690,0.00,3.4060,24.734476,46.699196,27.066,125.840,7.947
2025-12-25T22:04:12.850Z,48.867,0.068,3.314,19.690,0.00,3.4060,24.734476,46.699196,27.067,125.838,7.947
2025-12-25T22:04:12.969Z,48.865,0.077,3.741,19.690,0.00,3.4060,24.734476,46.699196,27.067,125.838,7.947
2025-12-25T22:04:13.079Z,48.871,0.066,3.207,19.690,0.00,3.4060,24.734476,46.699196,27.067,125.837,7.947
2025-12-25T22:04:13.080Z,48.873,0.066,3.244,20.040,0.00,3.4120,24.734529,46.699207,27.067,126.059,7.933
2025-12-25T22:04:13.270Z,48.872,0.073,3.566,20.040,0.00,3.4120,24.734529,46.699207,27.067,126.058,7.933
2025-12-25T22:04:13.474Z,48.873,0.076,3.734,20.040,0.00,3.4120,24.734529,46.699207,27.067,126.057,7.933
2025-12-25T22:04:13.771Z,48.876,0.074,3.608,20.040,0.00,3.4120,24.734529,46.699207,27.067,126.056,7.933
2025-12-25T22:04:13.771Z,48.881,0.064,3.142,20.040,0.00,3.4120,24.734529,46.699207,27.067,126.056,7.933
2025-12-25T22:04:14.078Z,48.882,0.069,3.349,20.040,0.00,3.4120,24.734529,46.699207,27.068,126.054,7.933
2025-12-25T22:04:14.079Z,48.881,0.077,3.770,21.000,0.00,3.4190,24.734589,46.699200,27.068,126.313,7.917
2025-12-25T22:04:14.209Z,48.883,0.072,3.496,21.000,0.00,3.4190,24.734589,46.699200,27.068,126.312,7.917
2025-12-25T22:04:14.404Z,48.885,0.072,3.541,21.000,0.00,3.4190,24.734589,46.699200,27.068,126.311,7.917
2025-12-25T22:04:14.693Z,48.888,0.071,3.459,21.000,0.00,3.4190,24.734589,46.699200,27.068,126.310,7.917
2025-12-25T22:04:14.826Z,48.892,0.064,3.107,21.000,0.00,3.4190,24.734589,46.699200,27.068,126.309,7.917
2025-12-25T22:04:14.826Z,48.893,0.066,3.249,21.000,0.00,3.4190,24.734589,46.699200,27.068,126.309,7.917
2025-12-25T22:04:15.153Z,48.887,0.083,4.052,21.000,0.00,3.4190,24.734589,46.699200,27.069,126.308,7.917
2025-12-25T22:04:15.231Z,48.893,0.075,3.652,21.170,0.00,3.4250,24.734644,46.699184,27.069,126.529,7.903
2025-12-25T22:04:15.436Z,48.897,0.070,3.399,21.170,0.00,3.4250,24.734644,46.699184,27.069,126.528,7.903
2025-12-25T22:04:15.436Z,48.897,0.073,3.572,21.170,0.00,3.4250,24.734644,46.699184,27.069,126.528,7.903
2025-12-25T22:04:15.819Z,48.901,0.065,3.182,21.170,0.00,3.4250,24.734644,46.699184,27.069,126.527,7.903
2025-12-25T22:04:15.842Z,48.899,0.076,3.714,21.170,0.00,3.4250,24.734644,46.699184,27.069,126.526,7.903
2025-12-25T22:04:16.128Z,48.903,0.074,3.595,21.170,0.00,3.4250,24.734644,46.699184,27.070,126.525,7.904
2025-12-25T22:04:16.129Z,48.905,0.065,3.158,18.060,0.00,3.4300,24.734686,46.699169,27.070,126.710,7.892
2025-12-25T22:04:16.331Z,48.907,0.067,3.297,18.060,0.00,3.4300,24.734686,46.699169,27.070,126.709,7.892
2025-12-25T22:04:16.638Z,48.909,0.067,3.272,18.060,0.00,3.4300,24.734686,46.699169,27.070,126.708,7.892
2025-12-25T22:04:16.639Z,48.907,0.077,3.787,18.060,0.00,3.4300,24.734686,46.699169,27.070,126.708,7.892
2025-12-25T22:04:16.765Z,48.912,0.067,3.297,18.060,0.00,3.4300,24.734686,46.699169,27.070,126.707,7.892
2025-12-25T22:04:16.975Z,48.910,0.077,3.774,18.060,0.00,3.4300,24.734686,46.699169,27.071,126.706,7.892
2025-12-25T22:04:17.253Z,48.915,0.064,3.140,14.090,0.00,3.4340,24.734716,46.699158,27.071,126.853,7.883
2025-12-25T22:04:17.253Z,48.917,0.066,3.213,14.090,0.00,3.4340,24.734716,46.699158,27.071,126.853,7.883
2025-12-25T22:04:17.457Z,48.917,0.070,3.433,14.090,0.00,3.4340,24.734716,46.699158,27.071,126.852,7.883
2025-12-25T22:04:17.580Z,48.917,0.075,3.663,14.090,0.00,3.4340,24.734716,46.699158,27.071,126.851,7.883
2025-12-25T22:04:17.970Z,48.921,0.065,3.180,14.090,0.00,3.4340,24.734716,46.699158,27.071,126.850,7.883
2025-12-25T22:04:17.970Z,48.922,0.065,3.191,14.090,0.00,3.4340,24.734716,46.699158,27.071,126.850,7.883
2025-12-25T22:04:18.080Z,48.923,0.067,3.266,14.090,0.00,3.4340,24.734716,46.699158,27.072,126.849,7.883
2025-12-25T22:04:18.382Z,48.923,0.072,3.520,9.390,0.00,3.4360,24.734737,46.699146,27.072,126.922,7.879
2025-12-25T22:04:18.405Z,48.924,0.072,3.501,9.390,0.00,3.4360,24.734737,46.699146,27.072,126.922,7.879
2025-12-25T22:04:18.406Z,48.929,0.065,3.171,9.390,0.00,3.4360,24.734737,46.699146,27.072,126.922,7.879
2025-12-25T22:04:18.687Z,48.929,0.067,3.255,9.390,0.00,3.4360,24.734737,46.699146,27.072,126.920,7.879
2025-12-25T22:04:18.796Z,48.928,0.074,3.621,9.390,0.00,3.4360,24.734737,46.699146,27.072,126.920,7.879
2025-12-25T22:04:19.200Z,48.931,0.071,3.474,9.390,0.00,3.4360,24.734737,46.699146,27.073,126.918,7.879
2025-12-25T22:04:19.200Z,48.935,0.064,3.149,4.960,0.00,3.4380,24.734749,46.699139,27.073,126.992,7.875
2025-12-25T22:04:19.334Z,48.931,0.077,3.776,4.960,0.00,3.4380,24.734749,46.699139,27.073,126.991,7.875