24.734491,46.699482
24.734491,46.699482
24.734491,46.699482
24.734491,46.699482
24.734491,46.699482
24.734491,46.699482
24.734488,46.699482
24.734488,46.699482
24.734488,46.699482
24.734488,46.699482
24.734488,46.699482
24.734488,46.699482
24.734484,46.699486
24.734484,46.699486
24.734484,46.699486
24.734484,46.699486
24.734484,46.699486
24.734484,46.699486
24.734484,46.699486
24.734476,46.699490
24.734476,46.699490
24.734476,46.699490
24.734476,46.699490
24.734476,46.699490
24.734476,46.699490
24.734468,46.699493
24.734468,46.699493
24.734468,46.699493
24.734468,46.699493
24.734468,46.699493
24.734468,46.699493
24.734459,46.699501
24.734459,46.699501
24.734459,46.699501
24.734459,46.699501
24.734459,46.699501
24.734459,46.699501
24.734459,46.699501
24.734447,46.699505
24.734447,46.699505
24.734447,46.699505
24.734447,46.699505
24.734447,46.699505
24.734447,46.699505
24.734432,46.699509
24.734432,46.699509
24.734432,46.699509
24.734432,46.699509
24.734432,46.699509
24.734432,46.699509
24.734417,46.699516
24.734417,46.699516
24.734417,46.699516
24.734417,46.699516
24.734417,46.699516
24.734417,46.699516
24.734417,46.699516
24.734398,46.699516
24.734398,46.699516
24.734398,46.699516
24.734398,46.699516
24.734398,46.699516
24.734398,46.699516
24.734379,46.699512
24.734379,46.699512
24.734379,46.699512
24.734379,46.699512
24.734379,46.699512
24.734379,46.699512
24.734362,46.699512
24.734362,46.699512
24.734362,46.699512
24.734362,46.699512
24.734362,46.699512
24.734362,46.699512
24.734343,46.699509
24.734343,46.699509
24.734343,46.699509
24.734343,46.699509
24.734343,46.699509
24.734343,46.699509
24.734343,46.699509
24.734324,46.699505
24.734324,46.699505
24.734324,46.699505
24.734324,46.699505
24.734324,46.699505
24.734324,46.699505
24.734306,46.699505
24.734306,46.699505
24.734306,46.699505
24.734306,46.699505
24.734306,46.699505
24.734306,46.699505
24.734289,46.699501
24.734289,46.699501
24.734289,46.699501
24.734289,46.699501
24.734289,46.699501
24.734289,46.699501
24.734289,46.699501
24.734274,46.699501
24.734274,46.699501
24.734274,46.699501
24.734274,46.699501
24.734274,46.699501
24.734274,46.699501
24.734262,46.699497
24.734262,46.699497
24.734262,46.699497
24.734262,46.699497
24.734262,46.699497
24.734262,46.699497
24.734251,46.699497
24.734251,46.699497
24.734251,46.699497
24.734251,46.699497
24.734251,46.699497
24.734251,46.699497
24.734251,46.699497
24.734240,46.699497
24.734240,46.699497
24.734240,46.699497
24.734240,46.699497
24.734240,46.699497
24.734240,46.699497
24.734228,46.699493
24.734228,46.699493
24.734228,46.699493
24.734228,46.699493
24.734228,46.699493
24.734228,46.699493
24.734215,46.699486
24.734215,46.699486
24.734215,46.699486
24.734215,46.699486
24.734215,46.699486
24.734135,46.699337
24.734135,46.699337
24.734135,46.699337
24.734135,46.699337
24.734135,46.699337
24.734135,46.699337
24.734133,46.699306
24.734133,46.699306
24.734133,46.699306
24.734133,46.699306
24.734133,46.699306
24.734133,46.699306
24.734133,46.699276
24.734133,46.699276
24.734133,46.699276
24.734133,46.699276
24.734133,46.699276
24.734133,46.699276
24.734133,46.699276
24.734137,46.699245
24.734137,46.699245
24.734137,46.699245
24.734137,46.699245
24.734137,46.699245
24.734137,46.699245
24.734144,46.699215
24.734144,46.699215
24.734144,46.699215
24.734144,46.699215
24.734144,46.699215
24.734144,46.699215
24.734158,46.699188
24.734158,46.699188
24.734158,46.699188
24.734158,46.699188
24.734158,46.699188
24.734158,46.699188
24.734173,46.699165
24.734173,46.699165
24.734173,46.699165
24.734173,46.699165
24.734173,46.699165
24.734173,46.699165
24.734173,46.699165
24.734188,46.699142
24.734188,46.699142
24.734188,46.699142
24.734188,46.699142
24.734188,46.699142
24.734188,46.699142
24.734207,46.699127
24.734207,46.699127
24.734207,46.699127
24.734207,46.699127
24.734207,46.699127
24.734207,46.699127
24.734228,46.699112
24.734228,46.699112
24.734228,46.699112
24.734228,46.699112
24.734228,46.699112
24.734228,46.699112
24.734228,46.699112
24.734249,46.699100
24.734249,46.699100
24.734249,46.699100
24.734249,46.699100
24.734249,46.699100
24.734249,46.699100
24.734270,46.699089
24.734270,46.699089
24.734270,46.699089
24.734270,46.699089
24.734270,46.699089
24.734270,46.699089
24.734293,46.699074
24.734293,46.699074
24.734293,46.699074
24.734293,46.699074
24.734293,46.699074
24.734293,46.699074
24.734293,46.699074
24.734314,46.699055
24.734314,46.699055
24.734314,46.699055
24.734314,46.699055
24.734314,46.699055
24.734314,46.699055
24.734333,46.699032
24.734333,46.699032
24.734333,46.699032
24.734333,46.699032
24.734333,46.699032
24.734333,46.699032
24.734350,46.699005
24.734350,46.699005
24.734350,46.699005
24.734350,46.699005
24.734350,46.699005
24.734350,46.699005
24.734350,46.699005
24.734362,46.698971
24.734362,46.698971
24.734362,46.698971
24.734362,46.698971
24.734362,46.698971
24.734362,46.698971
24.734369,46.698936
24.734369,46.698936
24.734369,46.698936
24.734369,46.698936
24.734369,46.698936
24.734369,46.698936
24.734381,46.698898
24.734381,46.698898
24.734381,46.698898
24.734381,46.698898
24.734381,46.698898
24.734381,46.698898
24.734381,46.698898
24.734394,46.698860
24.734394,46.698860
24.734394,46.698860
24.734394,46.698860
24.734394,46.698860
24.734394,46.698860
24.734413,46.698822
24.734413,46.698822
24.734413,46.698822
24.734413,46.698822
24.734413,46.698822
24.734413,46.698822
24.734436,46.698780
24.734436,46.698780
24.734436,46.698780
24.734436,46.698780
24.734436,46.698780
24.734436,46.698780
24.734436,46.698780
24.734467,46.698738
24.734467,46.698738
24.734467,46.698738
24.734467,46.698738
24.734467,46.698738
24.734467,46.698738
24.734505,46.698696
24.734505,46.698696
24.734505,46.698696
24.734505,46.698696
24.734505,46.698696
24.734505,46.698696
24.734550,46.698658
24.734550,46.698658
24.734550,46.698658
24.734550,46.698658
24.734550,46.698658
24.734550,46.698658
24.734598,46.698624
24.734598,46.698624
24.734598,46.698624
24.734598,46.698624
24.734598,46.698624
24.734598,46.698624
24.734598,46.698624
24.734652,46.698601
24.734652,46.698601
24.734652,46.698601
24.734652,46.698601
24.734652,46.698601
24.734652,46.698601
24.734705,46.698582
24.734705,46.698582
24.734705,46.698582
24.734705,46.698582
24.734705,46.698582
24.734705,46.698582
24.734755,46.698570
24.734755,46.698570
24.734755,46.698570
24.734755,46.698570
24.734755,46.698570
24.734755,46.698570
24.734755,46.698570
24.734808,46.698570
24.734808,46.698570
24.734808,46.698570
24.734808,46.698570
24.734808,46.698570
24.734808,46.698570
24.734858,46.698578
24.734858,46.698578
24.734858,46.698578
24.734858,46.698578
24.734858,46.698578
24.734858,46.698578
24.734901,46.698593
24.734901,46.698593
24.734901,46.698593
24.734901,46.698593
24.734901,46.698593
24.734901,46.698593
24.734901,46.698593
24.734941,46.698620
24.734941,46.698620
24.734941,46.698620
24.734941,46.698620
24.734941,46.698620
24.734941,46.698620
24.734976,46.698650
24.734976,46.698650
24.734976,46.698650
24.734976,46.698650
24.734976,46.698650
24.734976,46.698650
24.735003,46.698689
24.735003,46.698689
24.735003,46.698689
24.735003,46.698689
24.735003,46.698689
24.735003,46.698689
24.735003,46.698689
24.735022,46.698727
24.735022,46.698727
24.735022,46.698727
24.735022,46.698727
24.735022,46.698727
24.735022,46.698727
24.735035,46.698772
24.735035,46.698772
24.735035,46.698772
24.735035,46.698772
24.735035,46.698772
24.735035,46.698772
24.735039,46.698814
24.735039,46.698814
24.735039,46.698814
24.735039,46.698814
24.735039,46.698814
24.735039,46.698814
24.735039,46.698814
24.735029,46.698860
24.735029,46.698860
24.735029,46.698860
24.735029,46.698860
24.735029,46.698860
24.735029,46.698860
24.735016,46.698898
24.735016,46.698898
24.735016,46.698898
24.735016,46.698898
24.735016,46.698898
24.735016,46.698898
24.734999,46.698940
24.734999,46.698940
24.734999,46.698940
24.734999,46.698940
24.734999,46.698940
24.734999,46.698940
24.734978,46.698982
24.734978,46.698982
24.734978,46.698982
24.734978,46.698982
24.734978,46.698982
24.734978,46.698982
24.734978,46.698982
24.734961,46.699024
24.734961,46.699024
24.734961,46.699024
24.734961,46.699024
24.734961,46.699024
24.734961,46.699024
24.734951,46.699066
24.734951,46.699066
24.734951,46.699066
24.734951,46.699066
24.734951,46.699066
24.734951,46.699066
24.734941,46.699108
24.734941,46.699108
24.734941,46.699108
24.734941,46.699108
24.734941,46.699108
24.734941,46.699108
24.734941,46.699108
24.734938,46.699150
24.734938,46.699150
24.734938,46.699150
24.734938,46.699150
24.734938,46.699150
24.734938,46.699150
24.734943,46.699192
24.734943,46.699192
24.734943,46.699192
24.734943,46.699192
24.734943,46.699192
24.734943,46.699192
24.734957,46.699226
24.734957,46.699226
24.734957,46.699226
24.734957,46.699226
24.734957,46.699226
24.734957,46.699226
24.734957,46.699226
24.734968,46.699265
24.734968,46.699265
24.734968,46.699265
24.734968,46.699265
24.734968,46.699265
24.734968,46.699265
24.734976,46.699299
24.734976,46.699299
24.734976,46.699299
24.734976,46.699299
24.734976,46.699299
24.734976,46.699299
24.734980,46.699333
24.734980,46.699333
24.734980,46.699333
24.734980,46.699333
24.734980,46.699333
24.734980,46.699333
24.734985,46.699371
24.734985,46.699371
24.734985,46.699371
24.734985,46.699371
24.734985,46.699371
24.734985,46.699371
24.734985,46.699371
24.734991,46.699409
24.734991,46.699409
24.734991,46.699409
24.734991,46.699409
24.734991,46.699409
24.734991,46.699409
24.734995,46.699440
24.734995,46.699440
24.734995,46.699440
24.734995,46.699440
24.734995,46.699440
24.734995,46.699440
24.734970,46.699471
24.734970,46.699471
24.734970,46.699471
24.734970,46.699471
24.734970,46.699471
24.734970,46.699471
24.734970,46.699471
24.734924,46.699482
24.734924,46.699482
24.734924,46.699482
24.734924,46.699482
24.734924,46.699482
24.734924,46.699482
24.734814,46.699459
24.734814,46.699459
24.734814,46.699459
24.734814,46.699459
24.734814,46.699459
24.734814,46.699459
24.734762,46.699471
24.734762,46.699471
24.734762,46.699471
24.734762,46.699471
24.734762,46.699471
24.734762,46.699471
24.734762,46.699471
24.734711,46.699482
24.734711,46.699482
24.734711,46.699482
24.734711,46.699482
24.734711,46.699482
24.734711,46.699482
24.734665,46.699501
24.734665,46.699501
24.734665,46.699501
24.734665,46.699501
24.734665,46.699501
24.734665,46.699501
24.734617,46.699524
24.734617,46.699524
24.734617,46.699524
24.734617,46.699524
24.734617,46.699524
24.734617,46.699524
24.734617,46.699524
24.734566,46.699539
24.734566,46.699539
24.734566,46.699539
24.734566,46.699539
24.734566,46.699539
24.734566,46.699539
24.734509,46.699543
24.734509,46.699543
24.734509,46.699543
24.734509,46.699543
24.734509,46.699543
24.734509,46.699543
24.734451,46.699543
24.734451,46.699543
24.734451,46.699543
24.734451,46.699543
24.734451,46.699543
24.734451,46.699543
24.734451,46.699543
24.734396,46.699535
24.734396,46.699535
24.734396,46.699535
24.734396,46.699535
24.734396,46.699535
24.734396,46.699535
24.734344,46.699532
24.734344,46.699532
24.734344,46.699532
24.734344,46.699532
24.734344,46.699532
24.734344,46.699532
24.734299,46.699520
24.734299,46.699520
24.734299,46.699520
24.734299,46.699520
24.734299,46.699520
24.734299,46.699520
24.734299,46.699520
24.734259,46.699501
24.734259,46.699501
24.734259,46.699501
24.734259,46.699501
24.734259,46.699501
24.734259,46.699501
24.734228,46.699467
24.734228,46.699467
24.734228,46.699467
24.734228,46.699467
24.734228,46.699467
24.734228,46.699467
24.734207,46.699421
24.734207,46.699421
24.734207,46.699421
24.734207,46.699421
24.734207,46.699421
24.734207,46.699421
24.734207,46.699421
24.734198,46.699375
24.734198,46.699375
24.734198,46.699375
24.734198,46.699375
24.734198,46.699375
24.734198,46.699375
24.734192,46.699329
24.734192,46.699329
24.734192,46.699329
24.734192,46.699329
24.734192,46.699329
24.734192,46.699329
24.734192,46.699280
24.734192,46.699280
24.734192,46.699280
24.734192,46.699280
24.734192,46.699280
24.734192,46.699280
24.734201,46.699230
24.734201,46.699230
24.734201,46.699230
24.734781,46.699501
24.734716,46.699509
24.734716,46.699509
24.734716,46.699509
24.734716,46.699509
24.734716,46.699509
24.734716,46.699509
24.734716,46.699509
24.734653,46.699528
24.734653,46.699528
24.734653,46.699528
24.734653,46.699528
24.734653,46.699528
24.734653,46.699528
24.734591,46.699547
24.734591,46.699547
24.734591,46.699547
24.734591,46.699547
24.734591,46.699547
24.734591,46.699547
24.734526,46.699558
24.734526,46.699558
24.734526,46.699558
24.734526,46.699558
24.734526,46.699558
24.734526,46.699558
24.734526,46.699558
24.734463,46.699558
24.734463,46.699558
24.734463,46.699558
24.734463,46.699558
24.734463,46.699558
24.734463,46.699558
24.734400,46.699554
24.734400,46.699554
24.734400,46.699554
24.734400,46.699554
24.734400,46.699554
24.734400,46.699554
24.734341,46.699547
24.734341,46.699547
24.734341,46.699547
24.734341,46.699547
24.734341,46.699547
24.734341,46.699547
24.734287,46.699535
24.734287,46.699535
24.734287,46.699535
24.734287,46.699535
24.734287,46.699535
24.734287,46.699535
24.734287,46.699535
24.734240,46.699509
24.734240,46.699509
24.734240,46.699509
24.734240,46.699509
24.734240,46.699509
24.734240,46.699509
24.734201,46.699471
24.734201,46.699471
24.734201,46.699471
24.734201,46.699471
24.734201,46.699471
24.734201,46.699471
24.734182,46.699421
24.734182,46.699421
24.734182,46.699421
24.734182,46.699421
24.734182,46.699421
24.734182,46.699421
24.734182,46.699421
24.734171,46.699368
24.734171,46.699368
24.734171,46.699368
24.734171,46.699368
24.734171,46.699368
24.734171,46.699368
24.734169,46.699314
24.734169,46.699314
24.734169,46.699314
24.734243,46.699135
24.734413,46.698917
24.734413,46.698917
24.734413,46.698917
24.734413,46.698917
24.734413,46.698917
24.734413,46.698917
24.734413,46.698917
24.734430,46.698860
24.734430,46.698860
24.734430,46.698860
24.734430,46.698860
24.734430,46.698860
24.734430,46.698860
24.734453,46.698803
24.734453,46.698803
24.734453,46.698803
24.734453,46.698803
24.734453,46.698803
24.734453,46.698803
24.734486,46.698750
24.734486,46.698750
24.734486,46.698750
24.734486,46.698750
24.734486,46.698750
24.734486,46.698750
24.734486,46.698750
24.734529,46.698700
24.734529,46.698700
24.734529,46.698700
24.734529,46.698700
24.734529,46.698700
24.734529,46.698700
24.734579,46.698654
24.734579,46.698654
24.734579,46.698654
24.734579,46.698654
24.734579,46.698654
24.734579,46.698654
24.734640,46.698616
24.734640,46.698616
24.734640,46.698616
24.734640,46.698616
24.734640,46.698616
24.734640,46.698616
24.734640,46.698616
24.734703,46.698589
24.734703,46.698589
24.734703,46.698589
24.734703,46.698589
24.734703,46.698589
24.734703,46.698589
24.734774,46.698574
24.734774,46.698574
24.734774,46.698574
24.734774,46.698574
24.734774,46.698574
24.734774,46.698574
24.734844,46.698574
24.734844,46.698574
24.734844,46.698574
24.734844,46.698574
24.734844,46.698574
24.734844,46.698574
24.734844,46.698574
24.734911,46.698589
24.734911,46.698589
24.734911,46.698589
24.734911,46.698589
24.734911,46.698589
24.734177,46.699284
24.734177,46.699284
24.734177,46.699284
24.734335,46.699070
24.734335,46.699070
24.734335,46.699070
24.734335,46.699070
24.734335,46.699070
24.734335,46.699070
24.734362,46.699043
24.734362,46.699043
24.734362,46.699043
24.734362,46.699043
24.734362,46.699043
24.734362,46.699043
24.734362,46.699043
24.734383,46.699013
24.734383,46.699013
24.734383,46.699013
24.734383,46.699013
24.734383,46.699013
24.734383,46.699013
24.734400,46.698978
24.734400,46.698978
24.734400,46.698978
24.734400,46.698978
24.734400,46.698978
24.734400,46.698978
24.734413,46.698936
24.734413,46.698936
24.734413,46.698936
24.734413,46.698936
24.734413,46.698936
24.734413,46.698936
24.734413,46.698936
24.734426,46.698895
24.734426,46.698895
24.734426,46.698895
24.734426,46.698895
24.734426,46.698895
24.734426,46.698895
24.734440,46.698849
24.734440,46.698849
24.734440,46.698849
24.734440,46.698849
24.734440,46.698849
24.734440,46.698849
24.734459,46.698799
24.734459,46.698799
24.734459,46.698799
24.734459,46.698799
24.734459,46.698799
24.734459,46.698799
24.734459,46.698799
24.734486,46.698753
24.734486,46.698753
24.734486,46.698753
24.734486,46.698753
24.734486,46.698753
24.734486,46.698753
24.734522,46.698704
24.734522,46.698704
24.734522,46.698704
24.734522,46.698704
24.734522,46.698704
24.734522,46.698704
24.734568,46.698662
24.734568,46.698662
24.734568,46.698662
24.734568,46.698662
24.734568,46.698662
24.734568,46.698662
24.734568,46.698662
24.734619,46.698627
24.734619,46.698627
24.734619,46.698627
24.734619,46.698627
24.734619,46.698627
24.734619,46.698627
24.734678,46.698601
24.734678,46.698601
24.734678,46.698601
24.734678,46.698601
24.734678,46.698601
24.734678,46.698601
24.734739,46.698582
24.734739,46.698582
24.734739,46.698582
24.734739,46.698582
24.734739,46.698582
24.734739,46.698582
24.734806,46.698574
24.734806,46.698574
24.734806,46.698574
24.734806,46.698574
24.734806,46.698574
24.734806,46.698574
24.734806,46.698574
24.734869,46.698578
24.734869,46.698578
24.734869,46.698578
24.734869,46.698578
24.734869,46.698578
24.734869,46.698578
24.734926,46.698597
24.734926,46.698597
24.734926,46.698597
24.734926,46.698597
24.734926,46.698597
24.734926,46.698597
24.734978,46.698631
24.734978,46.698631
24.734978,46.698631
24.734978,46.698631
24.734978,46.698631
24.734978,46.698631
24.734978,46.698631
24.735018,46.698673
24.735018,46.698673
24.735018,46.698673
24.735018,46.698673
24.735018,46.698673
24.735018,46.698673
24.735041,46.698723
24.735041,46.698723
24.735041,46.698723
24.735041,46.698723
24.735041,46.698723
24.735041,46.698723
24.735054,46.698784
24.735054,46.698784
24.735054,46.698784
24.735054,46.698784
24.735054,46.698784
24.735054,46.698784
24.735054,46.698784
24.735052,46.698845
24.735052,46.698845
24.735052,46.698845
24.735052,46.698845
24.735052,46.698845
24.735052,46.698845
24.735035,46.698906
24.735035,46.698906
24.735035,46.698906
24.735035,46.698906
24.735035,46.698906
24.735035,46.698906
24.735006,46.698963
24.735006,46.698963
24.735006,46.698963
24.735006,46.698963
24.735006,46.698963
24.735006,46.698963
24.735006,46.698963
24.734982,46.699020
24.734982,46.699020
24.734982,46.699020
24.734982,46.699020
24.734982,46.699020
24.734982,46.699020
24.734974,46.699081
24.734974,46.699081
24.734974,46.699081
24.734974,46.699081
24.734974,46.699081
24.734974,46.699081
24.734983,46.699139
24.734983,46.699139
24.734983,46.699139
24.734983,46.699139
24.734983,46.699139
24.734983,46.699139
24.734989,46.699200
24.734989,46.699200
24.734989,46.699200
24.734989,46.699200
24.734989,46.699200
24.734989,46.699200
24.734989,46.699200
24.734987,46.699261
24.734987,46.699261
24.734987,46.699261
24.734987,46.699261
24.734987,46.699261
24.734987,46.699261
24.734985,46.699314
24.734985,46.699314
24.734985,46.699314
24.734985,46.699314
24.734985,46.699314
24.734985,46.699314
24.734985,46.699368
24.734985,46.699368
24.734985,46.699368
24.734985,46.699368
24.734985,46.699368
24.734985,46.699368
24.734985,46.699368
24.734980,46.699398
24.734980,46.699398
24.734980,46.699398
24.734980,46.699398
24.734980,46.699398
24.734980,46.699398
24.734964,46.699417
24.734964,46.699417
24.734964,46.699417
24.734964,46.699417
24.734964,46.699417
24.734964,46.699417
24.734905,46.699432
24.734905,46.699432
24.734905,46.699432
24.734905,46.699432
24.734905,46.699432
24.734905,46.699432
24.734905,46.699432
24.734844,46.699451
24.734844,46.699451
24.734844,46.699451
24.734844,46.699451
24.734844,46.699451
24.734844,46.699451
24.734793,46.699478
24.734793,46.699478
24.734793,46.699478
24.734793,46.699478
24.734793,46.699478
24.734793,46.699478
24.734728,46.699497
24.734728,46.699497
24.734728,46.699497
24.734728,46.699497
24.734728,46.699497
24.734728,46.699497
24.734728,46.699497
24.734665,46.699520
24.734665,46.699520
24.734665,46.699520
24.734665,46.699520
24.734665,46.699520
24.734665,46.699520
24.734604,46.699543
24.734604,46.699543
24.734604,46.699543
24.734604,46.699543
24.734604,46.699543
24.734604,46.699543
24.734539,46.699554
24.734539,46.699554
24.734539,46.699554
24.734539,46.699554
24.734539,46.699554
24.734539,46.699554
24.734539,46.699554
24.734478,46.699558
24.734478,46.699558
24.734478,46.699558
24.734478,46.699558
24.734478,46.699558
24.734478,46.699558
24.734419,46.699554
24.734419,46.699554
24.734419,46.699554
24.734419,46.699554
24.734419,46.699554
24.734419,46.699554
24.734364,46.699547
24.734364,46.699547
24.734364,46.699547
24.734364,46.699547
24.734364,46.699547
24.734364,46.699547
24.734364,46.699547
24.734316,46.699535
24.734316,46.699535
24.734316,46.699535
24.734316,46.699535
24.734316,46.699535
24.734316,46.699535
24.734276,46.699512
24.734276,46.699512
24.734276,46.699512
24.734276,46.699512
24.734276,46.699512
24.734276,46.699512
24.734240,46.699482
24.734240,46.699482
24.734240,46.699482
24.734240,46.699482
24.734240,46.699482
24.734240,46.699482
24.734240,46.699482
24.734213,46.699436
24.734213,46.699436
24.734278,46.699120
24.734278,46.699120
24.734278,46.699120
24.734278,46.699120
24.734278,46.699120
24.734278,46.699120
24.734318,46.699097
24.734318,46.699097
24.734318,46.699097
24.734318,46.699097
24.734318,46.699097
24.734318,46.699097
24.734318,46.699097
24.734354,46.699070
24.734354,46.699070
24.734354,46.699070
24.734354,46.699070
24.734354,46.699070
24.734354,46.699070
24.734381,46.699036
24.734381,46.699036
24.734381,46.699036
24.734381,46.699036
24.734381,46.699036
24.734381,46.699036
24.734402,46.698997
24.734402,46.698997
24.734402,46.698997
24.734402,46.698997
24.734402,46.698997
24.734402,46.698997
24.734402,46.698997
24.734417,46.698956
24.734417,46.698956
24.734417,46.698956
24.734417,46.698956
24.734417,46.698956
24.734417,46.698956
24.734428,46.698910
24.734428,46.698910
24.734428,46.698910
24.734428,46.698910
24.734428,46.698910
24.734428,46.698910
24.734440,46.698864
24.734440,46.698864
24.734440,46.698864
24.734440,46.698864
24.734440,46.698864
24.734440,46.698864
24.734440,46.698864
24.734457,46.698814
24.734457,46.698814
24.734457,46.698814
24.734457,46.698814
24.734457,46.698814
24.734457,46.698814
24.734476,46.698761
24.734476,46.698761
24.734476,46.698761
24.734476,46.698761
24.734476,46.698761
24.734476,46.698761
24.734510,46.698711
24.734510,46.698711
24.734510,46.698711
24.734510,46.698711
24.734510,46.698711
24.734510,46.698711
24.734510,46.698711
24.734550,46.698673
24.734550,46.698673
24.734550,46.698673
24.734550,46.698673
24.734550,46.698673
24.734550,46.698673
24.734600,46.698639
24.734600,46.698639
24.734600,46.698639
24.734600,46.698639
24.734600,46.698639
24.734600,46.698639
24.734653,46.698612
24.734653,46.698612
24.734653,46.698612
24.734653,46.698612
24.734653,46.698612
24.734653,46.698612
24.734653,46.698612
24.734711,46.698597
24.734711,46.698597
24.734711,46.698597
24.734711,46.698597
24.734711,46.698597
24.734711,46.698597
24.734770,46.698586
24.734770,46.698586
24.734770,46.698586
24.734770,46.698586
24.734770,46.698586
24.734770,46.698586
24.734829,46.698582
24.734829,46.698582
24.734829,46.698582
24.734829,46.698582
24.734829,46.698582
24.734829,46.698582
24.734888,46.698586
24.734888,46.698586
24.734888,46.698586
24.734888,46.698586
24.734888,46.698586
24.734888,46.698586
24.734888,46.698586
24.734943,46.698605
24.734943,46.698605
24.734943,46.698605
24.734943,46.698605
24.734943,46.698605
24.734943,46.698605
24.734987,46.698635
24.734987,46.698635
24.734987,46.698635
24.734987,46.698635
24.734987,46.698635
24.734987,46.698635
24.735023,46.698677
24.735023,46.698677
24.735023,46.698677
24.735023,46.698677
24.735023,46.698677
24.735023,46.698677
24.735023,46.698677
24.735046,46.698723
24.735046,46.698723
24.735046,46.698723
24.735046,46.698723
24.735046,46.698723
24.735046,46.698723
24.735060,46.698776
24.735060,46.698776
24.735060,46.698776
24.735060,46.698776
24.735060,46.698776
24.735060,46.698776
24.735062,46.698830
24.735062,46.698830
24.735062,46.698830
24.735062,46.698830
24.735062,46.698830
24.735062,46.698830
24.735062,46.698830
24.735052,46.698887
24.735052,46.698887
24.735052,46.698887
24.735052,46.698887
24.735052,46.698887
24.735052,46.698887
24.735031,46.698936
24.735031,46.698936
24.735031,46.698936
24.735031,46.698936
24.735031,46.698936
24.735031,46.698936
24.735008,46.698990
24.735008,46.698990
24.735008,46.698990
24.735008,46.698990
24.735008,46.698990
24.735008,46.698990
24.735008,46.698990
24.734989,46.699043
24.734989,46.699043
24.734989,46.699043
24.734989,46.699043
24.734989,46.699043
24.734989,46.699043
24.734987,46.699100
24.734987,46.699100
24.734987,46.699100
24.734987,46.699100
24.734987,46.699100
24.734987,46.699100
24.734997,46.699154
24.734997,46.699154
24.734997,46.699154
24.734997,46.699154
24.734997,46.699154
24.734997,46.699154
24.734997,46.699154
24.735004,46.699211
24.735004,46.699211
24.735004,46.699211
24.735004,46.699211
24.735004,46.699211
24.735004,46.699211
24.735001,46.699265
24.735001,46.699265
24.735001,46.699265
24.735001,46.699265
24.735001,46.699265
24.735001,46.699265
24.734995,46.699322
24.734995,46.699322
24.734995,46.699322
24.734995,46.699322
24.734995,46.699322
24.734995,46.699322
24.734978,46.699379
24.734978,46.699379
24.734978,46.699379
24.734978,46.699379
24.734978,46.699379
24.734978,46.699379
24.734978,46.699379
24.734974,46.699429
24.734974,46.699429
24.734974,46.699429
24.734974,46.699429
24.734974,46.699429
24.734974,46.699429
24.734955,46.699474
24.734955,46.699474
24.734955,46.699474
24.734955,46.699474
24.734955,46.699474
24.734955,46.699474
24.734930,46.699520
24.734930,46.699520
24.734930,46.699520
24.734930,46.699520
24.734930,46.699520
24.734930,46.699520
24.734930,46.699520
24.734886,46.699520
24.734886,46.699520
24.734886,46.699520
24.734886,46.699520
24.734886,46.699520
24.734886,46.699520
24.734833,46.699528
24.734833,46.699528
24.734833,46.699528
24.734833,46.699528
24.734833,46.699528
24.734833,46.699528
24.734768,46.699532
24.734768,46.699532
24.734768,46.699532
24.734768,46.699532
24.734768,46.699532
24.734768,46.699532
24.734768,46.699532
24.734705,46.699551
24.734705,46.699551
24.734705,46.699551
24.734705,46.699551
24.734705,46.699551
24.734705,46.699551
24.734648,46.699570
24.734648,46.699570
24.734648,46.699570
24.734648,46.699570
24.734648,46.699570
24.734648,46.699570
24.734591,46.699585
24.734591,46.699585
24.734591,46.699585
24.734591,46.699585
24.734591,46.699585
24.734591,46.699585
24.734591,46.699585
24.734526,46.699596
24.734526,46.699596
24.734526,46.699596
24.734526,46.699596
24.734526,46.699596
24.734526,46.699596
24.734463,46.699593
24.734463,46.699593
24.734463,46.699593
24.734463,46.699593
24.734463,46.699593
24.734463,46.699593
24.734406,46.699589
24.734406,46.699589
24.734406,46.699589
24.734406,46.699589
24.734406,46.699589
24.734406,46.699589
24.734406,46.699589
24.734352,46.699581
24.734352,46.699581
24.734352,46.699581
24.734352,46.699581
24.734352,46.699581
24.734352,46.699581
24.734308,46.699566
24.734308,46.699566
24.734308,46.699566
24.734308,46.699566
24.734308,46.699566
24.734308,46.699566
24.734268,46.699543
24.734268,46.699543
24.734268,46.699543
24.734268,46.699543
24.734268,46.699543
24.734268,46.699543
24.734232,46.699509
24.734232,46.699509
24.734232,46.699509
24.734232,46.699509
24.734232,46.699509
24.734232,46.699509
24.734232,46.699509
24.734205,46.699467
24.734205,46.699467
24.734205,46.699467
24.734205,46.699467
24.734205,46.699467
24.734205,46.699467
24.734192,46.699417
24.734192,46.699417
24.734192,46.699417
24.734192,46.699417
24.734192,46.699417
24.734241,46.699181
24.734241,46.699181
24.734241,46.699181
24.734241,46.699181
24.734241,46.699181
24.734241,46.699181
24.734276,46.699150
24.734276,46.699150
24.734276,46.699150
24.734276,46.699150
24.734276,46.699150
24.734276,46.699150
24.734316,46.699127
24.734316,46.699127
24.734316,46.699127
24.734316,46.699127
24.734316,46.699127
24.734316,46.699127
24.734316,46.699127
24.734356,46.699108
24.734356,46.699108
24.734356,46.699108
24.734356,46.699108
24.734356,46.699108
24.734356,46.699108
24.734390,46.699081
24.734390,46.699081
24.734390,46.699081
24.734390,46.699081
24.734390,46.699081
24.734390,46.699081
24.734415,46.699051
24.734415,46.699051
24.734415,46.699051
24.734415,46.699051
24.734415,46.699051
24.734415,46.699051
24.734415,46.699051
24.734432,46.699009
24.734432,46.699009
24.734432,46.699009
24.734432,46.699009
24.734432,46.699009
24.734432,46.699009
24.734438,46.698963
24.734438,46.698963
24.734438,46.698963
24.734438,46.698963
24.734438,46.698963
24.734438,46.698963
24.734444,46.698910
24.734444,46.698910
24.734444,46.698910
24.734444,46.698910
24.734444,46.698910
24.734444,46.698910
24.734444,46.698910
24.734453,46.698860
24.734453,46.698860
24.734453,46.698860
24.734453,46.698860
24.734453,46.698860
24.734453,46.698860
24.734472,46.698807
24.734472,46.698807
24.734472,46.698807
24.734472,46.698807
24.734472,46.698807
24.734472,46.698807
24.734497,46.698753
24.734497,46.698753
24.734497,46.698753
24.734497,46.698753
24.734497,46.698753
24.734497,46.698753
24.734541,46.698708
24.734541,46.698708
24.734541,46.698708
24.734541,46.698708
24.734541,46.698708
24.734541,46.698708
24.734541,46.698708
24.734592,46.698666
24.734592,46.698666
24.734592,46.698666
24.734592,46.698666
24.734592,46.698666
24.734592,46.698666
24.734650,46.698635
24.734650,46.698635
24.734650,46.698635
24.734650,46.698635
24.734650,46.698635
24.734650,46.698635
24.734711,46.698608
24.734711,46.698608
24.734711,46.698608
24.734711,46.698608
24.734711,46.698608
24.734711,46.698608
24.734711,46.698608
24.734776,46.698593
24.734776,46.698593
24.734776,46.698593
24.734776,46.698593
24.734776,46.698593
24.734776,46.698593
24.734840,46.698593
24.734840,46.698593
24.734840,46.698593
24.734840,46.698593
24.734840,46.698593
24.734840,46.698593
24.734903,46.698605
24.734903,46.698605
24.734903,46.698605
24.734903,46.698605
24.734903,46.698605
24.734903,46.698605
24.734903,46.698605
24.734961,46.698635
24.734961,46.698635
24.734961,46.698635
24.734961,46.698635
24.734961,46.698635
24.734961,46.698635
24.735004,46.698677
24.735004,46.698677
24.735004,46.698677
24.735004,46.698677
24.735004,46.698677
24.735004,46.698677
24.735039,46.698727
24.735039,46.698727
24.735039,46.698727
24.735039,46.698727
24.735039,46.698727
24.735039,46.698727
24.735039,46.698727
24.735060,46.698788
24.735060,46.698788
24.735060,46.698788
24.735060,46.698788
24.735060,46.698788
24.735060,46.698788
24.735064,46.698845
24.735064,46.698845
24.735064,46.698845
24.735064,46.698845
24.735064,46.698845
24.735064,46.698845
24.735052,46.698902
24.735052,46.698902
24.735052,46.698902
24.735052,46.698902
24.735052,46.698902
24.735052,46.698902
24.735052,46.698902
24.735029,46.698952
24.735029,46.698952
24.735029,46.698952
24.735029,46.698952
24.735029,46.698952
24.735029,46.698952
24.735004,46.699001
24.735004,46.699001
24.735004,46.699001
24.735004,46.699001
24.735004,46.699001
24.735004,46.699001
24.734991,46.699051
24.734991,46.699051
24.734991,46.699051
24.734991,46.699051
24.734991,46.699051
24.734991,46.699051
24.734989,46.699104
24.734989,46.699104
24.734989,46.699104
24.734989,46.699104
24.734989,46.699104
24.734989,46.699104
24.734989,46.699104
24.734995,46.699150
24.734995,46.699150
24.734995,46.699150
24.734995,46.699150
24.734995,46.699150
24.734995,46.699150
24.734999,46.699196
24.734999,46.699196
24.734999,46.699196
24.734999,46.699196
24.734999,46.699196
24.734999,46.699196
24.734997,46.699245
24.734997,46.699245
24.734997,46.699245
24.734997,46.699245
24.734997,46.699245
24.734997,46.699245
24.734997,46.699245
24.734991,46.699284
24.734991,46.699284
24.734991,46.699284
24.734991,46.699284
24.734991,46.699284
24.734991,46.699284
24.734961,46.699306
24.734961,46.699306
24.734961,46.699306
24.734961,46.699306
24.734961,46.699306
24.734961,46.699306
24.734940,46.699322
24.734940,46.699322
24.734940,46.699322
24.734940,46.699322
24.734940,46.699322
24.734940,46.699322
24.734940,46.699322
24.734926,46.699337
24.734926,46.699337
24.734926,46.699337
24.734926,46.699337
24.734926,46.699337
24.734926,46.699337
24.734928,46.699352
24.734928,46.699352
24.734928,46.699352
24.734928,46.699352
24.734928,46.699352
24.734928,46.699352
24.734848,46.699360
24.734848,46.699360
24.734848,46.699360
24.734848,46.699360
24.734848,46.699360
24.734848,46.699360
24.734848,46.699360
24.734795,46.699379
24.734795,46.699379
24.734795,46.699379
24.734795,46.699379
24.734795,46.699379
24.734795,46.699379
24.734745,46.699406
24.734745,46.699406
24.734745,46.699406
24.734745,46.699406
24.734745,46.699406
24.734745,46.699406
24.734694,46.699436
24.734694,46.699436
24.734694,46.699436
24.734694,46.699436
24.734694,46.699436
24.734694,46.699436
24.734694,46.699436
24.734644,46.699471
24.734644,46.699471
24.734644,46.699471
24.734644,46.699471
24.734644,46.699471
24.734644,46.699471
24.734589,46.699497
24.734589,46.699497
24.734589,46.699497
24.734589,46.699497
24.734589,46.699497
24.734589,46.699497
24.734529,46.699516
24.734529,46.699516
24.734529,46.699516
24.734529,46.699516
24.734529,46.699516
24.734529,46.699516
24.734467,46.699532
24.734467,46.699532
24.734467,46.699532
24.734467,46.699532
24.734467,46.699532
24.734467,46.699532
24.734467,46.699532
24.734406,46.699528
24.734406,46.699528
24.734406,46.699528
24.734406,46.699528
24.734406,46.699528
24.734406,46.699528
24.734348,46.699524
24.734348,46.699524
24.734348,46.699524
24.734348,46.699524
24.734348,46.699524
24.734348,46.699524
24.734211,46.699451
24.734196,46.699203
24.734196,46.699203
24.734196,46.699203
24.734196,46.699203
24.734196,46.699203
24.734196,46.699203
24.734221,46.699158
24.734221,46.699158
24.734221,46.699158
24.734221,46.699158
24.734221,46.699158
24.734221,46.699158
24.734255,46.699127
24.734255,46.699127
24.734255,46.699127
24.734255,46.699127
24.734255,46.699127
24.734255,46.699127
24.734293,46.699100
24.734293,46.699100
24.734293,46.699100
24.734293,46.699100
24.734293,46.699100
24.734293,46.699100
24.734293,46.699100
24.734329,46.699078
24.734329,46.699078
24.734329,46.699078
24.734329,46.699078
24.734329,46.699078
24.734329,46.699078
24.734360,46.699047
24.734360,46.699047
24.734360,46.699047
24.734360,46.699047
24.734360,46.699047
24.734360,46.699047
24.734381,46.699013
24.734381,46.699013
24.734381,46.699013
24.734381,46.699013
24.734381,46.699013
24.734381,46.699013
24.734381,46.699013
24.734396,46.698971
24.734396,46.698971
24.734396,46.698971
24.734396,46.698971
24.734396,46.698971
24.734396,46.698971
24.734409,46.698933
24.734409,46.698933
24.734409,46.698933
24.734409,46.698933
24.734409,46.698933
24.734409,46.698933
24.734423,46.698887
24.734423,46.698887
24.734423,46.698887
24.734423,46.698887
24.734423,46.698887
24.734423,46.698887
24.734440,46.698841
24.734440,46.698841
24.734440,46.698841
24.734440,46.698841
24.734440,46.698841
24.734440,46.698841
24.734440,46.698841
24.734459,46.698792
24.734459,46.698792
24.734459,46.698792
24.734459,46.698792
24.734459,46.698792
24.734459,46.698792
24.734489,46.698742
24.734489,46.698742
24.734489,46.698742
24.734489,46.698742
24.734489,46.698742
24.734489,46.698742
24.734531,46.698696
24.734531,46.698696
24.734531,46.698696
24.734531,46.698696
24.734531,46.698696
24.734531,46.698696
24.734531,46.698696
24.734579,46.698654
24.734579,46.698654
24.734579,46.698654
24.734579,46.698654
24.734579,46.698654
24.734579,46.698654
24.734636,46.698620
24.734636,46.698620
24.734636,46.698620
24.734636,46.698620
24.734636,46.698620
24.734636,46.698620
24.734697,46.698593
24.734697,46.698593
24.734697,46.698593
24.734697,46.698593
24.734697,46.698593
24.734697,46.698593
24.734697,46.698593
24.734762,46.698574
24.734762,46.698574
24.734762,46.698574
24.734762,46.698574
24.734762,46.698574
24.734762,46.698574
24.734829,46.698566
24.734829,46.698566
24.734829,46.698566
24.734829,46.698566
24.734829,46.698566
24.734829,46.698566
24.734892,46.698578
24.734892,46.698578
24.734892,46.698578
24.734892,46.698578
24.734892,46.698578
24.734892,46.698578
24.734892,46.698578
24.734949,46.698601
24.734949,46.698601
24.734949,46.698601
24.734949,46.698601
24.734949,46.698601
24.734949,46.698601
24.734997,46.698643
24.734997,46.698643
24.734997,46.698643
24.734997,46.698643
24.734997,46.698643
24.734997,46.698643
24.735029,46.698696
24.735029,46.698696
24.735029,46.698696
24.735029,46.698696
24.735029,46.698696
24.735029,46.698696
24.735029,46.698696
24.735048,46.698753
24.735048,46.698753
24.735048,46.698753
24.735048,46.698753
24.735048,46.698753
24.735048,46.698753
24.735056,46.698811
24.735056,46.698811
24.735056,46.698811
24.735056,46.698811
24.735056,46.698811
24.735056,46.698811
24.735054,46.698868
24.735054,46.698868
24.735054,46.698868
24.735054,46.698868
24.735054,46.698868
24.735054,46.698868
24.735039,46.698925
24.735039,46.698925
24.735039,46.698925
24.735039,46.698925
24.735039,46.698925
24.735039,46.698925
24.735039,46.698925
24.735016,46.698975
24.735016,46.698975
24.735016,46.698975
24.735016,46.698975
24.735016,46.698975
24.735016,46.698975
24.734997,46.699024
24.734997,46.699024
24.734997,46.699024
24.734997,46.699024
24.734997,46.699024
24.734997,46.699024
24.734989,46.699074
24.734989,46.699074
24.734989,46.699074
24.734989,46.699074
24.734989,46.699074
24.734989,46.699074
24.734989,46.699074
24.734989,46.699120
24.734989,46.699120
24.734989,46.699120
24.734989,46.699120
24.734989,46.699120
24.734989,46.699120
24.734995,46.699169
24.734995,46.699169
24.734995,46.699169
24.734995,46.699169
24.734995,46.699169
24.734995,46.699169
24.735001,46.699215
24.735001,46.699215
24.735001,46.699215
24.735001,46.699215
24.735001,46.699215
24.735001,46.699215
24.735001,46.699215
24.734991,46.699249
24.734991,46.699249
24.734991,46.699249
24.734991,46.699249
24.734991,46.699249
24.734991,46.699249
24.734974,46.699276
24.734974,46.699276
24.734974,46.699276
24.734974,46.699276
24.734974,46.699276
24.734974,46.699276
24.734957,46.699291
24.734957,46.699291
24.734957,46.699291
24.734957,46.699291
24.734957,46.699291
24.734957,46.699291
24.734949,46.699295
24.734949,46.699295
24.734949,46.699295
24.734949,46.699295
24.734949,46.699295
24.734949,46.699295
24.734949,46.699295
24.734938,46.699295
24.734938,46.699295
24.734938,46.699295
24.734938,46.699295
24.734938,46.699295
24.734938,46.699295
24.734913,46.699272
24.734913,46.699272
24.734913,46.699272
24.734913,46.699272
24.734913,46.699272
latitude,longitude
24.735897,46.702587
24.735897,46.702587
24.735897,46.702587
24.735897,46.702587
24.735897,46.702587
24.735897,46.702587
24.735872,46.702602
24.735872,46.702602
24.735872,46.702602
24.735872,46.702602
24.735872,46.702602
24.735872,46.702602
24.735846,46.702618
24.735846,46.702618
24.735846,46.702618
24.735846,46.702618
24.735846,46.702618
24.735846,46.702618
24.735819,46.702633
24.735819,46.702633
24.735819,46.702633
24.735819,46.702633
24.735819,46.702633
24.735819,46.702633
24.735819,46.702633
24.735794,46.702648
24.735794,46.702648
24.735794,46.702648
24.735794,46.702648
24.735794,46.702648
24.735794,46.702648
24.735767,46.702663
24.735767,46.702663
24.735767,46.702663
24.735767,46.702663
24.735767,46.702663
24.735767,46.702663
24.735739,46.702675
24.735739,46.702675
24.735739,46.702675
24.735739,46.702675
24.735739,46.702675
24.735739,46.702675
24.735739,46.702675
24.735710,46.702682
24.735710,46.702682
24.735710,46.702682
24.735710,46.702682
24.735710,46.702682
24.735710,46.702682
24.735683,46.702682
24.735683,46.702682
24.735683,46.702682
24.735683,46.702682
24.735683,46.702682
24.735683,46.702682
24.735661,46.702671
24.735661,46.702671
24.735661,46.702671
24.735661,46.702671
24.735661,46.702671
24.735661,46.702671
24.735661,46.702671
24.735643,46.702652
24.735643,46.702652
24.735643,46.702652
24.735643,46.702652
24.735643,46.702652
24.735643,46.702652
24.735630,46.702629
24.735630,46.702629
24.735630,46.702629
24.735630,46.702629
24.735630,46.702629
24.735630,46.702629
24.735619,46.702606
24.735619,46.702606
24.735619,46.702606
24.735619,46.702606
24.735619,46.702606
24.735619,46.702606
24.735619,46.702606
24.735607,46.702576
24.735607,46.702576
24.735607,46.702576
24.735607,46.702576
24.735607,46.702576
24.735607,46.702576
24.735596,46.702549
24.735596,46.702549
24.735596,46.702549
24.735596,46.702549
24.735596,46.702549
24.735596,46.702549
24.735582,46.702518
24.735582,46.702518
24.735582,46.702518
24.735582,46.702518
24.735582,46.702518
24.735582,46.702518
24.735582,46.702518
24.735565,46.702484
24.735565,46.702484
24.735565,46.702484
24.735565,46.702484
24.735565,46.702484
24.735565,46.702484
24.735550,46.702450
24.735550,46.702450
24.735550,46.702450
24.735550,46.702450
24.735550,46.702450
24.735550,46.702450
24.735533,46.702412
24.735533,46.702412
24.735533,46.702412
24.735533,46.702412
24.735533,46.702412
24.735533,46.702412
24.735533,46.702412
24.735516,46.702374
24.735516,46.702374
24.735516,46.702374
24.735516,46.702374
24.735516,46.702374
24.735516,46.702374
24.735497,46.702335
24.735497,46.702335
24.735497,46.702335
24.735497,46.702335
24.735497,46.702335
24.735497,46.702335
24.735477,46.702290
24.735477,46.702290
24.735477,46.702290
24.735477,46.702290
24.735477,46.702290
24.735477,46.702290
24.735477,46.702290
24.735458,46.702240
24.735458,46.702240
24.735458,46.702240
24.735458,46.702240
24.735458,46.702240
24.735458,46.702240
24.735439,46.702194
24.735439,46.702194
24.735439,46.702194
24.735439,46.702194
24.735439,46.702194
24.735439,46.702194
24.735416,46.702145
24.735416,46.702145
24.735416,46.702145
24.735416,46.702145
24.735416,46.702145
24.735416,46.702145
24.735416,46.702145
24.735394,46.702095
24.735394,46.702095
24.735394,46.702095
24.735394,46.702095
24.735394,46.702095
24.735394,46.702095
24.735365,46.702045
24.735365,46.702045
24.735365,46.702045
24.735365,46.702045
24.735365,46.702045
24.735365,46.702045
24.735340,46.701992
24.735340,46.701992
24.735340,46.701992
24.735340,46.701992
24.735340,46.701992
24.735340,46.701992
24.735340,46.701992
24.735323,46.701935
24.735323,46.701935
24.735323,46.701935
24.735323,46.701935
24.735323,46.701935
24.735323,46.701935
24.735317,46.701874
24.735317,46.701874
24.735317,46.701874
24.735317,46.701874
24.735317,46.701874
24.735317,46.701874
24.735329,46.701820
24.735329,46.701820
24.735329,46.701820
24.735329,46.701820
24.735329,46.701820
24.735329,46.701820
24.735329,46.701820
24.735355,46.701771
24.735355,46.701771
24.735355,46.701771
24.735355,46.701771
24.735355,46.701771
24.735355,46.701771
24.735397,46.701733
24.735397,46.701733
24.735397,46.701733
24.735397,46.701733
24.735397,46.701733
24.735397,46.701733
24.735449,46.701702
24.735449,46.701702
24.735449,46.701702
24.735449,46.701702
24.735449,46.701702
24.735449,46.701702
24.735449,46.701702
24.735500,46.701679
24.735500,46.701679
24.735500,46.701679
24.735500,46.701679
24.735500,46.701679
24.735500,46.701679
24.735552,46.701653
24.735552,46.701653
24.735552,46.701653
24.735552,46.701653
24.735552,46.701653
24.735552,46.701653
24.735552,46.701653
24.735607,46.701622
24.735607,46.701622
24.735607,46.701622
24.735607,46.701622
24.735607,46.701622
24.735607,46.701622
24.735662,46.701591
24.735662,46.701591
24.735662,46.701591
24.735662,46.701591
24.735662,46.701591
24.735662,46.701591
24.735718,46.701557
24.735718,46.701557
24.735718,46.701557
24.735718,46.701557
24.735718,46.701557
24.735718,46.701557
24.735718,46.701557
24.735775,46.701530
24.735775,46.701530
24.735775,46.701530
24.735775,46.701530
24.735775,46.701530
24.735775,46.701530
24.735838,46.701508
24.735838,46.701508
24.735838,46.701508
24.735838,46.701508
24.735838,46.701508
24.735838,46.701508
24.735901,46.701492
24.735901,46.701492
24.735901,46.701492
24.735901,46.701492
24.735901,46.701492
24.735901,46.701492
24.735901,46.701492
24.735960,46.701500
24.735960,46.701500
24.735960,46.701500
24.735960,46.701500
24.735960,46.701500
24.735960,46.701500
24.736013,46.701530
24.736013,46.701530
24.736013,46.701530
24.736013,46.701530
24.736013,46.701530
24.736013,46.701530
24.736052,46.701580
24.736052,46.701580
24.736052,46.701580
24.736052,46.701580
24.736052,46.701580
24.736052,46.701580
24.736052,46.701580
24.736074,46.701633
24.736074,46.701633
24.736074,46.701633
24.736074,46.701633
24.736074,46.701633
24.736074,46.701633
24.736094,46.701691
24.736094,46.701691
24.736094,46.701691
24.736094,46.701691
24.736094,46.701691
24.736094,46.701691
24.736113,46.701752
24.736113,46.701752
24.736113,46.701752
24.736113,46.701752
24.736113,46.701752
24.736113,46.701752
24.736113,46.701752
24.736135,46.701805
24.736135,46.701805
24.736135,46.701805
24.736135,46.701805
24.736135,46.701805
24.736135,46.701805
24.736158,46.701862
24.736158,46.701862
24.736158,46.701862
24.736158,46.701862
24.736158,46.701862
24.736158,46.701862
24.736181,46.701920
24.736181,46.701920
24.736181,46.701920
24.736181,46.701920
24.736181,46.701920
24.736181,46.701920
24.736181,46.701920
24.736204,46.701977
24.736204,46.701977
24.736204,46.701977
24.736204,46.701977
24.736204,46.701977
24.736204,46.701977
24.736227,46.702034
24.736227,46.702034
24.736227,46.702034
24.736227,46.702034
24.736227,46.702034
24.736227,46.702034
24.736250,46.702091
24.736250,46.702091
24.736250,46.702091
24.736250,46.702091
24.736250,46.702091
24.736250,46.702091
24.736250,46.702091
24.736275,46.702148
24.736275,46.702148
24.736275,46.702148
24.736275,46.702148
24.736275,46.702148
24.736275,46.702148
24.736305,46.702206
24.736305,46.702206
24.736305,46.702206
24.736305,46.702206
24.736305,46.702206
24.736305,46.702206
24.736324,46.702267
24.736324,46.702267
24.736324,46.702267
24.736324,46.702267
24.736324,46.702267
24.736324,46.702267
24.736324,46.702267
24.736326,46.702324
24.736326,46.702324
24.736326,46.702324
24.736326,46.702324
24.736326,46.702324
24.736326,46.702324
24.736313,46.702374
24.736313,46.702374
24.736313,46.702374
24.736313,46.702374
24.736313,46.702374
24.736313,46.702374
24.736280,46.702412
24.736280,46.702412
24.736280,46.702412
24.736280,46.702412
24.736280,46.702412
24.736280,46.702412
24.736280,46.702412
24.736242,46.702435
24.736242,46.702435
24.736242,46.702435
24.736242,46.702435
24.736242,46.702435
24.736242,46.702435
24.736198,46.702461
24.736198,46.702461
24.736198,46.702461
24.736198,46.702461
24.736198,46.702461
24.736198,46.702461
24.736155,46.702484
24.736155,46.702484
24.736155,46.702484
24.736155,46.702484
24.736155,46.702484
24.736155,46.702484
24.736155,46.702484
24.736109,46.702511
24.736109,46.702511
24.736109,46.702511
24.736109,46.702511
24.736109,46.702511
24.736109,46.702511
24.736063,46.702534
24.736063,46.702534
24.736063,46.702534
24.736063,46.702534
24.736063,46.702534
24.736063,46.702534
24.736017,46.702557
24.736017,46.702557
24.736017,46.702557
24.736017,46.702557
24.736017,46.702557
24.736017,46.702557
24.736017,46.702557
24.735970,46.702583
24.735970,46.702583
24.735970,46.702583
24.735970,46.702583
24.735970,46.702583
24.735970,46.702583
24.735920,46.702606
24.735920,46.702606
24.735920,46.702606
24.735920,46.702606
24.735920,46.702606
24.735920,46.702606
24.735870,46.702633
24.735870,46.702633
24.735870,46.702633
24.735870,46.702633
24.735870,46.702633
24.735870,46.702633
24.735870,46.702633
24.735823,46.702663
24.735823,46.702663
24.735823,46.702663
24.735823,46.702663
24.735823,46.702663
24.735823,46.702663
24.735775,46.702690
24.735775,46.702690
24.735775,46.702690
24.735775,46.702690
24.735775,46.702690
24.735775,46.702690
24.735725,46.702702
24.735725,46.702702
24.735725,46.702702
24.735725,46.702702
24.735725,46.702702
24.735725,46.702702
24.735725,46.702702
24.735680,46.702698
24.735680,46.702698
24.735680,46.702698
24.735680,46.702698
24.735680,46.702698
24.735680,46.702698
24.735638,46.702675
24.735638,46.702675
24.735638,46.702675
24.735638,46.702675
24.735638,46.702675
24.735638,46.702675
24.735638,46.702675
24.735609,46.702637
24.735609,46.702637
24.735609,46.702637
24.735609,46.702637
24.735609,46.702637
24.735609,46.702637
24.735590,46.702595
24.735590,46.702595
24.735590,46.702595
24.735590,46.702595
24.735590,46.702595
24.735590,46.702595
24.735571,46.702549
24.735571,46.702549
24.735571,46.702549
24.735571,46.702549
24.735571,46.702549
24.735571,46.702549
24.735571,46.702549
24.735550,46.702507
24.735550,46.702507
24.735550,46.702507
24.735550,46.702507
24.735550,46.702507
24.735550,46.702507
24.735527,46.702461
24.735527,46.702461
24.735527,46.702461
24.735527,46.702461
24.735527,46.702461
24.735527,46.702461
24.735504,46.702415
24.735504,46.702415
24.735504,46.702415
24.735504,46.702415
24.735504,46.702415
24.735504,46.702415
24.735504,46.702415
24.735481,46.702362
24.735481,46.702362
24.735481,46.702362
24.735481,46.702362
24.735481,46.702362
24.735481,46.702362
24.735460,46.702309
24.735460,46.702309
24.735460,46.702309
24.735460,46.702309
24.735460,46.702309
24.735460,46.702309
24.735437,46.702255
24.735437,46.702255
24.735437,46.702255
24.735437,46.702255
24.735437,46.702255
24.735437,46.702255
24.735437,46.702255
24.735415,46.702198
24.735415,46.702198
24.735415,46.702198
24.735415,46.702198
24.735415,46.702198
24.735415,46.702198
24.735388,46.702141
24.735388,46.702141
24.735388,46.702141
24.735388,46.702141
24.735388,46.702141
24.735388,46.702141
24.735361,46.702080
24.735361,46.702080
24.735361,46.702080
24.735361,46.702080
24.735361,46.702080
24.735361,46.702080
24.735361,46.702080
24.735334,46.702019
24.735334,46.702019
24.735334,46.702019
24.735334,46.702019
24.735334,46.702019
24.735334,46.702019
24.735312,46.701954
24.735312,46.701954
24.735312,46.701954
24.735312,46.701954
24.735312,46.701954
24.735312,46.701954
24.735304,46.701889
24.735304,46.701889
24.735304,46.701889
24.735304,46.701889
24.735304,46.701889
24.735304,46.701889
24.735304,46.701889
24.735317,46.701824
24.735317,46.701824
24.735317,46.701824
24.735317,46.701824
24.735317,46.701824
24.735317,46.701824
24.735350,46.701771
24.735350,46.701771
24.735350,46.701771
24.735350,46.701771
24.735350,46.701771
24.735350,46.701771
24.735399,46.701729
24.735399,46.701729
24.735399,46.701729
24.735399,46.701729
24.735399,46.701729
24.735399,46.701729
24.735399,46.701729
24.735453,46.701698
24.735453,46.701698
24.735453,46.701698
24.735453,46.701698
24.735453,46.701698
24.735453,46.701698
24.735506,46.701675
24.735506,46.701675
24.735506,46.701675
24.735506,46.701675
24.735506,46.701675
24.735506,46.701675
24.735563,46.701649
24.735563,46.701649
24.735563,46.701649
24.735563,46.701649
24.735563,46.701649
24.735563,46.701649
24.735563,46.701649
24.735620,46.701618
24.735620,46.701618
24.735620,46.701618
24.735620,46.701618
24.735620,46.701618
24.735620,46.701618
24.735683,46.701584
24.735683,46.701584
24.735683,46.701584
24.735683,46.701584
24.735683,46.701584
24.735683,46.701584
24.735744,46.701553
24.735744,46.701553
24.735744,46.701553
24.735744,46.701553
24.735744,46.701553
24.735744,46.701553
24.735744,46.701553
24.735807,46.701523
24.735807,46.701523
24.735807,46.701523
24.735807,46.701523
24.735807,46.701523
24.735807,46.701523
24.735872,46.701504
24.735872,46.701504
24.735872,46.701504
24.735872,46.701504
24.735872,46.701504
24.735872,46.701504
24.735937,46.701511
24.735937,46.701511
24.735937,46.701511
24.735937,46.701511
24.735937,46.701511
24.735937,46.701511
24.735937,46.701511
24.735992,46.701546
24.735992,46.701546
24.735992,46.701546
24.735992,46.701546
24.735992,46.701546
24.735992,46.701546
24.736038,46.701595
24.736038,46.701595
24.736038,46.701595
24.736038,46.701595
24.736038,46.701595
24.736038,46.701595
24.736069,46.701653
24.736069,46.701653
24.736069,46.701653
24.736069,46.701653
24.736069,46.701653
24.736069,46.701653
24.736069,46.701653
24.736095,46.701717
24.736095,46.701717
24.736095,46.701717
24.736095,46.701717
24.736095,46.701717
24.736095,46.701717
24.736115,46.701782
24.736115,46.701782
24.736115,46.701782
24.736115,46.701782
24.736115,46.701782
24.736115,46.701782
24.736115,46.701782
24.736135,46.701851
24.736135,46.701851
24.736135,46.701851
24.736135,46.701851
24.736135,46.701851
24.736135,46.701851
24.736158,46.701912
24.736158,46.701912
24.736158,46.701912
24.736158,46.701912
24.736158,46.701912
24.736158,46.701912
24.736183,46.701977
24.736183,46.701977
24.736183,46.701977
24.736183,46.701977
24.736183,46.701977
24.736183,46.701977
24.736183,46.701977
24.736210,46.702038
24.736210,46.702038
24.736210,46.702038
24.736210,46.702038
24.736210,46.702038
24.736210,46.702038
24.736237,46.702103
24.736237,46.702103
24.736237,46.702103
24.736237,46.702103
24.736237,46.702103
24.736237,46.702103
24.736263,46.702164
24.736263,46.702164
24.736263,46.702164
24.736263,46.702164
24.736263,46.702164
24.736263,46.702164
24.736263,46.702164
24.736288,46.702225
24.736288,46.702225
24.736288,46.702225
24.736288,46.702225
24.736288,46.702225
24.736288,46.702225
24.736305,46.702286
24.736305,46.702286
24.736305,46.702286
24.736305,46.702286
24.736305,46.702286
24.736305,46.702286
24.736307,46.702351
24.736307,46.702351
24.736307,46.702351
24.736307,46.702351
24.736307,46.702351
24.736307,46.702351
24.736307,46.702351
24.736290,46.702404
24.736290,46.702404
24.736290,46.702404
24.736290,46.702404
24.736290,46.702404
24.736290,46.702404
24.736258,46.702438
24.736258,46.702438
24.736258,46.702438
24.736258,46.702438
24.736258,46.702438
24.736258,46.702438
24.736216,46.702465
24.736216,46.702465
24.736216,46.702465
24.736216,46.702465
24.736216,46.702465
24.736216,46.702465
24.736216,46.702465
24.736172,46.702492
24.736172,46.702492
24.736172,46.702492
24.736172,46.702492
24.736172,46.702492
24.736172,46.702492
24.736124,46.702515
24.736124,46.702515
24.736124,46.702515
24.736124,46.702515
24.736124,46.702515
24.736124,46.702515
24.736074,46.702541
24.736074,46.702541
24.736074,46.702541
24.736074,46.702541
24.736074,46.702541
24.736074,46.702541
24.736074,46.702541
24.736027,46.702564
24.736027,46.702564
24.736027,46.702564
24.736027,46.702564
24.736027,46.702564
24.736027,46.702564
24.735977,46.702591
24.735977,46.702591
24.735977,46.702591
24.735977,46.702591
24.735977,46.702591
24.735977,46.702591
24.735928,46.702618
24.735928,46.702618
24.735928,46.702618
24.735928,46.702618
24.735928,46.702618
24.735928,46.702618
24.735928,46.702618
24.735876,46.702641
24.735876,46.702641
24.735876,46.702641
24.735876,46.702641
24.735876,46.702641
24.735876,46.702641
24.735825,46.702667
24.735825,46.702667
24.735825,46.702667
24.735825,46.702667
24.735825,46.702667
24.735825,46.702667
24.735773,46.702694
24.735773,46.702694
24.735773,46.702694
24.735773,46.702694
24.735773,46.702694
24.735773,46.702694
24.735773,46.702694
24.735720,46.702713
24.735720,46.702713
24.735720,46.702713
24.735720,46.702713
24.735720,46.702713
24.735720,46.702713
24.735666,46.702709
24.735666,46.702709
24.735666,46.702709
24.735666,46.702709
24.735666,46.702709
24.735666,46.702709
24.735622,46.702682
24.735622,46.702682
24.735622,46.702682
24.735622,46.702682
24.735622,46.702682
24.735622,46.702682
24.735622,46.702682
24.735592,46.702641
24.735592,46.702641
24.735592,46.702641
24.735592,46.702641
24.735592,46.702641
24.735592,46.702641
24.735569,46.702591
24.735569,46.702591
24.735569,46.702591
24.735569,46.702591
24.735569,46.702591
24.735569,46.702591
24.735546,46.702541
24.735546,46.702541
24.735546,46.702541
24.735546,46.702541
24.735546,46.702541
24.735546,46.702541
24.735546,46.702541
24.735523,46.702488
24.735523,46.702488
24.735523,46.702488
24.735523,46.702488
24.735523,46.702488
24.735523,46.702488
24.735500,46.702431
24.735500,46.702431
24.735500,46.702431
24.735500,46.702431
24.735500,46.702431
24.735500,46.702431
24.735474,46.702374
24.735474,46.702374
24.735474,46.702374
24.735474,46.702374
24.735474,46.702374
24.735474,46.702374
24.735474,46.702374
24.735445,46.702312
24.735445,46.702312
24.735445,46.702312
24.735445,46.702312
24.735445,46.702312
24.735445,46.702312
24.735416,46.702251
24.735416,46.702251
24.735416,46.702251
24.735416,46.702251
24.735416,46.702251
24.735416,46.702251
24.735416,46.702251
24.735386,46.702187
24.735386,46.702187
24.735386,46.702187
24.735386,46.702187
24.735386,46.702187
24.735386,46.702187
24.735355,46.702118
24.735355,46.702118
24.735355,46.702118
24.735355,46.702118
24.735355,46.702118
24.735355,46.702118
24.735325,46.702053
24.735325,46.702053
24.735325,46.702053
24.735325,46.702053
24.735325,46.702053
24.735325,46.702053
24.735325,46.702053
24.735302,46.701981
24.735302,46.701981
24.735302,46.701981
24.735302,46.701981
24.735302,46.701981
24.735302,46.701981
24.735292,46.701908
24.735292,46.701908
24.735292,46.701908
24.735292,46.701908
24.735292,46.701908
24.735292,46.701908
24.735304,46.701839
24.735304,46.701839
24.735304,46.701839
24.735304,46.701839
24.735304,46.701839
24.735304,46.701839
24.735304,46.701839
24.735338,46.701782
24.735338,46.701782
24.735338,46.701782
24.735338,46.701782
24.735338,46.701782
24.735338,46.701782
24.735392,46.701740
24.735392,46.701740
24.735392,46.701740
24.735392,46.701740
24.735392,46.701740
24.735392,46.701740
24.735443,46.701714
24.735443,46.701714
24.735443,46.701714
24.735443,46.701714
24.735443,46.701714
24.735443,46.701714
24.735443,46.701714
24.735502,46.701683
24.735502,46.701683
24.735502,46.701683
24.735502,46.701683
24.735502,46.701683
24.735502,46.701683
24.735569,46.701649
24.735569,46.701649
24.735569,46.701649
24.735569,46.701649
24.735569,46.701649
24.735569,46.701649
24.735640,46.701611
24.735640,46.701611
24.735640,46.701611
24.735640,46.701611
24.735640,46.701611
24.735640,46.701611
24.735640,46.701611
24.735710,46.701572
24.735710,46.701572
24.735710,46.701572
24.735710,46.701572
24.735710,46.701572
24.735710,46.701572
24.735779,46.701530
24.735779,46.701530
24.735779,46.701530
24.735779,46.701530
24.735779,46.701530
24.735779,46.701530
24.735853,46.701496
24.735853,46.701496
24.735853,46.701496
24.735853,46.701496
24.735853,46.701496
24.735853,46.701496
24.735853,46.701496
24.735926,46.701492
24.735926,46.701492
24.735926,46.701492
24.735926,46.701492
24.735926,46.701492
24.735926,46.701492
24.735987,46.701519
24.735987,46.701519
24.735987,46.701519
24.735987,46.701519
24.735987,46.701519
24.735987,46.701519
24.736032,46.701569
24.736032,46.701569
24.736032,46.701569
24.736032,46.701569
24.736032,46.701569
24.736032,46.701569
24.736032,46.701569
24.736063,46.701630
24.736063,46.701630
24.736063,46.701630
24.736063,46.701630
24.736063,46.701630
24.736063,46.701630
24.736088,46.701691
24.736088,46.701691
24.736088,46.701691
24.736088,46.701691
24.736088,46.701691
24.736088,46.701691
24.736109,46.701759
24.736109,46.701759
24.736109,46.701759
24.736109,46.701759
24.736109,46.701759
24.736109,46.701759
24.736109,46.701759
24.736134,46.701828
24.736134,46.701828
24.736134,46.701828
24.736134,46.701828
24.736134,46.701828
24.736134,46.701828
24.736162,46.701893
24.736162,46.701893
24.736162,46.701893
24.736162,46.701893
24.736162,46.701893
24.736162,46.701893
24.736191,46.701962
24.736191,46.701962
24.736191,46.701962
24.736191,46.701962
24.736191,46.701962
24.736191,46.701962
24.736191,46.701962
24.736221,46.702026
24.736221,46.702026
24.736221,46.702026
24.736221,46.702026
24.736221,46.702026
24.736221,46.702026
24.736252,46.702091
24.736252,46.702091
24.736252,46.702091
24.736252,46.702091
24.736252,46.702091
24.736252,46.702091
24.736286,46.702152
24.736286,46.702152
24.736286,46.702152
24.736286,46.702152
24.736286,46.702152
24.736286,46.702152
24.736286,46.702152
24.736311,46.702221
24.736311,46.702221
24.736311,46.702221
24.736311,46.702221
24.736311,46.702221
24.736311,46.702221
24.736317,46.702290
24.736317,46.702290
24.736317,46.702290
24.736317,46.702290
24.736317,46.702290
24.736317,46.702290
24.736303,46.702354
24.736303,46.702354
24.736303,46.702354
24.736303,46.702354
24.736303,46.702354
24.736303,46.702354
24.736303,46.702354
24.736267,46.702400
24.736267,46.702400
24.736267,46.702400
24.736267,46.702400
24.736267,46.702400
24.736267,46.702400
24.736225,46.702435
24.736225,46.702435
24.736225,46.702435
24.736225,46.702435
24.736225,46.702435
24.736225,46.702435
24.736225,46.702435
24.736176,46.702465
24.736176,46.702465
24.736176,46.702465
24.736176,46.702465
24.736176,46.702465
24.736176,46.702465
24.736124,46.702492
24.736124,46.702492
24.736124,46.702492
24.736124,46.702492
24.736124,46.702492
24.736124,46.702492
24.736071,46.702518
24.736071,46.702518
24.736071,46.702518
24.736071,46.702518
24.736071,46.702518
24.736071,46.702518
24.736071,46.702518
24.736015,46.702545
24.736015,46.702545
24.736015,46.702545
24.736015,46.702545
24.736015,46.702545
24.736015,46.702545
24.735962,46.702576
24.735962,46.702576
24.735962,46.702576
24.735962,46.702576
24.735962,46.702576
24.735962,46.702576
24.735907,46.702606
24.735907,46.702606
24.735907,46.702606
24.735907,46.702606
24.735907,46.702606
24.735907,46.702606
24.735907,46.702606
24.735847,46.702641
24.735847,46.702641
24.735847,46.702641
24.735847,46.702641
24.735847,46.702641
24.735847,46.702641
24.735790,46.702675
24.735790,46.702675
24.735790,46.702675
24.735790,46.702675
24.735790,46.702675
24.735790,46.702675
24.735733,46.702698
24.735733,46.702698
24.735733,46.702698
24.735733,46.702698
24.735733,46.702698
24.735733,46.702698
24.735733,46.702698
24.735672,46.702702
24.735672,46.702702
24.735672,46.702702
24.735672,46.702702
24.735672,46.702702
24.735672,46.702702
24.735620,46.702679
24.735620,46.702679
24.735620,46.702679
24.735620,46.702679
24.735620,46.702679
24.735620,46.702679
24.735590,46.702633
24.735590,46.702633
24.735590,46.702633
24.735590,46.702633
24.735590,46.702633
24.735590,46.702633
24.735590,46.702633
24.735565,46.702579
24.735565,46.702579
24.735565,46.702579
24.735565,46.702579
24.735565,46.702579
24.735565,46.702579
24.735540,46.702526
24.735540,46.702526
24.735540,46.702526
24.735540,46.702526
24.735540,46.702526
24.735540,46.702526
24.735516,46.702469
24.735516,46.702469
24.735516,46.702469
24.735516,46.702469
24.735516,46.702469
24.735516,46.702469
24.735516,46.702469
24.735489,46.702408
24.735489,46.702408
24.735489,46.702408
24.735489,46.702408
24.735489,46.702408
24.735489,46.702408
24.735462,46.702347
24.735462,46.702347
24.735462,46.702347
24.735462,46.702347
24.735462,46.702347
24.735462,46.702347
24.735435,46.702282
24.735435,46.702282
24.735435,46.702282
24.735435,46.702282
24.735435,46.702282
24.735435,46.702282
24.735435,46.702282
24.735407,46.702213
24.735407,46.702213
24.735407,46.702213
24.735407,46.702213
24.735407,46.702213
24.735407,46.702213
24.735374,46.702145
24.735374,46.702145
24.735374,46.702145
24.735374,46.702145
24.735374,46.702145
24.735374,46.702145
24.735340,46.702072
24.735340,46.702072
24.735340,46.702072
24.735340,46.702072
24.735340,46.702072
24.735340,46.702072
24.735340,46.702072
24.735308,46.702000
24.735308,46.702000
24.735308,46.702000
24.735308,46.702000
24.735308,46.702000
24.735308,46.702000
24.735289,46.701923
24.735289,46.701923
24.735289,46.701923
24.735289,46.701923
24.735289,46.701923
24.735289,46.701923
24.735296,46.701847
24.735296,46.701847
24.735296,46.701847
24.735296,46.701847
24.735296,46.701847
24.735296,46.701847
24.735296,46.701847
24.735329,46.701786
24.735329,46.701786
24.735329,46.701786
24.735329,46.701786
24.735329,46.701786
24.735329,46.701786
24.735382,46.701740
24.735382,46.701740
24.735382,46.701740
24.735382,46.701740
24.735382,46.701740
24.735382,46.701740
24.735447,46.701706
24.735447,46.701706
24.735447,46.701706
24.735447,46.701706
24.735447,46.701706
24.735447,46.701706
24.735447,46.701706
24.735514,46.701675
24.735514,46.701675
24.735514,46.701675
24.735514,46.701675
24.735514,46.701675
24.735514,46.701675
24.735584,46.701645
24.735584,46.701645
24.735584,46.701645
24.735584,46.701645
24.735584,46.701645
24.735584,46.701645
24.735659,46.701611
24.735659,46.701611
24.735659,46.701611
24.735659,46.701611
24.735659,46.701611
24.735659,46.701611
24.735659,46.701611
24.735729,46.701569
24.735729,46.701569
24.735729,46.701569
24.735729,46.701569
24.735729,46.701569
24.735729,46.701569
24.735800,46.701527
24.735800,46.701527
24.735800,46.701527
24.735800,46.701527
24.735800,46.701527
24.735800,46.701527
24.735800,46.701527
24.735878,46.701496
24.735878,46.701496
24.735878,46.701496
24.735878,46.701496
24.735878,46.701496
24.735878,46.701496
24.735954,46.701500
24.735954,46.701500
24.735954,46.701500
24.735954,46.701500
24.735954,46.701500
24.735954,46.701500
24.736010,46.701542
24.736010,46.701542
24.736010,46.701542
24.736010,46.701542
24.736010,46.701542
24.736010,46.701542
24.736010,46.701542
24.736053,46.701599
24.736053,46.701599
24.736053,46.701599
24.736053,46.701599
24.736053,46.701599
24.736053,46.701599
24.736080,46.701664
24.736080,46.701664
24.736080,46.701664
24.736080,46.701664
24.736080,46.701664
24.736080,46.701664
24.736109,46.701733
24.736109,46.701733
24.736109,46.701733
24.736109,46.701733
24.736109,46.701733
24.736109,46.701733
24.736109,46.701733
24.736135,46.701801
24.736135,46.701801
24.736135,46.701801
24.736135,46.701801
24.736135,46.701801
24.736135,46.701801
24.736164,46.701866
24.736164,46.701866
24.736164,46.701866
24.736164,46.701866
24.736164,46.701866
24.736164,46.701866
24.736193,46.701935
24.736193,46.701935
24.736193,46.701935
24.736193,46.701935
24.736193,46.701935
24.736193,46.701935
24.736193,46.701935
24.736217,46.702007
24.736217,46.702007
24.736217,46.702007
24.736217,46.702007
24.736217,46.702007
24.736217,46.702007
24.736244,46.702076
24.736244,46.702076
24.736244,46.702076
24.736244,46.702076
24.736244,46.702076
24.736244,46.702076
24.736273,46.702148
24.736273,46.702148
24.736273,46.702148
24.736273,46.702148
24.736273,46.702148
24.736273,46.702148
24.736273,46.702148
24.736301,46.702217
24.736301,46.702217
24.736301,46.702217
24.736301,46.702217
24.736301,46.702217
24.736301,46.702217
24.736319,46.702286
24.736319,46.702286
24.736319,46.702286
24.736319,46.702286
24.736319,46.702286
24.736319,46.702286
24.736313,46.702358
24.736313,46.702358
24.736313,46.702358
24.736313,46.702358
24.736313,46.702358
24.736313,46.702358
24.736313,46.702358
24.736284,46.702415
24.736284,46.702415
24.736284,46.702415
24.736284,46.702415
24.736284,46.702415
24.736284,46.702415
24.736242,46.702454
24.736242,46.702454
24.736242,46.702454
24.736242,46.702454
24.736242,46.702454
24.736242,46.702454
24.736191,46.702480
24.736191,46.702480
24.736191,46.702480
24.736191,46.702480
24.736191,46.702480
24.736191,46.702480
24.736191,46.702480
24.736137,46.702507
24.736137,46.702507
24.736137,46.702507
24.736137,46.702507
24.736137,46.702507
24.736137,46.702507
24.736082,46.702534
24.736082,46.702534
24.736082,46.702534
24.736082,46.702534
24.736082,46.702534
24.736082,46.702534
24.736023,46.702557
24.736023,46.702557
24.736023,46.702557
24.736023,46.702557
24.736023,46.702557
24.736023,46.702557
24.736023,46.702557
24.735962,46.702587
24.735962,46.702587
24.735962,46.702587
24.735962,46.702587
24.735962,46.702587
24.735962,46.702587
24.735903,46.702618
24.735903,46.702618
24.735903,46.702618
24.735903,46.702618
24.735903,46.702618
24.735903,46.702618
24.735842,46.702648
24.735842,46.702648
24.735842,46.702648
24.735842,46.702648
24.735842,46.702648
24.735842,46.702648
24.735842,46.702648
24.735785,46.702682
24.735785,46.702682
24.735785,46.702682
24.735785,46.702682
24.735785,46.702682
24.735785,46.702682
24.735723,46.702702
24.735723,46.702702
24.735723,46.702702
24.735723,46.702702
24.735723,46.702702
24.735723,46.702702
24.735666,46.702698
24.735666,46.702698
24.735666,46.702698
24.735666,46.702698
24.735666,46.702698
24.735666,46.702698
24.735666,46.702698
24.735620,46.702667
24.735620,46.702667
24.735620,46.702667
24.735620,46.702667
24.735620,46.702667
24.735620,46.702667
24.735592,46.702618
24.735592,46.702618
24.735592,46.702618
24.735592,46.702618
24.735592,46.702618
24.735592,46.702618
24.735567,46.702564
24.735567,46.702564
24.735567,46.702564
24.735567,46.702564
24.735567,46.702564
24.735567,46.702564
24.735567,46.702564
24.735540,46.702507
24.735540,46.702507
24.735540,46.702507
24.735540,46.702507
24.735540,46.702507
24.735540,46.702507
24.735514,46.702446
24.735514,46.702446
24.735514,46.702446
24.735514,46.702446
24.735514,46.702446
24.735514,46.702446
24.735485,46.702389
24.735485,46.702389
24.735485,46.702389
24.735485,46.702389
24.735485,46.702389
24.735485,46.702389
24.735485,46.702389
24.735455,46.702324
24.735455,46.702324
24.735455,46.702324
24.735455,46.702324
24.735455,46.702324
24.735455,46.702324
24.735424,46.702259
24.735424,46.702259
24.735424,46.702259
24.735424,46.702259
24.735424,46.702259
24.735424,46.702259
24.735424,46.702259
24.735392,46.702190
24.735392,46.702190
24.735392,46.702190
24.735392,46.702190
24.735392,46.702190
24.735392,46.702190
24.735363,46.702118
24.735363,46.702118
24.735363,46.702118
24.735363,46.702118
24.735363,46.702118
24.735363,46.702118
24.735332,46.702045
24.735332,46.702045
24.735332,46.702045
24.735332,46.702045
24.735332,46.702045
24.735332,46.702045
24.735332,46.702045
24.735302,46.701973
24.735302,46.701973
24.735302,46.701973
24.735302,46.701973
24.735302,46.701973
24.735302,46.701973
24.735292,46.701897
24.735292,46.701897
24.735292,46.701897
24.735292,46.701897
24.735292,46.701897
24.735292,46.701897
24.735306,46.701820
24.735306,46.701820
24.735306,46.701820
24.735306,46.701820
24.735306,46.701820
24.735306,46.701820
24.735306,46.701820
24.735342,46.701759
24.735342,46.701759
24.735342,46.701759
24.735342,46.701759
24.735342,46.701759
24.735342,46.701759
24.735395,46.701721
24.735395,46.701721
24.735395,46.701721
24.735395,46.701721
24.735395,46.701721
24.735395,46.701721
24.735460,46.701691
24.735460,46.701691
24.735460,46.701691
24.735460,46.701691
24.735460,46.701691
24.735460,46.701691
24.735460,46.701691
24.735523,46.701653
24.735523,46.701653
24.735523,46.701653
24.735523,46.701653
24.735523,46.701653
24.735523,46.701653
24.735588,46.701614
24.735588,46.701614
24.735588,46.701614
24.735588,46.701614
24.735588,46.701614
24.735588,46.701614
24.735659,46.701580
24.735659,46.701580
24.735659,46.701580
24.735659,46.701580
24.735659,46.701580
24.735659,46.701580
24.735659,46.701580
24.735733,46.701538
24.735733,46.701538
24.735733,46.701538
24.735733,46.701538
24.735733,46.701538
24.735733,46.701538
24.735806,46.701504
24.735806,46.701504
24.735806,46.701504
24.735806,46.701504
24.735806,46.701504
24.735806,46.701504
24.735886,46.701473
24.735886,46.701473
24.735886,46.701473
24.735886,46.701473
24.735886,46.701473
24.735886,46.701473
24.735886,46.701473
24.735960,46.701477
24.735960,46.701477
24.735960,46.701477
24.735960,46.701477
24.735960,46.701477
24.735960,46.701477
24.736019,46.701519
24.736019,46.701519
24.736019,46.701519
24.736019,46.701519
24.736019,46.701519
24.736019,46.701519
24.736067,46.701572
24.736067,46.701572
24.736067,46.701572
24.736067,46.701572
24.736067,46.701572
24.736067,46.701572
24.736067,46.701572
24.736097,46.701641
24.736097,46.701641
24.736097,46.701641
24.736097,46.701641
24.736097,46.701641
24.736097,46.701641
24.736124,46.701714
24.736124,46.701714
24.736124,46.701714
24.736124,46.701714
24.736124,46.701714
24.736124,46.701714
24.736151,46.701782
24.736151,46.701782
24.736151,46.701782
24.736151,46.701782
24.736151,46.701782
24.736151,46.701782
24.736151,46.701782
24.736179,46.701855
24.736179,46.701855
24.736179,46.701855
24.736179,46.701855
24.736179,46.701855
24.736179,46.701855
24.736206,46.701931
24.736206,46.701931
24.736206,46.701931
24.736206,46.701931
24.736206,46.701931
24.736206,46.701931
24.736235,46.702003
24.736235,46.702003
24.736235,46.702003
24.736235,46.702003
24.736235,46.702003
24.736235,46.702003
24.736235,46.702003
24.736261,46.702076
24.736261,46.702076
24.736261,46.702076
24.736261,46.702076
24.736261,46.702076
24.736261,46.702076
24.736292,46.702148
24.736292,46.702148
24.736292,46.702148
24.736292,46.702148
24.736292,46.702148
24.736292,46.702148
24.736317,46.702221
24.736317,46.702221
24.736317,46.702221
24.736317,46.702221
24.736317,46.702221
24.736317,46.702221
24.736317,46.702221
24.736326,46.702293
24.736326,46.702293
24.736326,46.702293
24.736326,46.702293
24.736326,46.702293
24.736326,46.702293
24.736307,46.702362
24.736307,46.702362
24.736307,46.702362
24.736307,46.702362
24.736307,46.702362
24.736307,46.702362
24.736267,46.702415
24.736267,46.702415
24.736267,46.702415
24.736267,46.702415
24.736267,46.702415
24.736267,46.702415
24.736267,46.702415
24.736214,46.702454
24.736214,46.702454
24.736214,46.702454
24.736214,46.702454
24.736214,46.702454
24.736214,46.702454
24.736155,46.702484
24.736155,46.702484
24.736155,46.702484
24.736155,46.702484
24.736155,46.702484
24.736155,46.702484
24.736092,46.702515
24.736092,46.702515
24.736092,46.702515
24.736092,46.702515
24.736092,46.702515
24.736092,46.702515
24.736092,46.702515
24.736031,46.702549
24.736031,46.702549
24.736031,46.702549
24.736031,46.702549
24.736031,46.702549
24.736031,46.702549
24.735968,46.702579
24.735968,46.702579
24.735968,46.702579
24.735968,46.702579
24.735968,46.702579
24.735968,46.702579
24.735968,46.702579
24.735903,46.702610
24.735903,46.702610
24.735903,46.702610
24.735903,46.702610
24.735903,46.702610
24.735903,46.702610
24.735834,46.702644
24.735834,46.702644
24.735834,46.702644
24.735834,46.702644
24.735834,46.702644
24.735834,46.702644
24.735769,46.702679
24.735769,46.702679
24.735769,46.702679
24.735769,46.702679
24.735769,46.702679
24.735769,46.702679
24.735769,46.702679
24.735703,46.702698
24.735703,46.702698
24.735703,46.702698
24.735703,46.702698
24.735703,46.702698
24.735703,46.702698
24.735641,46.702682
24.735641,46.702682
24.735641,46.702682
24.735641,46.702682
24.735641,46.702682
24.735641,46.702682
24.735601,46.702641
24.735601,46.702641
24.735601,46.702641
24.735601,46.702641
24.735601,46.702641
24.735601,46.702641
24.735601,46.702641
24.735575,46.702583
24.735575,46.702583
24.735575,46.702583
24.735575,46.702583
24.735575,46.702583
24.735575,46.702583
24.735550,46.702530
24.735550,46.702530
24.735550,46.702530
24.735550,46.702530
24.735550,46.702530
24.735550,46.702530
24.735523,46.702469
24.735523,46.702469
24.735523,46.702469
24.735523,46.702469
24.735523,46.702469
24.735523,46.702469
24.735523,46.702469
24.735495,46.702408
24.735495,46.702408
24.735495,46.702408
24.735495,46.702408
24.735495,46.702408
24.735495,46.702408
24.735466,46.702343
24.735466,46.702343
24.735466,46.702343
24.735466,46.702343
24.735466,46.702343
24.735466,46.702343
24.735437,46.702271
24.735437,46.702271
24.735437,46.702271
24.735437,46.702271
24.735437,46.702271
24.735437,46.702271
24.735437,46.702271
24.735413,46.702198
24.735413,46.702198
24.735413,46.702198
24.735413,46.702198
24.735413,46.702198
24.735413,46.702198
24.735384,46.702126
24.735384,46.702126
24.735384,46.702126
24.735384,46.702126
24.735384,46.702126
24.735384,46.702126
24.735357,46.702061
24.735357,46.702061
24.735357,46.702061
24.735357,46.702061
24.735357,46.702061
24.735357,46.702061
24.735357,46.702061
24.735340,46.702007
24.735340,46.702007
24.735340,46.702007
24.735340,46.702007
24.735340,46.702007
24.735340,46.702007
24.735325,46.701965
24.735325,46.701965
24.735325,46.701965
24.735325,46.701965
24.735325,46.701965
24.735325,46.701965
24.735315,46.701927
24.735315,46.701927
24.735315,46.701927
24.735315,46.701927
24.735315,46.701927
24.735315,46.701927
24.735315,46.701927
24.735312,46.701885
24.735312,46.701885
24.735312,46.701885
24.735312,46.701885
24.735312,46.701885
24.735312,46.701885
24.735321,46.701843
24.735321,46.701843
24.735321,46.701843
24.735321,46.701843
24.735321,46.701843
24.735321,46.701843
24.735336,46.701797
24.735336,46.701797
24.735336,46.701797
24.735336,46.701797
24.735336,46.701797
24.735336,46.701797
24.735336,46.701797
24.735371,46.701763
24.735371,46.701763
24.735371,46.701763
24.735371,46.701763
24.735371,46.701763
24.735371,46.701763
24.735420,46.701729
24.735420,46.701729
24.735420,46.701729
24.735420,46.701729
24.735420,46.701729
24.735420,46.701729
24.735472,46.701702
24.735472,46.701702
24.735472,46.701702
24.735472,46.701702
24.735472,46.701702
24.735472,46.701702
24.735472,46.701702
24.735525,46.701668
24.735525,46.701668
24.735525,46.701668
24.735525,46.701668
24.735525,46.701668
24.735525,46.701668
24.735584,46.701637
24.735584,46.701637
24.735584,46.701637
24.735584,46.701637
24.735584,46.701637
24.735584,46.701637
24.735584,46.701637
24.735645,46.701603
24.735645,46.701603
24.735645,46.701603
24.735645,46.701603
24.735645,46.701603
24.735645,46.701603
24.735708,46.701569
24.735708,46.701569
24.735708,46.701569
24.735708,46.701569
24.735708,46.701569
24.735708,46.701569
24.735773,46.701530
24.735773,46.701530
24.735773,46.701530
24.735773,46.701530
24.735773,46.701530
24.735773,46.701530
24.735773,46.701530
24.735842,46.701492
24.735842,46.701492
24.735842,46.701492
24.735842,46.701492
24.735842,46.701492
24.735842,46.701492
24.735914,46.701469
24.735914,46.701469
24.735914,46.701469
24.735914,46.701469
24.735914,46.701469
24.735914,46.701469
24.735983,46.701477
24.735983,46.701477
24.735983,46.701477
24.735983,46.701477
24.735983,46.701477
24.735983,46.701477
24.735983,46.701477
24.736034,46.701523
24.736034,46.701523
24.736034,46.701523
24.736034,46.701523
24.736034,46.701523
24.736034,46.701523
24.736069,46.701576
24.736069,46.701576
24.736069,46.701576
24.736069,46.701576
24.736069,46.701576
24.736069,46.701576
24.736095,46.701637
24.736095,46.701637
24.736095,46.701637
24.736095,46.701637
24.736095,46.701637
24.736095,46.701637
24.736095,46.701637
24.736120,46.701702
24.736120,46.701702
24.736120,46.701702
24.736120,46.701702
24.736120,46.701702
24.736120,46.701702
24.736139,46.701771
24.736139,46.701771
24.736139,46.701771
24.736139,46.701771
24.736139,46.701771
24.736139,46.701771
24.736162,46.701839
24.736162,46.701839
24.736162,46.701839
24.736162,46.701839
24.736162,46.701839
24.736162,46.701839
24.736162,46.701839
24.736189,46.701904
24.736189,46.701904
24.736189,46.701904
24.736189,46.701904
24.736189,46.701904
24.736189,46.701904
24.736219,46.701965
24.736219,46.701965
24.736219,46.701965
24.736219,46.701965
24.736219,46.701965
24.736219,46.701965
24.736252,46.702030
24.736252,46.702030
24.736252,46.702030
24.736252,46.702030
24.736252,46.702030
24.736252,46.702030
24.736252,46.702030
24.736284,46.702095
24.736284,46.702095
24.736284,46.702095
24.736284,46.702095
24.736284,46.702095
24.736284,46.702095
24.736311,46.702160
24.736311,46.702160
24.736311,46.702160
24.736311,46.702160
24.736311,46.702160
24.736311,46.702160
24.736326,46.702229
24.736326,46.702229
24.736326,46.702229
24.736326,46.702229
24.736326,46.702229
24.736326,46.702229
24.736326,46.702229
24.736326,46.702301
24.736326,46.702301
24.736326,46.702301
24.736326,46.702301
24.736326,46.702301
24.736326,46.702301
24.736309,46.702362
24.736309,46.702362
24.736309,46.702362
24.736309,46.702362
24.736309,46.702362
24.736309,46.702362
24.736275,46.702412
24.736275,46.702412
24.736275,46.702412
24.736275,46.702412
24.736275,46.702412
24.736275,46.702412
24.736275,46.702412
24.736227,46.702450
24.736227,46.702450
24.736227,46.702450
24.736227,46.702450
24.736227,46.702450
24.736227,46.702450
24.736174,46.702477
24.736174,46.702477
24.736174,46.702477
24.736174,46.702477
24.736174,46.702477
24.736174,46.702477
24.736116,46.702507
24.736116,46.702507
24.736116,46.702507
24.736116,46.702507
24.736116,46.702507
24.736116,46.702507
24.736116,46.702507
24.736059,46.702534
24.736059,46.702534
24.736059,46.702534
24.736059,46.702534
24.736059,46.702534
24.736059,46.702534
24.736000,46.702564
24.736000,46.702564
24.736000,46.702564
24.736000,46.702564
24.736000,46.702564
24.736000,46.702564
24.735941,46.702599
24.735941,46.702599
24.735941,46.702599
24.735941,46.702599
24.735941,46.702599
24.735941,46.702599
24.735941,46.702599
24.735880,46.702625
24.735880,46.702625
24.735880,46.702625
24.735880,46.702625
24.735880,46.702625
24.735880,46.702625
24.735817,46.702656
24.735817,46.702656
24.735817,46.702656
24.735817,46.702656
24.735817,46.702656
24.735817,46.702656
24.735758,46.702690
24.735758,46.702690
24.735758,46.702690
24.735758,46.702690
24.735758,46.702690
24.735758,46.702690
24.735758,46.702690
24.735695,46.702705
24.735695,46.702705
24.735695,46.702705
24.735695,46.702705
24.735695,46.702705
24.735695,46.702705
24.735641,46.702690
24.735641,46.702690
24.735641,46.702690
24.735641,46.702690
24.735641,46.702690
24.735641,46.702690
24.735605,46.702644
24.735605,46.702644
24.735605,46.702644
24.735605,46.702644
24.735605,46.702644
24.735605,46.702644
24.735605,46.702644
24.735580,46.702587
24.735580,46.702587
24.735580,46.702587
24.735580,46.702587
24.735580,46.702587
24.735580,46.702587
24.735554,46.702526
24.735554,46.702526
24.735554,46.702526
24.735554,46.702526
24.735554,46.702526
24.735554,46.702526
24.735554,46.702526
24.735527,46.702465
24.735527,46.702465
24.735527,46.702465
24.735527,46.702465
24.735527,46.702465
24.735527,46.702465
24.735498,46.702400
24.735498,46.702400
24.735498,46.702400
24.735498,46.702400
24.735498,46.702400
24.735498,46.702400
24.735466,46.702332
24.735466,46.702332
24.735466,46.702332
24.735466,46.702332
24.735466,46.702332
24.735466,46.702332
24.735466,46.702332
24.735430,46.702267
24.735430,46.702267
24.735430,46.702267
24.735430,46.702267
24.735430,46.702267
24.735430,46.702267
24.735397,46.702194
24.735397,46.702194
24.735397,46.702194
24.735397,46.702194
24.735397,46.702194
24.735397,46.702194
24.735369,46.702118
24.735369,46.702118
24.735369,46.702118
24.735369,46.702118
24.735369,46.702118
24.735369,46.702118
24.735369,46.702118
24.735334,46.702042
24.735334,46.702042
24.735334,46.702042
24.735334,46.702042
24.735334,46.702042
24.735334,46.702042
24.735302,46.701965
24.735302,46.701965
24.735302,46.701965
24.735302,46.701965
24.735302,46.701965
24.735302,46.701965
24.735296,46.701885
24.735296,46.701885
24.735296,46.701885
24.735296,46.701885
24.735296,46.701885
24.735296,46.701885
24.735296,46.701885
24.735308,46.701809
24.735308,46.701809
24.735308,46.701809
24.735308,46.701809
24.735308,46.701809
24.735308,46.701809
24.735355,46.701752
24.735355,46.701752
24.735355,46.701752
24.735355,46.701752
24.735355,46.701752
24.735355,46.701752
24.735420,46.701710
24.735420,46.701710
24.735420,46.701710
24.735420,46.701710
24.735420,46.701710
24.735420,46.701710
24.735420,46.701710
24.735491,46.701675
24.735491,46.701675
24.735491,46.701675
24.735491,46.701675
24.735491,46.701675
24.735491,46.701675
24.735563,46.701637
24.735563,46.701637
24.735563,46.701637
24.735563,46.701637
24.735563,46.701637
24.735563,46.701637
24.735634,46.701599
24.735634,46.701599
24.735634,46.701599
24.735634,46.701599
24.735634,46.701599
24.735634,46.701599
24.735634,46.701599
24.735710,46.701561
24.735710,46.701561
24.735710,46.701561
24.735710,46.701561
24.735710,46.701561
24.735710,46.701561
24.735783,46.701519
24.735783,46.701519
24.735783,46.701519
24.735783,46.701519
24.735783,46.701519
24.735783,46.701519
24.735861,46.701485
24.735861,46.701485
24.735861,46.701485
24.735861,46.701485
24.735861,46.701485
24.735861,46.701485
24.735861,46.701485
24.735943,46.701477
24.735943,46.701477
24.735943,46.701477
24.735943,46.701477
24.735943,46.701477
24.735943,46.701477
24.736008,46.701511
24.736008,46.701511
24.736008,46.701511
24.736008,46.701511
24.736008,46.701511
24.736008,46.701511
24.736063,46.701561
24.736063,46.701561
24.736063,46.701561
24.736063,46.701561
24.736063,46.701561
24.736063,46.701561
24.736063,46.701561
24.736101,46.701630
24.736101,46.701630
24.736101,46.701630
24.736101,46.701630
24.736101,46.701630
24.736101,46.701630
24.736132,46.701702
24.736132,46.701702
24.736132,46.701702
24.736132,46.701702
24.736132,46.701702
24.736132,46.701702
24.736160,46.701778
24.736160,46.701778
24.736160,46.701778
24.736160,46.701778
24.736160,46.701778
24.736160,46.701778
24.736160,46.701778
24.736193,46.701851
24.736193,46.701851
24.736193,46.701851
24.736193,46.701851
24.736193,46.701851
24.736193,46.701851
24.736221,46.701927
24.736221,46.701927
24.736221,46.701927
24.736221,46.701927
24.736221,46.701927
24.736221,46.701927
24.736252,46.702003
24.736252,46.702003
24.736252,46.702003
24.736252,46.702003
24.736252,46.702003
24.736252,46.702003
24.736252,46.702003
24.736280,46.702084
24.736280,46.702084
24.736280,46.702084
24.736280,46.702084
24.736280,46.702084
24.736280,46.702084
24.736307,46.702164
24.736307,46.702164
24.736307,46.702164
24.736307,46.702164
24.736307,46.702164
24.736307,46.702164
24.736332,46.702240
24.736332,46.702240
24.736332,46.702240
24.736332,46.702240
24.736332,46.702240
24.736332,46.702240
24.736332,46.702240
24.736330,46.702320
24.736330,46.702320
24.736330,46.702320
24.736330,46.702320
24.736330,46.702320
24.736330,46.702320
24.736303,46.702385
24.736303,46.702385
24.736303,46.702385
24.736303,46.702385
24.736303,46.702385
24.736303,46.702385
24.736254,46.702431
24.736254,46.702431
24.736254,46.702431
24.736254,46.702431
24.736254,46.702431
24.736254,46.702431
24.736254,46.702431
24.736193,46.702465
24.736193,46.702465
24.736193,46.702465
24.736193,46.702465
24.736193,46.702465
24.736193,46.702465
24.736130,46.702499
24.736130,46.702499
24.736130,46.702499
24.736130,46.702499
24.736130,46.702499
24.736130,46.702499
24.736130,46.702499
24.736067,46.702534
24.736067,46.702534
24.736067,46.702534
24.736067,46.702534
24.736067,46.702534
24.736067,46.702534
24.736002,46.702572
24.736002,46.702572
24.736002,46.702572
24.736002,46.702572
24.736002,46.702572
24.736002,46.702572
24.735935,46.702610
24.735935,46.702610
24.735935,46.702610
24.735935,46.702610
24.735935,46.702610
24.735935,46.702610
24.735935,46.702610
24.735868,46.702644
24.735868,46.702644
24.735868,46.702644
24.735868,46.702644
24.735868,46.702644
24.735868,46.702644
24.735802,46.702679
24.735802,46.702679
24.735802,46.702679
24.735802,46.702679
24.735802,46.702679
24.735802,46.702679
24.735731,46.702705
24.735731,46.702705
24.735731,46.702705
24.735731,46.702705
24.735731,46.702705
24.735731,46.702705
24.735731,46.702705
24.735668,46.702702
24.735668,46.702702
24.735668,46.702702
24.735668,46.702702
24.735668,46.702702
24.735668,46.702702
24.735626,46.702656
24.735626,46.702656
24.735626,46.702656
24.735626,46.702656
24.735626,46.702656
24.735626,46.702656
24.735594,46.702602
24.735594,46.702602
24.735594,46.702602
24.735594,46.702602
24.735594,46.702602
24.735594,46.702602
24.735594,46.702602
24.735567,46.702545
24.735567,46.702545
24.735567,46.702545
24.735567,46.702545
24.735567,46.702545
24.735567,46.702545
24.735540,46.702480
24.735540,46.702480
24.735540,46.702480
24.735540,46.702480
24.735540,46.702480
24.735540,46.702480
24.735516,46.702415
24.735516,46.702415
24.735516,46.702415
24.735516,46.702415
24.735516,46.702415
24.735516,46.702415
24.735516,46.702415
24.735489,46.702347
24.735489,46.702347
24.735489,46.702347
24.735489,46.702347
24.735489,46.702347
24.735489,46.702347
24.735460,46.702278
24.735460,46.702278
24.735460,46.702278
24.735460,46.702278
24.735460,46.702278
24.735460,46.702278
24.735434,46.702206
24.735434,46.702206
24.735434,46.702206
24.735434,46.702206
24.735434,46.702206
24.735434,46.702206
24.735434,46.702206
24.735401,46.702133
24.735401,46.702133
24.735401,46.702133
24.735401,46.702133
24.735401,46.702133
24.735401,46.702133
24.735371,46.702057
24.735371,46.702057
24.735371,46.702057
24.735371,46.702057
24.735371,46.702057
24.735371,46.702057
24.735340,46.701981
24.735340,46.701981
24.735340,46.701981
24.735340,46.701981
24.735340,46.701981
24.735340,46.701981
24.735340,46.701981
24.735321,46.701900
24.735321,46.701900
24.735321,46.701900
24.735321,46.701900
24.735321,46.701900
24.735321,46.701900
24.735332,46.701824
24.735332,46.701824
24.735332,46.701824
24.735332,46.701824
24.735332,46.701824
24.735332,46.701824
24.735367,46.701756
24.735367,46.701756
24.735367,46.701756
24.735367,46.701756
24.735367,46.701756
24.735367,46.701756
24.735367,46.701756
24.735416,46.701706
24.735416,46.701706
24.735416,46.701706
24.735416,46.701706
24.735416,46.701706
24.735416,46.701706
24.735477,46.701668
24.735477,46.701668
24.735477,46.701668
24.735477,46.701668
24.735477,46.701668
24.735477,46.701668
24.735548,46.701633
24.735548,46.701633
24.735548,46.701633
24.735548,46.701633
24.735548,46.701633
24.735548,46.701633
24.735548,46.701633
24.735617,46.701595
24.735617,46.701595
24.735617,46.701595
24.735617,46.701595
24.735617,46.701595
24.735617,46.701595
24.735689,46.701553
24.735689,46.701553
24.735689,46.701553
24.735689,46.701553
24.735689,46.701553
24.735689,46.701553
24.735689,46.701553
24.735762,46.701511
24.735762,46.701511
24.735762,46.701511
24.735762,46.701511
24.735762,46.701511
24.735762,46.701511
24.735836,46.701473
24.735836,46.701473
24.735836,46.701473
24.735836,46.701473
24.735836,46.701473
24.735836,46.701473
24.735910,46.701454
24.735910,46.701454
24.735910,46.701454
24.735910,46.701454
24.735910,46.701454
24.735910,46.701454
24.735910,46.701454
24.735981,46.701473
24.735981,46.701473
24.735981,46.701473
24.735981,46.701473
24.735981,46.701473
24.735981,46.701473
24.736040,46.701523
24.736040,46.701523
24.736040,46.701523
24.736040,46.701523
24.736040,46.701523
24.736040,46.701523
24.736086,46.701584
24.736086,46.701584
24.736086,46.701584
24.736086,46.701584
24.736086,46.701584
24.736086,46.701584
24.736086,46.701584
24.736118,46.701656
24.736118,46.701656
24.736118,46.701656
24.736118,46.701656
24.736118,46.701656
24.736118,46.701656
24.736149,46.701733
24.736149,46.701733
24.736149,46.701733
24.736149,46.701733
24.736149,46.701733
24.736149,46.701733
24.736176,46.701817
24.736176,46.701817
24.736176,46.701817
24.736176,46.701817
24.736176,46.701817
24.736176,46.701817
24.736176,46.701817
24.736202,46.701897
24.736202,46.701897
24.736202,46.701897
24.736202,46.701897
24.736202,46.701897
24.736202,46.701897
24.736231,46.701977
24.736231,46.701977
24.736231,46.701977
24.736231,46.701977
24.736231,46.701977
24.736231,46.701977
24.736263,46.702057
24.736263,46.702057
24.736263,46.702057
24.736263,46.702057
24.736263,46.702057
24.736263,46.702057
24.736263,46.702057
24.736298,46.702133
24.736298,46.702133
24.736298,46.702133
24.736298,46.702133
24.736298,46.702133
24.736298,46.702133
24.736320,46.702213
24.736320,46.702213
24.736320,46.702213
24.736320,46.702213
24.736320,46.702213
24.736320,46.702213
24.736326,46.702290
24.736326,46.702290
24.736326,46.702290
24.736326,46.702290
24.736326,46.702290
24.736326,46.702290
24.736326,46.702290
24.736307,46.702358
24.736307,46.702358
24.736307,46.702358
24.736307,46.702358
24.736307,46.702358
24.736307,46.702358
24.736269,46.702412
24.736269,46.702412
24.736269,46.702412
24.736269,46.702412
24.736269,46.702412
24.736269,46.702412
24.736219,46.702446
24.736219,46.702446
24.736219,46.702446
24.736219,46.702446
24.736219,46.702446
24.736219,46.702446
24.736219,46.702446
24.736164,46.702477
24.736164,46.702477
24.736164,46.702477
24.736164,46.702477
24.736164,46.702477
24.736164,46.702477
24.736107,46.702507
24.736107,46.702507
24.736107,46.702507
24.736107,46.702507
24.736107,46.702507
24.736107,46.702507
24.736048,46.702538
24.736048,46.702538
24.736048,46.702538
24.736048,46.702538
24.736048,46.702538
24.736048,46.702538
24.736048,46.702538
24.735989,46.702572
24.735989,46.702572
24.735989,46.702572
24.735989,46.702572
24.735989,46.702572
24.735989,46.702572
24.735928,46.702606
24.735928,46.702606
24.735928,46.702606
24.735928,46.702606
24.735928,46.702606
24.735928,46.702606
24.735865,46.702637
24.735865,46.702637
24.735865,46.702637
24.735865,46.702637
24.735865,46.702637
24.735865,46.702637
24.735865,46.702637
24.735804,46.702671
24.735804,46.702671
24.735804,46.702671
24.735804,46.702671
24.735804,46.702671
24.735804,46.702671
24.735741,46.702698
24.735741,46.702698
24.735741,46.702698
24.735741,46.702698
24.735741,46.702698
24.735741,46.702698
24.735682,46.702702
24.735682,46.702702
24.735682,46.702702
24.735682,46.702702
24.735682,46.702702
24.735682,46.702702
24.735682,46.702702
24.735634,46.702671
24.735634,46.702671
24.735634,46.702671
24.735634,46.702671
24.735634,46.702671
24.735634,46.702671
24.735598,46.702621
24.735598,46.702621
24.735598,46.702621
24.735598,46.702621
24.735598,46.702621
24.735598,46.702621
24.735569,46.702560
24.735569,46.702560
24.735569,46.702560
24.735569,46.702560
24.735569,46.702560
24.735569,46.702560
24.735569,46.702560
24.735544,46.702499
24.735544,46.702499
24.735544,46.702499
24.735544,46.702499
24.735544,46.702499
24.735544,46.702499
24.735518,46.702438
24.735518,46.702438
24.735518,46.702438
24.735518,46.702438
24.735518,46.702438
24.735518,46.702438
24.735518,46.702438
24.735489,46.702374
24.735489,46.702374
24.735489,46.702374
24.735489,46.702374
24.735489,46.702374
24.735489,46.702374
24.735458,46.702309
24.735458,46.702309
24.735458,46.702309
24.735458,46.702309
24.735458,46.702309
24.735458,46.702309
24.735430,46.702236
24.735430,46.702236
24.735430,46.702236
24.735430,46.702236
24.735430,46.702236
24.735430,46.702236
24.735430,46.702236
24.735397,46.702164
24.735397,46.702164
24.735397,46.702164
24.735397,46.702164
24.735397,46.702164
24.735397,46.702164
24.735365,46.702087
24.735365,46.702087
24.735365,46.702087
24.735365,46.702087
24.735365,46.702087
24.735365,46.702087
24.735325,46.702011
24.735325,46.702011
24.735325,46.702011
24.735325,46.702011
24.735325,46.702011
24.735325,46.702011
24.735325,46.702011
24.735296,46.701935
24.735296,46.701935
24.735296,46.701935
24.735296,46.701935
24.735296,46.701935
24.735296,46.701935
24.735294,46.701851
24.735294,46.701851
24.735294,46.701851
24.735294,46.701851
24.735294,46.701851
24.735294,46.701851
24.735315,46.701782
24.735315,46.701782
24.735315,46.701782
24.735315,46.701782
24.735315,46.701782
24.735315,46.701782
24.735315,46.701782
24.735348,46.701729
24.735348,46.701729
24.735348,46.701729
24.735348,46.701729
24.735348,46.701729
24.735348,46.701729
24.735407,46.701683
24.735407,46.701683
24.735407,46.701683
24.735407,46.701683
24.735407,46.701683
24.735407,46.701683
24.735479,46.701653
24.735479,46.701653
24.735479,46.701653
24.735479,46.701653
24.735479,46.701653
24.735479,46.701653
24.735479,46.701653
24.735552,46.701614
24.735552,46.701614
24.735552,46.701614
24.735552,46.701614
24.735552,46.701614
24.735552,46.701614
24.735624,46.701580
24.735624,46.701580
24.735624,46.701580
24.735624,46.701580
24.735624,46.701580
24.735624,46.701580
24.735701,46.701542
24.735701,46.701542
24.735701,46.701542
24.735701,46.701542
24.735701,46.701542
24.735701,46.701542
24.735701,46.701542
24.735773,46.701500
24.735773,46.701500
24.735773,46.701500
24.735773,46.701500
24.735773,46.701500
24.735773,46.701500
24.735851,46.701469
24.735851,46.701469
24.735851,46.701469
24.735851,46.701469
24.735851,46.701469
24.735851,46.701469
24.735937,46.701462
24.735937,46.701462
24.735937,46.701462
24.735937,46.701462
24.735937,46.701462
24.735937,46.701462
24.735937,46.701462
24.736002,46.701496
24.736002,46.701496
24.736002,46.701496
24.736002,46.701496
24.736002,46.701496
24.736002,46.701496
24.736055,46.701550
24.736055,46.701550
24.736055,46.701550
24.736055,46.701550
24.736055,46.701550
24.736055,46.701550
24.736090,46.701622
24.736090,46.701622
24.736090,46.701622
24.736090,46.701622
24.736090,46.701622
24.736090,46.701622
24.736090,46.701622
24.736120,46.701698
24.736120,46.701698
24.736120,46.701698
24.736120,46.701698
24.736120,46.701698
24.736120,46.701698
24.736149,46.701775
24.736149,46.701775
24.736149,46.701775
24.736149,46.701775
24.736149,46.701775
24.736149,46.701775
24.736176,46.701851
24.736176,46.701851
24.736176,46.701851
24.736176,46.701851
24.736176,46.701851
24.736176,46.701851
24.736176,46.701851
24.736202,46.701927
24.736202,46.701927
24.736202,46.701927
24.736202,46.701927
24.736202,46.701927
24.736202,46.701927
24.736229,46.702007
24.736229,46.702007
24.736229,46.702007
24.736229,46.702007
24.736229,46.702007
24.736229,46.702007
24.736259,46.702087
24.736259,46.702087
24.736259,46.702087
24.736259,46.702087
24.736259,46.702087
24.736259,46.702087
24.736259,46.702087
24.736294,46.702160
24.736294,46.702160
24.736294,46.702160
24.736294,46.702160
24.736294,46.702160
24.736294,46.702160
24.736319,46.702236
24.736319,46.702236
24.736319,46.702236
24.736319,46.702236
24.736319,46.702236
24.736319,46.702236
24.736324,46.702309
24.736324,46.702309
24.736324,46.702309
24.736324,46.702309
24.736324,46.702309
24.736324,46.702309
24.736324,46.702309
24.736300,46.702374
24.736300,46.702374
24.736300,46.702374
24.736300,46.702374
24.736300,46.702374
24.736300,46.702374
24.736252,46.702419
24.736252,46.702419
24.736252,46.702419
24.736252,46.702419
24.736252,46.702419
24.736252,46.702419
24.736198,46.702457
24.736198,46.702457
24.736198,46.702457
24.736198,46.702457
24.736198,46.702457
24.736198,46.702457
24.736198,46.702457
24.736141,46.702488
24.736141,46.702488
24.736141,46.702488
24.736141,46.702488
24.736141,46.702488
24.736141,46.702488
24.736084,46.702518
24.736084,46.702518
24.736084,46.702518
24.736084,46.702518
24.736084,46.702518
24.736084,46.702518
24.736084,46.702518
24.736027,46.702553
24.736027,46.702553
24.736027,46.702553
24.736027,46.702553
24.736027,46.702553
24.736027,46.702553
24.735968,46.702587
24.735968,46.702587
24.735968,46.702587
24.735968,46.702587
24.735968,46.702587
24.735968,46.702587
24.735907,46.702618
24.735907,46.702618
24.735907,46.702618
24.735907,46.702618
24.735907,46.702618
24.735907,46.702618
24.735907,46.702618
24.735844,46.702648
24.735844,46.702648
24.735844,46.702648
24.735844,46.702648
24.735844,46.702648
24.735844,46.702648
24.735783,46.702679
24.735783,46.702679
24.735783,46.702679
24.735783,46.702679
24.735783,46.702679
24.735783,46.702679
24.735723,46.702705
24.735723,46.702705
24.735723,46.702705
24.735723,46.702705
24.735723,46.702705
24.735723,46.702705
24.735723,46.702705
24.735666,46.702698
24.735666,46.702698
24.735666,46.702698
24.735666,46.702698
24.735666,46.702698
24.735666,46.702698
24.735624,46.702663
24.735624,46.702663
24.735624,46.702663
24.735624,46.702663
24.735624,46.702663
24.735624,46.702663
24.735594,46.702618
24.735594,46.702618
24.735594,46.702618
24.735594,46.702618
24.735594,46.702618
24.735594,46.702618
24.735594,46.702618
24.735571,46.702560
24.735571,46.702560
24.735571,46.702560
24.735571,46.702560
24.735571,46.702560
24.735571,46.702560
24.735542,46.702503
24.735542,46.702503
24.735542,46.702503
24.735542,46.702503
24.735542,46.702503
24.735542,46.702503
24.735516,46.702442
24.735516,46.702442
24.735516,46.702442
24.735516,46.702442
24.735516,46.702442
24.735516,46.702442
24.735516,46.702442
24.735487,46.702381
24.735487,46.702381
24.735487,46.702381
24.735487,46.702381
24.735487,46.702381
24.735487,46.702381
24.735456,46.702312
24.735456,46.702312
24.735456,46.702312
24.735456,46.702312
24.735456,46.702312
24.735456,46.702312
24.735430,46.702244
24.735430,46.702244
24.735430,46.702244
24.735430,46.702244
24.735430,46.702244
24.735430,46.702244
24.735430,46.702244
24.735399,46.702175
24.735399,46.702175
24.735399,46.702175
24.735399,46.702175
24.735399,46.702175
24.735399,46.702175
24.735367,46.702103
24.735367,46.702103
24.735367,46.702103
24.735367,46.702103
24.735367,46.702103
24.735367,46.702103
24.735336,46.702026
24.735336,46.702026
24.735336,46.702026
24.735336,46.702026
24.735336,46.702026
24.735336,46.702026
24.735336,46.702026
24.735308,46.701954
24.735308,46.701954
24.735308,46.701954
24.735308,46.701954
24.735308,46.701954
24.735308,46.701954
24.735291,46.701874
24.735291,46.701874
24.735291,46.701874
24.735291,46.701874
24.735291,46.701874
24.735291,46.701874
24.735304,46.701805
24.735304,46.701805
24.735304,46.701805
24.735304,46.701805
24.735304,46.701805
24.735304,46.701805
24.735304,46.701805
24.735340,46.701748
24.735340,46.701748
24.735340,46.701748
24.735340,46.701748
24.735340,46.701748
24.735340,46.701748
24.735399,46.701710
24.735399,46.701710
24.735399,46.701710
24.735399,46.701710
24.735399,46.701710
24.735399,46.701710
24.735464,46.701679
24.735464,46.701679
24.735464,46.701679
24.735464,46.701679
24.735464,46.701679
24.735464,46.701679
24.735464,46.701679
24.735533,46.701645
24.735533,46.701645
24.735533,46.701645
24.735533,46.701645
24.735533,46.701645
24.735533,46.701645
24.735607,46.701611
24.735607,46.701611
24.735607,46.701611
24.735607,46.701611
24.735607,46.701611
24.735607,46.701611
24.735683,46.701576
24.735683,46.701576
24.735683,46.701576
24.735683,46.701576
24.735683,46.701576
24.735683,46.701576
24.735683,46.701576
24.735760,46.701534
24.735760,46.701534
24.735760,46.701534
24.735760,46.701534
24.735760,46.701534
24.735760,46.701534
24.735838,46.701496
24.735838,46.701496
24.735838,46.701496
24.735838,46.701496
24.735838,46.701496
24.735838,46.701496
24.735838,46.701496
24.735914,46.701477
24.735914,46.701477
24.735914,46.701477
24.735914,46.701477
24.735914,46.701477
24.735914,46.701477
24.735996,46.701485
24.735996,46.701485
24.735996,46.701485
24.735996,46.701485
24.735996,46.701485
24.735996,46.701485
24.736053,46.701530
24.736053,46.701530
24.736053,46.701530
24.736053,46.701530
24.736053,46.701530
24.736053,46.701530
24.736053,46.701530
24.736094,46.701591
24.736094,46.701591
24.736094,46.701591
24.736094,46.701591
24.736094,46.701591
24.736094,46.701591
24.736120,46.701660
24.736120,46.701660
24.736120,46.701660
24.736120,46.701660
24.736120,46.701660
24.736120,46.701660
24.736147,46.701733
24.736147,46.701733
24.736147,46.701733
24.736147,46.701733
24.736147,46.701733
24.736147,46.701733
24.736147,46.701733
24.736176,46.701809
24.736176,46.701809
24.736176,46.701809
24.736176,46.701809
24.736176,46.701809
24.736176,46.701809
24.736202,46.701881
24.736202,46.701881
24.736202,46.701881
24.736202,46.701881
24.736202,46.701881
24.736202,46.701881
24.736227,46.701958
24.736227,46.701958
24.736227,46.701958
24.736227,46.701958
24.736227,46.701958
24.736227,46.701958
24.736227,46.701958
24.736256,46.702030
24.736256,46.702030
24.736256,46.702030
24.736256,46.702030
24.736256,46.702030
24.736256,46.702030
24.736284,46.702106
24.736284,46.702106
24.736284,46.702106
24.736284,46.702106
24.736284,46.702106
24.736284,46.702106
24.736315,46.702183
24.736315,46.702183
24.736315,46.702183
24.736315,46.702183
24.736315,46.702183
24.736315,46.702183
24.736315,46.702183
24.736332,46.702259
24.736332,46.702259
24.736332,46.702259
24.736332,46.702259
24.736332,46.702259
24.736332,46.702259
24.736324,46.702335
24.736324,46.702335
24.736324,46.702335
24.736324,46.702335
24.736324,46.702335
24.736324,46.702335
24.736298,46.702396
24.736298,46.702396
24.736298,46.702396
24.736298,46.702396
24.736298,46.702396
24.736298,46.702396
24.736298,46.702396
24.736254,46.702431
24.736254,46.702431
24.736254,46.702431
24.736254,46.702431
24.736254,46.702431
24.736254,46.702431
24.736198,46.702465
24.736198,46.702465
24.736198,46.702465
24.736198,46.702465
24.736198,46.702465
24.736198,46.702465
24.736141,46.702499
24.736141,46.702499
24.736141,46.702499
24.736141,46.702499
24.736141,46.702499
24.736141,46.702499
24.736141,46.702499
24.736084,46.702526
24.736084,46.702526
24.736084,46.702526
24.736084,46.702526
24.736084,46.702526
24.736084,46.702526
24.736025,46.702560
24.736025,46.702560
24.736025,46.702560
24.736025,46.702560
24.736025,46.702560
24.736025,46.702560
24.735964,46.702595
24.735964,46.702595
24.735964,46.702595
24.735964,46.702595
24.735964,46.702595
24.735964,46.702595
24.735964,46.702595
24.735901,46.702625
24.735901,46.702625
24.735901,46.702625
24.735901,46.702625
24.735901,46.702625
24.735901,46.702625
24.735842,46.702656
24.735842,46.702656
24.735842,46.702656
24.735842,46.702656
24.735842,46.702656
24.735842,46.702656
24.735786,46.702686
24.735786,46.702686
24.735786,46.702686
24.735786,46.702686
24.735786,46.702686
24.735786,46.702686
24.735786,46.702686
24.735729,46.702709
24.735729,46.702709
24.735729,46.702709
24.735729,46.702709
24.735729,46.702709
24.735729,46.702709
24.735674,46.702709
24.735674,46.702709
24.735674,46.702709
24.735674,46.702709
24.735674,46.702709
24.735674,46.702709
24.735628,46.702686
24.735628,46.702686
24.735628,46.702686
24.735628,46.702686
24.735628,46.702686
24.735628,46.702686
24.735628,46.702686
24.735596,46.702637
24.735596,46.702637
24.735596,46.702637
24.735596,46.702637
24.735596,46.702637
24.735596,46.702637
24.735571,46.702583
24.735571,46.702583
24.735571,46.702583
24.735571,46.702583
24.735571,46.702583
24.735571,46.702583
24.735546,46.702530
24.735546,46.702530
24.735546,46.702530
24.735546,46.702530
24.735546,46.702530
24.735546,46.702530
24.735546,46.702530
24.735518,46.702473
24.735518,46.702473
24.735518,46.702473
24.735518,46.702473
24.735518,46.702473
24.735518,46.702473
24.735489,46.702412
24.735489,46.702412
24.735489,46.702412
24.735489,46.702412
24.735489,46.702412
24.735489,46.702412
24.735489,46.702412
24.735458,46.702347
24.735458,46.702347
24.735458,46.702347
24.735458,46.702347
24.735458,46.702347
24.735458,46.702347
24.735430,46.702282
24.735430,46.702282
24.735430,46.702282
24.735430,46.702282
24.735430,46.702282
24.735430,46.702282
24.735401,46.702213
24.735401,46.702213
24.735401,46.702213
24.735401,46.702213
24.735401,46.702213
24.735401,46.702213
24.735401,46.702213
24.735371,46.702141
24.735371,46.702141
24.735371,46.702141
24.735371,46.702141
24.735371,46.702141
24.735371,46.702141
24.735340,46.702068
24.735340,46.702068
24.735340,46.702068
24.735340,46.702068
24.735340,46.702068
24.735340,46.702068
24.735312,46.701996
24.735312,46.701996
24.735312,46.701996
24.735312,46.701996
24.735312,46.701996
24.735312,46.701996
24.735312,46.701996
24.735292,46.701916
24.735292,46.701916
24.735292,46.701916
24.735292,46.701916
24.735292,46.701916
24.735292,46.701916
24.735306,46.701839
24.735306,46.701839
24.735306,46.701839
24.735306,46.701839
24.735306,46.701839
24.735306,46.701839
24.735340,46.701778
24.735340,46.701778
24.735340,46.701778
24.735340,46.701778
24.735340,46.701778
24.735340,46.701778
24.735340,46.701778
24.735394,46.701733
24.735394,46.701733
24.735394,46.701733
24.735394,46.701733
24.735394,46.701733
24.735394,46.701733
24.735458,46.701698
24.735458,46.701698
24.735458,46.701698
24.735458,46.701698
24.735458,46.701698
24.735458,46.701698
24.735533,46.701664
24.735533,46.701664
24.735533,46.701664
24.735533,46.701664
24.735533,46.701664
24.735533,46.701664
24.735533,46.701664
24.735605,46.701626
24.735605,46.701626
24.735605,46.701626
24.735605,46.701626
24.735605,46.701626
24.735605,46.701626
24.735680,46.701591
24.735680,46.701591
24.735680,46.701591
24.735680,46.701591
24.735680,46.701591
24.735680,46.701591
24.735760,46.701550
24.735760,46.701550
24.735760,46.701550
24.735760,46.701550
24.735760,46.701550
24.735760,46.701550
24.735760,46.701550
24.735832,46.701511
24.735832,46.701511
24.735832,46.701511
24.735832,46.701511
24.735832,46.701511
24.735832,46.701511
24.735903,46.701485
24.735903,46.701485
24.735903,46.701485
24.735903,46.701485
24.735903,46.701485
24.735903,46.701485
24.735975,46.701496
24.735975,46.701496
24.735975,46.701496
24.735975,46.701496
24.735975,46.701496
24.735975,46.701496
24.735975,46.701496
24.736034,46.701542
24.736034,46.701542
24.736034,46.701542
24.736034,46.701542
24.736034,46.701542
24.736034,46.701542
24.736078,46.701599
24.736078,46.701599
24.736078,46.701599
24.736078,46.701599
24.736078,46.701599
24.736078,46.701599
24.736113,46.701668
24.736113,46.701668
24.736113,46.701668
24.736113,46.701668
24.736113,46.701668
24.736113,46.701668
24.736113,46.701668
24.736143,46.701740
24.736143,46.701740
24.736143,46.701740
24.736143,46.701740
24.736143,46.701740
24.736143,46.701740
24.736174,46.701813
24.736174,46.701813
24.736174,46.701813
24.736174,46.701813
24.736174,46.701813
24.736174,46.701813
24.736198,46.701885
24.736198,46.701885
24.736198,46.701885
24.736198,46.701885
24.736198,46.701885
24.736198,46.701885
24.736198,46.701885
24.736223,46.701965
24.736223,46.701965
24.736223,46.701965
24.736223,46.701965
24.736223,46.701965
24.736223,46.701965
24.736254,46.702042
24.736254,46.702042
24.736254,46.702042
24.736254,46.702042
24.736254,46.702042
24.736254,46.702042
24.736254,46.702042
24.736284,46.702122
24.736284,46.702122
24.736284,46.702122
24.736284,46.702122
24.736284,46.702122
24.736284,46.702122
24.736313,46.702198
24.736313,46.702198
24.736313,46.702198
24.736313,46.702198
24.736313,46.702198
24.736313,46.702198
24.736330,46.702278
24.736330,46.702278
24.736330,46.702278
24.736330,46.702278
24.736330,46.702278
24.736330,46.702278
24.736330,46.702278
24.736315,46.702354
24.736315,46.702354
24.736315,46.702354
24.736315,46.702354
24.736315,46.702354
24.736315,46.702354
24.736280,46.702412
24.736280,46.702412
24.736280,46.702412
24.736280,46.702412
24.736280,46.702412
24.736280,46.702412
24.736229,46.702450
24.736229,46.702450
24.736229,46.702450
24.736229,46.702450
24.736229,46.702450
24.736229,46.702450
24.736229,46.702450
24.736174,46.702480
24.736174,46.702480
24.736174,46.702480
24.736174,46.702480
24.736174,46.702480
24.736174,46.702480
24.736115,46.702515
24.736115,46.702515
24.736115,46.702515
24.736115,46.702515
24.736115,46.702515
24.736115,46.702515
24.736055,46.702538
24.736055,46.702538
24.736055,46.702538
24.736055,46.702538
24.736055,46.702538
24.736055,46.702538
24.736055,46.702538
24.735994,46.702568
24.735994,46.702568
24.735994,46.702568
24.735994,46.702568
24.735994,46.702568
24.735994,46.702568
24.735929,46.702602
24.735929,46.702602
24.735929,46.702602
24.735929,46.702602
24.735929,46.702602
24.735929,46.702602
24.735867,46.702641
24.735867,46.702641
24.735867,46.702641
24.735867,46.702641
24.735867,46.702641
24.735867,46.702641
24.735867,46.702641
24.735804,46.702679
24.735804,46.702679
24.735804,46.702679
24.735804,46.702679
24.735804,46.702679
24.735804,46.702679
24.735741,46.702713
24.735741,46.702713
24.735741,46.702713
24.735741,46.702713
24.735741,46.702713
24.735741,46.702713
24.735674,46.702724
24.735674,46.702724
24.735674,46.702724
24.735674,46.702724
24.735674,46.702724
24.735674,46.702724
24.735674,46.702724
24.735624,46.702698
24.735624,46.702698
24.735624,46.702698
24.735624,46.702698
24.735624,46.702698
24.735624,46.702698
24.735592,46.702652
24.735592,46.702652
24.735592,46.702652
24.735592,46.702652
24.735592,46.702652
24.735592,46.702652
24.735559,46.702599
24.735559,46.702599
24.735559,46.702599
24.735559,46.702599
24.735559,46.702599
24.735559,46.702599
24.735559,46.702599
24.735531,46.702534
24.735531,46.702534
24.735531,46.702534
24.735531,46.702534
24.735531,46.702534
24.735531,46.702534
24.735502,46.702473
24.735502,46.702473
24.735502,46.702473
24.735502,46.702473
24.735502,46.702473
24.735502,46.702473
24.735474,46.702408
24.735474,46.702408
24.735474,46.702408
24.735474,46.702408
24.735474,46.702408
24.735474,46.702408
24.735474,46.702408
24.735443,46.702339
24.735443,46.702339
24.735443,46.702339
24.735443,46.702339
24.735443,46.702339
24.735443,46.702339
24.735413,46.702263
24.735413,46.702263
24.735413,46.702263
24.735413,46.702263
24.735413,46.702263
24.735413,46.702263
24.735382,46.702190
24.735382,46.702190
24.735382,46.702190
24.735382,46.702190
24.735382,46.702190
24.735382,46.702190
24.735382,46.702190
24.735348,46.702118
24.735348,46.702118
24.735348,46.702118
24.735348,46.702118
24.735348,46.702118
24.735348,46.702118
24.735315,46.702038
24.735315,46.702038
24.735315,46.702038
24.735315,46.702038
24.735315,46.702038
24.735315,46.702038
24.735291,46.701954
24.735291,46.701954
24.735291,46.701954
24.735291,46.701954
24.735291,46.701954
24.735291,46.701954
24.735291,46.701954
24.735289,46.701874
24.735289,46.701874
24.735289,46.701874
24.735289,46.701874
24.735289,46.701874
24.735289,46.701874
24.735312,46.701805
24.735312,46.701805
24.735312,46.701805
24.735312,46.701805
24.735312,46.701805
24.735312,46.701805
24.735363,46.701748
24.735363,46.701748
24.735363,46.701748
24.735363,46.701748
24.735363,46.701748
24.735363,46.701748
24.735363,46.701748
24.735430,46.701710
24.735430,46.701710
24.735430,46.701710
24.735430,46.701710
24.735430,46.701710
24.735430,46.701710
24.735497,46.701668
24.735497,46.701668
24.735497,46.701668
24.735497,46.701668
24.735497,46.701668
24.735497,46.701668
24.735565,46.701630
24.735565,46.701630
24.735565,46.701630
24.735565,46.701630
24.735565,46.701630
24.735565,46.701630
24.735565,46.701630
24.735636,46.701599
24.735636,46.701599
24.735636,46.701599
24.735636,46.701599
24.735636,46.701599
24.735636,46.701599
24.735701,46.701550
24.735701,46.701550
24.735701,46.701550
24.735701,46.701550
24.735701,46.701550
24.735701,46.701550
24.735777,46.701508
24.735777,46.701508
24.735777,46.701508
24.735777,46.701508
24.735777,46.701508
24.735777,46.701508
24.735777,46.701508
24.735851,46.701485
24.735851,46.701485
24.735851,46.701485
24.735851,46.701485
24.735851,46.701485
24.735851,46.701485
24.735929,46.701496
24.735929,46.701496
24.735929,46.701496
24.735929,46.701496
24.735929,46.701496
24.735929,46.701496
24.735929,46.701496
24.735994,46.701534
24.735994,46.701534
24.735994,46.701534
24.735994,46.701534
24.735994,46.701534
24.735994,46.701534
24.736040,46.701591
24.736040,46.701591
24.736040,46.701591
24.736040,46.701591
24.736040,46.701591
24.736040,46.701591
24.736073,46.701660
24.736073,46.701660
24.736073,46.701660
24.736073,46.701660
24.736073,46.701660
24.736073,46.701660
24.736073,46.701660
24.736099,46.701736
24.736099,46.701736
24.736099,46.701736
24.736099,46.701736
24.736099,46.701736
24.736099,46.701736
24.736128,46.701813
24.736128,46.701813
24.736128,46.701813
24.736128,46.701813
24.736128,46.701813
24.736128,46.701813
24.736156,46.701889
24.736156,46.701889
24.736156,46.701889
24.736156,46.701889
24.736156,46.701889
24.736156,46.701889
24.736156,46.701889
24.736185,46.701969
24.736185,46.701969
24.736185,46.701969
24.736185,46.701969
24.736185,46.701969
24.736185,46.701969
24.736217,46.702045
24.736217,46.702045
24.736217,46.702045
24.736217,46.702045
24.736217,46.702045
24.736217,46.702045
24.736252,46.702122
24.736252,46.702122
24.736252,46.702122
24.736252,46.702122
24.736252,46.702122
24.736252,46.702122
24.736252,46.702122
24.736284,46.702198
24.736284,46.702198
24.736284,46.702198
24.736284,46.702198
24.736284,46.702198
24.736284,46.702198
24.736305,46.702271
24.736305,46.702271
24.736305,46.702271
24.736305,46.702271
24.736305,46.702271
24.736305,46.702271
24.736298,46.702347
24.736298,46.702347
24.736298,46.702347
24.736298,46.702347
24.736298,46.702347
24.736298,46.702347
24.736298,46.702347
24.736269,46.702404
24.736269,46.702404
24.736269,46.702404
24.736269,46.702404
24.736269,46.702404
24.736269,46.702404
24.736223,46.702438
24.736223,46.702438
24.736223,46.702438
24.736223,46.702438
24.736223,46.702438
24.736223,46.702438
24.736168,46.702469
24.736168,46.702469
24.736168,46.702469
24.736168,46.702469
24.736168,46.702469
24.736168,46.702469
24.736168,46.702469
24.736113,46.702499
24.736113,46.702499
24.736113,46.702499
24.736113,46.702499
24.736113,46.702499
24.736113,46.702499
24.736059,46.702530
24.736059,46.702530
24.736059,46.702530
24.736059,46.702530
24.736059,46.702530
24.736059,46.702530
24.736000,46.702557
24.736000,46.702557
24.736000,46.702557
24.736000,46.702557
24.736000,46.702557
24.736000,46.702557
24.736000,46.702557
24.735943,46.702587
24.735943,46.702587
24.735943,46.702587
24.735943,46.702587
24.735943,46.702587
24.735943,46.702587
24.735884,46.702621
24.735884,46.702621
24.735884,46.702621
24.735884,46.702621
24.735884,46.702621
24.735884,46.702621
24.735825,46.702652
24.735825,46.702652
24.735825,46.702652
24.735825,46.702652
24.735825,46.702652
24.735825,46.702652
24.735825,46.702652
24.735764,46.702686
24.735764,46.702686
24.735764,46.702686
24.735764,46.702686
24.735764,46.702686
24.735764,46.702686
24.735701,46.702709
24.735701,46.702709
24.735701,46.702709
24.735701,46.702709
24.735701,46.702709
24.735701,46.702709
24.735643,46.702702
24.735643,46.702702
24.735643,46.702702
24.735643,46.702702
24.735643,46.702702
24.735643,46.702702
24.735643,46.702702
24.735605,46.702663
24.735605,46.702663
24.735605,46.702663
24.735605,46.702663
24.735605,46.702663
24.735605,46.702663
24.735579,46.702606
24.735579,46.702606
24.735579,46.702606
24.735579,46.702606
24.735579,46.702606
24.735579,46.702606
24.735554,46.702549
24.735554,46.702549
24.735554,46.702549
24.735554,46.702549
24.735554,46.702549
24.735554,46.702549
24.735554,46.702549
24.735525,46.702488
24.735525,46.702488
24.735525,46.702488
24.735525,46.702488
24.735525,46.702488
24.735525,46.702488
24.735497,46.702423
24.735497,46.702423
24.735497,46.702423
24.735497,46.702423
24.735497,46.702423
24.735497,46.702423
24.735497,46.702423
24.735466,46.702358
24.735466,46.702358
24.735466,46.702358
24.735466,46.702358
24.735466,46.702358
24.735466,46.702358
24.735434,46.702293
24.735434,46.702293
24.735434,46.702293
24.735434,46.702293
24.735434,46.702293
24.735434,46.702293
24.735403,46.702221
24.735403,46.702221
24.735403,46.702221
24.735403,46.702221
24.735403,46.702221
24.735403,46.702221
24.735403,46.702221
24.735369,46.702148
24.735369,46.702148
24.735369,46.702148
24.735369,46.702148
24.735369,46.702148
24.735369,46.702148
24.735334,46.702068
24.735334,46.702068
24.735334,46.702068
24.735334,46.702068
24.735334,46.702068
24.735334,46.702068
24.735306,46.701992
24.735306,46.701992
24.735306,46.701992
24.735306,46.701992
24.735306,46.701992
24.735306,46.701992
24.735306,46.701992
24.735289,46.701912
24.735289,46.701912
24.735289,46.701912
24.735289,46.701912
24.735289,46.701912
24.735289,46.701912
24.735296,46.701828
24.735296,46.701828
24.735296,46.701828
24.735296,46.701828
24.735296,46.701828
24.735296,46.701828
24.735342,46.701763
24.735342,46.701763
24.735342,46.701763
24.735342,46.701763
24.735342,46.701763
24.735342,46.701763
24.735342,46.701763
24.735405,46.701710
24.735405,46.701710
24.735405,46.701710
24.735405,46.701710
24.735405,46.701710
24.735405,46.701710
24.735476,46.701668
24.735476,46.701668
24.735476,46.701668
24.735476,46.701668
24.735476,46.701668
24.735476,46.701668
24.735546,46.701626
24.735546,46.701626
24.735546,46.701626
24.735546,46.701626
24.735546,46.701626
24.735546,46.701626
24.735546,46.701626
24.735615,46.701584
24.735615,46.701584
24.735615,46.701584
24.735615,46.701584
24.735615,46.701584
24.735615,46.701584
24.735691,46.701542
24.735691,46.701542
24.735691,46.701542
24.735691,46.701542
24.735691,46.701542
24.735691,46.701542
24.735773,46.701496
24.735773,46.701496
24.735773,46.701496
24.735773,46.701496
24.735773,46.701496
24.735773,46.701496
24.735773,46.701496
24.735859,46.701466
24.735859,46.701466
24.735859,46.701466
24.735859,46.701466
24.735859,46.701466
24.735859,46.701466
24.735941,46.701462
24.735941,46.701462
24.735941,46.701462
24.735941,46.701462
24.735941,46.701462
24.735941,46.701462
24.736008,46.701496
24.736008,46.701496
24.736008,46.701496
24.736008,46.701496
24.736008,46.701496
24.736008,46.701496
24.736008,46.701496
24.736059,46.701557
24.736059,46.701557
24.736059,46.701557
24.736059,46.701557
24.736059,46.701557
24.736059,46.701557
24.736094,46.701630
24.736094,46.701630
24.736094,46.701630
24.736094,46.701630
24.736094,46.701630
24.736094,46.701630
24.736126,46.701706
24.736126,46.701706
24.736126,46.701706
24.736126,46.701706
24.736126,46.701706
24.736126,46.701706
24.736126,46.701706
24.736156,46.701786
24.736156,46.701786
24.736156,46.701786
24.736156,46.701786
24.736156,46.701786
24.736156,46.701786
24.736189,46.701866
24.736189,46.701866
24.736189,46.701866
24.736189,46.701866
24.736189,46.701866
24.736189,46.701866
24.736221,46.701946
24.736221,46.701946
24.736221,46.701946
24.736221,46.701946
24.736221,46.701946
24.736221,46.701946
24.736221,46.701946
24.736246,46.702030
24.736246,46.702030
24.736246,46.702030
24.736246,46.702030
24.736246,46.702030
24.736246,46.702030
24.736277,46.702114
24.736277,46.702114
24.736277,46.702114
24.736277,46.702114
24.736277,46.702114
24.736277,46.702114
24.736309,46.702194
24.736309,46.702194
24.736309,46.702194
24.736309,46.702194
24.736309,46.702194
24.736309,46.702194
24.736309,46.702194
24.736322,46.702274
24.736322,46.702274
24.736322,46.702274
24.736322,46.702274
24.736322,46.702274
24.736322,46.702274
24.736309,46.702347
24.736309,46.702347
24.736309,46.702347
24.736309,46.702347
24.736309,46.702347
24.736309,46.702347
24.736269,46.702396
24.736269,46.702396
24.736269,46.702396
24.736269,46.702396
24.736269,46.702396
24.736269,46.702396
24.736269,46.702396
24.736212,46.702435
24.736212,46.702435
24.736212,46.702435
24.736212,46.702435
24.736212,46.702435
24.736212,46.702435
24.736151,46.702469
24.736151,46.702469
24.736151,46.702469
24.736151,46.702469
24.736151,46.702469
24.736151,46.702469
24.736090,46.702507
24.736090,46.702507
24.736090,46.702507
24.736090,46.702507
24.736090,46.702507
24.736090,46.702507
24.736090,46.702507
24.736027,46.702534
24.736027,46.702534
24.736027,46.702534
24.736027,46.702534
24.736027,46.702534
24.736027,46.702534
24.735964,46.702568
24.735964,46.702568
24.735964,46.702568
24.735964,46.702568
24.735964,46.702568
24.735964,46.702568
24.735964,46.702568
24.735897,46.702606
24.735897,46.702606
24.735897,46.702606
24.735897,46.702606
24.735897,46.702606
24.735897,46.702606
24.735832,46.702641
24.735832,46.702641
24.735832,46.702641
24.735832,46.702641
24.735832,46.702641
24.735832,46.702641
24.735767,46.702675
24.735767,46.702675
24.735767,46.702675
24.735767,46.702675
24.735767,46.702675
24.735767,46.702675
24.735767,46.702675
24.735703,46.702702
24.735703,46.702702
24.735703,46.702702
24.735703,46.702702
24.735703,46.702702
24.735703,46.702702
24.735640,46.702698
24.735640,46.702698
24.735640,46.702698
24.735640,46.702698
24.735640,46.702698
24.735640,46.702698
24.735596,46.702667
24.735596,46.702667
24.735596,46.702667
24.735596,46.702667
24.735596,46.702667
24.735596,46.702667
24.735596,46.702667
24.735561,46.702610
24.735561,46.702610
24.735561,46.702610
24.735561,46.702610
24.735561,46.702610
24.735561,46.702610
24.735529,46.702549
24.735529,46.702549
24.735529,46.702549
24.735529,46.702549
24.735529,46.702549
24.735529,46.702549
24.735495,46.702488
24.735495,46.702488
24.735495,46.702488
24.735495,46.702488
24.735495,46.702488
24.735495,46.702488
24.735495,46.702488
24.735464,46.702423
24.735464,46.702423
24.735464,46.702423
24.735464,46.702423
24.735464,46.702423
24.735464,46.702423
24.735439,46.702351
24.735439,46.702351
24.735439,46.702351
24.735439,46.702351
24.735439,46.702351
24.735439,46.702351
24.735413,46.702282
24.735413,46.702282
24.735413,46.702282
24.735413,46.702282
24.735413,46.702282
24.735413,46.702282
24.735413,46.702282
24.735382,46.702206
24.735382,46.702206
24.735382,46.702206
24.735382,46.702206
24.735382,46.702206
24.735382,46.702206
24.735350,46.702129
24.735350,46.702129
24.735350,46.702129
24.735350,46.702129
24.735350,46.702129
24.735350,46.702129
24.735317,46.702049
24.735317,46.702049
24.735317,46.702049
24.735317,46.702049
24.735317,46.702049
24.735317,46.702049
24.735317,46.702049
24.735292,46.701965
24.735292,46.701965
24.735292,46.701965
24.735292,46.701965
24.735292,46.701965
24.735292,46.701965
24.735291,46.701878
24.735291,46.701878
24.735291,46.701878
24.735291,46.701878
24.735291,46.701878
24.735291,46.701878
24.735312,46.701797
24.735312,46.701797
24.735312,46.701797
24.735312,46.701797
24.735312,46.701797
24.735312,46.701797
24.735312,46.701797
24.735365,46.701740
24.735365,46.701740
24.735365,46.701740
24.735365,46.701740
24.735365,46.701740
24.735365,46.701740
24.735434,46.701694
24.735434,46.701694
24.735434,46.701694
24.735434,46.701694
24.735434,46.701694
24.735434,46.701694
24.735504,46.701660
24.735504,46.701660
24.735504,46.701660
24.735504,46.701660
24.735504,46.701660
24.735504,46.701660
24.735504,46.701660
24.735579,46.701622
24.735579,46.701622
24.735579,46.701622
24.735579,46.701622
24.735579,46.701622
24.735579,46.701622
24.735647,46.701576
24.735647,46.701576
24.735647,46.701576
24.735647,46.701576
24.735647,46.701576
24.735647,46.701576
24.735720,46.701534
24.735720,46.701534
24.735720,46.701534
24.735720,46.701534
24.735720,46.701534
24.735720,46.701534
24.735720,46.701534
24.735794,46.701492
24.735794,46.701492
24.735794,46.701492
24.735794,46.701492
24.735794,46.701492
24.735794,46.701492
24.735872,46.701466
24.735872,46.701466
24.735872,46.701466
24.735872,46.701466
24.735872,46.701466
24.735872,46.701466
24.735950,46.701469
24.735950,46.701469
24.735950,46.701469
24.735950,46.701469
24.735950,46.701469
24.735950,46.701469
24.735950,46.701469
24.736010,46.701508
24.736010,46.701508
24.736010,46.701508
24.736010,46.701508
24.736010,46.701508
24.736010,46.701508
24.736055,46.701561
24.736055,46.701561
24.736055,46.701561
24.736055,46.701561
24.736055,46.701561
24.736055,46.701561
24.736088,46.701633
24.736088,46.701633
24.736088,46.701633
24.736088,46.701633
24.736088,46.701633
24.736088,46.701633
24.736088,46.701633
24.736116,46.701706
24.736116,46.701706
24.736116,46.701706
24.736116,46.701706
24.736116,46.701706
24.736116,46.701706
24.736147,46.701778
24.736147,46.701778
24.736147,46.701778
24.736147,46.701778
24.736147,46.701778
24.736147,46.701778
24.736147,46.701778
24.736176,46.701851
24.736176,46.701851
24.736176,46.701851
24.736176,46.701851
24.736176,46.701851
24.736176,46.701851
24.736206,46.701923
24.736206,46.701923
24.736206,46.701923
24.736206,46.701923
24.736206,46.701923
24.736206,46.701923
24.736240,46.701996
24.736240,46.701996
24.736240,46.701996
24.736240,46.701996
24.736240,46.701996
24.736240,46.701996
24.736240,46.701996
24.736275,46.702068
24.736275,46.702068
24.736275,46.702068
24.736275,46.702068
24.736275,46.702068
24.736275,46.702068
24.736307,46.702145
24.736307,46.702145
24.736307,46.702145
24.736307,46.702145
24.736307,46.702145
24.736307,46.702145
24.736328,46.702217
24.736328,46.702217
24.736328,46.702217
24.736328,46.702217
24.736328,46.702217
24.736328,46.702217
24.736328,46.702217
24.736340,46.702290
24.736340,46.702290
24.736340,46.702290
24.736340,46.702290
24.736340,46.702290
24.736340,46.702290
24.736322,46.702358
24.736322,46.702358
24.736322,46.702358
24.736322,46.702358
24.736322,46.702358
24.736322,46.702358
24.736282,46.702404
24.736282,46.702404
24.736282,46.702404
24.736282,46.702404
24.736282,46.702404
24.736282,46.702404
24.736282,46.702404
24.736231,46.702438
24.736231,46.702438
24.736231,46.702438
24.736231,46.702438
24.736231,46.702438
24.736231,46.702438
24.736176,46.702469
24.736176,46.702469
24.736176,46.702469
24.736176,46.702469
24.736176,46.702469
24.736176,46.702469
24.736120,46.702499
24.736120,46.702499
24.736120,46.702499
24.736120,46.702499
24.736120,46.702499
24.736120,46.702499
24.736120,46.702499
24.736061,46.702526
24.736061,46.702526
24.736061,46.702526
24.736061,46.702526
24.736061,46.702526
24.736061,46.702526
24.736000,46.702557
24.736000,46.702557
24.736000,46.702557
24.736000,46.702557
24.736000,46.702557
24.736000,46.702557
24.735939,46.702591
24.735939,46.702591
24.735939,46.702591
24.735939,46.702591
24.735939,46.702591
24.735939,46.702591
24.735939,46.702591
24.735878,46.702625
24.735878,46.702625
24.735878,46.702625
24.735878,46.702625
24.735878,46.702625
24.735878,46.702625
24.735819,46.702663
24.735819,46.702663
24.735819,46.702663
24.735819,46.702663
24.735819,46.702663
24.735819,46.702663
24.735762,46.702698
24.735762,46.702698
24.735762,46.702698
24.735762,46.702698
24.735762,46.702698
24.735762,46.702698
24.735762,46.702698
24.735701,46.702724
24.735701,46.702724
24.735701,46.702724
24.735701,46.702724
24.735701,46.702724
24.735701,46.702724
24.735645,46.702721
24.735645,46.702721
24.735645,46.702721
24.735645,46.702721
24.735645,46.702721
24.735645,46.702721
24.735605,46.702686
24.735605,46.702686
24.735605,46.702686
24.735605,46.702686
24.735605,46.702686
24.735605,46.702686
24.735605,46.702686
24.735573,46.702637
24.735573,46.702637
24.735573,46.702637
24.735573,46.702637
24.735573,46.702637
24.735573,46.702637
24.735546,46.702583
24.735546,46.702583
24.735546,46.702583
24.735546,46.702583
24.735546,46.702583
24.735546,46.702583
24.735518,46.702526
24.735518,46.702526
24.735518,46.702526
24.735518,46.702526
24.735518,46.702526
24.735518,46.702526
24.735518,46.702526
24.735491,46.702465
24.735491,46.702465
24.735491,46.702465
24.735491,46.702465
24.735491,46.702465
24.735491,46.702465
24.735462,46.702404
24.735462,46.702404
24.735462,46.702404
24.735462,46.702404
24.735462,46.702404
24.735462,46.702404
24.735434,46.702335
24.735434,46.702335
24.735434,46.702335
24.735434,46.702335
24.735434,46.702335
24.735434,46.702335
24.735434,46.702335
24.735407,46.702267
24.735407,46.702267
24.735407,46.702267
24.735407,46.702267
24.735407,46.702267
24.735407,46.702267
24.735378,46.702194
24.735378,46.702194
24.735378,46.702194
24.735378,46.702194
24.735378,46.702194
24.735378,46.702194
24.735348,46.702122
24.735348,46.702122
24.735348,46.702122
24.735348,46.702122
24.735348,46.702122
24.735348,46.702122
24.735348,46.702122
24.735313,46.702053
24.735313,46.702053
24.735313,46.702053
24.735313,46.702053
24.735313,46.702053
24.735313,46.702053
24.735287,46.701977
24.735287,46.701977
24.735287,46.701977
24.735287,46.701977
24.735287,46.701977
24.735287,46.701977
24.735287,46.701977
24.735287,46.701897
24.735287,46.701897
24.735287,46.701897
24.735287,46.701897
24.735287,46.701897
24.735287,46.701897
24.735300,46.701820
24.735300,46.701820
24.735300,46.701820
24.735300,46.701820
24.735300,46.701820
24.735300,46.701820
24.735342,46.701756
24.735342,46.701756
24.735342,46.701756
24.735342,46.701756
24.735342,46.701756
24.735342,46.701756
24.735342,46.701756
24.735405,46.701710
24.735405,46.701710
24.735405,46.701710
24.735405,46.701710
24.735405,46.701710
24.735405,46.701710
24.735472,46.701668
24.735472,46.701668
24.735472,46.701668
24.735472,46.701668
24.735472,46.701668
24.735472,46.701668
24.735542,46.701630
24.735542,46.701630
24.735542,46.701630
24.735542,46.701630
24.735542,46.701630
24.735542,46.701630
24.735542,46.701630
24.735611,46.701591
24.735611,46.701591
24.735611,46.701591
24.735611,46.701591
24.735611,46.701591
24.735611,46.701591
24.735689,46.701553
24.735689,46.701553
24.735689,46.701553
24.735689,46.701553
24.735689,46.701553
24.735689,46.701553
24.735764,46.701515
24.735764,46.701515
24.735764,46.701515
24.735764,46.701515
24.735764,46.701515
24.735764,46.701515
24.735764,46.701515
24.735842,46.701481
24.735842,46.701481
24.735842,46.701481
24.735842,46.701481
24.735842,46.701481
24.735842,46.701481
24.735922,46.701473
24.735922,46.701473
24.735922,46.701473
24.735922,46.701473
24.735922,46.701473
24.735922,46.701473
24.735989,46.701504
24.735989,46.701504
24.735989,46.701504
24.735989,46.701504
24.735989,46.701504
24.735989,46.701504
24.735989,46.701504
24.736044,46.701557
24.736044,46.701557
24.736044,46.701557
24.736044,46.701557
24.736044,46.701557
24.736044,46.701557
24.736082,46.701622
24.736082,46.701622
24.736082,46.701622
24.736082,46.701622
24.736082,46.701622
24.736082,46.701622
24.736116,46.701694
24.736116,46.701694
24.736116,46.701694
24.736116,46.701694
24.736116,46.701694
24.736116,46.701694
24.736116,46.701694
24.736147,46.701767
24.736147,46.701767
24.736147,46.701767
24.736147,46.701767
24.736147,46.701767
24.736147,46.701767
24.736179,46.701843
24.736179,46.701843
24.736179,46.701843
24.736179,46.701843
24.736179,46.701843
24.736179,46.701843
24.736216,46.701916
24.736216,46.701916
24.736216,46.701916
24.736216,46.701916
24.736216,46.701916
24.736216,46.701916
24.736216,46.701916
24.736246,46.701992
24.736246,46.701992
24.736246,46.701992
24.736246,46.701992
24.736246,46.701992
24.736246,46.701992
24.736280,46.702068
24.736280,46.702068
24.736280,46.702068
24.736280,46.702068
24.736280,46.702068
24.736280,46.702068
24.736305,46.702148
24.736305,46.702148
24.736305,46.702148
24.736305,46.702148
24.736305,46.702148
24.736305,46.702148
24.736305,46.702148
24.736326,46.702229
24.736326,46.702229
24.736326,46.702229
24.736326,46.702229
24.736326,46.702229
24.736326,46.702229
24.736334,46.702305
24.736334,46.702305
24.736334,46.702305
24.736334,46.702305
24.736334,46.702305
24.736334,46.702305
24.736311,46.702381
24.736311,46.702381
24.736311,46.702381
24.736311,46.702381
24.736311,46.702381
24.736311,46.702381
24.736311,46.702381
24.736265,46.702427
24.736265,46.702427
24.736265,46.702427
24.736265,46.702427
24.736265,46.702427
24.736265,46.702427
24.736208,46.702465
24.736208,46.702465
24.736208,46.702465
24.736208,46.702465
24.736208,46.702465
24.736208,46.702465
24.736149,46.702496
24.736149,46.702496
24.736149,46.702496
24.736149,46.702496
24.736149,46.702496
24.736149,46.702496
24.736149,46.702496
24.736086,46.702522
24.736086,46.702522
24.736086,46.702522
24.736086,46.702522
24.736086,46.702522
24.736086,46.702522
24.736025,46.702553
24.736025,46.702553
24.736025,46.702553
24.736025,46.702553
24.736025,46.702553
24.736025,46.702553
24.735962,46.702587
24.735962,46.702587
24.735962,46.702587
24.735962,46.702587
24.735962,46.702587
24.735962,46.702587
24.735962,46.702587
24.735897,46.702621
24.735897,46.702621
24.735897,46.702621
24.735897,46.702621
24.735897,46.702621
24.735897,46.702621
24.735834,46.702656
24.735834,46.702656
24.735834,46.702656
24.735834,46.702656
24.735834,46.702656
24.735834,46.702656
24.735771,46.702686
24.735771,46.702686
24.735771,46.702686
24.735771,46.702686
24.735771,46.702686
24.735771,46.702686
24.735771,46.702686
24.735708,46.702705
24.735708,46.702705
24.735708,46.702705
24.735708,46.702705
24.735708,46.702705
24.735708,46.702705
24.735647,46.702702
24.735647,46.702702
24.735647,46.702702
24.735647,46.702702
24.735647,46.702702
24.735647,46.702702
24.735647,46.702702
24.735603,46.702660
24.735603,46.702660
24.735603,46.702660
24.735603,46.702660
24.735603,46.702660
24.735603,46.702660
24.735573,46.702606
24.735573,46.702606
24.735573,46.702606
24.735573,46.702606
24.735573,46.702606
24.735573,46.702606
24.735544,46.702549
24.735544,46.702549
24.735544,46.702549
24.735544,46.702549
24.735544,46.702549
24.735544,46.702549
24.735544,46.702549
24.735516,46.702488
24.735516,46.702488
24.735516,46.702488
24.735516,46.702488
24.735516,46.702488
24.735516,46.702488
24.735485,46.702423
24.735485,46.702423
24.735485,46.702423
24.735485,46.702423
24.735485,46.702423
24.735485,46.702423
24.735455,46.702362
24.735455,46.702362
24.735455,46.702362
24.735455,46.702362
24.735455,46.702362
24.735455,46.702362
24.735455,46.702362
24.735424,46.702293
24.735424,46.702293
24.735424,46.702293
24.735424,46.702293
24.735424,46.702293
24.735424,46.702293
24.735392,46.702225
24.735392,46.702225
24.735392,46.702225
24.735392,46.702225
24.735392,46.702225
24.735392,46.702225
24.735359,46.702156
24.735359,46.702156
24.735359,46.702156
24.735359,46.702156
24.735359,46.702156
24.735359,46.702156
24.735359,46.702156
24.735327,46.702080
24.735327,46.702080
24.735327,46.702080
24.735327,46.702080
24.735327,46.702080
24.735327,46.702080
24.735296,46.702000
24.735296,46.702000
24.735296,46.702000
24.735296,46.702000
24.735296,46.702000
24.735296,46.702000
24.735281,46.701912
24.735281,46.701912
24.735281,46.701912
24.735281,46.701912
24.735281,46.701912
24.735281,46.701912
24.735281,46.701912
24.735294,46.701836
24.735294,46.701836
24.735294,46.701836
24.735294,46.701836
24.735294,46.701836
24.735294,46.701836
24.735329,46.701771
24.735329,46.701771
24.735329,46.701771
24.735329,46.701771
24.735329,46.701771
24.735329,46.701771
24.735386,46.701721
24.735386,46.701721
24.735386,46.701721
24.735386,46.701721
24.735386,46.701721
24.735386,46.701721
24.735386,46.701721
24.735451,46.701687
24.735451,46.701687
24.735451,46.701687
24.735451,46.701687
24.735451,46.701687
24.735451,46.701687
24.735521,46.701649
24.735521,46.701649
24.735521,46.701649
24.735521,46.701649
24.735521,46.701649
24.735521,46.701649
24.735596,46.701614
24.735596,46.701614
24.735596,46.701614
24.735596,46.701614
24.735596,46.701614
24.735596,46.701614
24.735596,46.701614
24.735661,46.701576
24.735661,46.701576
24.735661,46.701576
24.735661,46.701576
24.735661,46.701576
24.735661,46.701576
24.735735,46.701527
24.735735,46.701527
24.735735,46.701527
24.735735,46.701527
24.735735,46.701527
24.735735,46.701527
24.735809,46.701485
24.735809,46.701485
24.735809,46.701485
24.735809,46.701485
24.735809,46.701485
24.735809,46.701485
24.735809,46.701485
24.735889,46.701473
24.735889,46.701473
24.735889,46.701473
24.735889,46.701473
24.735889,46.701473
24.735889,46.701473
24.735966,46.701492
24.735966,46.701492
24.735966,46.701492
24.735966,46.701492
24.735966,46.701492
24.735966,46.701492
24.736025,46.701542
24.736025,46.701542
24.736025,46.701542
24.736025,46.701542
24.736025,46.701542
24.736025,46.701542
24.736025,46.701542
24.736059,46.701611
24.736059,46.701611
24.736059,46.701611
24.736059,46.701611
24.736059,46.701611
24.736059,46.701611
24.736088,46.701683
24.736088,46.701683
24.736088,46.701683
24.736088,46.701683
24.736088,46.701683
24.736088,46.701683
24.736113,46.701759
24.736113,46.701759
24.736113,46.701759
24.736113,46.701759
24.736113,46.701759
24.736113,46.701759
24.736113,46.701759
24.736141,46.701836
24.736141,46.701836
24.736141,46.701836
24.736141,46.701836
24.736141,46.701836
24.736141,46.701836
24.736176,46.701908
24.736176,46.701908
24.736176,46.701908
24.736176,46.701908
24.736176,46.701908
24.736176,46.701908
24.736176,46.701908
24.736204,46.701984
24.736204,46.701984
24.736204,46.701984
24.736204,46.701984
24.736204,46.701984
24.736204,46.701984
24.736233,46.702065
24.736233,46.702065
24.736233,46.702065
24.736233,46.702065
24.736233,46.702065
24.736233,46.702065
24.736263,46.702141
24.736263,46.702141
24.736263,46.702141
24.736263,46.702141
24.736263,46.702141
24.736263,46.702141
24.736263,46.702141
24.736294,46.702217
24.736294,46.702217
24.736294,46.702217
24.736294,46.702217
24.736294,46.702217
24.736294,46.702217
24.736317,46.702290
24.736317,46.702290
24.736317,46.702290
24.736317,46.702290
24.736317,46.702290
24.736317,46.702290
24.736305,46.702362
24.736305,46.702362
24.736305,46.702362
24.736305,46.702362
24.736305,46.702362
24.736305,46.702362
24.736305,46.702362
24.736271,46.702415
24.736271,46.702415
24.736271,46.702415
24.736271,46.702415
24.736271,46.702415
24.736271,46.702415
24.736217,46.702454
24.736217,46.702454
24.736217,46.702454
24.736217,46.702454
24.736217,46.702454
24.736217,46.702454
24.736158,46.702488
24.736158,46.702488
24.736158,46.702488
24.736158,46.702488
24.736158,46.702488
24.736158,46.702488
24.736158,46.702488
24.736099,46.702522
24.736099,46.702522
24.736099,46.702522
24.736099,46.702522
24.736099,46.702522
24.736099,46.702522
24.736038,46.702553
24.736038,46.702553
24.736038,46.702553
24.736038,46.702553
24.736038,46.702553
24.736038,46.702553
24.735975,46.702587
24.735975,46.702587
24.735975,46.702587
24.735975,46.702587
24.735975,46.702587
24.735975,46.702587
24.735975,46.702587
24.735912,46.702621
24.735912,46.702621
24.735912,46.702621
24.735912,46.702621
24.735912,46.702621
24.735912,46.702621
24.735846,46.702660
24.735846,46.702660
24.735846,46.702660
24.735846,46.702660
24.735846,46.702660
24.735846,46.702660
24.735779,46.702694
24.735779,46.702694
24.735779,46.702694
24.735779,46.702694
24.735779,46.702694
24.735779,46.702694
24.735779,46.702694
24.735712,46.702724
24.735712,46.702724
24.735712,46.702724
24.735712,46.702724
24.735712,46.702724
24.735712,46.702724
24.735649,46.702717
24.735649,46.702717
24.735649,46.702717
24.735649,46.702717
24.735649,46.702717
24.735649,46.702717
24.735601,46.702679
24.735601,46.702679
24.735601,46.702679
24.735601,46.702679
24.735601,46.702679
24.735601,46.702679
24.735601,46.702679
24.735573,46.702621
24.735573,46.702621
24.735573,46.702621
24.735573,46.702621
24.735573,46.702621
24.735573,46.702621
24.735546,46.702560
24.735546,46.702560
24.735546,46.702560
24.735546,46.702560
24.735546,46.702560
24.735546,46.702560
24.735518,46.702499
24.735518,46.702499
24.735518,46.702499
24.735518,46.702499
24.735518,46.702499
24.735518,46.702499
24.735518,46.702499
24.735487,46.702431
24.735487,46.702431
24.735487,46.702431
24.735487,46.702431
24.735487,46.702431
24.735487,46.702431
24.735456,46.702362
24.735456,46.702362
24.735456,46.702362
24.735456,46.702362
24.735456,46.702362
24.735456,46.702362
24.735428,46.702290
24.735428,46.702290
24.735428,46.702290
24.735428,46.702290
24.735428,46.702290
24.735428,46.702290
24.735428,46.702290
24.735397,46.702213
24.735397,46.702213
24.735397,46.702213
24.735397,46.702213
24.735397,46.702213
24.735397,46.702213
24.735369,46.702137
24.735369,46.702137
24.735369,46.702137
24.735369,46.702137
24.735369,46.702137
24.735369,46.702137
24.735336,46.702061
24.735336,46.702061
24.735336,46.702061
24.735336,46.702061
24.735336,46.702061
24.735336,46.702061
24.735336,46.702061
24.735304,46.701981
24.735304,46.701981
24.735304,46.701981
24.735304,46.701981
24.735304,46.701981
24.735304,46.701981
24.735292,46.701900
24.735292,46.701900
24.735292,46.701900
24.735292,46.701900
24.735292,46.701900
24.735292,46.701900
24.735306,46.701820
24.735306,46.701820
24.735306,46.701820
24.735306,46.701820
24.735306,46.701820
24.735306,46.701820
24.735306,46.701820
24.735352,46.701759
24.735352,46.701759
24.735352,46.701759
24.735352,46.701759
24.735352,46.701759
24.735352,46.701759
24.735413,46.701714
24.735413,46.701714
24.735413,46.701714
24.735413,46.701714
24.735413,46.701714
24.735413,46.701714
24.735413,46.701714
24.735483,46.701675
24.735483,46.701675
24.735483,46.701675
24.735483,46.701675
24.735483,46.701675
24.735483,46.701675
24.735548,46.701633
24.735548,46.701633
24.735548,46.701633
24.735548,46.701633
24.735548,46.701633
24.735548,46.701633
24.735617,46.701591
24.735617,46.701591
24.735617,46.701591
24.735617,46.701591
24.735617,46.701591
24.735617,46.701591
24.735617,46.701591
24.735691,46.701550
24.735691,46.701550
24.735691,46.701550
24.735691,46.701550
24.735691,46.701550
24.735691,46.701550
24.735765,46.701504
24.735765,46.701504
24.735765,46.701504
24.735765,46.701504
24.735765,46.701504
24.735765,46.701504
24.735847,46.701469
24.735847,46.701469
24.735847,46.701469
24.735847,46.701469
24.735847,46.701469
24.735847,46.701469
24.735847,46.701469
24.735928,46.701466
24.735928,46.701466
24.735928,46.701466
24.735928,46.701466
24.735928,46.701466
24.735928,46.701466
24.735989,46.701504
24.735989,46.701504
24.735989,46.701504
24.735989,46.701504
24.735989,46.701504
24.735989,46.701504
24.736031,46.701565
24.736031,46.701565
24.736031,46.701565
24.736031,46.701565
24.736031,46.701565
24.736031,46.701565
24.736031,46.701565
24.736065,46.701637
24.736065,46.701637
24.736065,46.701637
24.736065,46.701637
24.736065,46.701637
24.736065,46.701637
24.736103,46.701717
24.736103,46.701717
24.736103,46.701717
24.736103,46.701717
24.736103,46.701717
24.736103,46.701717
24.736139,46.701790
24.736139,46.701790
24.736139,46.701790
24.736139,46.701790
24.736139,46.701790
24.736139,46.701790
24.736139,46.701790
24.736172,46.701870
24.736172,46.701870
24.736172,46.701870
24.736172,46.701870
24.736172,46.701870
24.736172,46.701870
24.736198,46.701954
24.736198,46.701954
24.736198,46.701954
24.736198,46.701954
24.736198,46.701954
24.736198,46.701954
24.736229,46.702034
24.736229,46.702034
24.736229,46.702034
24.736229,46.702034
24.736229,46.702034
24.736229,46.702034
24.736229,46.702034
24.736258,46.702114
24.736258,46.702114
24.736258,46.702114
24.736258,46.702114
24.736258,46.702114
24.736258,46.702114
24.736290,46.702194
24.736290,46.702194
24.736290,46.702194
24.736290,46.702194
24.736290,46.702194
24.736290,46.702194
24.736311,46.702271
24.736311,46.702271
24.736311,46.702271
24.736311,46.702271
24.736311,46.702271
24.736311,46.702271
24.736311,46.702271
24.736301,46.702347
24.736301,46.702347
24.736301,46.702347
24.736301,46.702347
24.736301,46.702347
24.736301,46.702347
24.736265,46.702404
24.736265,46.702404
24.736265,46.702404
24.736265,46.702404
24.736265,46.702404
24.736265,46.702404
24.736212,46.702446
24.736212,46.702446
24.736212,46.702446
24.736212,46.702446
24.736212,46.702446
24.736212,46.702446
24.736212,46.702446
24.736155,46.702484
24.736155,46.702484
24.736155,46.702484
24.736155,46.702484
24.736155,46.702484
24.736155,46.702484
24.736095,46.702515
24.736095,46.702515
24.736095,46.702515
24.736095,46.702515
24.736095,46.702515
24.736095,46.702515
24.736031,46.702549
24.736031,46.702549
24.736031,46.702549
24.736031,46.702549
24.736031,46.702549
24.736031,46.702549
24.736031,46.702549
24.735968,46.702579
24.735968,46.702579
24.735968,46.702579
24.735968,46.702579
24.735968,46.702579
24.735968,46.702579
24.735903,46.702614
24.735903,46.702614
24.735903,46.702614
24.735903,46.702614
24.735903,46.702614
24.735903,46.702614
24.735836,46.702648
24.735836,46.702648
24.735836,46.702648
24.735836,46.702648
24.735836,46.702648
24.735836,46.702648
24.735836,46.702648
24.735769,46.702690
24.735769,46.702690
24.735769,46.702690
24.735769,46.702690
24.735769,46.702690
24.735769,46.702690
24.735703,46.702713
24.735703,46.702713
24.735703,46.702713
24.735703,46.702713
24.735703,46.702713
24.735703,46.702713
24.735641,46.702713
24.735641,46.702713
24.735641,46.702713
24.735641,46.702713
24.735641,46.702713
24.735641,46.702713
24.735641,46.702713
24.735598,46.702671
24.735598,46.702671
24.735598,46.702671
24.735598,46.702671
24.735598,46.702671
24.735598,46.702671
24.735567,46.702618
24.735567,46.702618
24.735567,46.702618
24.735567,46.702618
24.735567,46.702618
24.735567,46.702618
24.735540,46.702557
24.735540,46.702557
24.735540,46.702557
24.735540,46.702557
24.735540,46.702557
24.735540,46.702557
24.735540,46.702557
24.735510,46.702496
24.735510,46.702496
24.735510,46.702496
24.735510,46.702496
24.735510,46.702496
24.735510,46.702496
24.735481,46.702427
24.735481,46.702427
24.735481,46.702427
24.735481,46.702427
24.735481,46.702427
24.735481,46.702427
24.735453,46.702354
24.735453,46.702354
24.735453,46.702354
24.735453,46.702354
24.735453,46.702354
24.735453,46.702354
24.735453,46.702354
24.735424,46.702278
24.735424,46.702278
24.735424,46.702278
24.735424,46.702278
24.735424,46.702278
24.735424,46.702278
24.735394,46.702202
24.735394,46.702202
24.735394,46.702202
24.735394,46.702202
24.735394,46.702202
24.735394,46.702202
24.735394,46.702202
24.735363,46.702126
24.735363,46.702126
24.735363,46.702126
24.735363,46.702126
24.735363,46.702126
24.735363,46.702126
24.735329,46.702045
24.735329,46.702045
24.735329,46.702045
24.735329,46.702045
24.735329,46.702045
24.735329,46.702045
24.735296,46.701965
24.735296,46.701965
24.735296,46.701965
24.735296,46.701965
24.735296,46.701965
24.735296,46.701965
24.735296,46.701965
24.735285,46.701881
24.735285,46.701881
24.735285,46.701881
24.735285,46.701881
24.735285,46.701881
24.735285,46.701881
24.735306,46.701809
24.735306,46.701809
24.735306,46.701809
24.735306,46.701809
24.735306,46.701809
24.735306,46.701809
24.735352,46.701752
24.735352,46.701752
24.735352,46.701752
24.735352,46.701752
24.735352,46.701752
24.735352,46.701752
24.735352,46.701752
24.735422,46.701706
24.735422,46.701706
24.735422,46.701706
24.735422,46.701706
24.735422,46.701706
24.735422,46.701706
24.735489,46.701668
24.735489,46.701668
24.735489,46.701668
24.735489,46.701668
24.735489,46.701668
24.735489,46.701668
24.735563,46.701637
24.735563,46.701637
24.735563,46.701637
24.735563,46.701637
24.735563,46.701637
24.735563,46.701637
24.735563,46.701637
24.735638,46.701595
24.735638,46.701595
24.735638,46.701595
24.735638,46.701595
24.735638,46.701595
24.735638,46.701595
24.735714,46.701553
24.735714,46.701553
24.735714,46.701553
24.735714,46.701553
24.735714,46.701553
24.735714,46.701553
24.735792,46.701508
24.735792,46.701508
24.735792,46.701508
24.735792,46.701508
24.735792,46.701508
24.735792,46.701508
24.735792,46.701508
24.735870,46.701481
24.735870,46.701481
24.735870,46.701481
24.735870,46.701481
24.735870,46.701481
24.735870,46.701481
24.735952,46.701481
24.735952,46.701481
24.735952,46.701481
24.735952,46.701481
24.735952,46.701481
24.735952,46.701481
24.736017,46.701523
24.736017,46.701523
24.736017,46.701523
24.736017,46.701523
24.736017,46.701523
24.736017,46.701523
24.736017,46.701523
24.736065,46.701584
24.736065,46.701584
24.736065,46.701584
24.736065,46.701584
24.736065,46.701584
24.736065,46.701584
24.736099,46.701656
24.736099,46.701656
24.736099,46.701656
24.736099,46.701656
24.736099,46.701656
24.736099,46.701656
24.736126,46.701736
24.736126,46.701736
24.736126,46.701736
24.736126,46.701736
24.736126,46.701736
24.736126,46.701736
24.736126,46.701736
24.736149,46.701817
24.736149,46.701817
24.736149,46.701817
24.736149,46.701817
24.736149,46.701817
24.736149,46.701817
24.736176,46.701897
24.736176,46.701897
24.736176,46.701897
24.736176,46.701897
24.736176,46.701897
24.736176,46.701897
24.736204,46.701977
24.736204,46.701977
24.736204,46.701977
24.736204,46.701977
24.736204,46.701977
24.736204,46.701977
24.736204,46.701977
24.736235,46.702057
24.736235,46.702057
24.736235,46.702057
24.736235,46.702057
24.736235,46.702057
24.736235,46.702057
24.736267,46.702133
24.736267,46.702133
24.736267,46.702133
24.736267,46.702133
24.736267,46.702133
24.736267,46.702133
24.736294,46.702209
24.736294,46.702209
24.736294,46.702209
24.736294,46.702209
24.736294,46.702209
24.736294,46.702209
24.736294,46.702209
24.736313,46.702293
24.736313,46.702293
24.736313,46.702293
24.736313,46.702293
24.736313,46.702293
24.736313,46.702293
24.736300,46.702370
24.736300,46.702370
24.736300,46.702370
24.736300,46.702370
24.736300,46.702370
24.736300,46.702370
24.736259,46.702423
24.736259,46.702423
24.736259,46.702423
24.736259,46.702423
24.736259,46.702423
24.736259,46.702423
24.736259,46.702423
24.736206,46.702461
24.736206,46.702461
24.736206,46.702461
24.736206,46.702461
24.736206,46.702461
24.736206,46.702461
24.736149,46.702492
24.736149,46.702492
24.736149,46.702492
24.736149,46.702492
24.736149,46.702492
24.736149,46.702492
24.736088,46.702522
24.736088,46.702522
24.736088,46.702522
24.736088,46.702522
24.736088,46.702522
24.736088,46.702522
24.736088,46.702522
24.736027,46.702553
24.736027,46.702553
24.736027,46.702553
24.736027,46.702553
24.736027,46.702553
24.736027,46.702553
24.735964,46.702583
24.735964,46.702583
24.735964,46.702583
24.735964,46.702583
24.735964,46.702583
24.735964,46.702583
24.735899,46.702614
24.735899,46.702614
24.735899,46.702614
24.735899,46.702614
24.735899,46.702614
24.735899,46.702614
24.735899,46.702614
24.735832,46.702644
24.735832,46.702644
24.735832,46.702644
24.735832,46.702644
24.735832,46.702644
24.735832,46.702644
24.735769,46.702675
24.735769,46.702675
24.735769,46.702675
24.735769,46.702675
24.735769,46.702675
24.735769,46.702675
24.735708,46.702705
24.735708,46.702705
24.735708,46.702705
24.735708,46.702705
24.735708,46.702705
24.735708,46.702705
24.735708,46.702705
24.735645,46.702705
24.735645,46.702705
24.735645,46.702705
24.735645,46.702705
24.735645,46.702705
24.735645,46.702705
24.735600,46.702675
24.735600,46.702675
24.735600,46.702675
24.735600,46.702675
24.735600,46.702675
24.735600,46.702675
24.735600,46.702675
24.735567,46.702621
24.735567,46.702621
24.735567,46.702621
24.735567,46.702621
24.735567,46.702621
24.735567,46.702621
24.735535,46.702568
24.735535,46.702568
24.735535,46.702568
24.735535,46.702568
24.735535,46.702568
24.735535,46.702568
24.735506,46.702507
24.735506,46.702507
24.735506,46.702507
24.735506,46.702507
24.735506,46.702507
24.735506,46.702507
24.735481,46.702446
24.735481,46.702446
24.735481,46.702446
24.735481,46.702446
24.735481,46.702446
24.735481,46.702446
24.735481,46.702446
24.735453,46.702377
24.735453,46.702377
24.735453,46.702377
24.735453,46.702377
24.735453,46.702377
24.735453,46.702377
24.735422,46.702309
24.735422,46.702309
24.735422,46.702309
24.735422,46.702309
24.735422,46.702309
24.735422,46.702309
24.735422,46.702309
24.735390,46.702236
24.735390,46.702236
24.735390,46.702236
24.735390,46.702236
24.735390,46.702236
24.735390,46.702236
24.735361,46.702160
24.735361,46.702160
24.735361,46.702160
24.735361,46.702160
24.735361,46.702160
24.735361,46.702160
24.735331,46.702084
24.735331,46.702084
24.735331,46.702084
24.735331,46.702084
24.735331,46.702084
24.735331,46.702084
24.735331,46.702084
24.735296,46.702007
24.735296,46.702007
24.735296,46.702007
24.735296,46.702007
24.735296,46.702007
24.735296,46.702007
24.735273,46.701923
24.735273,46.701923
24.735273,46.701923
24.735273,46.701923
24.735273,46.701923
24.735273,46.701923
24.735283,46.701843
24.735283,46.701843
24.735283,46.701843
24.735283,46.701843
24.735283,46.701843
24.735283,46.701843
24.735283,46.701843
24.735313,46.701782
24.735313,46.701782
24.735313,46.701782
24.735313,46.701782
24.735313,46.701782
24.735313,46.701782
24.735369,46.701733
24.735369,46.701733
24.735369,46.701733
24.735369,46.701733
24.735369,46.701733
24.735369,46.701733
24.735437,46.701691
24.735437,46.701691
24.735437,46.701691
24.735437,46.701691
24.735437,46.701691
24.735437,46.701691
24.735437,46.701691
24.735502,46.701649
24.735502,46.701649
24.735502,46.701649
24.735502,46.701649
24.735502,46.701649
24.735502,46.701649
24.735575,46.701607
24.735575,46.701607
24.735575,46.701607
24.735575,46.701607
24.735575,46.701607
24.735575,46.701607
24.735651,46.701565
24.735651,46.701565
24.735651,46.701565
24.735651,46.701565
24.735651,46.701565
24.735651,46.701565
24.735651,46.701565
24.735725,46.701523
24.735725,46.701523
24.735725,46.701523
24.735725,46.701523
24.735725,46.701523
24.735725,46.701523
24.735804,46.701488
24.735804,46.701488
24.735804,46.701488
24.735804,46.701488
24.735804,46.701488
24.735804,46.701488
24.735886,46.701481
24.735886,46.701481
24.735886,46.701481
24.735886,46.701481
24.735886,46.701481
24.735886,46.701481
24.735886,46.701481
24.735962,46.701504
24.735962,46.701504
24.735962,46.701504
24.735962,46.701504
24.735962,46.701504
24.735962,46.701504
24.736021,46.701553
24.736021,46.701553
24.736021,46.701553
24.736021,46.701553
24.736021,46.701553
24.736021,46.701553
24.736065,46.701622
24.736065,46.701622
24.736065,46.701622
24.736065,46.701622
24.736065,46.701622
24.736065,46.701622
24.736065,46.701622
24.736101,46.701698
24.736101,46.701698
24.736101,46.701698
24.736101,46.701698
24.736101,46.701698
24.736101,46.701698
24.736134,46.701782
24.736134,46.701782
24.736134,46.701782
24.736134,46.701782
24.736134,46.701782
24.736134,46.701782
24.736168,46.701862
24.736168,46.701862
24.736168,46.701862
24.736168,46.701862
24.736168,46.701862
24.736168,46.701862
24.736168,46.701862
24.736200,46.701942
24.736200,46.701942
24.736200,46.701942
24.736200,46.701942
24.736200,46.701942
24.736200,46.701942
24.736233,46.702026
24.736233,46.702026
24.736233,46.702026
24.736233,46.702026
24.736233,46.702026
24.736233,46.702026
24.736265,46.702106
24.736265,46.702106
24.736265,46.702106
24.736265,46.702106
24.736265,46.702106
24.736265,46.702106
24.736265,46.702106
24.736296,46.702190
24.736296,46.702190
24.736296,46.702190
24.736296,46.702190
24.736296,46.702190
24.736296,46.702190
24.736311,46.702274
24.736311,46.702274
24.736311,46.702274
24.736311,46.702274
24.736311,46.702274
24.736311,46.702274
24.736301,46.702354
24.736301,46.702354
24.736301,46.702354
24.736301,46.702354
24.736301,46.702354
24.736301,46.702354
24.736301,46.702354
24.736265,46.702412
24.736265,46.702412
24.736265,46.702412
24.736265,46.702412
24.736265,46.702412
24.736265,46.702412
24.736212,46.702454
24.736212,46.702454
24.736212,46.702454
24.736212,46.702454
24.736212,46.702454
24.736212,46.702454
24.736151,46.702488
24.736151,46.702488
24.736151,46.702488
24.736151,46.702488
24.736151,46.702488
24.736151,46.702488
24.736151,46.702488
24.736090,46.702518
24.736090,46.702518
24.736090,46.702518
24.736090,46.702518
24.736090,46.702518
24.736090,46.702518
24.736027,46.702553
24.736027,46.702553
24.736027,46.702553
24.736027,46.702553
24.736027,46.702553
24.736027,46.702553
24.735962,46.702583
24.735962,46.702583
24.735962,46.702583
24.735962,46.702583
24.735962,46.702583
24.735962,46.702583
24.735962,46.702583
24.735895,46.702618
24.735895,46.702618
24.735895,46.702618
24.735895,46.702618
24.735895,46.702618
24.735895,46.702618
24.735828,46.702656
24.735828,46.702656
24.735828,46.702656
24.735828,46.702656
24.735828,46.702656
24.735828,46.702656
24.735762,46.702694
24.735762,46.702694
24.735762,46.702694
24.735762,46.702694
24.735762,46.702694
24.735762,46.702694
24.735762,46.702694
24.735693,46.702717
24.735693,46.702717
24.735693,46.702717
24.735693,46.702717
24.735693,46.702717
24.735693,46.702717
24.735630,46.702709
24.735630,46.702709
24.735630,46.702709
24.735630,46.702709
24.735630,46.702709
24.735630,46.702709
24.735630,46.702709
24.735588,46.702667
24.735588,46.702667
24.735588,46.702667
24.735588,46.702667
24.735588,46.702667
24.735588,46.702667
24.735559,46.702610
24.735559,46.702610
24.735559,46.702610
24.735559,46.702610
24.735559,46.702610
24.735559,46.702610
24.735529,46.702549
24.735529,46.702549
24.735529,46.702549
24.735529,46.702549
24.735529,46.702549
24.735529,46.702549
24.735529,46.702549
24.735500,46.702488
24.735500,46.702488
24.735500,46.702488
24.735500,46.702488
24.735500,46.702488
24.735500,46.702488
24.735472,46.702419
24.735472,46.702419
24.735472,46.702419
24.735472,46.702419
24.735472,46.702419
24.735472,46.702419
24.735441,46.702347
24.735441,46.702347
24.735441,46.702347
24.735441,46.702347
24.735441,46.702347
24.735441,46.702347
24.735441,46.702347
24.735413,46.702274
24.735413,46.702274
24.735413,46.702274
24.735413,46.702274
24.735413,46.702274
24.735413,46.702274
24.735382,46.702198
24.735382,46.702198
24.735382,46.702198
24.735382,46.702198
24.735382,46.702198
24.735382,46.702198
24.735353,46.702118
24.735353,46.702118
24.735353,46.702118
24.735353,46.702118
24.735353,46.702118
24.735353,46.702118
24.735353,46.702118
24.735321,46.702042
24.735321,46.702042
24.735321,46.702042
24.735321,46.702042
24.735321,46.702042
24.735321,46.702042
24.735291,46.701958
24.735291,46.701958
24.735291,46.701958
24.735291,46.701958
24.735291,46.701958
24.735291,46.701958
24.735292,46.701870
24.735292,46.701870
24.735292,46.701870
24.735292,46.701870
24.735292,46.701870
24.735292,46.701870
24.735292,46.701870
24.735325,46.701797
24.735325,46.701797
24.735325,46.701797
24.735325,46.701797
24.735325,46.701797
24.735325,46.701797
24.735380,46.701744
24.735380,46.701744
24.735380,46.701744
24.735380,46.701744
24.735380,46.701744
24.735380,46.701744
24.735443,46.701706
24.735443,46.701706
24.735443,46.701706
24.735443,46.701706
24.735443,46.701706
24.735443,46.701706
24.735443,46.701706
24.735514,46.701668
24.735514,46.701668
24.735514,46.701668
24.735514,46.701668
24.735514,46.701668
24.735514,46.701668
24.735584,46.701630
24.735584,46.701630
24.735584,46.701630
24.735584,46.701630
24.735584,46.701630
24.735584,46.701630
24.735659,46.701591
24.735659,46.701591
24.735659,46.701591
24.735659,46.701591
24.735659,46.701591
24.735659,46.701591
24.735659,46.701591
24.735737,46.701550
24.735737,46.701550
24.735737,46.701550
24.735737,46.701550
24.735737,46.701550
24.735737,46.701550
24.735811,46.701504
24.735811,46.701504
24.735811,46.701504
24.735811,46.701504
24.735811,46.701504
24.735811,46.701504
24.735889,46.701481
24.735889,46.701481
24.735889,46.701481
24.735889,46.701481
24.735889,46.701481
24.735889,46.701481
24.735889,46.701481
24.735966,46.701492
24.735966,46.701492
24.735966,46.701492
24.735966,46.701492
24.735966,46.701492
24.735966,46.701492
24.736029,46.701538
24.736029,46.701538
24.736029,46.701538
24.736029,46.701538
24.736029,46.701538
24.736029,46.701538
24.736073,46.701603
24.736073,46.701603
24.736073,46.701603
24.736073,46.701603
24.736073,46.701603
24.736073,46.701603
24.736073,46.701603
24.736109,46.701675
24.736109,46.701675
24.736109,46.701675
24.736109,46.701675
24.736109,46.701675
24.736109,46.701675
24.736139,46.701748
24.736139,46.701748
24.736139,46.701748
24.736139,46.701748
24.736139,46.701748
24.736139,46.701748
24.736164,46.701828
24.736164,46.701828
24.736164,46.701828
24.736164,46.701828
24.736164,46.701828
24.736164,46.701828
24.736164,46.701828
24.736195,46.701904
24.736195,46.701904
24.736195,46.701904
24.736195,46.701904
24.736195,46.701904
24.736195,46.701904
24.736227,46.701984
24.736227,46.701984
24.736227,46.701984
24.736227,46.701984
24.736227,46.701984
24.736227,46.701984
24.736258,46.702061
24.736258,46.702061
24.736258,46.702061
24.736258,46.702061
24.736258,46.702061
24.736258,46.702061
24.736258,46.702061
24.736286,46.702141
24.736286,46.702141
24.736286,46.702141
24.736286,46.702141
24.736286,46.702141
24.736286,46.702141
24.736311,46.702221
24.736311,46.702221
24.736311,46.702221
24.736311,46.702221
24.736311,46.702221
24.736311,46.702221
24.736320,46.702301
24.736320,46.702301
24.736320,46.702301
24.736320,46.702301
24.736320,46.702301
24.736320,46.702301
24.736320,46.702301
24.736301,46.702374
24.736301,46.702374
24.736301,46.702374
24.736301,46.702374
24.736301,46.702374
24.736301,46.702374
24.736259,46.702423
24.736259,46.702423
24.736259,46.702423
24.736259,46.702423
24.736259,46.702423
24.736259,46.702423
24.736206,46.702461
24.736206,46.702461
24.736206,46.702461
24.736206,46.702461
24.736206,46.702461
24.736206,46.702461
24.736206,46.702461
24.736145,46.702499
24.736145,46.702499
24.736145,46.702499
24.736145,46.702499
24.736145,46.702499
24.736145,46.702499
24.736082,46.702530
24.736082,46.702530
24.736082,46.702530
24.736082,46.702530
24.736082,46.702530
24.736082,46.702530
24.736017,46.702564
24.736017,46.702564
24.736017,46.702564
24.736017,46.702564
24.736017,46.702564
24.736017,46.702564
24.736017,46.702564
24.735952,46.702599
24.735952,46.702599
24.735952,46.702599
24.735952,46.702599
24.735952,46.702599
24.735952,46.702599
24.735886,46.702633
24.735886,46.702633
24.735886,46.702633
24.735886,46.702633
24.735886,46.702633
24.735886,46.702633
24.735886,46.702633
24.735819,46.702667
24.735819,46.702667
24.735819,46.702667
24.735819,46.702667
24.735819,46.702667
24.735819,46.702667
24.735752,46.702702
24.735752,46.702702
24.735752,46.702702
24.735752,46.702702
24.735752,46.702702
24.735752,46.702702
24.735685,46.702721
24.735685,46.702721
24.735685,46.702721
24.735685,46.702721
24.735685,46.702721
24.735685,46.702721
24.735685,46.702721
24.735628,46.702698
24.735628,46.702698
24.735628,46.702698
24.735628,46.702698
24.735628,46.702698
24.735628,46.702698
24.735588,46.702652
24.735588,46.702652
24.735588,46.702652
24.735588,46.702652
24.735588,46.702652
24.735588,46.702652
24.735556,46.702591
24.735556,46.702591
24.735556,46.702591
24.735556,46.702591
24.735556,46.702591
24.735556,46.702591
24.735556,46.702591
24.735525,46.702530
24.735525,46.702530
24.735525,46.702530
24.735525,46.702530
24.735525,46.702530
24.735525,46.702530
24.735495,46.702461
24.735495,46.702461
24.735495,46.702461
24.735495,46.702461
24.735495,46.702461
24.735495,46.702461
24.735464,46.702393
24.735464,46.702393
24.735464,46.702393
24.735464,46.702393
24.735464,46.702393
24.735464,46.702393
24.735464,46.702393
24.735434,46.702316
24.735434,46.702316
24.735434,46.702316
24.735434,46.702316
24.735434,46.702316
24.735434,46.702316
24.735399,46.702244
24.735399,46.702244
24.735399,46.702244
24.735399,46.702244
24.735399,46.702244
24.735399,46.702244
24.735367,46.702164
24.735367,46.702164
24.735367,46.702164
24.735367,46.702164
24.735367,46.702164
24.735367,46.702164
24.735367,46.702164
24.735332,46.702087
24.735332,46.702087
24.735332,46.702087
24.735332,46.702087
24.735332,46.702087
24.735332,46.702087
24.735298,46.702003
24.735298,46.702003
24.735298,46.702003
24.735298,46.702003
24.735298,46.702003
24.735298,46.702003
24.735281,46.701916
24.735281,46.701916
24.735281,46.701916
24.735281,46.701916
24.735281,46.701916
24.735281,46.701916
24.735281,46.701916
24.735296,46.701832
24.735296,46.701832
24.735296,46.701832
24.735296,46.701832
24.735296,46.701832
24.735296,46.701832
24.735340,46.701763
24.735340,46.701763
24.735340,46.701763
24.735340,46.701763
24.735340,46.701763
24.735340,46.701763
24.735405,46.701714
24.735405,46.701714
24.735405,46.701714
24.735405,46.701714
24.735405,46.701714
24.735405,46.701714
24.735405,46.701714
24.735477,46.701675
24.735477,46.701675
24.735477,46.701675
24.735477,46.701675
24.735477,46.701675
24.735477,46.701675
24.735550,46.701633
24.735550,46.701633
24.735550,46.701633
24.735550,46.701633
24.735550,46.701633
24.735550,46.701633
24.735630,46.701595
24.735630,46.701595
24.735630,46.701595
24.735630,46.701595
24.735630,46.701595
24.735630,46.701595
24.735630,46.701595
24.735708,46.701553
24.735708,46.701553
24.735708,46.701553
24.735708,46.701553
24.735708,46.701553
24.735708,46.701553
24.735783,46.701508
24.735783,46.701508
24.735783,46.701508
24.735783,46.701508
24.735783,46.701508
24.735783,46.701508
24.735863,46.701473
24.735863,46.701473
24.735863,46.701473
24.735863,46.701473
24.735863,46.701473
24.735863,46.701473
24.735863,46.701473
24.735947,46.701473
24.735947,46.701473
24.735947,46.701473
24.735947,46.701473
24.735947,46.701473
24.735947,46.701473
24.736013,46.701511
24.736013,46.701511
24.736013,46.701511
24.736013,46.701511
24.736013,46.701511
24.736013,46.701511
24.736059,46.701576
24.736059,46.701576
24.736059,46.701576
24.736059,46.701576
24.736059,46.701576
24.736059,46.701576
24.736059,46.701576
24.736099,46.701653
24.736099,46.701653
24.736099,46.701653
24.736099,46.701653
24.736099,46.701653
24.736099,46.701653
24.736134,46.701733
24.736134,46.701733
24.736134,46.701733
24.736134,46.701733
24.736134,46.701733
24.736134,46.701733
24.736164,46.701809
24.736164,46.701809
24.736164,46.701809
24.736164,46.701809
24.736164,46.701809
24.736164,46.701809
24.736164,46.701809
24.736198,46.701893
24.736198,46.701893
24.736198,46.701893
24.736198,46.701893
24.736198,46.701893
24.736198,46.701893
24.736229,46.701973
24.736229,46.701973
24.736229,46.701973
24.736229,46.701973
24.736229,46.701973
24.736229,46.701973
24.736263,46.702053
24.736263,46.702053
24.736263,46.702053
24.736263,46.702053
24.736263,46.702053
24.736263,46.702053
24.736263,46.702053
24.736296,46.702133
24.736296,46.702133
24.736296,46.702133
24.736296,46.702133
24.736296,46.702133
24.736296,46.702133
24.736319,46.702217
24.736319,46.702217
24.736319,46.702217
24.736319,46.702217
24.736319,46.702217
24.736319,46.702217
24.736326,46.702301
24.736326,46.702301
24.736326,46.702301
24.736326,46.702301
24.736326,46.702301
24.736326,46.702301
24.736326,46.702301
24.736301,46.702374
24.736301,46.702374
24.736301,46.702374
24.736301,46.702374
24.736301,46.702374
24.736301,46.702374
24.736254,46.702419
24.736254,46.702419
24.736254,46.702419
24.736254,46.702419
24.736254,46.702419
24.736254,46.702419
24.736254,46.702419
24.736197,46.702454
24.736197,46.702454
24.736197,46.702454
24.736197,46.702454
24.736197,46.702454
24.736197,46.702454
24.736137,46.702488
24.736137,46.702488
24.736137,46.702488
24.736137,46.702488
24.736137,46.702488
24.736137,46.702488
24.736076,46.702522
24.736076,46.702522
24.736076,46.702522
24.736076,46.702522
24.736076,46.702522
24.736076,46.702522
24.736076,46.702522
24.736013,46.702553
24.736013,46.702553
24.736013,46.702553
24.736013,46.702553
24.736013,46.702553
24.736013,46.702553
24.735950,46.702583
24.735950,46.702583
24.735950,46.702583
24.735950,46.702583
24.735950,46.702583
24.735950,46.702583
24.735884,46.702618
24.735884,46.702618
24.735884,46.702618
24.735884,46.702618
24.735884,46.702618
24.735884,46.702618
24.735884,46.702618
24.735819,46.702652
24.735819,46.702652
24.735819,46.702652
24.735819,46.702652
24.735819,46.702652
24.735819,46.702652
24.735754,46.702690
24.735754,46.702690
24.735754,46.702690
24.735754,46.702690
24.735754,46.702690
24.735754,46.702690
24.735687,46.702705
24.735687,46.702705
24.735687,46.702705
24.735687,46.702705
24.735687,46.702705
24.735687,46.702705
24.735687,46.702705
24.735626,46.702690
24.735626,46.702690
24.735626,46.702690
24.735626,46.702690
24.735626,46.702690
24.735626,46.702690
24.735584,46.702641
24.735584,46.702641
24.735584,46.702641
24.735584,46.702641
24.735584,46.702641
24.735584,46.702641
24.735554,46.702583
24.735554,46.702583
24.735554,46.702583
24.735554,46.702583
24.735554,46.702583
24.735554,46.702583
24.735554,46.702583
24.735525,46.702522
24.735525,46.702522
24.735525,46.702522
24.735525,46.702522
24.735525,46.702522
24.735525,46.702522
24.735497,46.702454
24.735497,46.702454
24.735497,46.702454
24.735497,46.702454
24.735497,46.702454
24.735497,46.702454
24.735464,46.702385
24.735464,46.702385
24.735464,46.702385
24.735464,46.702385
24.735464,46.702385
24.735464,46.702385
24.735464,46.702385
24.735432,46.702312
24.735432,46.702312
24.735432,46.702312
24.735432,46.702312
24.735432,46.702312
24.735432,46.702312
24.735399,46.702236
24.735399,46.702236
24.735399,46.702236
24.735399,46.702236
24.735399,46.702236
24.735399,46.702236
24.735367,46.702160
24.735367,46.702160
24.735367,46.702160
24.735367,46.702160
24.735367,46.702160
24.735367,46.702160
24.735367,46.702160
24.735336,46.702076
24.735336,46.702076
24.735336,46.702076
24.735336,46.702076
24.735336,46.702076
24.735336,46.702076
24.735300,46.702000
24.735300,46.702000
24.735300,46.702000
24.735300,46.702000
24.735300,46.702000
24.735300,46.702000
24.735277,46.701916
24.735277,46.701916
24.735277,46.701916
24.735277,46.701916
24.735277,46.701916
24.735277,46.701916
24.735277,46.701916
24.735279,46.701832
24.735279,46.701832
24.735279,46.701832
24.735279,46.701832
24.735279,46.701832
24.735279,46.701832
24.735312,46.701767
24.735312,46.701767
24.735312,46.701767
24.735312,46.701767
24.735312,46.701767
24.735312,46.701767
24.735369,46.701721
24.735369,46.701721
24.735369,46.701721
24.735369,46.701721
24.735369,46.701721
24.735369,46.701721
24.735369,46.701721
24.735434,46.701679
24.735434,46.701679
24.735434,46.701679
24.735434,46.701679
24.735434,46.701679
24.735434,46.701679
24.735504,46.701641
24.735504,46.701641
24.735504,46.701641
24.735504,46.701641
24.735504,46.701641
24.735504,46.701641
24.735579,46.701603
24.735579,46.701603
24.735579,46.701603
24.735579,46.701603
24.735579,46.701603
24.735579,46.701603
24.735579,46.701603
24.735655,46.701565
24.735655,46.701565
24.735655,46.701565
24.735655,46.701565
24.735655,46.701565
24.735655,46.701565
24.735733,46.701523
24.735733,46.701523
24.735733,46.701523
24.735733,46.701523
24.735733,46.701523
24.735733,46.701523
24.735815,46.701488
24.735815,46.701488
24.735815,46.701488
24.735815,46.701488
24.735815,46.701488
24.735815,46.701488
24.735815,46.701488
24.735897,46.701481
24.735897,46.701481
24.735897,46.701481
24.735897,46.701481
24.735897,46.701481
24.735897,46.701481
24.735973,46.701504
24.735973,46.701504
24.735973,46.701504
24.735973,46.701504
24.735973,46.701504
24.735973,46.701504
24.736025,46.701561
24.736025,46.701561
24.736025,46.701561
24.736025,46.701561
24.736025,46.701561
24.736025,46.701561
24.736025,46.701561
24.736063,46.701633
24.736063,46.701633
24.736063,46.701633
24.736063,46.701633
24.736063,46.701633
24.736063,46.701633
24.736097,46.701714
24.736097,46.701714
24.736097,46.701714
24.736097,46.701714
24.736097,46.701714
24.736097,46.701714
24.736130,46.701794
24.736130,46.701794
24.736130,46.701794
24.736130,46.701794
24.736130,46.701794
24.736130,46.701794
24.736130,46.701794
24.736166,46.701874
24.736166,46.701874
24.736166,46.701874
24.736166,46.701874
24.736166,46.701874
24.736166,46.701874
24.736197,46.701954
24.736197,46.701954
24.736197,46.701954
24.736197,46.701954
24.736197,46.701954
24.736197,46.701954
24.736223,46.702038
24.736223,46.702038
24.736223,46.702038
24.736223,46.702038
24.736223,46.702038
24.736223,46.702038
24.736223,46.702038
24.736250,46.702118
24.736250,46.702118
24.736250,46.702118
24.736250,46.702118
24.736250,46.702118
24.736250,46.702118
24.736277,46.702198
24.736277,46.702198
24.736277,46.702198
24.736277,46.702198
24.736277,46.702198
24.736277,46.702198
24.736277,46.702198
24.736296,46.702278
24.736296,46.702278
24.736296,46.702278
24.736296,46.702278
24.736296,46.702278
24.736296,46.702278
24.736286,46.702351
24.736286,46.702351
24.736286,46.702351
24.736286,46.702351
24.736286,46.702351
24.736286,46.702351
24.736252,46.702412
24.736252,46.702412
24.736252,46.702412
24.736252,46.702412
24.736252,46.702412
24.736252,46.702412
24.736252,46.702412
24.736200,46.702450
24.736200,46.702450
24.736200,46.702450
24.736200,46.702450
24.736200,46.702450
24.736200,46.702450
24.736143,46.702484
24.736143,46.702484
24.736143,46.702484
24.736143,46.702484
24.736143,46.702484
24.736143,46.702484
24.736084,46.702515
24.736084,46.702515
24.736084,46.702515
24.736084,46.702515
24.736084,46.702515
24.736084,46.702515
24.736084,46.702515
24.736021,46.702549
24.736021,46.702549
24.736021,46.702549
24.736021,46.702549
24.736021,46.702549
24.736021,46.702549
24.735958,46.702583
24.735958,46.702583
24.735958,46.702583
24.735958,46.702583
24.735958,46.702583
24.735958,46.702583
24.735895,46.702618
24.735895,46.702618
24.735895,46.702618
24.735895,46.702618
24.735895,46.702618
24.735895,46.702618
24.735895,46.702618
24.735828,46.702656
24.735828,46.702656
24.735828,46.702656
24.735828,46.702656
24.735828,46.702656
24.735828,46.702656
24.735764,46.702694
24.735764,46.702694
24.735764,46.702694
24.735764,46.702694
24.735764,46.702694
24.735764,46.702694
24.735697,46.702717
24.735697,46.702717
24.735697,46.702717
24.735697,46.702717
24.735697,46.702717
24.735697,46.702717
24.735697,46.702717
24.735636,46.702709
24.735636,46.702709
24.735636,46.702709
24.735636,46.702709
24.735636,46.702709
24.735636,46.702709
24.735592,46.702671
24.735592,46.702671
24.735592,46.702671
24.735592,46.702671
24.735592,46.702671
24.735592,46.702671
24.735561,46.702618
24.735561,46.702618
24.735561,46.702618
24.735561,46.702618
24.735561,46.702618
24.735561,46.702618
24.735561,46.702618
24.735533,46.702557
24.735533,46.702557
24.735533,46.702557
24.735533,46.702557
24.735533,46.702557
24.735533,46.702557
24.735504,46.702492
24.735504,46.702492
24.735504,46.702492
24.735504,46.702492
24.735504,46.702492
24.735504,46.702492
24.735474,46.702423
24.735474,46.702423
24.735474,46.702423
24.735474,46.702423
24.735474,46.702423
24.735474,46.702423
24.735474,46.702423
24.735443,46.702354
24.735443,46.702354
24.735443,46.702354
24.735443,46.702354
24.735443,46.702354
24.735443,46.702354
24.735409,46.702282
24.735409,46.702282
24.735409,46.702282
24.735409,46.702282
24.735409,46.702282
24.735409,46.702282
24.735378,46.702206
24.735378,46.702206
24.735378,46.702206
24.735378,46.702206
24.735378,46.702206
24.735378,46.702206
24.735378,46.702206
24.735342,46.702129
24.735342,46.702129
24.735342,46.702129
24.735342,46.702129
24.735342,46.702129
24.735342,46.702129
24.735308,46.702053
24.735308,46.702053
24.735308,46.702053
24.735308,46.702053
24.735308,46.702053
24.735308,46.702053
24.735281,46.701969
24.735281,46.701969
24.735281,46.701969
24.735281,46.701969
24.735281,46.701969
24.735281,46.701969
24.735281,46.701969
24.735275,46.701885
24.735275,46.701885
24.735275,46.701885
24.735275,46.701885
24.735275,46.701885
24.735275,46.701885
24.735298,46.701809
24.735298,46.701809
24.735298,46.701809
24.735298,46.701809
24.735298,46.701809
24.735298,46.701809
24.735352,46.701752
24.735352,46.701752
24.735352,46.701752
24.735352,46.701752
24.735352,46.701752
24.735352,46.701752
24.735352,46.701752
24.735413,46.701710
24.735413,46.701710
24.735413,46.701710
24.735413,46.701710
24.735413,46.701710
24.735413,46.701710
24.735479,46.701672
24.735479,46.701672
24.735479,46.701672
24.735479,46.701672
24.735479,46.701672
24.735479,46.701672
24.735550,46.701633
24.735550,46.701633
24.735550,46.701633
24.735550,46.701633
24.735550,46.701633
24.735550,46.701633
24.735550,46.701633
24.735617,46.701588
24.735617,46.701588
24.735617,46.701588
24.735617,46.701588
24.735617,46.701588
24.735617,46.701588
24.735691,46.701542
24.735691,46.701542
24.735691,46.701542
24.735691,46.701542
24.735691,46.701542
24.735691,46.701542
24.735769,46.701504
24.735769,46.701504
24.735769,46.701504
24.735769,46.701504
24.735769,46.701504
24.735769,46.701504
24.735769,46.701504
24.735849,46.701477
24.735849,46.701477
24.735849,46.701477
24.735849,46.701477
24.735849,46.701477
24.735849,46.701477
24.735926,46.701488
24.735926,46.701488
24.735926,46.701488
24.735926,46.701488
24.735926,46.701488
24.735926,46.701488
24.735996,46.701530
24.735996,46.701530
24.735996,46.701530
24.735996,46.701530
24.735996,46.701530
24.735996,46.701530
24.735996,46.701530
24.736046,46.701588
24.736046,46.701588
24.736046,46.701588
24.736046,46.701588
24.736046,46.701588
24.736046,46.701588
24.736084,46.701664
24.736084,46.701664
24.736084,46.701664
24.736084,46.701664
24.736084,46.701664
24.736084,46.701664
24.736084,46.701664
24.736118,46.701744
24.736118,46.701744
24.736118,46.701744
24.736118,46.701744
24.736118,46.701744
24.736118,46.701744
24.736151,46.701828
24.736151,46.701828
24.736151,46.701828
24.736151,46.701828
24.736151,46.701828
24.736151,46.701828
24.736181,46.701912
24.736181,46.701912
24.736181,46.701912
24.736181,46.701912
24.736181,46.701912
24.736181,46.701912
24.736181,46.701912
24.736208,46.701996
24.736208,46.701996
24.736208,46.701996
24.736208,46.701996
24.736208,46.701996
24.736208,46.701996
24.736238,46.702084
24.736238,46.702084
24.736238,46.702084
24.736238,46.702084
24.736238,46.702084
24.736238,46.702084
24.736271,46.702164
24.736271,46.702164
24.736271,46.702164
24.736271,46.702164
24.736271,46.702164
24.736271,46.702164
24.736271,46.702164
24.736298,46.702248
24.736298,46.702248
24.736298,46.702248
24.736298,46.702248
24.736298,46.702248
24.736298,46.702248
24.736305,46.702328
24.736305,46.702328
24.736305,46.702328
24.736305,46.702328
24.736305,46.702328
24.736305,46.702328
24.736279,46.702393
24.736279,46.702393
24.736279,46.702393
24.736279,46.702393
24.736279,46.702393
24.736279,46.702393
24.736279,46.702393
24.736231,46.702438
24.736231,46.702438
24.736231,46.702438
24.736231,46.702438
24.736231,46.702438
24.736231,46.702438
24.736172,46.702473
24.736172,46.702473
24.736172,46.702473
24.736172,46.702473
24.736172,46.702473
24.736172,46.702473
24.736109,46.702507
24.736109,46.702507
24.736109,46.702507
24.736109,46.702507
24.736109,46.702507
24.736109,46.702507
24.736109,46.702507
24.736042,46.702538
24.736042,46.702538
24.736042,46.702538
24.736042,46.702538
24.736042,46.702538
24.736042,46.702538
24.735975,46.702572
24.735975,46.702572
24.735975,46.702572
24.735975,46.702572
24.735975,46.702572
24.735975,46.702572
24.735910,46.702610
24.735910,46.702610
24.735910,46.702610
24.735910,46.702610
24.735910,46.702610
24.735910,46.702610
24.735910,46.702610
24.735842,46.702648
24.735842,46.702648
24.735842,46.702648
24.735842,46.702648
24.735842,46.702648
24.735842,46.702648
24.735775,46.702690
24.735775,46.702690
24.735775,46.702690
24.735775,46.702690
24.735775,46.702690
24.735775,46.702690
24.735708,46.702724
24.735708,46.702724
24.735708,46.702724
24.735708,46.702724
24.735708,46.702724
24.735708,46.702724
24.735708,46.702724
24.735640,46.702724
24.735640,46.702724
24.735640,46.702724
24.735640,46.702724
24.735640,46.702724
24.735640,46.702724
24.735588,46.702694
24.735588,46.702694
24.735588,46.702694
24.735588,46.702694
24.735588,46.702694
24.735588,46.702694
24.735556,46.702637
24.735556,46.702637
24.735556,46.702637
24.735556,46.702637
24.735556,46.702637
24.735556,46.702637
24.735556,46.702637
24.735525,46.702572
24.735525,46.702572
24.735525,46.702572
24.735525,46.702572
24.735525,46.702572
24.735525,46.702572
24.735495,46.702507
24.735495,46.702507
24.735495,46.702507
24.735495,46.702507
24.735495,46.702507
24.735495,46.702507
24.735466,46.702438
24.735466,46.702438
24.735466,46.702438
24.735466,46.702438
24.735466,46.702438
24.735466,46.702438
24.735466,46.702438
24.735435,46.702366
24.735435,46.702366
24.735435,46.702366
24.735435,46.702366
24.735435,46.702366
24.735435,46.702366
24.735405,46.702293
24.735405,46.702293
24.735405,46.702293
24.735405,46.702293
24.735405,46.702293
24.735405,46.702293
24.735374,46.702213
24.735374,46.702213
24.735374,46.702213
24.735374,46.702213
24.735374,46.702213
24.735374,46.702213
24.735374,46.702213
24.735340,46.702137
24.735340,46.702137
24.735340,46.702137
24.735340,46.702137
24.735340,46.702137
24.735340,46.702137
24.735306,46.702057
24.735306,46.702057
24.735306,46.702057
24.735306,46.702057
24.735306,46.702057
24.735306,46.702057
24.735279,46.701973
24.735279,46.701973
24.735279,46.701973
24.735279,46.701973
24.735279,46.701973
24.735279,46.701973
24.735279,46.701973
24.735273,46.701893
24.735273,46.701893
24.735273,46.701893
24.735273,46.701893
24.735273,46.701893
24.735273,46.701893
24.735294,46.701817
24.735294,46.701817
24.735294,46.701817
24.735294,46.701817
24.735294,46.701817
24.735294,46.701817
24.735342,46.701763
24.735342,46.701763
24.735342,46.701763
24.735342,46.701763
24.735342,46.701763
24.735342,46.701763
24.735342,46.701763
24.735407,46.701721
24.735407,46.701721
24.735407,46.701721
24.735407,46.701721
24.735407,46.701721
24.735407,46.701721
24.735479,46.701683
24.735479,46.701683
24.735479,46.701683
24.735479,46.701683
24.735479,46.701683
24.735479,46.701683
24.735554,46.701641
24.735554,46.701641
24.735554,46.701641
24.735554,46.701641
24.735554,46.701641
24.735554,46.701641
24.735554,46.701641
24.735626,46.701599
24.735626,46.701599
24.735626,46.701599
24.735626,46.701599
24.735626,46.701599
24.735626,46.701599
24.735706,46.701561
24.735706,46.701561
24.735706,46.701561
24.735706,46.701561
24.735706,46.701561
24.735706,46.701561
24.735783,46.701519
24.735783,46.701519
24.735783,46.701519
24.735783,46.701519
24.735783,46.701519
24.735783,46.701519
24.735783,46.701519
24.735867,46.701485
24.735867,46.701485
24.735867,46.701485
24.735867,46.701485
24.735867,46.701485
24.735867,46.701485
24.735954,46.701485
24.735954,46.701485
24.735954,46.701485
24.735954,46.701485
24.735954,46.701485
24.735954,46.701485
24.736017,46.701530
24.736017,46.701530
24.736017,46.701530
24.736017,46.701530
24.736017,46.701530
24.736017,46.701530
24.736017,46.701530
24.736065,46.701595
24.736065,46.701595
24.736065,46.701595
24.736065,46.701595
24.736065,46.701595
24.736065,46.701595
24.736103,46.701672
24.736103,46.701672
24.736103,46.701672
24.736103,46.701672
24.736103,46.701672
24.736103,46.701672
24.736103,46.701672
24.736137,46.701752
24.736137,46.701752
24.736137,46.701752
24.736137,46.701752
24.736137,46.701752
24.736137,46.701752
24.736172,46.701828
24.736172,46.701828
24.736172,46.701828
24.736172,46.701828
24.736172,46.701828
24.736172,46.701828
24.736206,46.701908
24.736206,46.701908
24.736206,46.701908
24.736206,46.701908
24.736206,46.701908
24.736206,46.701908
24.736206,46.701908
24.736233,46.701988
24.736233,46.701988
24.736233,46.701988
24.736233,46.701988
24.736233,46.701988
24.736233,46.701988
24.736263,46.702072
24.736263,46.702072
24.736263,46.702072
24.736263,46.702072
24.736263,46.702072
24.736263,46.702072
24.736294,46.702152
24.736294,46.702152
24.736294,46.702152
24.736294,46.702152
24.736294,46.702152
24.736294,46.702152
24.736294,46.702152
24.736315,46.702236
24.736315,46.702236
24.736315,46.702236
24.736315,46.702236
24.736315,46.702236
24.736315,46.702236
24.736315,46.702320
24.736315,46.702320
24.736315,46.702320
24.736315,46.702320
24.736315,46.702320
24.736315,46.702320
24.736286,46.702389
24.736286,46.702389
24.736286,46.702389
24.736286,46.702389
24.736286,46.702389
24.736286,46.702389
24.736286,46.702389
24.736238,46.702438
24.736238,46.702438
24.736238,46.702438
24.736238,46.702438
24.736238,46.702438
24.736238,46.702438
24.736177,46.702473
24.736177,46.702473
24.736177,46.702473
24.736177,46.702473
24.736177,46.702473
24.736177,46.702473
24.736116,46.702507
24.736116,46.702507
24.736116,46.702507
24.736116,46.702507
24.736116,46.702507
24.736116,46.702507
24.736116,46.702507
24.736053,46.702538
24.736053,46.702538
24.736053,46.702538
24.736053,46.702538
24.736053,46.702538
24.736053,46.702538
24.735989,46.702572
24.735989,46.702572
24.735989,46.702572
24.735989,46.702572
24.735989,46.702572
24.735989,46.702572
24.735920,46.702602
24.735920,46.702602
24.735920,46.702602
24.735920,46.702602
24.735920,46.702602
24.735920,46.702602
24.735920,46.702602
24.735853,46.702641
24.735853,46.702641
24.735853,46.702641
24.735853,46.702641
24.735853,46.702641
24.735853,46.702641
24.735786,46.702679
24.735786,46.702679
24.735786,46.702679
24.735786,46.702679
24.735786,46.702679
24.735786,46.702679
24.735720,46.702709
24.735720,46.702709
24.735720,46.702709
24.735720,46.702709
24.735720,46.702709
24.735720,46.702709
24.735720,46.702709
24.735649,46.702717
24.735649,46.702717
24.735649,46.702717
24.735649,46.702717
24.735649,46.702717
24.735649,46.702717
24.735601,46.702686
24.735601,46.702686
24.735601,46.702686
24.735601,46.702686
24.735601,46.702686
24.735601,46.702686
24.735571,46.702633
24.735571,46.702633
24.735571,46.702633
24.735571,46.702633
24.735571,46.702633
24.735571,46.702633
24.735571,46.702633
24.735546,46.702572
24.735546,46.702572
24.735546,46.702572
24.735546,46.702572
24.735546,46.702572
24.735546,46.702572
24.735521,46.702511
24.735521,46.702511
24.735521,46.702511
24.735521,46.702511
24.735521,46.702511
24.735521,46.702511
24.735495,46.702442
24.735495,46.702442
24.735495,46.702442
24.735495,46.702442
24.735495,46.702442
24.735495,46.702442
24.735495,46.702442
24.735464,46.702374
24.735464,46.702374
24.735464,46.702374
24.735464,46.702374
24.735464,46.702374
24.735464,46.702374
24.735430,46.702309
24.735430,46.702309
24.735430,46.702309
24.735430,46.702309
24.735430,46.702309
24.735430,46.702309
24.735395,46.702236
24.735395,46.702236
24.735395,46.702236
24.735395,46.702236
24.735395,46.702236
24.735395,46.702236
24.735395,46.702236
24.735361,46.702156
24.735361,46.702156
24.735361,46.702156
24.735361,46.702156
24.735361,46.702156
24.735361,46.702156
24.735321,46.702084
24.735321,46.702084
24.735321,46.702084
24.735321,46.702084
24.735321,46.702084
24.735321,46.702084
24.735283,46.702003
24.735283,46.702003
24.735283,46.702003
24.735283,46.702003
24.735283,46.702003
24.735283,46.702003
24.735283,46.702003
24.735268,46.701920
24.735268,46.701920
24.735268,46.701920
24.735268,46.701920
24.735268,46.701920
24.735268,46.701920
24.735279,46.701836
24.735279,46.701836
24.735279,46.701836
24.735279,46.701836
24.735279,46.701836
24.735279,46.701836
24.735325,46.701771
24.735325,46.701771
24.735325,46.701771
24.735325,46.701771
24.735325,46.701771
24.735325,46.701771
24.735325,46.701771
24.735390,46.701725
24.735390,46.701725
24.735390,46.701725
24.735390,46.701725
24.735390,46.701725
24.735390,46.701725
24.735462,46.701687
24.735462,46.701687
24.735462,46.701687
24.735462,46.701687
24.735462,46.701687
24.735462,46.701687
24.735537,46.701649
24.735537,46.701649
24.735537,46.701649
24.735537,46.701649
24.735537,46.701649
24.735537,46.701649
24.735537,46.701649
24.735615,46.701611
24.735615,46.701611
24.735615,46.701611
24.735615,46.701611
24.735615,46.701611
24.735615,46.701611
24.735695,46.701569
24.735695,46.701569
24.735695,46.701569
24.735695,46.701569
24.735695,46.701569
24.735695,46.701569
24.735695,46.701569
24.735775,46.701519
24.735775,46.701519
24.735775,46.701519
24.735775,46.701519
24.735775,46.701519
24.735775,46.701519
24.735865,46.701492
24.735865,46.701492
24.735865,46.701492
24.735865,46.701492
24.735865,46.701492
24.735865,46.701492
24.735949,46.701500
24.735949,46.701500
24.735949,46.701500
24.735949,46.701500
24.735949,46.701500
24.735949,46.701500
24.735949,46.701500
24.736017,46.701550
24.736017,46.701550
24.736017,46.701550
24.736017,46.701550
24.736017,46.701550
24.736017,46.701550
24.736061,46.701614
24.736061,46.701614
24.736061,46.701614
24.736061,46.701614
24.736061,46.701614
24.736061,46.701614
24.736095,46.701691
24.736095,46.701691
24.736095,46.701691
24.736095,46.701691
24.736095,46.701691
24.736095,46.701691
24.736095,46.701691
24.736128,46.701767
24.736128,46.701767
24.736128,46.701767
24.736128,46.701767
24.736128,46.701767
24.736128,46.701767
24.736156,46.701847
24.736156,46.701847
24.736156,46.701847
24.736156,46.701847
24.736156,46.701847
24.736156,46.701847
24.736187,46.701927
24.736187,46.701927
24.736187,46.701927
24.736187,46.701927
24.736187,46.701927
24.736187,46.701927
24.736187,46.701927
24.736217,46.702007
24.736217,46.702007
24.736217,46.702007
24.736217,46.702007
24.736217,46.702007
24.736217,46.702007
24.736250,46.702087
24.736250,46.702087
24.736250,46.702087
24.736250,46.702087
24.736250,46.702087
24.736250,46.702087
24.736284,46.702168
24.736284,46.702168
24.736284,46.702168
24.736284,46.702168
24.736284,46.702168
24.736284,46.702168
24.736284,46.702168
24.736315,46.702248
24.736315,46.702248
24.736315,46.702248
24.736315,46.702248
24.736315,46.702248
24.736315,46.702248
24.736324,46.702324
24.736324,46.702324
24.736324,46.702324
24.736324,46.702324
24.736324,46.702324
24.736324,46.702324
24.736305,46.702393
24.736305,46.702393
24.736305,46.702393
24.736305,46.702393
24.736305,46.702393
24.736305,46.702393
24.736305,46.702393
24.736258,46.702438
24.736258,46.702438
24.736258,46.702438
24.736258,46.702438
24.736258,46.702438
24.736258,46.702438
24.736200,46.702469
24.736200,46.702469
24.736200,46.702469
24.736200,46.702469
24.736200,46.702469
24.736200,46.702469
24.736141,46.702499
24.736141,46.702499
24.736141,46.702499
24.736141,46.702499
24.736141,46.702499
24.736141,46.702499
24.736141,46.702499
24.736080,46.702530
24.736080,46.702530
24.736080,46.702530
24.736080,46.702530
24.736080,46.702530
24.736080,46.702530
24.736019,46.702560
24.736019,46.702560
24.736019,46.702560
24.736019,46.702560
24.736019,46.702560
24.736019,46.702560
24.735958,46.702599
24.735958,46.702599
24.735958,46.702599
24.735958,46.702599
24.735958,46.702599
24.735958,46.702599
24.735958,46.702599
24.735897,46.702633
24.735897,46.702633
24.735897,46.702633
24.735897,46.702633
24.735897,46.702633
24.735897,46.702633
24.735834,46.702667
24.735834,46.702667
24.735834,46.702667
24.735834,46.702667
24.735834,46.702667
24.735834,46.702667
24.735773,46.702702
24.735773,46.702702
24.735773,46.702702
24.735773,46.702702
24.735773,46.702702
24.735773,46.702702
24.735773,46.702702
24.735708,46.702724
24.735708,46.702724
24.735708,46.702724
24.735708,46.702724
24.735708,46.702724
24.735708,46.702724
24.735641,46.702724
24.735641,46.702724
24.735641,46.702724
24.735641,46.702724
24.735641,46.702724
24.735641,46.702724
24.735600,46.702686
24.735600,46.702686
24.735600,46.702686
24.735600,46.702686
24.735600,46.702686
24.735600,46.702686
24.735600,46.702686
24.735567,46.702633
24.735567,46.702633
24.735567,46.702633
24.735567,46.702633
24.735567,46.702633
24.735567,46.702633
24.735542,46.702576
24.735542,46.702576
24.735542,46.702576
24.735542,46.702576
24.735542,46.702576
24.735542,46.702576
24.735516,46.702518
24.735516,46.702518
24.735516,46.702518
24.735516,46.702518
24.735516,46.702518
24.735516,46.702518
24.735516,46.702518
24.735489,46.702450
24.735489,46.702450
24.735489,46.702450
24.735489,46.702450
24.735489,46.702450
24.735489,46.702450
24.735460,46.702385
24.735460,46.702385
24.735460,46.702385
24.735460,46.702385
24.735460,46.702385
24.735460,46.702385
24.735460,46.702385
24.735432,46.702312
24.735432,46.702312
24.735432,46.702312
24.735432,46.702312
24.735432,46.702312
24.735432,46.702312
24.735403,46.702240
24.735403,46.702240
24.735403,46.702240
24.735403,46.702240
24.735403,46.702240
24.735403,46.702240
24.735373,46.702164
24.735373,46.702164
24.735373,46.702164
24.735373,46.702164
24.735373,46.702164
24.735373,46.702164
24.735344,46.702087
24.735344,46.702087
24.735344,46.702087
24.735344,46.702087
24.735344,46.702087
24.735344,46.702087
24.735344,46.702087
24.735312,46.702011
24.735312,46.702011
24.735312,46.702011
24.735312,46.702011
24.735312,46.702011
24.735312,46.702011
24.735287,46.701931
24.735287,46.701931
24.735287,46.701931
24.735287,46.701931
24.735287,46.701931
24.735287,46.701931
24.735287,46.701931
24.735292,46.701851
24.735292,46.701851
24.735292,46.701851
24.735292,46.701851
24.735292,46.701851
24.735292,46.701851
24.735329,46.701786
24.735329,46.701786
24.735329,46.701786
24.735329,46.701786
24.735329,46.701786
24.735329,46.701786
24.735390,46.701740
24.735390,46.701740
24.735390,46.701740
24.735390,46.701740
24.735390,46.701740
24.735390,46.701740
24.735390,46.701740
24.735455,46.701706
24.735455,46.701706
24.735455,46.701706
24.735455,46.701706
24.735455,46.701706
24.735455,46.701706
24.735523,46.701672
24.735523,46.701672
24.735523,46.701672
24.735523,46.701672
24.735523,46.701672
24.735523,46.701672
24.735598,46.701637
24.735598,46.701637
24.735598,46.701637
24.735598,46.701637
24.735598,46.701637
24.735598,46.701637
24.735598,46.701637
24.735670,46.701595
24.735670,46.701595
24.735670,46.701595
24.735670,46.701595
24.735670,46.701595
24.735670,46.701595
24.735744,46.701553
24.735744,46.701553
24.735744,46.701553
24.735744,46.701553
24.735744,46.701553
24.735744,46.701553
24.735819,46.701504
24.735819,46.701504
24.735819,46.701504
24.735819,46.701504
24.735819,46.701504
24.735819,46.701504
24.735819,46.701504
24.735899,46.701473
24.735899,46.701473
24.735899,46.701473
24.735899,46.701473
24.735899,46.701473
24.735899,46.701473
24.735973,46.701488
24.735973,46.701488
24.735973,46.701488
24.735973,46.701488
24.735973,46.701488
24.735973,46.701488
24.736032,46.701527
24.736032,46.701527
24.736032,46.701527
24.736032,46.701527
24.736032,46.701527
24.736032,46.701527
24.736032,46.701527
24.736073,46.701591
24.736073,46.701591
24.736073,46.701591
24.736073,46.701591
24.736073,46.701591
24.736073,46.701591
24.736107,46.701656
24.736107,46.701656
24.736107,46.701656
24.736107,46.701656
24.736107,46.701656
24.736107,46.701656
24.736139,46.701729
24.736139,46.701729
24.736139,46.701729
24.736139,46.701729
24.736139,46.701729
24.736139,46.701729
24.736139,46.701729
24.736170,46.701805
24.736170,46.701805
24.736170,46.701805
24.736170,46.701805
24.736170,46.701805
24.736170,46.701805
24.736198,46.701881
24.736198,46.701881
24.736198,46.701881
24.736198,46.701881
24.736198,46.701881
24.736198,46.701881
24.736229,46.701954
24.736229,46.701954
24.736229,46.701954
24.736229,46.701954
24.736229,46.701954
24.736229,46.701954
24.736229,46.701954
24.736259,46.702030
24.736259,46.702030
24.736259,46.702030
24.736259,46.702030
24.736259,46.702030
24.736259,46.702030
24.736288,46.702103
24.736288,46.702103
24.736288,46.702103
24.736288,46.702103
24.736288,46.702103
24.736288,46.702103
24.736315,46.702179
24.736315,46.702179
24.736315,46.702179
24.736315,46.702179
24.736315,46.702179
24.736315,46.702179
24.736315,46.702179
24.736334,46.702251
24.736334,46.702251
24.736334,46.702251
24.736334,46.702251
24.736334,46.702251
24.736334,46.702251
24.736334,46.702328
24.736334,46.702328
24.736334,46.702328
24.736334,46.702328
24.736334,46.702328
24.736334,46.702328
24.736305,46.702385
24.736305,46.702385
24.736305,46.702385
24.736305,46.702385
24.736305,46.702385
24.736305,46.702385
24.736305,46.702385
24.736261,46.702423
24.736261,46.702423
24.736261,46.702423
24.736261,46.702423
24.736261,46.702423
24.736261,46.702423
24.736208,46.702457
24.736208,46.702457
24.736208,46.702457
24.736208,46.702457
24.736208,46.702457
24.736208,46.702457
24.736153,46.702488
24.736153,46.702488
24.736153,46.702488
24.736153,46.702488
24.736153,46.702488
24.736153,46.702488
24.736153,46.702488
24.736095,46.702518
24.736095,46.702518
24.736095,46.702518
24.736095,46.702518
24.736095,46.702518
24.736095,46.702518
24.736032,46.702549
24.736032,46.702549
24.736032,46.702549
24.736032,46.702549
24.736032,46.702549
24.736032,46.702549
24.735973,46.702583
24.735973,46.702583
24.735973,46.702583
24.735973,46.702583
24.735973,46.702583
24.735973,46.702583
24.735973,46.702583
24.735910,46.702618
24.735910,46.702618
24.735910,46.702618
24.735910,46.702618
24.735910,46.702618
24.735910,46.702618
24.735847,46.702652
24.735847,46.702652
24.735847,46.702652
24.735847,46.702652
24.735847,46.702652
24.735847,46.702652
24.735785,46.702686
24.735785,46.702686
24.735785,46.702686
24.735785,46.702686
24.735785,46.702686
24.735785,46.702686
24.735785,46.702686
24.735720,46.702709
24.735720,46.702709
24.735720,46.702709
24.735720,46.702709
24.735720,46.702709
24.735720,46.702709
24.735653,46.702717
24.735653,46.702717
24.735653,46.702717
24.735653,46.702717
24.735653,46.702717
24.735653,46.702717
24.735653,46.702717
24.735609,46.702679
24.735609,46.702679
24.735609,46.702679
24.735609,46.702679
24.735609,46.702679
24.735609,46.702679
24.735577,46.702633
24.735577,46.702633
24.735577,46.702633
24.735577,46.702633
24.735577,46.702633
24.735577,46.702633
24.735548,46.702576
24.735548,46.702576
24.735548,46.702576
24.735548,46.702576
24.735548,46.702576
24.735548,46.702576
24.735521,46.702515
24.735521,46.702515
24.735521,46.702515
24.735521,46.702515
24.735521,46.702515
24.735521,46.702515
24.735521,46.702515
24.735493,46.702454
24.735493,46.702454
24.735493,46.702454
24.735493,46.702454
24.735493,46.702454
24.735493,46.702454
24.735466,46.702389
24.735466,46.702389
24.735466,46.702389
24.735466,46.702389
24.735466,46.702389
24.735466,46.702389
24.735466,46.702389
24.735437,46.702316
24.735437,46.702316
24.735437,46.702316
24.735437,46.702316
24.735437,46.702316
24.735437,46.702316
24.735407,46.702244
24.735407,46.702244
24.735407,46.702244
24.735407,46.702244
24.735407,46.702244
24.735407,46.702244
24.735376,46.702171
24.735376,46.702171
24.735376,46.702171
24.735376,46.702171
24.735376,46.702171
24.735376,46.702171
24.735376,46.702171
24.735342,46.702095
24.735342,46.702095
24.735342,46.702095
24.735342,46.702095
24.735342,46.702095
24.735342,46.702095
24.735306,46.702019
24.735306,46.702019
24.735306,46.702019
24.735306,46.702019
24.735306,46.702019
24.735306,46.702019
24.735283,46.701942
24.735283,46.701942
24.735283,46.701942
24.735283,46.701942
24.735283,46.701942
24.735283,46.701942
24.735283,46.701942
24.735292,46.701862
24.735292,46.701862
24.735292,46.701862
24.735292,46.701862
24.735292,46.701862
24.735292,46.701862
24.735329,46.701797
24.735329,46.701797
24.735329,46.701797
24.735329,46.701797
24.735329,46.701797
24.735329,46.701797
24.735386,46.701752
24.735386,46.701752
24.735386,46.701752
24.735386,46.701752
24.735386,46.701752
24.735386,46.701752
24.735386,46.701752
24.735447,46.701714
24.735447,46.701714
24.735447,46.701714
24.735447,46.701714
24.735447,46.701714
24.735447,46.701714
24.735519,46.701679
24.735519,46.701679
24.735519,46.701679
24.735519,46.701679
24.735519,46.701679
24.735519,46.701679
24.735594,46.701641
24.735594,46.701641
24.735594,46.701641
24.735594,46.701641
24.735594,46.701641
24.735594,46.701641
24.735594,46.701641
24.735668,46.701599
24.735668,46.701599
24.735668,46.701599
24.735668,46.701599
24.735668,46.701599
24.735668,46.701599
24.735743,46.701557
24.735743,46.701557
24.735743,46.701557
24.735743,46.701557
24.735743,46.701557
24.735743,46.701557
24.735815,46.701511
24.735815,46.701511
24.735815,46.701511
24.735815,46.701511
24.735815,46.701511
24.735815,46.701511
24.735815,46.701511
24.735893,46.701488
24.735893,46.701488
24.735893,46.701488
24.735893,46.701488
24.735893,46.701488
24.735893,46.701488
24.735971,46.701492
24.735971,46.701492
24.735971,46.701492
24.735971,46.701492
24.735971,46.701492
24.735971,46.701492
24.736031,46.701534
24.736031,46.701534
24.736031,46.701534
24.736031,46.701534
24.736031,46.701534
24.736031,46.701534
24.736031,46.701534
24.736067,46.701599
24.736067,46.701599
24.736067,46.701599
24.736067,46.701599
24.736067,46.701599
24.736067,46.701599
24.736092,46.701672
24.736092,46.701672
24.736092,46.701672
24.736092,46.701672
24.736092,46.701672
24.736092,46.701672
24.736116,46.701744
24.736116,46.701744
24.736116,46.701744
24.736116,46.701744
24.736116,46.701744
24.736116,46.701744
24.736116,46.701744
24.736145,46.701817
24.736145,46.701817
24.736145,46.701817
24.736145,46.701817
24.736145,46.701817
24.736145,46.701817
24.736177,46.701889
24.736177,46.701889
24.736177,46.701889
24.736177,46.701889
24.736177,46.701889
24.736177,46.701889
24.736210,46.701965
24.736210,46.701965
24.736210,46.701965
24.736210,46.701965
24.736210,46.701965
24.736210,46.701965
24.736210,46.701965
24.736244,46.702038
24.736244,46.702038
24.736244,46.702038
24.736244,46.702038
24.736244,46.702038
24.736244,46.702038
24.736279,46.702110
24.736279,46.702110
24.736279,46.702110
24.736279,46.702110
24.736279,46.702110
24.736279,46.702110
24.736305,46.702190
24.736305,46.702190
24.736305,46.702190
24.736305,46.702190
24.736305,46.702190
24.736305,46.702190
24.736305,46.702190
24.736322,46.702271
24.736322,46.702271
24.736322,46.702271
24.736322,46.702271
24.736322,46.702271
24.736322,46.702271
24.736315,46.702347
24.736315,46.702347
24.736315,46.702347
24.736315,46.702347
24.736315,46.702347
24.736315,46.702347
24.736280,46.702408
24.736280,46.702408
24.736280,46.702408
24.736280,46.702408
24.736280,46.702408
24.736280,46.702408
24.736280,46.702408
24.736229,46.702446
24.736229,46.702446
24.736229,46.702446
24.736229,46.702446
24.736229,46.702446
24.736229,46.702446
24.736168,46.702477
24.736168,46.702477
24.736168,46.702477
24.736168,46.702477
24.736168,46.702477
24.736168,46.702477
24.736105,46.702507
24.736105,46.702507
24.736105,46.702507
24.736105,46.702507
24.736105,46.702507
24.736105,46.702507
24.736105,46.702507
24.736042,46.702538
24.736042,46.702538
24.736042,46.702538
24.736042,46.702538
24.736042,46.702538
24.736042,46.702538
24.735977,46.702568
24.735977,46.702568
24.735977,46.702568
24.735977,46.702568
24.735977,46.702568
24.735977,46.702568
24.735977,46.702568
24.735912,46.702599
24.735912,46.702599
24.735912,46.702599
24.735912,46.702599
24.735912,46.702599
24.735912,46.702599
24.735846,46.702629
24.735846,46.702629
24.735846,46.702629
24.735846,46.702629
24.735846,46.702629
24.735846,46.702629
24.735781,46.702667
24.735781,46.702667
24.735781,46.702667
24.735781,46.702667
24.735781,46.702667
24.735781,46.702667
24.735781,46.702667
24.735720,46.702702
24.735720,46.702702
24.735720,46.702702
24.735720,46.702702
24.735720,46.702702
24.735720,46.702702
24.735653,46.702709
24.735653,46.702709
24.735653,46.702709
24.735653,46.702709
24.735653,46.702709
24.735653,46.702709
24.735607,46.702682
24.735607,46.702682
24.735607,46.702682
24.735607,46.702682
24.735607,46.702682
24.735607,46.702682
24.735607,46.702682
24.735577,46.702629
24.735577,46.702629
24.735577,46.702629
24.735577,46.702629
24.735577,46.702629
24.735577,46.702629
24.735552,46.702572
24.735552,46.702572
24.735552,46.702572
24.735552,46.702572
24.735552,46.702572
24.735552,46.702572
24.735525,46.702507
24.735525,46.702507
24.735525,46.702507
24.735525,46.702507
24.735525,46.702507
24.735525,46.702507
24.735525,46.702507
24.735498,46.702446
24.735498,46.702446
24.735498,46.702446
24.735498,46.702446
24.735498,46.702446
24.735498,46.702446
24.735468,46.702377
24.735468,46.702377
24.735468,46.702377
24.735468,46.702377
24.735468,46.702377
24.735468,46.702377
24.735437,46.702309
24.735437,46.702309
24.735437,46.702309
24.735437,46.702309
24.735437,46.702309
24.735437,46.702309
24.735437,46.702309
24.735405,46.702236
24.735405,46.702236
24.735405,46.702236
24.735405,46.702236
24.735405,46.702236
24.735405,46.702236
24.735369,46.702160
24.735369,46.702160
24.735369,46.702160
24.735369,46.702160
24.735369,46.702160
24.735369,46.702160
24.735331,46.702084
24.735331,46.702084
24.735331,46.702084
24.735331,46.702084
24.735331,46.702084
24.735331,46.702084
24.735331,46.702084
24.735292,46.702007
24.735292,46.702007
24.735292,46.702007
24.735292,46.702007
24.735292,46.702007
24.735292,46.702007
24.735266,46.701923
24.735266,46.701923
24.735266,46.701923
24.735266,46.701923
24.735266,46.701923
24.735266,46.701923
24.735270,46.701839
24.735270,46.701839
24.735270,46.701839
24.735270,46.701839
24.735270,46.701839
24.735270,46.701839
24.735270,46.701839
24.735306,46.701771
24.735306,46.701771
24.735306,46.701771
24.735306,46.701771
24.735306,46.701771
24.735306,46.701771
24.735367,46.701717
24.735367,46.701717
24.735367,46.701717
24.735367,46.701717
24.735367,46.701717
24.735367,46.701717
24.735439,46.701683
24.735439,46.701683
24.735439,46.701683
24.735439,46.701683
24.735439,46.701683
24.735439,46.701683
24.735439,46.701683
24.735512,46.701645
24.735512,46.701645
24.735512,46.701645
24.735512,46.701645
24.735512,46.701645
24.735512,46.701645
24.735586,46.701607
24.735586,46.701607
24.735586,46.701607
24.735586,46.701607
24.735586,46.701607
24.735586,46.701607
24.735664,46.701569
24.735664,46.701569
24.735664,46.701569
24.735664,46.701569
24.735664,46.701569
24.735664,46.701569
24.735664,46.701569
24.735743,46.701527
24.735743,46.701527
24.735743,46.701527
24.735743,46.701527
24.735743,46.701527
24.735743,46.701527
24.735821,46.701488
24.735821,46.701488
24.735821,46.701488
24.735821,46.701488
24.735821,46.701488
24.735821,46.701488
24.735905,46.701477
24.735905,46.701477
24.735905,46.701477
24.735905,46.701477
24.735905,46.701477
24.735905,46.701477
24.735905,46.701477
24.735979,46.701500
24.735979,46.701500
24.735979,46.701500
24.735979,46.701500
24.735979,46.701500
24.735979,46.701500
24.736038,46.701546
24.736038,46.701546
24.736038,46.701546
24.736038,46.701546
24.736038,46.701546
24.736038,46.701546
24.736074,46.701614
24.736074,46.701614
24.736074,46.701614
24.736074,46.701614
24.736074,46.701614
24.736074,46.701614
24.736074,46.701614
24.736105,46.701683
24.736105,46.701683
24.736105,46.701683
24.736105,46.701683
24.736105,46.701683
24.736105,46.701683
24.736128,46.701759
24.736128,46.701759
24.736128,46.701759
24.736128,46.701759
24.736128,46.701759
24.736128,46.701759
24.736156,46.701832
24.736156,46.701832
24.736156,46.701832
24.736156,46.701832
24.736156,46.701832
24.736156,46.701832
24.736156,46.701832
24.736189,46.701904
24.736189,46.701904
24.736189,46.701904
24.736189,46.701904
24.736189,46.701904
24.736189,46.701904
24.736217,46.701981
24.736217,46.701981
24.736217,46.701981
24.736217,46.701981
24.736217,46.701981
24.736217,46.701981
24.736248,46.702057
24.736248,46.702057
24.736248,46.702057
24.736248,46.702057
24.736248,46.702057
24.736248,46.702057
24.736248,46.702057
24.736279,46.702129
24.736279,46.702129
24.736279,46.702129
24.736279,46.702129
24.736279,46.702129
24.736279,46.702129
24.736309,46.702206
24.736309,46.702206
24.736309,46.702206
24.736309,46.702206
24.736309,46.702206
24.736309,46.702206
24.736309,46.702206
24.736324,46.702282
24.736324,46.702282
24.736324,46.702282
24.736324,46.702282
24.736324,46.702282
24.736324,46.702282
24.736317,46.702351
24.736317,46.702351
24.736317,46.702351
24.736317,46.702351
24.736317,46.702351
24.736317,46.702351
24.736282,46.702408
24.736282,46.702408
24.736282,46.702408
24.736282,46.702408
24.736282,46.702408
24.736282,46.702408
24.736282,46.702408
24.736233,46.702442
24.736233,46.702442
24.736233,46.702442
24.736233,46.702442
24.736233,46.702442
24.736233,46.702442
24.736179,46.702473
24.736179,46.702473
24.736179,46.702473
24.736179,46.702473
24.736179,46.702473
24.736179,46.702473
24.736120,46.702503
24.736120,46.702503
24.736120,46.702503
24.736120,46.702503
24.736120,46.702503
24.736120,46.702503
24.736120,46.702503
24.736061,46.702534
24.736061,46.702534
24.736061,46.702534
24.736061,46.702534
24.736061,46.702534
24.736061,46.702534
24.735998,46.702568
24.735998,46.702568
24.735998,46.702568
24.735998,46.702568
24.735998,46.702568
24.735998,46.702568
24.735937,46.702599
24.735937,46.702599
24.735937,46.702599
24.735937,46.702599
24.735937,46.702599
24.735937,46.702599
24.735937,46.702599
24.735872,46.702629
24.735872,46.702629
24.735872,46.702629
24.735872,46.702629
24.735872,46.702629
24.735872,46.702629
24.735811,46.702660
24.735811,46.702660
24.735811,46.702660
24.735811,46.702660
24.735811,46.702660
24.735811,46.702660
24.735752,46.702690
24.735752,46.702690
24.735752,46.702690
24.735752,46.702690
24.735752,46.702690
24.735752,46.702690
24.735752,46.702690
24.735691,46.702709
24.735691,46.702709
24.735691,46.702709
24.735691,46.702709
24.735691,46.702709
24.735691,46.702709
24.735636,46.702698
24.735636,46.702698
24.735636,46.702698
24.735636,46.702698
24.735636,46.702698
24.735636,46.702698
24.735600,46.702652
24.735600,46.702652
24.735600,46.702652
24.735600,46.702652
24.735600,46.702652
24.735600,46.702652
24.735600,46.702652
24.735571,46.702599
24.735571,46.702599
24.735571,46.702599
24.735571,46.702599
24.735571,46.702599
24.735571,46.702599
24.735544,46.702541
24.735544,46.702541
24.735544,46.702541
24.735544,46.702541
24.735544,46.702541
24.735544,46.702541
24.735518,46.702484
24.735518,46.702484
24.735518,46.702484
24.735518,46.702484
24.735518,46.702484
24.735518,46.702484
24.735518,46.702484
24.735487,46.702423
24.735487,46.702423
24.735487,46.702423
24.735487,46.702423
24.735487,46.702423
24.735487,46.702423
24.735458,46.702358
24.735458,46.702358
24.735458,46.702358
24.735458,46.702358
24.735458,46.702358
24.735458,46.702358
24.735428,46.702293
24.735428,46.702293
24.735428,46.702293
24.735428,46.702293
24.735428,46.702293
24.735428,46.702293
24.735428,46.702293
24.735399,46.702225
24.735399,46.702225
24.735399,46.702225
24.735399,46.702225
24.735399,46.702225
24.735399,46.702225
24.735367,46.702152
24.735367,46.702152
24.735367,46.702152
24.735367,46.702152
24.735367,46.702152
24.735367,46.702152
24.735334,46.702076
24.735334,46.702076
24.735334,46.702076
24.735334,46.702076
24.735334,46.702076
24.735334,46.702076
24.735334,46.702076
24.735300,46.702003
24.735300,46.702003
24.735300,46.702003
24.735300,46.702003
24.735300,46.702003
24.735300,46.702003
24.735281,46.701923
24.735281,46.701923
24.735281,46.701923
24.735281,46.701923
24.735281,46.701923
24.735281,46.701923
24.735296,46.701843
24.735296,46.701843
24.735296,46.701843
24.735296,46.701843
24.735296,46.701843
24.735296,46.701843
24.735296,46.701843
24.735332,46.701782
24.735332,46.701782
24.735332,46.701782
24.735332,46.701782
24.735332,46.701782
24.735332,46.701782
24.735388,46.701733
24.735388,46.701733
24.735388,46.701733
24.735388,46.701733
24.735388,46.701733
24.735388,46.701733
24.735449,46.701687
24.735449,46.701687
24.735449,46.701687
24.735449,46.701687
24.735449,46.701687
24.735449,46.701687
24.735449,46.701687
24.735519,46.701649
24.735519,46.701649
24.735519,46.701649
24.735519,46.701649
24.735519,46.701649
24.735519,46.701649
24.735592,46.701607
24.735592,46.701607
24.735592,46.701607
24.735592,46.701607
24.735592,46.701607
24.735592,46.701607
24.735592,46.701607
24.735666,46.701569
24.735666,46.701569
24.735666,46.701569
24.735666,46.701569
24.735666,46.701569
24.735666,46.701569
24.735743,46.701527
24.735743,46.701527
24.735743,46.701527
24.735743,46.701527
24.735743,46.701527
24.735743,46.701527
24.735821,46.701485
24.735821,46.701485
24.735821,46.701485
24.735821,46.701485
24.735821,46.701485
24.735821,46.701485
24.735821,46.701485
24.735903,46.701466
24.735903,46.701466
24.735903,46.701466
24.735903,46.701466
24.735903,46.701466
24.735903,46.701466
24.735977,46.701481
24.735977,46.701481
24.735977,46.701481
24.735977,46.701481
24.735977,46.701481
24.735977,46.701481
24.736034,46.701530
24.736034,46.701530
24.736034,46.701530
24.736034,46.701530
24.736034,46.701530
24.736034,46.701530
24.736034,46.701530
24.736082,46.701591
24.736082,46.701591
24.736082,46.701591
24.736082,46.701591
24.736082,46.701591
24.736082,46.701591
24.736115,46.701664
24.736115,46.701664
24.736115,46.701664
24.736115,46.701664
24.736115,46.701664
24.736115,46.701664
24.736141,46.701740
24.736141,46.701740
24.736141,46.701740
24.736141,46.701740
24.736141,46.701740
24.736141,46.701740
24.736141,46.701740
24.736170,46.701817
24.736170,46.701817
24.736170,46.701817
24.736170,46.701817
24.736170,46.701817
24.736170,46.701817
24.736198,46.701893
24.736198,46.701893
24.736198,46.701893
24.736198,46.701893
24.736198,46.701893
24.736198,46.701893
24.736225,46.701973
24.736225,46.701973
24.736225,46.701973
24.736225,46.701973
24.736225,46.701973
24.736225,46.701973
24.736225,46.701973
24.736252,46.702053
24.736252,46.702053
24.736252,46.702053
24.736252,46.702053
24.736252,46.702053
24.736252,46.702053
24.736280,46.702129
24.736280,46.702129
24.736280,46.702129
24.736280,46.702129
24.736280,46.702129
24.736280,46.702129
24.736307,46.702209
24.736307,46.702209
24.736307,46.702209
24.736307,46.702209
24.736307,46.702209
24.736307,46.702209
24.736307,46.702209
24.736320,46.702286
24.736320,46.702286
24.736320,46.702286
24.736320,46.702286
24.736320,46.702286
24.736320,46.702286
24.736303,46.702354
24.736303,46.702354
24.736303,46.702354
24.736303,46.702354
24.736303,46.702354
24.736303,46.702354
24.736263,46.702408
24.736263,46.702408
24.736263,46.702408
24.736263,46.702408
24.736263,46.702408
24.736263,46.702408
24.736263,46.702408
24.736210,46.702442
24.736210,46.702442
24.736210,46.702442
24.736210,46.702442
24.736210,46.702442
24.736210,46.702442
24.736151,46.702477
24.736151,46.702477
24.736151,46.702477
24.736151,46.702477
24.736151,46.702477
24.736151,46.702477
24.736094,46.702511
24.736094,46.702511
24.736094,46.702511
24.736094,46.702511
24.736094,46.702511
24.736094,46.702511
24.736094,46.702511
24.736032,46.702545
24.736032,46.702545
24.736032,46.702545
24.736032,46.702545
24.736032,46.702545
24.736032,46.702545
24.735971,46.702576
24.735971,46.702576
24.735971,46.702576
24.735971,46.702576
24.735971,46.702576
24.735971,46.702576
24.735907,46.702614
24.735907,46.702614
24.735907,46.702614
24.735907,46.702614
24.735907,46.702614
24.735907,46.702614
24.735907,46.702614
24.735842,46.702648
24.735842,46.702648
24.735842,46.702648
24.735842,46.702648
24.735842,46.702648
24.735842,46.702648
24.735779,46.702686
24.735779,46.702686
24.735779,46.702686
24.735779,46.702686
24.735779,46.702686
24.735779,46.702686
24.735716,46.702717
24.735716,46.702717
24.735716,46.702717
24.735716,46.702717
24.735716,46.702717
24.735716,46.702717
24.735716,46.702717
24.735649,46.702721
24.735649,46.702721
24.735649,46.702721
24.735649,46.702721
24.735649,46.702721
24.735649,46.702721
24.735603,46.702690
24.735603,46.702690
24.735603,46.702690
24.735603,46.702690
24.735603,46.702690
24.735603,46.702690
24.735575,46.702641
24.735575,46.702641
24.735575,46.702641
24.735575,46.702641
24.735575,46.702641
24.735575,46.702641
24.735575,46.702641
24.735550,46.702583
24.735550,46.702583
24.735550,46.702583
24.735550,46.702583
24.735550,46.702583
24.735550,46.702583
24.735525,46.702522
24.735525,46.702522
24.735525,46.702522
24.735525,46.702522
24.735525,46.702522
24.735525,46.702522
24.735497,46.702461
24.735497,46.702461
24.735497,46.702461
24.735497,46.702461
24.735497,46.702461
24.735497,46.702461
24.735497,46.702461
24.735468,46.702396
24.735468,46.702396
24.735468,46.702396
24.735468,46.702396
24.735468,46.702396
24.735468,46.702396
24.735435,46.702328
24.735435,46.702328
24.735435,46.702328
24.735435,46.702328
24.735435,46.702328
24.735435,46.702328
24.735403,46.702259
24.735403,46.702259
24.735403,46.702259
24.735403,46.702259
24.735403,46.702259
24.735403,46.702259
24.735403,46.702259
24.735365,46.702190
24.735365,46.702190
24.735365,46.702190
24.735365,46.702190
24.735365,46.702190
24.735365,46.702190
24.735332,46.702118
24.735332,46.702118
24.735332,46.702118
24.735332,46.702118
24.735332,46.702118
24.735332,46.702118
24.735302,46.702042
24.735302,46.702042
24.735302,46.702042
24.735302,46.702042
24.735302,46.702042
24.735302,46.702042
24.735302,46.702042
24.735279,46.701962
24.735279,46.701962
24.735279,46.701962
24.735279,46.701962
24.735279,46.701962
24.735279,46.701962
24.735281,46.701881
24.735281,46.701881
24.735281,46.701881
24.735281,46.701881
24.735281,46.701881
24.735281,46.701881
24.735312,46.701809
24.735312,46.701809
24.735312,46.701809
24.735312,46.701809
24.735312,46.701809
24.735312,46.701809
24.735312,46.701809
24.735359,46.701752
24.735359,46.701752
24.735359,46.701752
24.735359,46.701752
24.735359,46.701752
24.735359,46.701752
24.735420,46.701710
24.735420,46.701710
24.735420,46.701710
24.735420,46.701710
24.735420,46.701710
24.735420,46.701710
24.735420,46.701710
24.735493,46.701668
24.735493,46.701668
24.735493,46.701668
24.735493,46.701668
24.735493,46.701668
24.735493,46.701668
24.735565,46.701630
24.735565,46.701630
24.735565,46.701630
24.735565,46.701630
24.735565,46.701630
24.735565,46.701630
24.735641,46.701591
24.735641,46.701591
24.735641,46.701591
24.735641,46.701591
24.735641,46.701591
24.735641,46.701591
24.735641,46.701591
24.735722,46.701546
24.735722,46.701546
24.735722,46.701546
24.735722,46.701546
24.735722,46.701546
24.735722,46.701546
24.735802,46.701504
24.735802,46.701504
24.735802,46.701504
24.735802,46.701504
24.735802,46.701504
24.735802,46.701504
24.735884,46.701477
24.735884,46.701477
24.735884,46.701477
24.735884,46.701477
24.735884,46.701477
24.735884,46.701477
24.735884,46.701477
24.735964,46.701488
24.735964,46.701488
24.735964,46.701488
24.735964,46.701488
24.735964,46.701488
24.735964,46.701488
24.736029,46.701538
24.736029,46.701538
24.736029,46.701538
24.736029,46.701538
24.736029,46.701538
24.736029,46.701538
24.736073,46.701603
24.736073,46.701603
24.736073,46.701603
24.736073,46.701603
24.736073,46.701603
24.736073,46.701603
24.736073,46.701603
24.736109,46.701679
24.736109,46.701679
24.736109,46.701679
24.736109,46.701679
24.736109,46.701679
24.736109,46.701679
24.736143,46.701756
24.736143,46.701756
24.736143,46.701756
24.736143,46.701756
24.736143,46.701756
24.736143,46.701756
24.736176,46.701839
24.736176,46.701839
24.736176,46.701839
24.736176,46.701839
24.736176,46.701839
24.736176,46.701839
24.736176,46.701839
24.736206,46.701920
24.736206,46.701920
24.736206,46.701920
24.736206,46.701920
24.736206,46.701920
24.736206,46.701920
24.736237,46.702003
24.736237,46.702003
24.736237,46.702003
24.736237,46.702003
24.736237,46.702003
24.736237,46.702003
24.736271,46.702087
24.736271,46.702087
24.736271,46.702087
24.736271,46.702087
24.736271,46.702087
24.736271,46.702087
24.736271,46.702087
24.736303,46.702171
24.736303,46.702171
24.736303,46.702171
24.736303,46.702171
24.736303,46.702171
24.736303,46.702171
24.736320,46.702251
24.736320,46.702251
24.736320,46.702251
24.736320,46.702251
24.736320,46.702251
24.736320,46.702251
24.736313,46.702332
24.736313,46.702332
24.736313,46.702332
24.736313,46.702332
24.736313,46.702332
24.736313,46.702332
24.736313,46.702332
24.736279,46.702393
24.736279,46.702393
24.736279,46.702393
24.736279,46.702393
24.736279,46.702393
24.736279,46.702393
24.736225,46.702431
24.736225,46.702431
24.736225,46.702431
24.736225,46.702431
24.736225,46.702431
24.736225,46.702431
24.736166,46.702465
24.736166,46.702465
24.736166,46.702465
24.736166,46.702465
24.736166,46.702465
24.736166,46.702465
24.736166,46.702465
24.736105,46.702499
24.736105,46.702499
24.736105,46.702499
24.736105,46.702499
24.736105,46.702499
24.736105,46.702499
24.736040,46.702534
24.736040,46.702534
24.736040,46.702534
24.736040,46.702534
24.736040,46.702534
24.736040,46.702534
24.735975,46.702564
24.735975,46.702564
24.735975,46.702564
24.735975,46.702564
24.735975,46.702564
24.735975,46.702564
24.735975,46.702564
24.735909,46.702599
24.735909,46.702599
24.735909,46.702599
24.735909,46.702599
24.735909,46.702599
24.735909,46.702599
24.735842,46.702633
24.735842,46.702633
24.735842,46.702633
24.735842,46.702633
24.735842,46.702633
24.735842,46.702633
24.735777,46.702667
24.735777,46.702667
24.735777,46.702667
24.735777,46.702667
24.735777,46.702667
24.735777,46.702667
24.735777,46.702667
24.735710,46.702694
24.735710,46.702694
24.735710,46.702694
24.735710,46.702694
24.735710,46.702694
24.735710,46.702694
24.735640,46.702698
24.735640,46.702698
24.735640,46.702698
24.735640,46.702698
24.735640,46.702698
24.735640,46.702698
24.735598,46.702660
24.735598,46.702660
24.735598,46.702660
24.735598,46.702660
24.735598,46.702660
24.735598,46.702660
24.735598,46.702660
24.735571,46.702610
24.735571,46.702610
24.735571,46.702610
24.735571,46.702610
24.735571,46.702610
24.735571,46.702610
24.735546,46.702553
24.735546,46.702553
24.735546,46.702553
24.735546,46.702553
24.735546,46.702553
24.735546,46.702553
24.735519,46.702488
24.735519,46.702488
24.735519,46.702488
24.735519,46.702488
24.735519,46.702488
24.735519,46.702488
24.735519,46.702488
24.735495,46.702423
24.735495,46.702423
24.735495,46.702423
24.735495,46.702423
24.735495,46.702423
24.735495,46.702423
24.735464,46.702358
24.735464,46.702358
24.735464,46.702358
24.735464,46.702358
24.735464,46.702358
24.735464,46.702358
24.735435,46.702286
24.735435,46.702286
24.735435,46.702286
24.735435,46.702286
24.735435,46.702286
24.735435,46.702286
24.735435,46.702286
24.735403,46.702213
24.735403,46.702213
24.735403,46.702213
24.735403,46.702213
24.735403,46.702213
24.735403,46.702213
24.735371,46.702141
24.735371,46.702141
24.735371,46.702141
24.735371,46.702141
24.735371,46.702141
24.735371,46.702141
24.735371,46.702141
24.735336,46.702065
24.735336,46.702065
24.735336,46.702065
24.735336,46.702065
24.735336,46.702065
24.735336,46.702065
24.735306,46.701984
24.735306,46.701984
24.735306,46.701984
24.735306,46.701984
24.735306,46.701984
24.735306,46.701984
24.735291,46.701900
24.735291,46.701900
24.735291,46.701900
24.735291,46.701900
24.735291,46.701900
24.735291,46.701900
24.735291,46.701900
24.735312,46.701817
24.735312,46.701817
24.735312,46.701817
24.735312,46.701817
24.735312,46.701817
24.735312,46.701817
24.735355,46.701759
24.735355,46.701759
24.735355,46.701759
24.735355,46.701759
24.735355,46.701759
24.735355,46.701759
24.735418,46.701717
24.735418,46.701717
24.735418,46.701717
24.735418,46.701717
24.735418,46.701717
24.735418,46.701717
24.735418,46.701717
24.735489,46.701675
24.735489,46.701675
24.735489,46.701675
24.735489,46.701675
24.735489,46.701675
24.735489,46.701675
24.735565,46.701633
24.735565,46.701633
24.735565,46.701633
24.735565,46.701633
24.735565,46.701633
24.735565,46.701633
24.735640,46.701591
24.735640,46.701591
24.735640,46.701591
24.735640,46.701591
24.735640,46.701591
24.735640,46.701591
24.735640,46.701591
24.735720,46.701546
24.735720,46.701546
24.735720,46.701546
24.735720,46.701546
24.735720,46.701546
24.735720,46.701546
24.735800,46.701500
24.735800,46.701500
24.735800,46.701500
24.735800,46.701500
24.735800,46.701500
24.735800,46.701500
24.735882,46.701477
24.735882,46.701477
24.735882,46.701477
24.735882,46.701477
24.735882,46.701477
24.735882,46.701477
24.735882,46.701477
24.735964,46.701485
24.735964,46.701485
24.735964,46.701485
24.735964,46.701485
24.735964,46.701485
24.735964,46.701485
24.736027,46.701530
24.736027,46.701530
24.736027,46.701530
24.736027,46.701530
24.736027,46.701530
24.736027,46.701530
24.736073,46.701591
24.736073,46.701591
24.736073,46.701591
24.736073,46.701591
24.736073,46.701591
24.736073,46.701591
24.736073,46.701591
24.736103,46.701664
24.736103,46.701664
24.736103,46.701664
24.736103,46.701664
24.736103,46.701664
24.736103,46.701664
24.736134,46.701736
24.736134,46.701736
24.736134,46.701736
24.736134,46.701736
24.736134,46.701736
24.736134,46.701736
24.736160,46.701813
24.736160,46.701813
24.736160,46.701813
24.736160,46.701813
24.736160,46.701813
24.736160,46.701813
24.736160,46.701813
24.736189,46.701889
24.736189,46.701889
24.736189,46.701889
24.736189,46.701889
24.736189,46.701889
24.736189,46.701889
24.736223,46.701962
24.736223,46.701962
24.736223,46.701962
24.736223,46.701962
24.736223,46.701962
24.736223,46.701962
24.736256,46.702038
24.736256,46.702038
24.736256,46.702038
24.736256,46.702038
24.736256,46.702038
24.736256,46.702038
24.736256,46.702038
24.736286,46.702114
24.736286,46.702114
24.736286,46.702114
24.736286,46.702114
24.736286,46.702114
24.736286,46.702114
24.736313,46.702194
24.736313,46.702194
24.736313,46.702194
24.736313,46.702194
24.736313,46.702194
24.736313,46.702194
24.736328,46.702271
24.736328,46.702271
24.736328,46.702271
24.736328,46.702271
24.736328,46.702271
24.736328,46.702271
24.736328,46.702271
24.736322,46.702343
24.736322,46.702343
24.736322,46.702343
24.736322,46.702343
24.736322,46.702343
24.736322,46.702343
24.736288,46.702400
24.736288,46.702400
24.736288,46.702400
24.736288,46.702400
24.736288,46.702400
24.736288,46.702400
24.736242,46.702435
24.736242,46.702435
24.736242,46.702435
24.736242,46.702435
24.736242,46.702435
24.736242,46.702435
24.736242,46.702435
24.736189,46.702465
24.736189,46.702465
24.736189,46.702465
24.736189,46.702465
24.736189,46.702465
24.736189,46.702465
24.736130,46.702492
24.736130,46.702492
24.736130,46.702492
24.736130,46.702492
24.736130,46.702492
24.736130,46.702492
24.736071,46.702518
24.736071,46.702518
24.736071,46.702518
24.736071,46.702518
24.736071,46.702518
24.736071,46.702518
24.736071,46.702518
24.736010,46.702553
24.736010,46.702553
24.736010,46.702553
24.736010,46.702553
24.736010,46.702553
24.736010,46.702553
24.735945,46.702583
24.735945,46.702583
24.735945,46.702583
24.735945,46.702583
24.735945,46.702583
24.735945,46.702583
24.735880,46.702621
24.735880,46.702621
24.735880,46.702621
24.735880,46.702621
24.735880,46.702621
24.735880,46.702621
24.735880,46.702621
24.735817,46.702660
24.735817,46.702660
24.735817,46.702660
24.735817,46.702660
24.735817,46.702660
24.735817,46.702660
24.735754,46.702694
24.735754,46.702694
24.735754,46.702694
24.735754,46.702694
24.735754,46.702694
24.735754,46.702694
24.735687,46.702709
24.735687,46.702709
24.735687,46.702709
24.735687,46.702709
24.735687,46.702709
24.735687,46.702709
24.735687,46.702709
24.735630,46.702698
24.735630,46.702698
24.735630,46.702698
24.735630,46.702698
24.735630,46.702698
24.735630,46.702698
24.735588,46.702656
24.735588,46.702656
24.735588,46.702656
24.735588,46.702656
24.735588,46.702656
24.735588,46.702656
24.735588,46.702656
24.735558,46.702599
24.735558,46.702599
24.735558,46.702599
24.735558,46.702599
24.735558,46.702599
24.735558,46.702599
24.735531,46.702538
24.735531,46.702538
24.735531,46.702538
24.735531,46.702538
24.735531,46.702538
24.735531,46.702538
24.735506,46.702473
24.735506,46.702473
24.735506,46.702473
24.735506,46.702473
24.735506,46.702473
24.735506,46.702473
24.735506,46.702473
24.735477,46.702412
24.735477,46.702412
24.735477,46.702412
24.735477,46.702412
24.735477,46.702412
24.735477,46.702412
24.735447,46.702347
24.735447,46.702347
24.735447,46.702347
24.735447,46.702347
24.735447,46.702347
24.735447,46.702347
24.735415,46.702278
24.735415,46.702278
24.735415,46.702278
24.735415,46.702278
24.735415,46.702278
24.735415,46.702278
24.735415,46.702278
24.735380,46.702206
24.735380,46.702206
24.735380,46.702206
24.735380,46.702206
24.735380,46.702206
24.735380,46.702206
24.735352,46.702133
24.735352,46.702133
24.735352,46.702133
24.735352,46.702133
24.735352,46.702133
24.735352,46.702133
24.735315,46.702061
24.735315,46.702061
24.735315,46.702061
24.735315,46.702061
24.735315,46.702061
24.735315,46.702061
24.735315,46.702061
24.735285,46.701981
24.735285,46.701981
24.735285,46.701981
24.735285,46.701981
24.735285,46.701981
24.735285,46.701981
24.735275,46.701897
24.735275,46.701897
24.735275,46.701897
24.735275,46.701897
24.735275,46.701897
24.735275,46.701897
24.735302,46.701820
24.735302,46.701820
24.735302,46.701820
24.735302,46.701820
24.735302,46.701820
24.735302,46.701820
24.735302,46.701820
24.735350,46.701763
24.735350,46.701763
24.735350,46.701763
24.735350,46.701763
24.735350,46.701763
24.735350,46.701763
24.735415,46.701717
24.735415,46.701717
24.735415,46.701717
24.735415,46.701717
24.735415,46.701717
24.735415,46.701717
24.735483,46.701675
24.735483,46.701675
24.735483,46.701675
24.735483,46.701675
24.735483,46.701675
24.735483,46.701675
24.735483,46.701675
24.735559,46.701633
24.735559,46.701633
24.735559,46.701633
24.735559,46.701633
24.735559,46.701633
24.735559,46.701633
24.735636,46.701591
24.735636,46.701591
24.735636,46.701591
24.735636,46.701591
24.735636,46.701591
24.735636,46.701591
24.735714,46.701553
24.735714,46.701553
24.735714,46.701553
24.735714,46.701553
24.735714,46.701553
24.735714,46.701553
24.735714,46.701553
24.735790,46.701508
24.735790,46.701508
24.735790,46.701508
24.735790,46.701508
24.735790,46.701508
24.735790,46.701508
24.735870,46.701481
24.735870,46.701481
24.735870,46.701481
24.735870,46.701481
24.735870,46.701481
24.735870,46.701481
24.735950,46.701488
24.735950,46.701488
24.735950,46.701488
24.735950,46.701488
24.735950,46.701488
24.735950,46.701488
24.735950,46.701488
24.736010,46.701538
24.736010,46.701538
24.736010,46.701538
24.736010,46.701538
24.736010,46.701538
24.736010,46.701538
24.736052,46.701603
24.736052,46.701603
24.736052,46.701603
24.736052,46.701603
24.736052,46.701603
24.736052,46.701603
24.736086,46.701675
24.736086,46.701675
24.736086,46.701675
24.736086,46.701675
24.736086,46.701675
24.736086,46.701675
24.736086,46.701675
24.736120,46.701748
24.736120,46.701748
24.736120,46.701748
24.736120,46.701748
24.736120,46.701748
24.736120,46.701748
24.736155,46.701820
24.736155,46.701820
24.736155,46.701820
24.736155,46.701820
24.736155,46.701820
24.736155,46.701820
24.736185,46.701900
24.736185,46.701900
24.736185,46.701900
24.736185,46.701900
24.736185,46.701900
24.736185,46.701900
24.736185,46.701900
24.736217,46.701977
24.736217,46.701977
24.736217,46.701977
24.736217,46.701977
24.736217,46.701977
24.736217,46.701977
24.736242,46.702057
24.736242,46.702057
24.736242,46.702057
24.736242,46.702057
24.736242,46.702057
24.736242,46.702057
24.736271,46.702137
24.736271,46.702137
24.736271,46.702137
24.736271,46.702137
24.736271,46.702137
24.736271,46.702137
24.736271,46.702137
24.736296,46.702217
24.736296,46.702217
24.736296,46.702217
24.736296,46.702217
24.736296,46.702217
24.736296,46.702217
24.736307,46.702297
24.736307,46.702297
24.736307,46.702297
24.736307,46.702297
24.736307,46.702297
24.736307,46.702297
24.736292,46.702374
24.736292,46.702374
24.736292,46.702374
24.736292,46.702374
24.736292,46.702374
24.736292,46.702374
24.736292,46.702374
24.736248,46.702423
24.736248,46.702423
24.736248,46.702423
24.736248,46.702423
24.736248,46.702423
24.736248,46.702423
24.736195,46.702457
24.736195,46.702457
24.736195,46.702457
24.736195,46.702457
24.736195,46.702457
24.736195,46.702457
24.736135,46.702488
24.736135,46.702488
24.736135,46.702488
24.736135,46.702488
24.736135,46.702488
24.736135,46.702488
24.736135,46.702488
24.736076,46.702518
24.736076,46.702518
24.736076,46.702518
24.736076,46.702518
24.736076,46.702518
24.736076,46.702518
24.736013,46.702545
24.736013,46.702545
24.736013,46.702545
24.736013,46.702545
24.736013,46.702545
24.736013,46.702545
24.736013,46.702545
24.735952,46.702579
24.735952,46.702579
24.735952,46.702579
24.735952,46.702579
24.735952,46.702579
24.735952,46.702579
24.735889,46.702614
24.735889,46.702614
24.735889,46.702614
24.735889,46.702614
24.735889,46.702614
24.735889,46.702614
24.735825,46.702648
24.735825,46.702648
24.735825,46.702648
24.735825,46.702648
24.735825,46.702648
24.735825,46.702648
24.735762,46.702682
24.735762,46.702682
24.735762,46.702682
24.735762,46.702682
24.735762,46.702682
24.735762,46.702682
24.735762,46.702682
24.735697,46.702709
24.735697,46.702709
24.735697,46.702709
24.735697,46.702709
24.735697,46.702709
24.735697,46.702709
24.735628,46.702713
24.735628,46.702713
24.735628,46.702713
24.735628,46.702713
24.735628,46.702713
24.735628,46.702713
24.735628,46.702713
24.735588,46.702671
24.735588,46.702671
24.735588,46.702671
24.735588,46.702671
24.735588,46.702671
24.735588,46.702671
24.735561,46.702618
24.735561,46.702618
24.735561,46.702618
24.735561,46.702618
24.735561,46.702618
24.735561,46.702618
24.735537,46.702560
24.735537,46.702560
24.735537,46.702560
24.735537,46.702560
24.735537,46.702560
24.735537,46.702560
24.735537,46.702560
24.735510,46.702496
24.735510,46.702496
24.735510,46.702496
24.735510,46.702496
24.735510,46.702496
24.735510,46.702496
24.735481,46.702435
24.735481,46.702435
24.735481,46.702435
24.735481,46.702435
24.735481,46.702435
24.735481,46.702435
24.735456,46.702370
24.735456,46.702370
24.735456,46.702370
24.735456,46.702370
24.735456,46.702370
24.735456,46.702370
24.735456,46.702370
24.735430,46.702297
24.735430,46.702297
24.735430,46.702297
24.735430,46.702297
24.735430,46.702297
24.735430,46.702297
24.735399,46.702225
24.735399,46.702225
24.735399,46.702225
24.735399,46.702225
24.735399,46.702225
24.735399,46.702225
24.735365,46.702152
24.735365,46.702152
24.735365,46.702152
24.735365,46.702152
24.735365,46.702152
24.735365,46.702152
24.735365,46.702152
24.735331,46.702080
24.735331,46.702080
24.735331,46.702080
24.735331,46.702080
24.735331,46.702080
24.735331,46.702080
24.735296,46.702003
24.735296,46.702003
24.735296,46.702003
24.735296,46.702003
24.735296,46.702003
24.735296,46.702003
24.735273,46.701923
24.735273,46.701923
24.735273,46.701923
24.735273,46.701923
24.735273,46.701923
24.735273,46.701923
24.735273,46.701923
24.735281,46.701847
24.735281,46.701847
24.735281,46.701847
24.735281,46.701847
24.735281,46.701847
24.735281,46.701847
24.735317,46.701782
24.735317,46.701782
24.735317,46.701782
24.735317,46.701782
24.735317,46.701782
24.735317,46.701782
24.735376,46.701736
24.735376,46.701736
24.735376,46.701736
24.735376,46.701736
24.735376,46.701736
24.735376,46.701736
24.735376,46.701736
24.735435,46.701702
24.735435,46.701702
24.735435,46.701702
24.735435,46.701702
24.735435,46.701702
24.735435,46.701702
24.735502,46.701668
24.735502,46.701668
24.735502,46.701668
24.735502,46.701668
24.735502,46.701668
24.735502,46.701668
24.735571,46.701633
24.735571,46.701633
24.735571,46.701633
24.735571,46.701633
24.735571,46.701633
24.735571,46.701633
24.735571,46.701633
24.735643,46.701595
24.735643,46.701595
24.735643,46.701595
24.735643,46.701595
24.735643,46.701595
24.735643,46.701595
24.735718,46.701553
24.735718,46.701553
24.735718,46.701553
24.735718,46.701553
24.735718,46.701553
24.735718,46.701553
24.735792,46.701511
24.735792,46.701511
24.735792,46.701511
24.735792,46.701511
24.735792,46.701511
24.735792,46.701511
24.735792,46.701511
24.735868,46.701481
24.735868,46.701481
24.735868,46.701481
24.735868,46.701481
24.735868,46.701481
24.735868,46.701481
24.735945,46.701488
24.735945,46.701488
24.735945,46.701488
24.735945,46.701488
24.735945,46.701488
24.735945,46.701488
24.736006,46.701527
24.736006,46.701527
24.736006,46.701527
24.736006,46.701527
24.736006,46.701527
24.736006,46.701527
24.736006,46.701527
24.736048,46.701588
24.736048,46.701588
24.736048,46.701588
24.736048,46.701588
24.736048,46.701588
24.736048,46.701588
24.736082,46.701656
24.736082,46.701656
24.736082,46.701656
24.736082,46.701656
24.736082,46.701656
24.736082,46.701656
24.736116,46.701729
24.736116,46.701729
24.736116,46.701729
24.736116,46.701729
24.736116,46.701729
24.736116,46.701729
24.736116,46.701729
24.736145,46.701801
24.736145,46.701801
24.736145,46.701801
24.736145,46.701801
24.736145,46.701801
24.736145,46.701801
24.736174,46.701874
24.736174,46.701874
24.736174,46.701874
24.736174,46.701874
24.736174,46.701874
24.736174,46.701874
24.736208,46.701946
24.736208,46.701946
24.736208,46.701946
24.736208,46.701946
24.736208,46.701946
24.736208,46.701946
24.736208,46.701946
24.736237,46.702023
24.736237,46.702023
24.736237,46.702023
24.736237,46.702023
24.736237,46.702023
24.736237,46.702023
24.736263,46.702095
24.736263,46.702095
24.736263,46.702095
24.736263,46.702095
24.736263,46.702095
24.736263,46.702095
24.736292,46.702175
24.736292,46.702175
24.736292,46.702175
24.736292,46.702175
24.736292,46.702175
24.736292,46.702175
24.736292,46.702175
24.736317,46.702251
24.736317,46.702251
24.736317,46.702251
24.736317,46.702251
24.736317,46.702251
24.736317,46.702251
24.736322,46.702324
24.736322,46.702324
24.736322,46.702324
24.736322,46.702324
24.736322,46.702324
24.736322,46.702324
24.736300,46.702385
24.736300,46.702385
24.736300,46.702385
24.736300,46.702385
24.736300,46.702385
24.736300,46.702385
24.736300,46.702385
24.736254,46.702427
24.736254,46.702427
24.736254,46.702427
24.736254,46.702427
24.736254,46.702427
24.736254,46.702427
24.736198,46.702457
24.736198,46.702457
24.736198,46.702457
24.736198,46.702457
24.736198,46.702457
24.736198,46.702457
24.736198,46.702457
24.736141,46.702492
24.736141,46.702492
24.736141,46.702492
24.736141,46.702492
24.736141,46.702492
24.736141,46.702492
24.736082,46.702522
24.736082,46.702522
24.736082,46.702522
24.736082,46.702522
24.736082,46.702522
24.736082,46.702522
24.736023,46.702549
24.736023,46.702549
24.736023,46.702549
24.736023,46.702549
24.736023,46.702549
24.736023,46.702549
24.736023,46.702549
24.735962,46.702587
24.735962,46.702587
24.735962,46.702587
24.735962,46.702587
24.735962,46.702587
24.735962,46.702587
24.735897,46.702618
24.735897,46.702618
24.735897,46.702618
24.735897,46.702618
24.735897,46.702618
24.735897,46.702618
24.735834,46.702648
24.735834,46.702648
24.735834,46.702648
24.735834,46.702648
24.735834,46.702648
24.735834,46.702648
24.735834,46.702648
24.735777,46.702682
24.735777,46.702682
24.735777,46.702682
24.735777,46.702682
24.735777,46.702682
24.735777,46.702682
24.735720,46.702709
24.735720,46.702709
24.735720,46.702709
24.735720,46.702709
24.735720,46.702709
24.735720,46.702709
24.735655,46.702717
24.735655,46.702717
24.735655,46.702717
24.735655,46.702717
24.735655,46.702717
24.735655,46.702717
24.735655,46.702717
24.735609,46.702686
24.735609,46.702686
24.735609,46.702686
24.735609,46.702686
24.735609,46.702686
24.735609,46.702686
24.735575,46.702641
24.735575,46.702641
24.735575,46.702641
24.735575,46.702641
24.735575,46.702641
24.735575,46.702641
24.735550,46.702583
24.735550,46.702583
24.735550,46.702583
24.735550,46.702583
24.735550,46.702583
24.735550,46.702583
24.735550,46.702583
24.735529,46.702522
24.735529,46.702522
24.735529,46.702522
24.735529,46.702522
24.735529,46.702522
24.735529,46.702522
24.735502,46.702457
24.735502,46.702457
24.735502,46.702457
24.735502,46.702457
24.735502,46.702457
24.735502,46.702457
24.735474,46.702396
24.735474,46.702396
24.735474,46.702396
24.735474,46.702396
24.735474,46.702396
24.735474,46.702396
24.735474,46.702396
24.735441,46.702332
24.735441,46.702332
24.735441,46.702332
24.735441,46.702332
24.735441,46.702332
24.735441,46.702332
24.735407,46.702263
24.735407,46.702263
24.735407,46.702263
24.735407,46.702263
24.735407,46.702263
24.735407,46.702263
24.735374,46.702190
24.735374,46.702190
24.735374,46.702190
24.735374,46.702190
24.735374,46.702190
24.735374,46.702190
24.735374,46.702190
24.735342,46.702114
24.735342,46.702114
24.735342,46.702114
24.735342,46.702114
24.735342,46.702114
24.735342,46.702114
24.735313,46.702042
24.735313,46.702042
24.735313,46.702042
24.735313,46.702042
24.735313,46.702042
24.735313,46.702042
24.735287,46.701962
24.735287,46.701962
24.735287,46.701962
24.735287,46.701962
24.735287,46.701962
24.735287,46.701962
24.735287,46.701962
24.735279,46.701881
24.735279,46.701881
24.735279,46.701881
24.735279,46.701881
24.735279,46.701881
24.735279,46.701881
24.735306,46.701813
24.735306,46.701813
24.735306,46.701813
24.735306,46.701813
24.735306,46.701813
24.735306,46.701813
24.735355,46.701759
24.735355,46.701759
24.735355,46.701759
24.735355,46.701759
24.735355,46.701759
24.735355,46.701759
24.735355,46.701759
24.735416,46.701725
24.735416,46.701725
24.735416,46.701725
24.735416,46.701725
24.735416,46.701725
24.735416,46.701725
24.735487,46.701691
24.735487,46.701691
24.735487,46.701691
24.735487,46.701691
24.735487,46.701691
24.735487,46.701691
24.735558,46.701656
24.735558,46.701656
24.735558,46.701656
24.735558,46.701656
24.735558,46.701656
24.735558,46.701656
24.735558,46.701656
24.735626,46.701614
24.735626,46.701614
24.735626,46.701614
24.735626,46.701614
24.735626,46.701614
24.735626,46.701614
24.735695,46.701569
24.735695,46.701569
24.735695,46.701569
24.735695,46.701569
24.735695,46.701569
24.735695,46.701569
24.735769,46.701523
24.735769,46.701523
24.735769,46.701523
24.735769,46.701523
24.735769,46.701523
24.735769,46.701523
24.735769,46.701523
24.735846,46.701485
24.735846,46.701485
24.735846,46.701485
24.735846,46.701485
24.735846,46.701485
24.735846,46.701485
24.735928,46.701477
24.735928,46.701477
24.735928,46.701477
24.735928,46.701477
24.735928,46.701477
24.735928,46.701477
24.735998,46.701508
24.735998,46.701508
24.735998,46.701508
24.735998,46.701508
24.735998,46.701508
24.735998,46.701508
24.735998,46.701508
24.736050,46.701565
24.736050,46.701565
24.736050,46.701565
24.736050,46.701565
24.736050,46.701565
24.736050,46.701565
24.736090,46.701630
24.736090,46.701630
24.736090,46.701630
24.736090,46.701630
24.736090,46.701630
24.736090,46.701630
24.736118,46.701706
24.736118,46.701706
24.736118,46.701706
24.736118,46.701706
24.736118,46.701706
24.736118,46.701706
24.736118,46.701706
24.736147,46.701782
24.736147,46.701782
24.736147,46.701782
24.736147,46.701782
24.736147,46.701782
24.736147,46.701782
24.736177,46.701862
24.736177,46.701862
24.736177,46.701862
24.736177,46.701862
24.736177,46.701862
24.736177,46.701862
24.736177,46.701862
24.736204,46.701942
24.736204,46.701942
24.736204,46.701942
24.736204,46.701942
24.736204,46.701942
24.736204,46.701942
24.736235,46.702019
24.736235,46.702019
24.736235,46.702019
24.736235,46.702019
24.736235,46.702019
24.736235,46.702019
24.736259,46.702099
24.736259,46.702099
24.736259,46.702099
24.736259,46.702099
24.736259,46.702099
24.736259,46.702099
24.736259,46.702099
24.736292,46.702179
24.736292,46.702179
24.736292,46.702179
24.736292,46.702179
24.736292,46.702179
24.736292,46.702179
24.736315,46.702255
24.736315,46.702255
24.736315,46.702255
24.736315,46.702255
24.736315,46.702255
24.736315,46.702255
24.736317,46.702332
24.736317,46.702332
24.736317,46.702332
24.736317,46.702332
24.736317,46.702332
24.736317,46.702332
24.736317,46.702332
24.736288,46.702389
24.736288,46.702389
24.736288,46.702389
24.736288,46.702389
24.736288,46.702389
24.736288,46.702389
24.736238,46.702427
24.736238,46.702427
24.736238,46.702427
24.736238,46.702427
24.736238,46.702427
24.736238,46.702427
24.736183,46.702461
24.736183,46.702461
24.736183,46.702461
24.736183,46.702461
24.736183,46.702461
24.736183,46.702461
24.736183,46.702461
24.736126,46.702492
24.736126,46.702492
24.736126,46.702492
24.736126,46.702492
24.736126,46.702492
24.736126,46.702492
24.736069,46.702518
24.736069,46.702518
24.736069,46.702518
24.736069,46.702518
24.736069,46.702518
24.736069,46.702518
24.736008,46.702553
24.736008,46.702553
24.736008,46.702553
24.736008,46.702553
24.736008,46.702553
24.736008,46.702553
24.736008,46.702553
24.735945,46.702587
24.735945,46.702587
24.735945,46.702587
24.735945,46.702587
24.735945,46.702587
24.735945,46.702587
24.735880,46.702618
24.735880,46.702618
24.735880,46.702618
24.735880,46.702618
24.735880,46.702618
24.735880,46.702618
24.735815,46.702652
24.735815,46.702652
24.735815,46.702652
24.735815,46.702652
24.735815,46.702652
24.735815,46.702652
24.735815,46.702652
24.735754,46.702682
24.735754,46.702682
24.735754,46.702682
24.735754,46.702682
24.735754,46.702682
24.735754,46.702682
24.735689,46.702705
24.735689,46.702705
24.735689,46.702705
24.735689,46.702705
24.735689,46.702705
24.735689,46.702705
24.735630,46.702694
24.735630,46.702694
24.735630,46.702694
24.735630,46.702694
24.735630,46.702694
24.735630,46.702694
24.735630,46.702694
24.735590,46.702652
24.735590,46.702652
24.735590,46.702652
24.735590,46.702652
24.735590,46.702652
24.735590,46.702652
24.735561,46.702599
24.735561,46.702599
24.735561,46.702599
24.735561,46.702599
24.735561,46.702599
24.735561,46.702599
24.735538,46.702538
24.735538,46.702538
24.735538,46.702538
24.735538,46.702538
24.735538,46.702538
24.735538,46.702538
24.735538,46.702538
24.735516,46.702477
24.735516,46.702477
24.735516,46.702477
24.735516,46.702477
24.735516,46.702477
24.735516,46.702477
24.735487,46.702415
24.735487,46.702415
24.735487,46.702415
24.735487,46.702415
24.735487,46.702415
24.735487,46.702415
24.735456,46.702351
24.735456,46.702351
24.735456,46.702351
24.735456,46.702351
24.735456,46.702351
24.735456,46.702351
24.735456,46.702351
24.735428,46.702282
24.735428,46.702282
24.735428,46.702282
24.735428,46.702282
24.735428,46.702282
24.735428,46.702282
24.735395,46.702213
24.735395,46.702213
24.735395,46.702213
24.735395,46.702213
24.735395,46.702213
24.735395,46.702213
24.735361,46.702141
24.735361,46.702141
24.735361,46.702141
24.735361,46.702141
24.735361,46.702141
24.735361,46.702141
24.735361,46.702141
24.735321,46.702076
24.735321,46.702076
24.735321,46.702076
24.735321,46.702076
24.735321,46.702076
24.735321,46.702076
24.735289,46.702003
24.735289,46.702003
24.735289,46.702003
24.735289,46.702003
24.735289,46.702003
24.735289,46.702003
24.735273,46.701920
24.735273,46.701920
24.735273,46.701920
24.735273,46.701920
24.735273,46.701920
24.735273,46.701920
24.735273,46.701920
24.735292,46.701839
24.735292,46.701839
24.735292,46.701839
24.735292,46.701839
24.735292,46.701839
24.735292,46.701839
24.735329,46.701782
24.735329,46.701782
24.735329,46.701782
24.735329,46.701782
24.735329,46.701782
24.735329,46.701782
24.735329,46.701782
24.735394,46.701740
24.735394,46.701740
24.735394,46.701740
24.735394,46.701740
24.735394,46.701740
24.735394,46.701740
24.735462,46.701702
24.735462,46.701702
24.735462,46.701702
24.735462,46.701702
24.735462,46.701702
24.735462,46.701702
24.735531,46.701668
24.735531,46.701668
24.735531,46.701668
24.735531,46.701668
24.735531,46.701668
24.735531,46.701668
24.735531,46.701668
24.735603,46.701626
24.735603,46.701626
24.735603,46.701626
24.735603,46.701626
24.735603,46.701626
24.735603,46.701626
24.735678,46.701580
24.735678,46.701580
24.735678,46.701580
24.735678,46.701580
24.735678,46.701580
24.735678,46.701580
24.735754,46.701534
24.735754,46.701534
24.735754,46.701534
24.735754,46.701534
24.735754,46.701534
24.735754,46.701534
24.735754,46.701534
24.735830,46.701492
24.735830,46.701492
24.735830,46.701492
24.735830,46.701492
24.735830,46.701492
24.735830,46.701492
24.735912,46.701477
24.735912,46.701477
24.735912,46.701477
24.735912,46.701477
24.735912,46.701477
24.735912,46.701477
24.735989,46.701496
24.735989,46.701496
24.735989,46.701496
24.735989,46.701496
24.735989,46.701496
24.735989,46.701496
24.735989,46.701496
24.736044,46.701550
24.736044,46.701550
24.736044,46.701550
24.736044,46.701550
24.736044,46.701550
24.736044,46.701550
24.736084,46.701618
24.736084,46.701618
24.736084,46.701618
24.736084,46.701618
24.736084,46.701618
24.736084,46.701618
24.736118,46.701687
24.736118,46.701687
24.736118,46.701687
24.736118,46.701687
24.736118,46.701687
24.736118,46.701687
24.736118,46.701687
24.736149,46.701763
24.736149,46.701763
24.736149,46.701763
24.736149,46.701763
24.736149,46.701763
24.736149,46.701763
24.736179,46.701843
24.736179,46.701843
24.736179,46.701843
24.736179,46.701843
24.736179,46.701843
24.736179,46.701843
24.736208,46.701920
24.736208,46.701920
24.736208,46.701920
24.736208,46.701920
24.736208,46.701920
24.736208,46.701920
24.736208,46.701920
24.736238,46.702000
24.736238,46.702000
24.736238,46.702000
24.736238,46.702000
24.736238,46.702000
24.736238,46.702000
24.736269,46.702080
24.736269,46.702080
24.736269,46.702080
24.736269,46.702080
24.736269,46.702080
24.736269,46.702080
24.736301,46.702160
24.736301,46.702160
24.736301,46.702160
24.736301,46.702160
24.736301,46.702160
24.736301,46.702160
24.736301,46.702160
24.736332,46.702232
24.736332,46.702232
24.736332,46.702232
24.736332,46.702232
24.736332,46.702232
24.736332,46.702232
24.736338,46.702312
24.736338,46.702312
24.736338,46.702312
24.736338,46.702312
24.736338,46.702312
24.736338,46.702312
24.736313,46.702381
24.736313,46.702381
24.736313,46.702381
24.736313,46.702381
24.736313,46.702381
24.736313,46.702381
24.736313,46.702381
24.736267,46.702427
24.736267,46.702427
24.736267,46.702427
24.736267,46.702427
24.736267,46.702427
24.736267,46.702427
24.736210,46.702457
24.736210,46.702457
24.736210,46.702457
24.736210,46.702457
24.736210,46.702457
24.736210,46.702457
24.736151,46.702488
24.736151,46.702488
24.736151,46.702488
24.736151,46.702488
24.736151,46.702488
24.736151,46.702488
24.736151,46.702488
24.736088,46.702518
24.736088,46.702518
24.736088,46.702518
24.736088,46.702518
24.736088,46.702518
24.736088,46.702518
24.736025,46.702549
24.736025,46.702549
24.736025,46.702549
24.736025,46.702549
24.736025,46.702549
24.736025,46.702549
24.735962,46.702583
24.735962,46.702583
24.735962,46.702583
24.735962,46.702583
24.735962,46.702583
24.735962,46.702583
24.735962,46.702583
24.735897,46.702614
24.735897,46.702614
24.735897,46.702614
24.735897,46.702614
24.735897,46.702614
24.735897,46.702614
24.735834,46.702648
24.735834,46.702648
24.735834,46.702648
24.735834,46.702648
24.735834,46.702648
24.735834,46.702648
24.735773,46.702679
24.735773,46.702679
24.735773,46.702679
24.735773,46.702679
24.735773,46.702679
24.735773,46.702679
24.735773,46.702679
24.735708,46.702702
24.735708,46.702702
24.735708,46.702702
24.735708,46.702702
24.735708,46.702702
24.735708,46.702702
24.735645,46.702694
24.735645,46.702694
24.735645,46.702694
24.735645,46.702694
24.735645,46.702694
24.735645,46.702694
24.735601,46.702652
24.735601,46.702652
24.735601,46.702652
24.735601,46.702652
24.735601,46.702652
24.735601,46.702652
24.735601,46.702652
24.735571,46.702602
24.735571,46.702602
24.735571,46.702602
24.735571,46.702602
24.735571,46.702602
24.735571,46.702602
24.735544,46.702545
24.735544,46.702545
24.735544,46.702545
24.735544,46.702545
24.735544,46.702545
24.735544,46.702545
24.735518,46.702484
24.735518,46.702484
24.735518,46.702484
24.735518,46.702484
24.735518,46.702484
24.735518,46.702484
24.735518,46.702484
24.735489,46.702423
24.735489,46.702423
24.735489,46.702423
24.735489,46.702423
24.735489,46.702423
24.735489,46.702423
24.735460,46.702358
24.735460,46.702358
24.735460,46.702358
24.735460,46.702358
24.735460,46.702358
24.735460,46.702358
24.735460,46.702358
24.735430,46.702290
24.735430,46.702290
24.735430,46.702290
24.735430,46.702290
24.735430,46.702290
24.735430,46.702290
24.735397,46.702221
24.735397,46.702221
24.735397,46.702221
24.735397,46.702221
24.735397,46.702221
24.735397,46.702221
24.735365,46.702148
24.735365,46.702148
24.735365,46.702148
24.735365,46.702148
24.735365,46.702148
24.735365,46.702148
24.735365,46.702148
24.735331,46.702076
24.735331,46.702076
24.735331,46.702076
24.735331,46.702076
24.735331,46.702076
24.735331,46.702076
24.735294,46.702003
24.735294,46.702003
24.735294,46.702003
24.735294,46.702003
24.735294,46.702003
24.735294,46.702003
24.735270,46.701923
24.735270,46.701923
24.735270,46.701923
24.735270,46.701923
24.735270,46.701923
24.735270,46.701923
24.735270,46.701923
24.735273,46.701847
24.735273,46.701847
24.735273,46.701847
24.735273,46.701847
24.735273,46.701847
24.735273,46.701847
24.735306,46.701786
24.735306,46.701786
24.735306,46.701786
24.735306,46.701786
24.735306,46.701786
24.735306,46.701786
24.735353,46.701736
24.735353,46.701736
24.735353,46.701736
24.735353,46.701736
24.735353,46.701736
24.735353,46.701736
24.735353,46.701736
24.735420,46.701694
24.735420,46.701694
24.735420,46.701694
24.735420,46.701694
24.735420,46.701694
24.735420,46.701694
24.735493,46.701656
24.735493,46.701656
24.735493,46.701656
24.735493,46.701656
24.735493,46.701656
24.735493,46.701656
24.735567,46.701614
24.735567,46.701614
24.735567,46.701614
24.735567,46.701614
24.735567,46.701614
24.735567,46.701614
24.735567,46.701614
24.735643,46.701576
24.735643,46.701576
24.735643,46.701576
24.735643,46.701576
24.735643,46.701576
24.735643,46.701576
24.735720,46.701530
24.735720,46.701530
24.735720,46.701530
24.735720,46.701530
24.735720,46.701530
24.735720,46.701530
24.735796,46.701492
24.735796,46.701492
24.735796,46.701492
24.735796,46.701492
24.735796,46.701492
24.735796,46.701492
24.735796,46.701492
24.735878,46.701473
24.735878,46.701473
24.735878,46.701473
24.735878,46.701473
24.735878,46.701473
24.735878,46.701473
24.735956,46.701485
24.735956,46.701485
24.735956,46.701485
24.735956,46.701485
24.735956,46.701485
24.735956,46.701485
24.736019,46.701530
24.736019,46.701530
24.736019,46.701530
24.736019,46.701530
24.736019,46.701530
24.736019,46.701530
24.736019,46.701530
24.736065,46.701595
24.736065,46.701595
24.736065,46.701595
24.736065,46.701595
24.736065,46.701595
24.736065,46.701595
24.736103,46.701672
24.736103,46.701672
24.736103,46.701672
24.736103,46.701672
24.736103,46.701672
24.736103,46.701672
24.736137,46.701752
24.736137,46.701752
24.736137,46.701752
24.736137,46.701752
24.736137,46.701752
24.736137,46.701752
24.736137,46.701752
24.736170,46.701828
24.736170,46.701828
24.736170,46.701828
24.736170,46.701828
24.736170,46.701828
24.736170,46.701828
24.736202,46.701912
24.736202,46.701912
24.736202,46.701912
24.736202,46.701912
24.736202,46.701912
24.736202,46.701912
24.736233,46.701996
24.736233,46.701996
24.736233,46.701996
24.736233,46.701996
24.736233,46.701996
24.736233,46.701996
24.736233,46.701996
24.736271,46.702076
24.736271,46.702076
24.736271,46.702076
24.736271,46.702076
24.736271,46.702076
24.736271,46.702076
24.736307,46.702156
24.736307,46.702156
24.736307,46.702156
24.736307,46.702156
24.736307,46.702156
24.736307,46.702156
24.736330,46.702236
24.736330,46.702236
24.736330,46.702236
24.736330,46.702236
24.736330,46.702236
24.736330,46.702236
24.736330,46.702236
24.736334,46.702309
24.736334,46.702309
24.736334,46.702309
24.736334,46.702309
24.736334,46.702309
24.736334,46.702309
24.736305,46.702370
24.736305,46.702370
24.736305,46.702370
24.736305,46.702370
24.736305,46.702370
24.736305,46.702370
24.736254,46.702412
24.736254,46.702412
24.736254,46.702412
24.736254,46.702412
24.736254,46.702412
24.736254,46.702412
24.736254,46.702412
24.736197,46.702438
24.736197,46.702438
24.736197,46.702438
24.736197,46.702438
24.736197,46.702438
24.736197,46.702438
24.736135,46.702469
24.736135,46.702469
24.736135,46.702469
24.736135,46.702469
24.736135,46.702469
24.736135,46.702469
24.736135,46.702469
24.736073,46.702503
24.736073,46.702503
24.736073,46.702503
24.736073,46.702503
24.736073,46.702503
24.736073,46.702503
24.736010,46.702538
24.736010,46.702538
24.736010,46.702538
24.736010,46.702538
24.736010,46.702538
24.736010,46.702538
24.735943,46.702572
24.735943,46.702572
24.735943,46.702572
24.735943,46.702572
24.735943,46.702572
24.735943,46.702572
24.735943,46.702572
24.735878,46.702610
24.735878,46.702610
24.735878,46.702610
24.735878,46.702610
24.735878,46.702610
24.735878,46.702610
24.735811,46.702648
24.735811,46.702648
24.735811,46.702648
24.735811,46.702648
24.735811,46.702648
24.735811,46.702648
24.735748,46.702682
24.735748,46.702682
24.735748,46.702682
24.735748,46.702682
24.735748,46.702682
24.735748,46.702682
24.735748,46.702682
24.735682,46.702702
24.735682,46.702702
24.735682,46.702702
24.735682,46.702702
24.735682,46.702702
24.735682,46.702702
24.735626,46.702686
24.735626,46.702686
24.735626,46.702686
24.735626,46.702686
24.735626,46.702686
24.735626,46.702686
24.735596,46.702637
24.735596,46.702637
24.735596,46.702637
24.735596,46.702637
24.735596,46.702637
24.735596,46.702637
24.735596,46.702637
24.735569,46.702579
24.735569,46.702579
24.735569,46.702579
24.735569,46.702579
24.735569,46.702579
24.735569,46.702579
24.735548,46.702515
24.735548,46.702515
24.735548,46.702515
24.735548,46.702515
24.735548,46.702515
24.735548,46.702515
24.735527,46.702454
24.735527,46.702454
24.735527,46.702454
24.735527,46.702454
24.735527,46.702454
24.735527,46.702454
24.735527,46.702454
24.735500,46.702389
24.735500,46.702389
24.735500,46.702389
24.735500,46.702389
24.735500,46.702389
24.735500,46.702389
24.735468,46.702320
24.735468,46.702320
24.735468,46.702320
24.735468,46.702320
24.735468,46.702320
24.735468,46.702320
24.735434,46.702251
24.735434,46.702251
24.735434,46.702251
24.735434,46.702251
24.735434,46.702251
24.735434,46.702251
24.735434,46.702251
24.735397,46.702179
24.735397,46.702179
24.735397,46.702179
24.735397,46.702179
24.735397,46.702179
24.735397,46.702179
24.735365,46.702106
24.735365,46.702106
24.735365,46.702106
24.735365,46.702106
24.735365,46.702106
24.735365,46.702106
24.735327,46.702030
24.735327,46.702030
24.735327,46.702030
24.735327,46.702030
24.735327,46.702030
24.735327,46.702030
24.735327,46.702030
24.735296,46.701950
24.735296,46.701950
24.735296,46.701950
24.735296,46.701950
24.735296,46.701950
24.735296,46.701950
24.735287,46.701870
24.735287,46.701870
24.735287,46.701870
24.735287,46.701870
24.735287,46.701870
24.735287,46.701870
24.735312,46.701797
24.735312,46.701797
24.735312,46.701797
24.735312,46.701797
24.735312,46.701797
24.735312,46.701797
24.735312,46.701797
24.735357,46.701744
24.735357,46.701744
24.735357,46.701744
24.735357,46.701744
24.735357,46.701744
24.735357,46.701744
24.735413,46.701702
24.735413,46.701702
24.735413,46.701702
24.735413,46.701702
24.735413,46.701702
24.735413,46.701702
24.735476,46.701668
24.735476,46.701668
24.735476,46.701668
24.735476,46.701668
24.735476,46.701668
24.735476,46.701668
24.735476,46.701668
24.735544,46.701633
24.735544,46.701633
24.735544,46.701633
24.735544,46.701633
24.735544,46.701633
24.735544,46.701633
24.735617,46.701591
24.735617,46.701591
24.735617,46.701591
24.735617,46.701591
24.735617,46.701591
24.735617,46.701591
24.735695,46.701546
24.735695,46.701546
24.735695,46.701546
24.735695,46.701546
24.735695,46.701546
24.735695,46.701546
24.735695,46.701546
24.735767,46.701492
24.735767,46.701492
24.735767,46.701492
24.735767,46.701492
24.735767,46.701492
24.735767,46.701492
24.735844,46.701458
24.735844,46.701458
24.735844,46.701458
24.735844,46.701458
24.735844,46.701458
24.735844,46.701458
24.735920,46.701447
24.735920,46.701447
24.735920,46.701447
24.735920,46.701447
24.735920,46.701447
24.735920,46.701447
24.735920,46.701447
24.735992,46.701477
24.735992,46.701477
24.735992,46.701477
24.735992,46.701477
24.735992,46.701477
24.735992,46.701477
24.736040,46.701530
24.736040,46.701530
24.736040,46.701530
24.736040,46.701530
24.736040,46.701530
24.736040,46.701530
24.736040,46.701530
24.736076,46.701599
24.736076,46.701599
24.736076,46.701599
24.736076,46.701599
24.736076,46.701599
24.736076,46.701599
24.736113,46.701672
24.736113,46.701672
24.736113,46.701672
24.736113,46.701672
24.736113,46.701672
24.736113,46.701672
24.736141,46.701744
24.736141,46.701744
24.736141,46.701744
24.736141,46.701744
24.736141,46.701744
24.736141,46.701744
24.736141,46.701744
24.736170,46.701817
24.736170,46.701817
24.736170,46.701817
24.736170,46.701817
24.736170,46.701817
24.736170,46.701817
24.736198,46.701893
24.736198,46.701893
24.736198,46.701893
24.736198,46.701893
24.736198,46.701893
24.736198,46.701893
24.736227,46.701969
24.736227,46.701969
24.736227,46.701969
24.736227,46.701969
24.736227,46.701969
24.736227,46.701969
24.736227,46.701969
24.736252,46.702049
24.736252,46.702049
24.736252,46.702049
24.736252,46.702049
24.736252,46.702049
24.736252,46.702049
24.736280,46.702126
24.736280,46.702126
24.736280,46.702126
24.736280,46.702126
24.736280,46.702126
24.736280,46.702126
24.736309,46.702198
24.736309,46.702198
24.736309,46.702198
24.736309,46.702198
24.736309,46.702198
24.736309,46.702198
24.736309,46.702198
24.736324,46.702267
24.736324,46.702267
24.736324,46.702267
24.736324,46.702267
24.736324,46.702267
24.736324,46.702267
24.736322,46.702328
24.736322,46.702328
24.736322,46.702328
24.736322,46.702328
24.736322,46.702328
24.736322,46.702328
24.736303,46.702377
24.736303,46.702377
24.736303,46.702377
24.736303,46.702377
24.736303,46.702377
24.736303,46.702377
24.736303,46.702377
24.736271,46.702412
24.736271,46.702412
24.736271,46.702412
24.736271,46.702412
24.736271,46.702412
24.736271,46.702412
24.736237,46.702435
24.736237,46.702435
24.736237,46.702435
24.736237,46.702435
24.736237,46.702435
24.736237,46.702435
24.736206,46.702454
24.736206,46.702454
24.736206,46.702454
24.736206,46.702454
24.736206,46.702454
24.736206,46.702454
24.736206,46.702454
24.736179,46.702473
24.736179,46.702473
24.736179,46.702473
24.736179,46.702473
24.736179,46.702473
24.736179,46.702473
24.736156,46.702484
24.736156,46.702484
24.736156,46.702484
24.736156,46.702484
24.736156,46.702484
24.736156,46.702484
24.736145,46.702492
24.736145,46.702492
24.736145,46.702492
24.736145,46.702492
24.736145,46.702492
24.736145,46.702492
24.736145,46.702492
24.736139,46.702499
24.736139,46.702499
24.736139,46.702499
24.736139,46.702499
24.736139,46.702499
24.736139,46.702499
24.736137,46.702499
24.736137,46.702499
24.736137,46.702499
24.736137,46.702499
24.736137,46.702499
24.736137,46.702499
24.736137,46.702503
latitude,longitude
24.734816,46.699085
24.734816,46.699085
24.734816,46.699085
24.734816,46.699085
24.734816,46.699085
24.734816,46.699085
24.734816,46.699085
24.734816,46.699085
24.734816,46.699085
24.734816,46.699085
24.734816,46.699085
24.734816,46.699085
24.734816,46.699085
24.734816,46.699085
24.734816,46.699085
24.734816,46.699085
24.734816,46.699085
24.734816,46.699085
24.734816,46.699085
24.734816,46.699085
24.734816,46.699085
24.734816,46.699085
24.734816,46.699085
24.734816,46.699085
24.734816,46.699085
24.734816,46.699085
24.734821,46.699078
24.734821,46.699078
24.734821,46.699078
24.734821,46.699078
24.734821,46.699078
24.734821,46.699078
24.734825,46.699078
24.734825,46.699078
24.734825,46.699078
24.734825,46.699078
24.734825,46.699078
24.734825,46.699078
24.734825,46.699078
24.734831,46.699070
24.734831,46.699070
24.734831,46.699070
24.734831,46.699070
24.734831,46.699070
24.734831,46.699070
24.734837,46.699066
24.734837,46.699066
24.734837,46.699066
24.734837,46.699066
24.734837,46.699066
24.734837,46.699066
24.734837,46.699066
24.734846,46.699059
24.734846,46.699059
24.734846,46.699059
24.734846,46.699059
24.734846,46.699059
24.734846,46.699059
24.734856,46.699051
24.734856,46.699051
24.734856,46.699051
24.734856,46.699051
24.734856,46.699051
24.734856,46.699051
24.734869,46.699039
24.734869,46.699039
24.734869,46.699039
24.734869,46.699039
24.734869,46.699039
24.734869,46.699039
24.734869,46.699039
24.734882,46.699028
24.734882,46.699028
24.734882,46.699028
24.734882,46.699028
24.734882,46.699028
24.734882,46.699028
24.734896,46.699017
24.734896,46.699017
24.734896,46.699017
24.734896,46.699017
24.734896,46.699017
24.734896,46.699017
24.734911,46.698997
24.734911,46.698997
24.734911,46.698997
24.734911,46.698997
24.734911,46.698997
24.734911,46.698997
24.734911,46.698997
24.734926,46.698978
24.734926,46.698978
24.734926,46.698978
24.734926,46.698978
24.734926,46.698978
24.734926,46.698978
24.734941,46.698959
24.734941,46.698959
24.734941,46.698959
24.734941,46.698959
24.734941,46.698959
24.734941,46.698959
24.734953,46.698933
24.734953,46.698933
24.734953,46.698933
24.734953,46.698933
24.734953,46.698933
24.734953,46.698933
24.734953,46.698933
24.734964,46.698902
24.734964,46.698902
24.734964,46.698902
24.734964,46.698902
24.734964,46.698902
24.734964,46.698902
24.734974,46.698872
24.734974,46.698872
24.734974,46.698872
24.734974,46.698872
24.734974,46.698872
24.734974,46.698872
24.734974,46.698872
24.734982,46.698837
24.734982,46.698837
24.734982,46.698837
24.734982,46.698837
24.734982,46.698837
24.734982,46.698837
24.734983,46.698803
24.734983,46.698803
24.734983,46.698803
24.734983,46.698803
24.734983,46.698803
24.734983,46.698803
24.734978,46.698761
24.734978,46.698761
24.734978,46.698761
24.734978,46.698761
24.734978,46.698761
24.734978,46.698761
24.734978,46.698761
24.734966,46.698727
24.734966,46.698727
24.734966,46.698727
24.734966,46.698727
24.734966,46.698727
24.734966,46.698727
24.734949,46.698689
24.734949,46.698689
24.734949,46.698689
24.734949,46.698689
24.734949,46.698689
24.734949,46.698689
24.734926,46.698658
24.734926,46.698658
24.734926,46.698658
24.734926,46.698658
24.734926,46.698658
24.734926,46.698658
24.734926,46.698658
24.734898,46.698627
24.734898,46.698627
24.734898,46.698627
24.734898,46.698627
24.734898,46.698627
24.734898,46.698627
24.734867,46.698605
24.734867,46.698605
24.734867,46.698605
24.734867,46.698605
24.734867,46.698605
24.734867,46.698605
24.734833,46.698589
24.734833,46.698589
24.734833,46.698589
24.734833,46.698589
24.734833,46.698589
24.734833,46.698589
24.734833,46.698589
24.734797,46.698574
24.734797,46.698574
24.734797,46.698574
24.734797,46.698574
24.734797,46.698574
24.734797,46.698574
24.734764,46.698563
24.734764,46.698563
24.734764,46.698563
24.734764,46.698563
24.734764,46.698563
24.734764,46.698563
24.734764,46.698563
24.734732,46.698559
24.734732,46.698559
24.734732,46.698559
24.734732,46.698559
24.734732,46.698559
24.734732,46.698559
24.734703,46.698559
24.734703,46.698559
24.734703,46.698559
24.734703,46.698559
24.734703,46.698559
24.734703,46.698559
24.734673,46.698559
24.734673,46.698559
24.734673,46.698559
24.734673,46.698559
24.734673,46.698559
24.734673,46.698559
24.734673,46.698559
24.734642,46.698566
24.734642,46.698566
24.734642,46.698566
24.734642,46.698566
24.734642,46.698566
24.734642,46.698566
24.734610,46.698578
24.734610,46.698578
24.734610,46.698578
24.734610,46.698578
24.734610,46.698578
24.734610,46.698578
24.734577,46.698589
24.734577,46.698589
24.734577,46.698589
24.734577,46.698589
24.734577,46.698589
24.734577,46.698589
24.734577,46.698589
24.734545,46.698605
24.734545,46.698605
24.734545,46.698605
24.734545,46.698605
24.734545,46.698605
24.734545,46.698605
24.734512,46.698624
24.734512,46.698624
24.734512,46.698624
24.734512,46.698624
24.734512,46.698624
24.734512,46.698624
24.734480,46.698647
24.734480,46.698647
24.734480,46.698647
24.734480,46.698647
24.734480,46.698647
24.734480,46.698647
24.734480,46.698647
24.734449,46.698673
24.734449,46.698673
24.734449,46.698673
24.734449,46.698673
24.734449,46.698673
24.734449,46.698673
24.734425,46.698704
24.734425,46.698704
24.734425,46.698704
24.734425,46.698704
24.734425,46.698704
24.734425,46.698704
24.734425,46.698704
24.734400,46.698734
24.734400,46.698734
24.734400,46.698734
24.734400,46.698734
24.734400,46.698734
24.734400,46.698734
24.734381,46.698769
24.734381,46.698769
24.734381,46.698769
24.734381,46.698769
24.734381,46.698769
24.734381,46.698769
24.734364,46.698799
24.734364,46.698799
24.734364,46.698799
24.734364,46.698799
24.734364,46.698799
24.734364,46.698799
24.734364,46.698799
24.734348,46.698833
24.734348,46.698833
24.734348,46.698833
24.734348,46.698833
24.734348,46.698833
24.734348,46.698833
24.734337,46.698864
24.734337,46.698864
24.734337,46.698864
24.734337,46.698864
24.734337,46.698864
24.734337,46.698864
24.734331,46.698898
24.734331,46.698898
24.734331,46.698898
24.734331,46.698898
24.734331,46.698898
24.734331,46.698898
24.734331,46.698898
24.734329,46.698929
24.734329,46.698929
24.734329,46.698929
24.734329,46.698929
24.734329,46.698929
24.734329,46.698929
24.734329,46.698959
24.734329,46.698959
24.734329,46.698959
24.734329,46.698959
24.734329,46.698959
24.734329,46.698959
24.734329,46.698959
24.734335,46.698990
24.734335,46.698990
24.734335,46.698990
24.734335,46.698990
24.734335,46.698990
24.734335,46.698990
24.734343,46.699017
24.734343,46.699017
24.734343,46.699017
24.734343,46.699017
24.734343,46.699017
24.734343,46.699017
24.734352,46.699043
24.734352,46.699043
24.734352,46.699043
24.734352,46.699043
24.734352,46.699043
24.734352,46.699043
24.734352,46.699043
24.734367,46.699066
24.734367,46.699066
24.734367,46.699066
24.734367,46.699066
24.734367,46.699066
24.734367,46.699066
24.734385,46.699085
24.734385,46.699085
24.734385,46.699085
24.734385,46.699085
24.734385,46.699085
24.734385,46.699085
24.734406,46.699104
24.734406,46.699104
24.734406,46.699104
24.734406,46.699104
24.734406,46.699104
24.734406,46.699104
24.734406,46.699104
24.734428,46.699120
24.734428,46.699120
24.734428,46.699120
24.734428,46.699120
24.734428,46.699120
24.734428,46.699120
24.734455,46.699135
24.734455,46.699135
24.734455,46.699135
24.734455,46.699135
24.734455,46.699135
24.734455,46.699135
24.734486,46.699150
24.734486,46.699150
24.734486,46.699150
24.734486,46.699150
24.734486,46.699150
24.734486,46.699150
24.734486,46.699150
24.734520,46.699162
24.734520,46.699162
24.734520,46.699162
24.734520,46.699162
24.734520,46.699162
24.734520,46.699162
24.734556,46.699169
24.734556,46.699169
24.734556,46.699169
24.734556,46.699169
24.734556,46.699169
24.734556,46.699169
24.734556,46.699169
24.734594,46.699173
24.734594,46.699173
24.734594,46.699173
24.734594,46.699173
24.734594,46.699173
24.734594,46.699173
24.734634,46.699169
24.734634,46.699169
24.734634,46.699169
24.734634,46.699169
24.734634,46.699169
24.734634,46.699169
24.734676,46.699162
24.734676,46.699162
24.734676,46.699162
24.734676,46.699162
24.734676,46.699162
24.734676,46.699162
24.734676,46.699162
24.734718,46.699150
24.734718,46.699150
24.734718,46.699150
24.734718,46.699150
24.734718,46.699150
24.734718,46.699150
24.734756,46.699135
24.734756,46.699135
24.734756,46.699135
24.734756,46.699135
24.734756,46.699135
24.734756,46.699135
24.734795,46.699116
24.734795,46.699116
24.734795,46.699116
24.734795,46.699116
24.734795,46.699116
24.734795,46.699116
24.734795,46.699116
24.734827,46.699097
24.734827,46.699097
24.734827,46.699097
24.734827,46.699097
24.734827,46.699097
24.734827,46.699097
24.734858,46.699070
24.734858,46.699070
24.734858,46.699070
24.734858,46.699070
24.734858,46.699070
24.734858,46.699070
24.734886,46.699043
24.734886,46.699043
24.734886,46.699043
24.734886,46.699043
24.734886,46.699043
24.734886,46.699043
24.734886,46.699043
24.734911,46.699017
24.734911,46.699017
24.734911,46.699017
24.734911,46.699017
24.734911,46.699017
24.734911,46.699017
24.734936,46.698982
24.734936,46.698982
24.734936,46.698982
24.734936,46.698982
24.734936,46.698982
24.734936,46.698982
24.734936,46.698982
24.734957,46.698948
24.734957,46.698948
24.734957,46.698948
24.734957,46.698948
24.734957,46.698948
24.734957,46.698948
24.734972,46.698910
24.734972,46.698910
24.734972,46.698910
24.734972,46.698910
24.734972,46.698910
24.734972,46.698910
24.734982,46.698864
24.734982,46.698864
24.734982,46.698864
24.734982,46.698864
24.734982,46.698864
24.734982,46.698864
24.734982,46.698864
24.734983,46.698818
24.734983,46.698818
24.734983,46.698818
24.734983,46.698818
24.734983,46.698818
24.734983,46.698818
24.734978,46.698772
24.734978,46.698772
24.734978,46.698772
24.734978,46.698772
24.734978,46.698772
24.734978,46.698772
24.734964,46.698727
24.734964,46.698727
24.734964,46.698727
24.734964,46.698727
24.734964,46.698727
24.734964,46.698727
24.734964,46.698727
24.734940,46.698681
24.734940,46.698681
24.734940,46.698681
24.734940,46.698681
24.734940,46.698681
24.734940,46.698681
24.734909,46.698647
24.734909,46.698647
24.734909,46.698647
24.734909,46.698647
24.734909,46.698647
24.734909,46.698647
24.734909,46.698647
24.734867,46.698616
24.734867,46.698616
24.734867,46.698616
24.734867,46.698616
24.734867,46.698616
24.734867,46.698616
24.734819,46.698593
24.734819,46.698593
24.734819,46.698593
24.734819,46.698593
24.734819,46.698593
24.734819,46.698593
24.734768,46.698578
24.734768,46.698578
24.734768,46.698578
24.734768,46.698578
24.734768,46.698578
24.734768,46.698578
24.734768,46.698578
24.734715,46.698574
24.734715,46.698574
24.734715,46.698574
24.734715,46.698574
24.734715,46.698574
24.734715,46.698574
24.734663,46.698578
24.734663,46.698578
24.734663,46.698578
24.734663,46.698578
24.734663,46.698578
24.734663,46.698578
24.734612,46.698593
24.734612,46.698593
24.734612,46.698593
24.734612,46.698593
24.734612,46.698593
24.734612,46.698593
24.734612,46.698593
24.734560,46.698616
24.734560,46.698616
24.734560,46.698616
24.734560,46.698616
24.734560,46.698616
24.734560,46.698616
24.734512,46.698647
24.734512,46.698647
24.734512,46.698647
24.734512,46.698647
24.734512,46.698647
24.734512,46.698647
24.734467,46.698685
24.734467,46.698685
24.734467,46.698685
24.734467,46.698685
24.734467,46.698685
24.734467,46.698685
24.734467,46.698685
24.734425,46.698723
24.734425,46.698723
24.734425,46.698723
24.734425,46.698723
24.734425,46.698723
24.734425,46.698723
24.734392,46.698769
24.734392,46.698769
24.734392,46.698769
24.734392,46.698769
24.734392,46.698769
24.734392,46.698769
24.734392,46.698769
24.734364,46.698814
24.734364,46.698814
24.734364,46.698814
24.734364,46.698814
24.734364,46.698814
24.734364,46.698814
24.734344,46.698856
24.734344,46.698856
24.734344,46.698856
24.734344,46.698856
24.734344,46.698856
24.734344,46.698856
24.734333,46.698898
24.734333,46.698898
24.734333,46.698898
24.734333,46.698898
24.734333,46.698898
24.734333,46.698898
24.734333,46.698898
24.734331,46.698944
24.734331,46.698944
24.734331,46.698944
24.734331,46.698944
24.734331,46.698944
24.734331,46.698944
24.734333,46.698986
24.734333,46.698986
24.734333,46.698986
24.734333,46.698986
24.734333,46.698986
24.734333,46.698986
24.734344,46.699028
24.734344,46.699028
24.734344,46.699028
24.734344,46.699028
24.734344,46.699028
24.734344,46.699028
24.734344,46.699028
24.734364,46.699066
24.734364,46.699066
24.734364,46.699066
24.734364,46.699066
24.734364,46.699066
24.734364,46.699066
24.734392,46.699100
24.734392,46.699100
24.734392,46.699100
24.734392,46.699100
24.734392,46.699100
24.734392,46.699100
24.734426,46.699131
24.734426,46.699131
24.734426,46.699131
24.734426,46.699131
24.734426,46.699131
24.734426,46.699131
24.734426,46.699131
24.734467,46.699154
24.734467,46.699154
24.734467,46.699154
24.734467,46.699154
24.734467,46.699154
24.734467,46.699154
24.734510,46.699169
24.734510,46.699169
24.734510,46.699169
24.734510,46.699169
24.734510,46.699169
24.734510,46.699169
24.734510,46.699169
24.734560,46.699177
24.734560,46.699177
24.734560,46.699177
24.734560,46.699177
24.734560,46.699177
24.734560,46.699177
24.734610,46.699181
24.734610,46.699181
24.734610,46.699181
24.734610,46.699181
24.734610,46.699181
24.734610,46.699181
24.734659,46.699177
24.734659,46.699177
24.734659,46.699177
24.734659,46.699177
24.734659,46.699177
24.734659,46.699177
24.734659,46.699177
24.734711,46.699162
24.734711,46.699162
24.734711,46.699162
24.734711,46.699162
24.734711,46.699162
24.734711,46.699162
24.734758,46.699142
24.734758,46.699142
24.734758,46.699142
24.734758,46.699142
24.734758,46.699142
24.734758,46.699142
24.734802,46.699116
24.734802,46.699116
24.734802,46.699116
24.734802,46.699116
24.734802,46.699116
24.734802,46.699116
24.734802,46.699116
24.734842,46.699085
24.734842,46.699085
24.734842,46.699085
24.734842,46.699085
24.734842,46.699085
24.734842,46.699085
24.734879,46.699051
24.734879,46.699051
24.734879,46.699051
24.734879,46.699051
24.734879,46.699051
24.734879,46.699051
24.734879,46.699051
24.734911,46.699017
24.734911,46.699017
24.734911,46.699017
24.734911,46.699017
24.734911,46.699017
24.734911,46.699017
24.734938,46.698975
24.734938,46.698975
24.734938,46.698975
24.734938,46.698975
24.734938,46.698975
24.734938,46.698975
24.734959,46.698933
24.734959,46.698933
24.734959,46.698933
24.734959,46.698933
24.734959,46.698933
24.734959,46.698933
24.734959,46.698933
24.734974,46.698891
24.734974,46.698891
24.734974,46.698891
24.734974,46.698891
24.734974,46.698891
24.734974,46.698891
24.734982,46.698845
24.734982,46.698845
24.734982,46.698845
24.734982,46.698845
24.734982,46.698845
24.734982,46.698845
24.734982,46.698799
24.734982,46.698799
24.734982,46.698799
24.734982,46.698799
24.734982,46.698799
24.734982,46.698799
24.734982,46.698799
24.734974,46.698757
24.734974,46.698757
24.734974,46.698757
24.734974,46.698757
24.734974,46.698757
24.734974,46.698757
24.734955,46.698715
24.734955,46.698715
24.734955,46.698715
24.734955,46.698715
24.734955,46.698715
24.734955,46.698715
24.734926,46.698681
24.734926,46.698681
24.734926,46.698681
24.734926,46.698681
24.734926,46.698681
24.734926,46.698681
24.734926,46.698681
24.734896,46.698650
24.734896,46.698650
24.734896,46.698650
24.734896,46.698650
24.734896,46.698650
24.734896,46.698650
24.734863,46.698620
24.734863,46.698620
24.734863,46.698620
24.734863,46.698620
24.734863,46.698620
24.734863,46.698620
24.734863,46.698620
24.734827,46.698601
24.734827,46.698601
24.734827,46.698601
24.734827,46.698601
24.734827,46.698601
24.734827,46.698601
24.734789,46.698586
24.734789,46.698586
24.734789,46.698586
24.734789,46.698586
24.734789,46.698586
24.734789,46.698586
24.734745,46.698578
24.734745,46.698578
24.734745,46.698578
24.734745,46.698578
24.734745,46.698578
24.734745,46.698578
24.734745,46.698578
24.734701,46.698574
24.734701,46.698574
24.734701,46.698574
24.734701,46.698574
24.734701,46.698574
24.734701,46.698574
24.734655,46.698582
24.734655,46.698582
24.734655,46.698582
24.734655,46.698582
24.734655,46.698582
24.734655,46.698582
24.734612,46.698593
24.734612,46.698593
24.734612,46.698593
24.734612,46.698593
24.734612,46.698593
24.734612,46.698593
24.734612,46.698593
24.734568,46.698612
24.734568,46.698612
24.734568,46.698612
24.734568,46.698612
24.734568,46.698612
24.734568,46.698612
24.734526,46.698635
24.734526,46.698635
24.734526,46.698635
24.734526,46.698635
24.734526,46.698635
24.734526,46.698635
24.734486,46.698666
24.734486,46.698666
24.734486,46.698666
24.734486,46.698666
24.734486,46.698666
24.734486,46.698666
24.734486,46.698666
24.734449,46.698700
24.734449,46.698700
24.734449,46.698700
24.734449,46.698700
24.734449,46.698700
24.734449,46.698700
24.734417,46.698734
24.734417,46.698734
24.734417,46.698734
24.734417,46.698734
24.734417,46.698734
24.734417,46.698734
24.734417,46.698734
24.734390,46.698772
24.734390,46.698772
24.734390,46.698772
24.734390,46.698772
24.734390,46.698772
24.734390,46.698772
24.734367,46.698814
24.734367,46.698814
24.734367,46.698814
24.734367,46.698814
24.734367,46.698814
24.734367,46.698814
24.734350,46.698856
24.734350,46.698856
24.734350,46.698856
24.734350,46.698856
24.734350,46.698856
24.734350,46.698856
24.734350,46.698856
24.734339,46.698898
24.734339,46.698898
24.734339,46.698898
24.734339,46.698898
24.734339,46.698898
24.734339,46.698898
24.734339,46.698948
24.734339,46.698948
24.734339,46.698948
24.734339,46.698948
24.734339,46.698948
24.734339,46.698948
24.734346,46.698994
24.734346,46.698994
24.734346,46.698994
24.734346,46.698994
24.734346,46.698994
24.734346,46.698994
24.734346,46.698994
24.734365,46.699039
24.734365,46.699039
24.734365,46.699039
24.734365,46.699039
24.734365,46.699039
24.734365,46.699039
24.734390,46.699078
24.734390,46.699078
24.734390,46.699078
24.734390,46.699078
24.734390,46.699078
24.734390,46.699078
24.734390,46.699078
24.734425,46.699112
24.734425,46.699112
24.734425,46.699112
24.734425,46.699112
24.734425,46.699112
24.734425,46.699112
24.734465,46.699142
24.734465,46.699142
24.734465,46.699142
24.734465,46.699142
24.734465,46.699142
24.734465,46.699142
24.734510,46.699165
24.734510,46.699165
24.734510,46.699165
24.734510,46.699165
24.734510,46.699165
24.734510,46.699165
24.734510,46.699165
24.734560,46.699181
24.734560,46.699181
24.734560,46.699181
24.734560,46.699181
24.734560,46.699181
24.734560,46.699181
24.734612,46.699177
24.734612,46.699177
24.734612,46.699177
24.734612,46.699177
24.734612,46.699177
24.734612,46.699177
24.734667,46.699169
24.734667,46.699169
24.734667,46.699169
24.734667,46.699169
24.734667,46.699169
24.734667,46.699169
24.734667,46.699169
24.734716,46.699150
24.734716,46.699150
24.734716,46.699150
24.734716,46.699150
24.734716,46.699150
24.734716,46.699150
24.734766,46.699127
24.734766,46.699127
24.734766,46.699127
24.734766,46.699127
24.734766,46.699127
24.734766,46.699127
24.734812,46.699100
24.734812,46.699100
24.734812,46.699100
24.734812,46.699100
24.734812,46.699100
24.734812,46.699100
24.734812,46.699100
24.734854,46.699066
24.734854,46.699066
24.734854,46.699066
24.734854,46.699066
24.734854,46.699066
24.734854,46.699066
24.734890,46.699032
24.734890,46.699032
24.734890,46.699032
24.734890,46.699032
24.734890,46.699032
24.734890,46.699032
24.734890,46.699032
24.734921,46.698990
24.734921,46.698990
24.734921,46.698990
24.734921,46.698990
24.734921,46.698990
24.734921,46.698990
24.734945,46.698944
24.734945,46.698944
24.734945,46.698944
24.734945,46.698944
24.734945,46.698944
24.734945,46.698944
24.734964,46.698898
24.734964,46.698898
24.734964,46.698898
24.734964,46.698898
24.734964,46.698898
24.734964,46.698898
24.734964,46.698898
24.734974,46.698853
24.734974,46.698853
24.734974,46.698853
24.734974,46.698853
24.734974,46.698853
24.734974,46.698853
24.734978,46.698803
24.734978,46.698803
24.734978,46.698803
24.734978,46.698803
24.734978,46.698803
24.734978,46.698803
24.734972,46.698757
24.734972,46.698757
24.734972,46.698757
24.734972,46.698757
24.734972,46.698757
24.734972,46.698757
24.734972,46.698757
24.734961,46.698715
24.734961,46.698715
24.734961,46.698715
24.734961,46.698715
24.734961,46.698715
24.734961,46.698715
24.734941,46.698673
24.734941,46.698673
24.734941,46.698673
24.734941,46.698673
24.734941,46.698673
24.734941,46.698673
24.734913,46.698639
24.734913,46.698639
24.734913,46.698639
24.734913,46.698639
24.734913,46.698639
24.734913,46.698639
24.734913,46.698639
24.734877,46.698608
24.734877,46.698608
24.734877,46.698608
24.734877,46.698608
24.734877,46.698608
24.734877,46.698608
24.734835,46.698586
24.734835,46.698586
24.734835,46.698586
24.734835,46.698586
24.734835,46.698586
24.734835,46.698586
24.734835,46.698586
24.734791,46.698570
24.734791,46.698570
24.734791,46.698570
24.734791,46.698570
24.734791,46.698570
24.734791,46.698570
24.734741,46.698563
24.734741,46.698563
24.734741,46.698563
24.734741,46.698563
24.734741,46.698563
24.734741,46.698563
24.734692,46.698566
24.734692,46.698566
24.734692,46.698566
24.734692,46.698566
24.734692,46.698566
24.734692,46.698566
24.734692,46.698566
24.734642,46.698578
24.734642,46.698578
24.734642,46.698578
24.734642,46.698578
24.734642,46.698578
24.734642,46.698578
24.734592,46.698593
24.734592,46.698593
24.734592,46.698593
24.734592,46.698593
24.734592,46.698593
24.734592,46.698593
24.734545,46.698620
24.734545,46.698620
24.734545,46.698620
24.734545,46.698620
24.734545,46.698620
24.734545,46.698620
24.734545,46.698620
24.734499,46.698647
24.734499,46.698647
24.734499,46.698647
24.734499,46.698647
24.734499,46.698647
24.734499,46.698647
24.734455,46.698681
24.734455,46.698681
24.734455,46.698681
24.734455,46.698681
24.734455,46.698681
24.734455,46.698681
24.734455,46.698681
24.734419,46.698719
24.734419,46.698719
24.734419,46.698719
24.734419,46.698719
24.734419,46.698719
24.734419,46.698719
24.734386,46.698761
24.734386,46.698761
24.734386,46.698761
24.734386,46.698761
24.734386,46.698761
24.734386,46.698761
24.734358,46.698807
24.734358,46.698807
24.734358,46.698807
24.734358,46.698807
24.734358,46.698807
24.734358,46.698807
24.734358,46.698807
24.734337,46.698856
24.734337,46.698856
24.734337,46.698856
24.734337,46.698856
24.734337,46.698856
24.734337,46.698856
24.734325,46.698910
24.734325,46.698910
24.734325,46.698910
24.734325,46.698910
24.734325,46.698910
24.734325,46.698910
24.734327,46.698963
24.734327,46.698963
24.734327,46.698963
24.734327,46.698963
24.734327,46.698963
24.734327,46.698963
24.734327,46.698963
24.734341,46.699017
24.734341,46.699017
24.734341,46.699017
24.734341,46.699017
24.734341,46.699017
24.734341,46.699017
24.734369,46.699066
24.734369,46.699066
24.734369,46.699066
24.734369,46.699066
24.734369,46.699066
24.734369,46.699066
24.734409,46.699104
24.734409,46.699104
24.734409,46.699104
24.734409,46.699104
24.734409,46.699104
24.734409,46.699104
24.734409,46.699104
24.734455,46.699135
24.734455,46.699135
24.734455,46.699135
24.734455,46.699135
24.734455,46.699135
24.734455,46.699135
24.734510,46.699158
24.734510,46.699158
24.734510,46.699158
24.734510,46.699158
24.734510,46.699158
24.734510,46.699158
24.734510,46.699158
24.734568,46.699169
24.734568,46.699169
24.734568,46.699169
24.734568,46.699169
24.734568,46.699169
24.734568,46.699169
24.734625,46.699169
24.734625,46.699169
24.734625,46.699169
24.734625,46.699169
24.734625,46.699169
24.734625,46.699169
24.734684,46.699162
24.734684,46.699162
24.734684,46.699162
24.734684,46.699162
24.734684,46.699162
24.734684,46.699162
24.734684,46.699162
24.734741,46.699139
24.734741,46.699139
24.734741,46.699139
24.734741,46.699139
24.734741,46.699139
24.734741,46.699139
24.734793,46.699112
24.734793,46.699112
24.734793,46.699112
24.734793,46.699112
24.734793,46.699112
24.734793,46.699112
24.734838,46.699078
24.734838,46.699078
24.734838,46.699078
24.734838,46.699078
24.734838,46.699078
24.734838,46.699078
24.734838,46.699078
24.734882,46.699039
24.734882,46.699039
24.734882,46.699039
24.734882,46.699039
24.734882,46.699039
24.734882,46.699039
24.734919,46.698994
24.734919,46.698994
24.734919,46.698994
24.734919,46.698994
24.734919,46.698994
24.734919,46.698994
24.734947,46.698944
24.734947,46.698944
24.734947,46.698944
24.734947,46.698944
24.734947,46.698944
24.734947,46.698944
24.734947,46.698944
24.734968,46.698891
24.734968,46.698891
24.734968,46.698891
24.734968,46.698891
24.734968,46.698891
24.734968,46.698891
24.734978,46.698837
24.734978,46.698837
24.734978,46.698837
24.734978,46.698837
24.734978,46.698837
24.734978,46.698837
24.734978,46.698837
24.734978,46.698784
24.734978,46.698784
24.734978,46.698784
24.734978,46.698784
24.734978,46.698784
24.734978,46.698784
24.734964,46.698738
24.734964,46.698738
24.734964,46.698738
24.734964,46.698738
24.734964,46.698738
24.734964,46.698738
24.734947,46.698692
24.734947,46.698692
24.734947,46.698692
24.734947,46.698692
24.734947,46.698692
24.734947,46.698692
24.734947,46.698692
24.734922,46.698654
24.734922,46.698654
24.734922,46.698654
24.734922,46.698654
24.734922,46.698654
24.734922,46.698654
24.734890,46.698620
24.734890,46.698620
24.734890,46.698620
24.734890,46.698620
24.734890,46.698620
24.734890,46.698620
24.734852,46.698597
24.734852,46.698597
24.734852,46.698597
24.734852,46.698597
24.734852,46.698597
24.734852,46.698597
24.734852,46.698597
24.734810,46.698578
24.734810,46.698578
24.734810,46.698578
24.734810,46.698578
24.734810,46.698578
24.734810,46.698578
24.734768,46.698570
24.734768,46.698570
24.734768,46.698570
24.734768,46.698570
24.734768,46.698570
24.734768,46.698570
24.734726,46.698566
24.734726,46.698566
24.734726,46.698566
24.734726,46.698566
24.734726,46.698566
24.734726,46.698566
24.734726,46.698566
24.734682,46.698570
24.734682,46.698570
24.734682,46.698570
24.734682,46.698570
24.734682,46.698570
24.734682,46.698570
24.734638,46.698582
24.734638,46.698582
24.734638,46.698582
24.734638,46.698582
24.734638,46.698582
24.734638,46.698582
24.734638,46.698582
24.734594,46.698597
24.734594,46.698597
24.734594,46.698597
24.734594,46.698597
24.734594,46.698597
24.734594,46.698597
24.734552,46.698616
24.734552,46.698616
24.734552,46.698616
24.734552,46.698616
24.734552,46.698616
24.734552,46.698616
24.734509,46.698643
24.734509,46.698643
24.734509,46.698643
24.734509,46.698643
24.734509,46.698643
24.734509,46.698643
24.734509,46.698643
24.734470,46.698673
24.734470,46.698673
24.734470,46.698673
24.734470,46.698673
24.734470,46.698673
24.734470,46.698673
24.734432,46.698708
24.734432,46.698708
24.734432,46.698708
24.734432,46.698708
24.734432,46.698708
24.734432,46.698708
24.734400,46.698746
24.734400,46.698746
24.734400,46.698746
24.734400,46.698746
24.734400,46.698746
24.734400,46.698746
24.734400,46.698746
24.734375,46.698784
24.734375,46.698784
24.734375,46.698784
24.734375,46.698784
24.734375,46.698784
24.734375,46.698784
24.734354,46.698826
24.734354,46.698826
24.734354,46.698826
24.734354,46.698826
24.734354,46.698826
24.734354,46.698826
24.734341,46.698872
24.734341,46.698872
24.734341,46.698872
24.734341,46.698872
24.734341,46.698872
24.734341,46.698872
24.734341,46.698872
24.734333,46.698917
24.734333,46.698917
24.734333,46.698917
24.734333,46.698917
24.734333,46.698917
24.734333,46.698917
24.734335,46.698967
24.734335,46.698967
24.734335,46.698967
24.734335,46.698967
24.734335,46.698967
24.734335,46.698967
24.734335,46.698967
24.734346,46.699013
24.734346,46.699013
24.734346,46.699013
24.734346,46.699013
24.734346,46.699013
24.734346,46.699013
24.734371,46.699062
24.734371,46.699062
24.734371,46.699062
24.734371,46.699062
24.734371,46.699062
24.734371,46.699062
24.734404,46.699100
24.734404,46.699100
24.734404,46.699100
24.734404,46.699100
24.734404,46.699100
24.734404,46.699100
24.734404,46.699100
24.734440,46.699131
24.734440,46.699131
24.734440,46.699131
24.734440,46.699131
24.734440,46.699131
24.734440,46.699131
24.734486,46.699158
24.734486,46.699158
24.734486,46.699158
24.734486,46.699158
24.734486,46.699158
24.734486,46.699158
24.734539,46.699173
24.734539,46.699173
24.734539,46.699173
24.734539,46.699173
24.734539,46.699173
24.734539,46.699173
24.734539,46.699173
24.734598,46.699177
24.734598,46.699177
24.734598,46.699177
24.734598,46.699177
24.734598,46.699177
24.734598,46.699177
24.734659,46.699169
24.734659,46.699169
24.734659,46.699169
24.734659,46.699169
24.734659,46.699169
24.734659,46.699169
24.734659,46.699169
24.734718,46.699150
24.734718,46.699150
24.734718,46.699150
24.734718,46.699150
24.734718,46.699150
24.734718,46.699150
24.734774,46.699123
24.734774,46.699123
24.734774,46.699123
24.734774,46.699123
24.734774,46.699123
24.734774,46.699123
24.734825,46.699089
24.734825,46.699089
24.734825,46.699089
24.734825,46.699089
24.734825,46.699089
24.734825,46.699089
24.734825,46.699089
24.734871,46.699047
24.734871,46.699047
24.734871,46.699047
24.734871,46.699047
24.734871,46.699047
24.734871,46.699047
24.734911,46.699005
24.734911,46.699005
24.734911,46.699005
24.734911,46.699005
24.734911,46.699005
24.734911,46.699005
24.734941,46.698956
24.734941,46.698956
24.734941,46.698956
24.734941,46.698956
24.734941,46.698956
24.734941,46.698956
24.734941,46.698956
24.734964,46.698902
24.734964,46.698902
24.734964,46.698902
24.734964,46.698902
24.734964,46.698902
24.734964,46.698902
24.734978,46.698845
24.734978,46.698845
24.734978,46.698845
24.734978,46.698845
24.734978,46.698845
24.734978,46.698845
24.734978,46.698792
24.734978,46.698792
24.734978,46.698792
24.734978,46.698792
24.734978,46.698792
24.734978,46.698792
24.734978,46.698792
24.734964,46.698742
24.734964,46.698742
24.734964,46.698742
24.734964,46.698742
24.734964,46.698742
24.734964,46.698742
24.734943,46.698696
24.734943,46.698696
24.734943,46.698696
24.734943,46.698696
24.734943,46.698696
24.734943,46.698696
24.734943,46.698696
24.734915,46.698658
24.734915,46.698658
24.734915,46.698658
24.734915,46.698658
24.734915,46.698658
24.734915,46.698658
24.734880,46.698624
24.734880,46.698624
24.734880,46.698624
24.734880,46.698624
24.734880,46.698624
24.734880,46.698624
24.734838,46.698597
24.734838,46.698597
24.734838,46.698597
24.734838,46.698597
24.734838,46.698597
24.734838,46.698597
24.734838,46.698597
24.734793,46.698578
24.734793,46.698578
24.734793,46.698578
24.734793,46.698578
24.734793,46.698578
24.734793,46.698578
24.734743,46.698570
24.734743,46.698570
24.734743,46.698570
24.734743,46.698570
24.734743,46.698570
24.734743,46.698570
24.734692,46.698570
24.734692,46.698570
24.734692,46.698570
24.734692,46.698570
24.734692,46.698570
24.734692,46.698570
24.734692,46.698570
24.734640,46.698586
24.734640,46.698586
24.734640,46.698586
24.734640,46.698586
24.734640,46.698586
24.734640,46.698586
24.734587,46.698605
24.734587,46.698605
24.734587,46.698605
24.734587,46.698605
24.734587,46.698605
24.734587,46.698605
24.734537,46.698627
24.734537,46.698627
24.734537,46.698627
24.734537,46.698627
24.734537,46.698627
24.734537,46.698627
24.734537,46.698627
24.734488,46.698662
24.734488,46.698662
24.734488,46.698662
24.734488,46.698662
24.734488,46.698662
24.734488,46.698662
24.734444,46.698696
24.734444,46.698696
24.734444,46.698696
24.734444,46.698696
24.734444,46.698696
24.734444,46.698696
24.734444,46.698696
24.734406,46.698742
24.734406,46.698742
24.734406,46.698742
24.734406,46.698742
24.734406,46.698742
24.734406,46.698742
24.734373,46.698795
24.734373,46.698795
24.734373,46.698795
24.734373,46.698795
24.734373,46.698795
24.734373,46.698795
24.734352,46.698845
24.734352,46.698845
24.734352,46.698845
24.734352,46.698845
24.734352,46.698845
24.734352,46.698845
24.734352,46.698845
24.734339,46.698902
24.734339,46.698902
24.734339,46.698902
24.734339,46.698902
24.734339,46.698902
24.734339,46.698902
24.734339,46.698959
24.734339,46.698959
24.734339,46.698959
24.734339,46.698959
24.734339,46.698959
24.734339,46.698959
24.734352,46.699017
24.734352,46.699017
24.734352,46.699017
24.734352,46.699017
24.734352,46.699017
24.734352,46.699017
24.734352,46.699017
24.734381,46.699070
24.734381,46.699070
24.734381,46.699070
24.734381,46.699070
24.734381,46.699070
24.734381,46.699070
24.734419,46.699116
24.734419,46.699116
24.734419,46.699116
24.734419,46.699116
24.734419,46.699116
24.734419,46.699116
24.734465,46.699150
24.734465,46.699150
24.734465,46.699150
24.734465,46.699150
24.734465,46.699150
24.734465,46.699150
24.734465,46.699150
24.734520,46.699173
24.734520,46.699173
24.734520,46.699173
24.734520,46.699173
24.734520,46.699173
24.734520,46.699173
24.734577,46.699181
24.734577,46.699181
24.734577,46.699181
24.734577,46.699181
24.734577,46.699181
24.734577,46.699181
24.734577,46.699181
24.734636,46.699173
24.734636,46.699173
24.734636,46.699173
24.734636,46.699173
24.734636,46.699173
24.734636,46.699173
24.734695,46.699158
24.734695,46.699158
24.734695,46.699158
24.734695,46.699158
24.734695,46.699158
24.734695,46.699158
24.734753,46.699135
24.734753,46.699135
24.734753,46.699135
24.734753,46.699135
24.734753,46.699135
24.734753,46.699135
24.734753,46.699135
24.734804,46.699104
24.734804,46.699104
24.734804,46.699104
24.734804,46.699104
24.734804,46.699104
24.734804,46.699104
24.734852,46.699066
24.734852,46.699066
24.734852,46.699066
24.734852,46.699066
24.734852,46.699066
24.734852,46.699066
24.734894,46.699028
24.734894,46.699028
24.734894,46.699028
24.734894,46.699028
24.734894,46.699028
24.734894,46.699028
24.734894,46.699028
24.734928,46.698982
24.734928,46.698982
24.734928,46.698982
24.734928,46.698982
24.734928,46.698982
24.734928,46.698982
24.734955,46.698933
24.734955,46.698933
24.734955,46.698933
24.734955,46.698933
24.734955,46.698933
24.734955,46.698933
24.734955,46.698933
24.734972,46.698879
24.734972,46.698879
24.734972,46.698879
24.734972,46.698879
24.734972,46.698879
24.734972,46.698879
24.734978,46.698826
24.734978,46.698826
24.734978,46.698826
24.734978,46.698826
24.734978,46.698826
24.734978,46.698826
24.734972,46.698772
24.734972,46.698772
24.734972,46.698772
24.734972,46.698772
24.734972,46.698772
24.734972,46.698772
24.734972,46.698772
24.734959,46.698719
24.734959,46.698719
24.734959,46.698719
24.734959,46.698719
24.734959,46.698719
24.734959,46.698719
24.734932,46.698677
24.734932,46.698677
24.734932,46.698677
24.734932,46.698677
24.734932,46.698677
24.734932,46.698677
24.734896,46.698639
24.734896,46.698639
24.734896,46.698639
24.734896,46.698639
24.734896,46.698639
24.734896,46.698639
24.734896,46.698639
24.734850,46.698608
24.734850,46.698608
24.734850,46.698608
24.734850,46.698608
24.734850,46.698608
24.734850,46.698608
24.734800,46.698586
24.734800,46.698586
24.734800,46.698586
24.734800,46.698586
24.734800,46.698586
24.734800,46.698586
24.734751,46.698570
24.734751,46.698570
24.734751,46.698570
24.734751,46.698570
24.734751,46.698570
24.734751,46.698570
24.734751,46.698570
24.734695,46.698570
24.734695,46.698570
24.734695,46.698570
24.734695,46.698570
24.734695,46.698570
24.734695,46.698570
24.734640,46.698582
24.734640,46.698582
24.734640,46.698582
24.734640,46.698582
24.734640,46.698582
24.734640,46.698582
24.734640,46.698582
24.734587,46.698601
24.734587,46.698601
24.734587,46.698601
24.734587,46.698601
24.734587,46.698601
24.734587,46.698601
24.734535,46.698627
24.734535,46.698627
24.734535,46.698627
24.734535,46.698627
24.734535,46.698627
24.734535,46.698627
24.734486,46.698662
24.734486,46.698662
24.734486,46.698662
24.734486,46.698662
24.734486,46.698662
24.734486,46.698662
24.734486,46.698662
24.734440,46.698700
24.734440,46.698700
24.734440,46.698700
24.734440,46.698700
24.734440,46.698700
24.734440,46.698700
24.734402,46.698742
24.734402,46.698742
24.734402,46.698742
24.734402,46.698742
24.734402,46.698742
24.734402,46.698742
24.734369,46.698792
24.734369,46.698792
24.734369,46.698792
24.734369,46.698792
24.734369,46.698792
24.734369,46.698792
24.734369,46.698792
24.734346,46.698841
24.734346,46.698841
24.734346,46.698841
24.734346,46.698841
24.734346,46.698841
24.734346,46.698841
24.734335,46.698898
24.734335,46.698898
24.734335,46.698898
24.734335,46.698898
24.734335,46.698898
24.734335,46.698898
24.734335,46.698898
24.734331,46.698956
24.734331,46.698956
24.734331,46.698956
24.734331,46.698956
24.734331,46.698956
24.734331,46.698956
24.734341,46.699013
24.734341,46.699013
24.734341,46.699013
24.734341,46.699013
24.734341,46.699013
24.734341,46.699013
24.734362,46.699066
24.734362,46.699066
24.734362,46.699066
24.734362,46.699066
24.734362,46.699066
24.734362,46.699066
24.734362,46.699066
24.734396,46.699108
24.734396,46.699108
24.734396,46.699108
24.734396,46.699108
24.734396,46.699108
24.734396,46.699108
24.734442,46.699142
24.734442,46.699142
24.734442,46.699142
24.734442,46.699142
24.734442,46.699142
24.734442,46.699142
24.734491,46.699165
24.734491,46.699165
24.734491,46.699165
24.734491,46.699165
24.734491,46.699165
24.734491,46.699165
24.734491,46.699165
24.734545,46.699177
24.734545,46.699177
24.734545,46.699177
24.734545,46.699177
24.734545,46.699177
24.734545,46.699177
24.734602,46.699177
24.734602,46.699177
24.734602,46.699177
24.734602,46.699177
24.734602,46.699177
24.734602,46.699177
24.734661,46.699169
24.734661,46.699169
24.734661,46.699169
24.734661,46.699169
24.734661,46.699169
24.734661,46.699169
24.734661,46.699169
24.734718,46.699150
24.734718,46.699150
24.734718,46.699150
24.734718,46.699150
24.734718,46.699150
24.734718,46.699150
24.734772,46.699123
24.734772,46.699123
24.734772,46.699123
24.734772,46.699123
24.734772,46.699123
24.734772,46.699123
24.734772,46.699123
24.734819,46.699093
24.734819,46.699093
24.734819,46.699093
24.734819,46.699093
24.734819,46.699093
24.734819,46.699093
24.734863,46.699051
24.734863,46.699051
24.734863,46.699051
24.734863,46.699051
24.734863,46.699051
24.734863,46.699051
24.734901,46.699009
24.734901,46.699009
24.734901,46.699009
24.734901,46.699009
24.734901,46.699009
24.734901,46.699009
24.734901,46.699009
24.734932,46.698963
24.734932,46.698963
24.734932,46.698963
24.734932,46.698963
24.734932,46.698963
24.734932,46.698963
24.734953,46.698910
24.734953,46.698910
24.734953,46.698910
24.734953,46.698910
24.734953,46.698910
24.734953,46.698910
24.734966,46.698860
24.734966,46.698860
24.734966,46.698860
24.734966,46.698860
24.734966,46.698860
24.734966,46.698860
24.734966,46.698860
24.734970,46.698803
24.734970,46.698803
24.734970,46.698803
24.734970,46.698803
24.734970,46.698803
24.734970,46.698803
24.734959,46.698753
24.734959,46.698753
24.734959,46.698753
24.734959,46.698753
24.734959,46.698753
24.734959,46.698753
24.734940,46.698704
24.734940,46.698704
24.734940,46.698704
24.734940,46.698704
24.734940,46.698704
24.734940,46.698704
24.734940,46.698704
24.734909,46.698658
24.734909,46.698658
24.734909,46.698658
24.734909,46.698658
24.734909,46.698658
24.734909,46.698658
24.734871,46.698620
24.734871,46.698620
24.734871,46.698620
24.734871,46.698620
24.734871,46.698620
24.734871,46.698620
24.734871,46.698620
24.734823,46.698589
24.734823,46.698589
24.734823,46.698589
24.734823,46.698589
24.734823,46.698589
24.734823,46.698589
24.734774,46.698574
24.734774,46.698574
24.734774,46.698574
24.734774,46.698574
24.734774,46.698574
24.734774,46.698574
24.734720,46.698566
24.734720,46.698566
24.734720,46.698566
24.734720,46.698566
24.734720,46.698566
24.734720,46.698566
24.734720,46.698566
24.734665,46.698574
24.734665,46.698574
24.734665,46.698574
24.734665,46.698574
24.734665,46.698574
24.734665,46.698574
24.734612,46.698586
24.734612,46.698586
24.734612,46.698586
24.734612,46.698586
24.734612,46.698586
24.734612,46.698586
24.734558,46.698608
24.734558,46.698608
24.734558,46.698608
24.734558,46.698608
24.734558,46.698608
24.734558,46.698608
24.734558,46.698608
24.734507,46.698635
24.734507,46.698635
24.734507,46.698635
24.734507,46.698635
24.734507,46.698635
24.734507,46.698635
24.734459,46.698669
24.734459,46.698669
24.734459,46.698669
24.734459,46.698669
24.734459,46.698669
24.734459,46.698669
24.734415,46.698711
24.734415,46.698711
24.734415,46.698711
24.734415,46.698711
24.734415,46.698711
24.734415,46.698711
24.734415,46.698711
24.734379,46.698753
24.734379,46.698753
24.734379,46.698753
24.734379,46.698753
24.734379,46.698753
24.734379,46.698753
24.734352,46.698807
24.734352,46.698807
24.734352,46.698807
24.734352,46.698807
24.734352,46.698807
24.734352,46.698807
24.734352,46.698807
24.734333,46.698860
24.734333,46.698860
24.734333,46.698860
24.734333,46.698860
24.734333,46.698860
24.734333,46.698860
24.734324,46.698917
24.734324,46.698917
24.734324,46.698917
24.734324,46.698917
24.734324,46.698917
24.734324,46.698917
24.734325,46.698978
24.734325,46.698978
24.734325,46.698978
24.734325,46.698978
24.734325,46.698978
24.734325,46.698978
24.734325,46.698978
24.734339,46.699036
24.734339,46.699036
24.734339,46.699036
24.734339,46.699036
24.734339,46.699036
24.734339,46.699036
24.734365,46.699085
24.734365,46.699085
24.734365,46.699085
24.734365,46.699085
24.734365,46.699085
24.734365,46.699085
24.734404,46.699120
24.734404,46.699120
24.734404,46.699120
24.734404,46.699120
24.734404,46.699120
24.734404,46.699120
24.734404,46.699120
24.734447,46.699146
24.734447,46.699146
24.734447,46.699146
24.734447,46.699146
24.734447,46.699146
24.734447,46.699146
24.734497,46.699169
24.734497,46.699169
24.734497,46.699169
24.734497,46.699169
24.734497,46.699169
24.734497,46.699169
24.734549,46.699177
24.734549,46.699177
24.734549,46.699177
24.734549,46.699177
24.734549,46.699177
24.734549,46.699177
24.734549,46.699177
24.734600,46.699177
24.734600,46.699177
24.734600,46.699177
24.734600,46.699177
24.734600,46.699177
24.734600,46.699177
24.734653,46.699169
24.734653,46.699169
24.734653,46.699169
24.734653,46.699169
24.734653,46.699169
24.734653,46.699169
24.734653,46.699169
24.734707,46.699154
24.734707,46.699154
24.734707,46.699154
24.734707,46.699154
24.734707,46.699154
24.734707,46.699154
24.734756,46.699135
24.734756,46.699135
24.734756,46.699135
24.734756,46.699135
24.734756,46.699135
24.734756,46.699135
24.734804,46.699108
24.734804,46.699108
24.734804,46.699108
24.734804,46.699108
24.734804,46.699108
24.734804,46.699108
24.734804,46.699108
24.734846,46.699074
24.734846,46.699074
24.734846,46.699074
24.734846,46.699074
24.734846,46.699074
24.734846,46.699074
24.734884,46.699039
24.734884,46.699039
24.734884,46.699039
24.734884,46.699039
24.734884,46.699039
24.734884,46.699039
24.734917,46.699001
24.734917,46.699001
24.734917,46.699001
24.734917,46.699001
24.734917,46.699001
24.734917,46.699001
24.734917,46.699001
24.734943,46.698956
24.734943,46.698956
24.734943,46.698956
24.734943,46.698956
24.734943,46.698956
24.734943,46.698956
24.734962,46.698902
24.734962,46.698902
24.734962,46.698902
24.734962,46.698902
24.734962,46.698902
24.734962,46.698902
24.734962,46.698902
24.734974,46.698849
24.734974,46.698849
24.734974,46.698849
24.734974,46.698849
24.734974,46.698849
24.734974,46.698849
24.734974,46.698792
24.734974,46.698792
24.734974,46.698792
24.734974,46.698792
24.734974,46.698792
24.734974,46.698792
24.734961,46.698734
24.734961,46.698734
24.734961,46.698734
24.734961,46.698734
24.734961,46.698734
24.734961,46.698734
24.734961,46.698734
24.734930,46.698689
24.734930,46.698689
24.734930,46.698689
24.734930,46.698689
24.734930,46.698689
24.734930,46.698689
24.734892,46.698643
24.734892,46.698643
24.734892,46.698643
24.734892,46.698643
24.734892,46.698643
24.734892,46.698643
24.734844,46.698608
24.734844,46.698608
24.734844,46.698608
24.734844,46.698608
24.734844,46.698608
24.734844,46.698608
24.734844,46.698608
24.734789,46.698586
24.734789,46.698586
24.734789,46.698586
24.734789,46.698586
24.734789,46.698586
24.734789,46.698586
24.734730,46.698578
24.734730,46.698578
24.734730,46.698578
24.734730,46.698578
24.734730,46.698578
24.734730,46.698578
24.734667,46.698582
24.734667,46.698582
24.734667,46.698582
24.734667,46.698582
24.734667,46.698582
24.734667,46.698582
24.734667,46.698582
24.734604,46.698597
24.734604,46.698597
24.734604,46.698597
24.734604,46.698597
24.734604,46.698597
24.734604,46.698597
24.734545,46.698620
24.734545,46.698620
24.734545,46.698620
24.734545,46.698620
24.734545,46.698620
24.734545,46.698620
24.734545,46.698620
24.734488,46.698658
24.734488,46.698658
24.734488,46.698658
24.734488,46.698658
24.734488,46.698658
24.734488,46.698658
24.734438,46.698700
24.734438,46.698700
24.734438,46.698700
24.734438,46.698700
24.734438,46.698700
24.734438,46.698700
24.734394,46.698753
24.734394,46.698753
24.734394,46.698753
24.734394,46.698753
24.734394,46.698753
24.734394,46.698753
24.734394,46.698753
24.734362,46.698811
24.734362,46.698811
24.734362,46.698811
24.734362,46.698811
24.734362,46.698811
24.734362,46.698811
24.734341,46.698872
24.734341,46.698872
24.734341,46.698872
24.734341,46.698872
24.734341,46.698872
24.734341,46.698872
24.734331,46.698936
24.734331,46.698936
24.734331,46.698936
24.734331,46.698936
24.734331,46.698936
24.734331,46.698936
24.734331,46.698936
24.734343,46.699001
24.734343,46.699001
24.734343,46.699001
24.734343,46.699001
24.734343,46.699001
24.734343,46.699001
24.734373,46.699062
24.734373,46.699062
24.734373,46.699062
24.734373,46.699062
24.734373,46.699062
24.734373,46.699062
24.734373,46.699062
24.734415,46.699112
24.734415,46.699112
24.734415,46.699112
24.734415,46.699112
24.734415,46.699112
24.734415,46.699112
24.734470,46.699150
24.734470,46.699150
24.734470,46.699150
24.734470,46.699150
24.734470,46.699150
24.734470,46.699150
24.734533,46.699169
24.734533,46.699169
24.734533,46.699169
24.734533,46.699169
24.734533,46.699169
24.734533,46.699169
24.734533,46.699169
24.734602,46.699173
24.734602,46.699173
24.734602,46.699173
24.734602,46.699173
24.734602,46.699173
24.734602,46.699173
24.734669,46.699158
24.734669,46.699158
24.734669,46.699158
24.734669,46.699158
24.734669,46.699158
24.734669,46.699158
24.734734,46.699135
24.734734,46.699135
24.734734,46.699135
24.734734,46.699135
24.734734,46.699135
24.734734,46.699135
24.734734,46.699135
24.734797,46.699104
24.734797,46.699104
24.734797,46.699104
24.734797,46.699104
24.734797,46.699104
24.734797,46.699104
24.734850,46.699066
24.734850,46.699066
24.734850,46.699066
24.734850,46.699066
24.734850,46.699066
24.734850,46.699066
24.734896,46.699017
24.734896,46.699017
24.734896,46.699017
24.734896,46.699017
24.734896,46.699017
24.734896,46.699017
24.734896,46.699017
24.734934,46.698959
24.734934,46.698959
24.734934,46.698959
24.734934,46.698959
24.734934,46.698959
24.734934,46.698959
24.734959,46.698902
24.734959,46.698902
24.734959,46.698902
24.734959,46.698902
24.734959,46.698902
24.734959,46.698902
24.734959,46.698902
24.734972,46.698837
24.734972,46.698837
24.734972,46.698837
24.734972,46.698837
24.734972,46.698837
24.734972,46.698837
24.734968,46.698776
24.734968,46.698776
24.734968,46.698776
24.734968,46.698776
24.734968,46.698776
24.734968,46.698776
24.734955,46.698715
24.734955,46.698715
24.734955,46.698715
24.734955,46.698715
24.734955,46.698715
24.734955,46.698715
24.734955,46.698715
24.734926,46.698662
24.734926,46.698662
24.734926,46.698662
24.734926,46.698662
24.734926,46.698662
24.734926,46.698662
24.734886,46.698616
24.734886,46.698616
24.734886,46.698616
24.734886,46.698616
24.734886,46.698616
24.734886,46.698616
24.734838,46.698586
24.734838,46.698586
24.734838,46.698586
24.734838,46.698586
24.734838,46.698586
24.734838,46.698586
24.734838,46.698586
24.734785,46.698570
24.734785,46.698570
24.734785,46.698570
24.734785,46.698570
24.734785,46.698570
24.734785,46.698570
24.734728,46.698563
24.734728,46.698563
24.734728,46.698563
24.734728,46.698563
24.734728,46.698563
24.734728,46.698563
24.734669,46.698563
24.734669,46.698563
24.734669,46.698563
24.734669,46.698563
24.734669,46.698563
24.734669,46.698563
24.734669,46.698563
24.734612,46.698578
24.734612,46.698578
24.734612,46.698578
24.734612,46.698578
24.734612,46.698578
24.734612,46.698578
24.734556,46.698605
24.734556,46.698605
24.734556,46.698605
24.734556,46.698605
24.734556,46.698605
24.734556,46.698605
24.734556,46.698605
24.734505,46.698639
24.734505,46.698639
24.734505,46.698639
24.734505,46.698639
24.734505,46.698639
24.734505,46.698639
24.734455,46.698677
24.734455,46.698677
24.734455,46.698677
24.734455,46.698677
24.734455,46.698677
24.734455,46.698677
24.734413,46.698727
24.734413,46.698727
24.734413,46.698727
24.734413,46.698727
24.734413,46.698727
24.734413,46.698727
24.734413,46.698727
24.734379,46.698772
24.734379,46.698772
24.734379,46.698772
24.734379,46.698772
24.734379,46.698772
24.734379,46.698772
24.734352,46.698826
24.734352,46.698826
24.734352,46.698826
24.734352,46.698826
24.734352,46.698826
24.734352,46.698826
24.734335,46.698879
24.734335,46.698879
24.734335,46.698879
24.734335,46.698879
24.734335,46.698879
24.734335,46.698879
24.734335,46.698879
24.734331,46.698933
24.734331,46.698933
24.734331,46.698933
24.734331,46.698933
24.734331,46.698933
24.734331,46.698933
24.734339,46.698986
24.734339,46.698986
24.734339,46.698986
24.734339,46.698986
24.734339,46.698986
24.734339,46.698986
24.734354,46.699032
24.734354,46.699032
24.734354,46.699032
24.734354,46.699032
24.734354,46.699032
24.734354,46.699032
24.734354,46.699032
24.734381,46.699070
24.734381,46.699070
24.734381,46.699070
24.734381,46.699070
24.734381,46.699070
24.734381,46.699070
24.734411,46.699104
24.734411,46.699104
24.734411,46.699104
24.734411,46.699104
24.734411,46.699104
24.734411,46.699104
24.734411,46.699104
24.734447,46.699135
24.734447,46.699135
24.734447,46.699135
24.734447,46.699135
24.734447,46.699135
24.734447,46.699135
24.734489,46.699158
24.734489,46.699158
24.734489,46.699158
24.734489,46.699158
24.734489,46.699158
24.734489,46.699158
24.734537,46.699169
24.734537,46.699169
24.734537,46.699169
24.734537,46.699169
24.734537,46.699169
24.734537,46.699169
24.734537,46.699169
24.734591,46.699169
24.734591,46.699169
24.734591,46.699169
24.734591,46.699169
24.734591,46.699169
24.734591,46.699169
24.734646,46.699162
24.734646,46.699162
24.734646,46.699162
24.734646,46.699162
24.734646,46.699162
24.734646,46.699162
24.734703,46.699146
24.734703,46.699146
24.734703,46.699146
24.734703,46.699146
24.734703,46.699146
24.734703,46.699146
24.734703,46.699146
24.734756,46.699123
24.734756,46.699123
24.734756,46.699123
24.734756,46.699123
24.734756,46.699123
24.734756,46.699123
24.734808,46.699097
24.734808,46.699097
24.734808,46.699097
24.734808,46.699097
24.734808,46.699097
24.734808,46.699097
24.734808,46.699097
24.734856,46.699062
24.734856,46.699062
24.734856,46.699062
24.734856,46.699062
24.734856,46.699062
24.734856,46.699062
24.734896,46.699024
24.734896,46.699024
24.734896,46.699024
24.734896,46.699024
24.734896,46.699024
24.734896,46.699024
24.734928,46.698978
24.734928,46.698978
24.734928,46.698978
24.734928,46.698978
24.734928,46.698978
24.734928,46.698978
24.734928,46.698978
24.734955,46.698929
24.734955,46.698929
24.734955,46.698929
24.734955,46.698929
24.734955,46.698929
24.734955,46.698929
24.734972,46.698879
24.734972,46.698879
24.734972,46.698879
24.734972,46.698879
24.734972,46.698879
24.734972,46.698879
24.734980,46.698826
24.734980,46.698826
24.734980,46.698826
24.734980,46.698826
24.734980,46.698826
24.734980,46.698826
24.734980,46.698826
24.734978,46.698776
24.734978,46.698776
24.734978,46.698776
24.734978,46.698776
24.734978,46.698776
24.734978,46.698776
24.734966,46.698727
24.734966,46.698727
24.734966,46.698727
24.734966,46.698727
24.734966,46.698727
24.734966,46.698727
24.734945,46.698681
24.734945,46.698681
24.734945,46.698681
24.734945,46.698681
24.734945,46.698681
24.734945,46.698681
24.734945,46.698681
24.734919,46.698643
24.734919,46.698643
24.734919,46.698643
24.734919,46.698643
24.734919,46.698643
24.734919,46.698643
24.734882,46.698605
24.734882,46.698605
24.734882,46.698605
24.734882,46.698605
24.734882,46.698605
24.734882,46.698605
24.734840,46.698578
24.734840,46.698578
24.734840,46.698578
24.734840,46.698578
24.734840,46.698578
24.734840,46.698578
24.734840,46.698578
24.734789,46.698563
24.734789,46.698563
24.734789,46.698563
24.734789,46.698563
24.734789,46.698563
24.734789,46.698563
24.734735,46.698559
24.734735,46.698559
24.734735,46.698559
24.734735,46.698559
24.734735,46.698559
24.734735,46.698559
24.734735,46.698559
24.734682,46.698563
24.734682,46.698563
24.734682,46.698563
24.734682,46.698563
24.734682,46.698563
24.734682,46.698563
24.734629,46.698578
24.734629,46.698578
24.734629,46.698578
24.734629,46.698578
24.734629,46.698578
24.734629,46.698578
24.734575,46.698601
24.734575,46.698601
24.734575,46.698601
24.734575,46.698601
24.734575,46.698601
24.734575,46.698601
24.734575,46.698601
24.734522,46.698627
24.734522,46.698627
24.734522,46.698627
24.734522,46.698627
24.734522,46.698627
24.734522,46.698627
24.734472,46.698662
24.734472,46.698662
24.734472,46.698662
24.734472,46.698662
24.734472,46.698662
24.734472,46.698662
24.734426,46.698708
24.734426,46.698708
24.734426,46.698708
24.734426,46.698708
24.734426,46.698708
24.734426,46.698708
24.734426,46.698708
24.734390,46.698753
24.734390,46.698753
24.734390,46.698753
24.734390,46.698753
24.734390,46.698753
24.734390,46.698753
24.734362,46.698807
24.734362,46.698807
24.734362,46.698807
24.734362,46.698807
24.734362,46.698807
24.734362,46.698807
24.734362,46.698807
24.734341,46.698864
24.734341,46.698864
24.734341,46.698864
24.734341,46.698864
24.734341,46.698864
24.734341,46.698864
24.734333,46.698925
24.734333,46.698925
24.734333,46.698925
24.734333,46.698925
24.734333,46.698925
24.734333,46.698925
24.734337,46.698982
24.734337,46.698982
24.734337,46.698982
24.734337,46.698982
24.734337,46.698982
24.734337,46.698982
24.734337,46.698982
24.734356,46.699043
24.734356,46.699043
24.734356,46.699043
24.734356,46.699043
24.734356,46.699043
24.734356,46.699043
24.734390,46.699089
24.734390,46.699089
24.734390,46.699089
24.734390,46.699089
24.734390,46.699089
24.734390,46.699089
24.734436,46.699131
24.734436,46.699131
24.734436,46.699131
24.734436,46.699131
24.734436,46.699131
24.734436,46.699131
24.734436,46.699131
24.734489,46.699162
24.734489,46.699162
24.734489,46.699162
24.734489,46.699162
24.734489,46.699162
24.734489,46.699162
24.734550,46.699173
24.734550,46.699173
24.734550,46.699173
24.734550,46.699173
24.734550,46.699173
24.734550,46.699173
24.734612,46.699173
24.734612,46.699173
24.734612,46.699173
24.734612,46.699173
24.734612,46.699173
24.734612,46.699173
24.734612,46.699173
24.734674,46.699158
24.734674,46.699158
24.734674,46.699158
24.734674,46.699158
24.734674,46.699158
24.734674,46.699158
24.734734,46.699135
24.734734,46.699135
24.734734,46.699135
24.734734,46.699135
24.734734,46.699135
24.734734,46.699135
24.734734,46.699135
24.734789,46.699108
24.734789,46.699108
24.734789,46.699108
24.734789,46.699108
24.734789,46.699108
24.734789,46.699108
24.734842,46.699074
24.734842,46.699074
24.734842,46.699074
24.734842,46.699074
24.734842,46.699074
24.734842,46.699074
24.734888,46.699036
24.734888,46.699036
24.734888,46.699036
24.734888,46.699036
24.734888,46.699036
24.734888,46.699036
24.734888,46.699036
24.734928,46.698990
24.734928,46.698990
24.734928,46.698990
24.734928,46.698990
24.734928,46.698990
24.734928,46.698990
24.734959,46.698936
24.734959,46.698936
24.734959,46.698936
24.734959,46.698936
24.734959,46.698936
24.734959,46.698936
24.734978,46.698879
24.734978,46.698879
24.734978,46.698879
24.734978,46.698879
24.734978,46.698879
24.734978,46.698879
24.734978,46.698879
24.734987,46.698822
24.734987,46.698822
24.734987,46.698822
24.734987,46.698822
24.734987,46.698822
24.734987,46.698822
24.734982,46.698769
24.734982,46.698769
24.734982,46.698769
24.734982,46.698769
24.734982,46.698769
24.734982,46.698769
24.734966,46.698715
24.734966,46.698715
24.734966,46.698715
24.734966,46.698715
24.734966,46.698715
24.734966,46.698715
24.734966,46.698715
24.734943,46.698669
24.734943,46.698669
24.734943,46.698669
24.734943,46.698669
24.734943,46.698669
24.734943,46.698669
24.734911,46.698631
24.734911,46.698631
24.734911,46.698631
24.734911,46.698631
24.734911,46.698631
24.734911,46.698631
24.734911,46.698631
24.734875,46.698601
24.734875,46.698601
24.734875,46.698601
24.734875,46.698601
24.734875,46.698601
24.734875,46.698601
24.734831,46.698578
24.734831,46.698578
24.734831,46.698578
24.734831,46.698578
24.734831,46.698578
24.734831,46.698578
24.734785,46.698566
24.734785,46.698566
24.734785,46.698566
24.734785,46.698566
24.734785,46.698566
24.734785,46.698566
24.734785,46.698566
24.734739,46.698563
24.734739,46.698563
24.734739,46.698563
24.734739,46.698563
24.734739,46.698563
24.734739,46.698563
24.734692,46.698566
24.734692,46.698566
24.734692,46.698566
24.734692,46.698566
24.734692,46.698566
24.734692,46.698566
24.734646,46.698578
24.734646,46.698578
24.734646,46.698578
24.734646,46.698578
24.734646,46.698578
24.734646,46.698578
24.734646,46.698578
24.734598,46.698593
24.734598,46.698593
24.734598,46.698593
24.734598,46.698593
24.734598,46.698593
24.734598,46.698593
24.734554,46.698616
24.734554,46.698616
24.734554,46.698616
24.734554,46.698616
24.734554,46.698616
24.734554,46.698616
24.734509,46.698643
24.734509,46.698643
24.734509,46.698643
24.734509,46.698643
24.734509,46.698643
24.734509,46.698643
24.734509,46.698643
24.734465,46.698677
24.734465,46.698677
24.734465,46.698677
24.734465,46.698677
24.734465,46.698677
24.734465,46.698677
24.734428,46.698715
24.734428,46.698715
24.734428,46.698715
24.734428,46.698715
24.734428,46.698715
24.734428,46.698715
24.734428,46.698715
24.734400,46.698753
24.734400,46.698753
24.734400,46.698753
24.734400,46.698753
24.734400,46.698753
24.734400,46.698753
24.734373,46.698799
24.734373,46.698799
24.734373,46.698799
24.734373,46.698799
24.734373,46.698799
24.734373,46.698799
24.734352,46.698845
24.734352,46.698845
24.734352,46.698845
24.734352,46.698845
24.734352,46.698845
24.734352,46.698845
24.734352,46.698845
24.734337,46.698891
24.734337,46.698891
24.734337,46.698891
24.734337,46.698891
24.734337,46.698891
24.734337,46.698891
24.734335,46.698940
24.734335,46.698940
24.734335,46.698940
24.734335,46.698940
24.734335,46.698940
24.734335,46.698940
24.734341,46.698990
24.734341,46.698990
24.734341,46.698990
24.734341,46.698990
24.734341,46.698990
24.734341,46.698990
24.734341,46.698990
24.734358,46.699036
24.734358,46.699036
24.734358,46.699036
24.734358,46.699036
24.734358,46.699036
24.734358,46.699036
24.734383,46.699078
24.734383,46.699078
24.734383,46.699078
24.734383,46.699078
24.734383,46.699078
24.734383,46.699078
24.734417,46.699116
24.734417,46.699116
24.734417,46.699116
24.734417,46.699116
24.734417,46.699116
24.734417,46.699116
24.734417,46.699116
24.734461,46.699142
24.734461,46.699142
24.734461,46.699142
24.734461,46.699142
24.734461,46.699142
24.734461,46.699142
24.734509,46.699162
24.734509,46.699162
24.734509,46.699162
24.734509,46.699162
24.734509,46.699162
24.734509,46.699162
24.734509,46.699162
24.734562,46.699173
24.734562,46.699173
24.734562,46.699173
24.734562,46.699173
24.734562,46.699173
24.734562,46.699173
24.734619,46.699169
24.734619,46.699169
24.734619,46.699169
24.734619,46.699169
24.734619,46.699169
24.734619,46.699169
24.734676,46.699158
24.734676,46.699158
24.734676,46.699158
24.734676,46.699158
24.734676,46.699158
24.734676,46.699158
24.734676,46.699158
24.734732,46.699135
24.734732,46.699135
24.734732,46.699135
24.734732,46.699135
24.734732,46.699135
24.734732,46.699135
24.734783,46.699112
24.734783,46.699112
24.734783,46.699112
24.734783,46.699112
24.734783,46.699112
24.734783,46.699112
24.734833,46.699081
24.734833,46.699081
24.734833,46.699081
24.734833,46.699081
24.734833,46.699081
24.734833,46.699081
24.734833,46.699081
24.734875,46.699047
24.734875,46.699047
24.734875,46.699047
24.734875,46.699047
24.734875,46.699047
24.734875,46.699047
24.734913,46.699005
24.734913,46.699005
24.734913,46.699005
24.734913,46.699005
24.734913,46.699005
24.734913,46.699005
24.734943,46.698959
24.734943,46.698959
24.734943,46.698959
24.734943,46.698959
24.734943,46.698959
24.734943,46.698959
24.734943,46.698959
24.734968,46.698910
24.734968,46.698910
24.734968,46.698910
24.734968,46.698910
24.734968,46.698910
24.734968,46.698910
24.734983,46.698856
24.734983,46.698856
24.734983,46.698856
24.734983,46.698856
24.734983,46.698856
24.734983,46.698856
24.734983,46.698856
24.734989,46.698807
24.734989,46.698807
24.734989,46.698807
24.734989,46.698807
24.734989,46.698807
24.734989,46.698807
24.734987,46.698753
24.734987,46.698753
24.734987,46.698753
24.734987,46.698753
24.734987,46.698753
24.734987,46.698753
24.734972,46.698708
24.734972,46.698708
24.734972,46.698708
24.734972,46.698708
24.734972,46.698708
24.734972,46.698708
24.734972,46.698708
24.734947,46.698669
24.734947,46.698669
24.734947,46.698669
24.734947,46.698669
24.734947,46.698669
24.734947,46.698669
24.734915,46.698635
24.734915,46.698635
24.734915,46.698635
24.734915,46.698635
24.734915,46.698635
24.734915,46.698635
24.734877,46.698608
24.734877,46.698608
24.734877,46.698608
24.734877,46.698608
24.734877,46.698608
24.734877,46.698608
24.734877,46.698608
24.734835,46.698586
24.734835,46.698586
24.734835,46.698586
24.734835,46.698586
24.734835,46.698586
24.734835,46.698586
24.734791,46.698570
24.734791,46.698570
24.734791,46.698570
24.734791,46.698570
24.734791,46.698570
24.734791,46.698570
24.734743,46.698555
24.734743,46.698555
24.734743,46.698555
24.734743,46.698555
24.734743,46.698555
24.734743,46.698555
24.734743,46.698555
24.734695,46.698547
24.734695,46.698547
24.734695,46.698547
24.734695,46.698547
24.734695,46.698547
24.734695,46.698547
24.734644,46.698559
24.734644,46.698559
24.734644,46.698559
24.734644,46.698559
24.734644,46.698559
24.734644,46.698559
24.734644,46.698559
24.734596,46.698574
24.734596,46.698574
24.734596,46.698574
24.734596,46.698574
24.734596,46.698574
24.734596,46.698574
24.734550,46.698597
24.734550,46.698597
24.734550,46.698597
24.734550,46.698597
24.734550,46.698597
24.734550,46.698597
24.734505,46.698624
24.734505,46.698624
24.734505,46.698624
24.734505,46.698624
24.734505,46.698624
24.734505,46.698624
24.734505,46.698624
24.734465,46.698658
24.734465,46.698658
24.734465,46.698658
24.734465,46.698658
24.734465,46.698658
24.734465,46.698658
24.734426,46.698700
24.734426,46.698700
24.734426,46.698700
24.734426,46.698700
24.734426,46.698700
24.734426,46.698700
24.734394,46.698746
24.734394,46.698746
24.734394,46.698746
24.734394,46.698746
24.734394,46.698746
24.734394,46.698746
24.734394,46.698746
24.734367,46.698792
24.734367,46.698792
24.734367,46.698792
24.734367,46.698792
24.734367,46.698792
24.734367,46.698792
24.734346,46.698841
24.734346,46.698841
24.734346,46.698841
24.734346,46.698841
24.734346,46.698841
24.734346,46.698841
24.734346,46.698841
24.734335,46.698891
24.734335,46.698891
24.734335,46.698891
24.734335,46.698891
24.734335,46.698891
24.734335,46.698891
24.734333,46.698948
24.734333,46.698948
24.734333,46.698948
24.734333,46.698948
24.734333,46.698948
24.734333,46.698948
24.734343,46.699001
24.734343,46.699001
24.734343,46.699001
24.734343,46.699001
24.734343,46.699001
24.734343,46.699001
24.734343,46.699001
24.734365,46.699051
24.734365,46.699051
24.734365,46.699051
24.734365,46.699051
24.734365,46.699051
24.734365,46.699051
24.734402,46.699097
24.734402,46.699097
24.734402,46.699097
24.734402,46.699097
24.734402,46.699097
24.734402,46.699097
24.734446,46.699131
24.734446,46.699131
24.734446,46.699131
24.734446,46.699131
24.734446,46.699131
24.734446,46.699131
24.734446,46.699131
24.734503,46.699158
24.734503,46.699158
24.734503,46.699158
24.734503,46.699158
24.734503,46.699158
24.734503,46.699158
24.734560,46.699165
24.734560,46.699165
24.734560,46.699165
24.734560,46.699165
24.734560,46.699165
24.734560,46.699165
24.734619,46.699165
24.734619,46.699165
24.734619,46.699165
24.734619,46.699165
24.734619,46.699165
24.734619,46.699165
24.734619,46.699165
24.734680,46.699150
24.734680,46.699150
24.734680,46.699150
24.734680,46.699150
24.734680,46.699150
24.734680,46.699150
24.734737,46.699131
24.734737,46.699131
24.734737,46.699131
24.734737,46.699131
24.734737,46.699131
24.734737,46.699131
24.734793,46.699108
24.734793,46.699108
24.734793,46.699108
24.734793,46.699108
24.734793,46.699108
24.734793,46.699108
24.734793,46.699108
24.734842,46.699074
24.734842,46.699074
24.734842,46.699074
24.734842,46.699074
24.734842,46.699074
24.734842,46.699074
24.734888,46.699036
24.734888,46.699036
24.734888,46.699036
24.734888,46.699036
24.734888,46.699036
24.734888,46.699036
24.734888,46.699036
24.734926,46.698990
24.734926,46.698990
24.734926,46.698990
24.734926,46.698990
24.734926,46.698990
24.734926,46.698990
24.734957,46.698940
24.734957,46.698940
24.734957,46.698940
24.734957,46.698940
24.734957,46.698940
24.734957,46.698940
24.734978,46.698887
24.734978,46.698887
24.734978,46.698887
24.734978,46.698887
24.734978,46.698887
24.734978,46.698887
24.734978,46.698887
24.734987,46.698833
24.734987,46.698833
24.734987,46.698833
24.734987,46.698833
24.734987,46.698833
24.734987,46.698833
24.734983,46.698776
24.734983,46.698776
24.734983,46.698776
24.734983,46.698776
24.734983,46.698776
24.734983,46.698776
24.734970,46.698719
24.734970,46.698719
24.734970,46.698719
24.734970,46.698719
24.734970,46.698719
24.734970,46.698719
24.734970,46.698719
24.734945,46.698669
24.734945,46.698669
24.734945,46.698669
24.734945,46.698669
24.734945,46.698669
24.734945,46.698669
24.734911,46.698624
24.734911,46.698624
24.734911,46.698624
24.734911,46.698624
24.734911,46.698624
24.734911,46.698624
24.734911,46.698624
24.734865,46.698589
24.734865,46.698589
24.734865,46.698589
24.734865,46.698589
24.734865,46.698589
24.734865,46.698589
24.734814,46.698570
24.734814,46.698570
24.734814,46.698570
24.734814,46.698570
24.734814,46.698570
24.734814,46.698570
24.734758,46.698559
24.734758,46.698559
24.734758,46.698559
24.734758,46.698559
24.734758,46.698559
24.734758,46.698559
24.734758,46.698559
24.734701,46.698559
24.734701,46.698559
24.734701,46.698559
24.734701,46.698559
24.734701,46.698559
24.734701,46.698559
24.734646,46.698570
24.734646,46.698570
24.734646,46.698570
24.734646,46.698570
24.734646,46.698570
24.734646,46.698570
24.734592,46.698589
24.734592,46.698589
24.734592,46.698589
24.734592,46.698589
24.734592,46.698589
24.734592,46.698589
24.734592,46.698589
24.734539,46.698612
24.734539,46.698612
24.734539,46.698612
24.734539,46.698612
24.734539,46.698612
24.734539,46.698612
24.734486,46.698650
24.734486,46.698650
24.734486,46.698650
24.734486,46.698650
24.734486,46.698650
24.734486,46.698650
24.734438,46.698692
24.734438,46.698692
24.734438,46.698692
24.734438,46.698692
24.734438,46.698692
24.734438,46.698692
24.734438,46.698692
24.734396,46.698742
24.734396,46.698742
24.734396,46.698742
24.734396,46.698742
24.734396,46.698742
24.734396,46.698742
24.734365,46.698792
24.734365,46.698792
24.734365,46.698792
24.734365,46.698792
24.734365,46.698792
24.734365,46.698792
24.734365,46.698792
24.734343,46.698849
24.734343,46.698849
24.734343,46.698849
24.734343,46.698849
24.734343,46.698849
24.734343,46.698849
24.734331,46.698906
24.734331,46.698906
24.734331,46.698906
24.734331,46.698906
24.734331,46.698906
24.734331,46.698906
24.734331,46.698967
24.734331,46.698967
24.734331,46.698967
24.734331,46.698967
24.734331,46.698967
24.734331,46.698967
24.734331,46.698967
24.734343,46.699020
24.734343,46.699020
24.734343,46.699020
24.734343,46.699020
24.734343,46.699020
24.734343,46.699020
24.734367,46.699066
24.734367,46.699066
24.734367,46.699066
24.734367,46.699066
24.734367,46.699066
24.734367,46.699066
24.734400,46.699104
24.734400,46.699104
24.734400,46.699104
24.734400,46.699104
24.734400,46.699104
24.734400,46.699104
24.734400,46.699104
24.734438,46.699135
24.734438,46.699135
24.734438,46.699135
24.734438,46.699135
24.734438,46.699135
24.734438,46.699135
24.734484,46.699158
24.734484,46.699158
24.734484,46.699158
24.734484,46.699158
24.734484,46.699158
24.734484,46.699158
24.734531,46.699173
24.734531,46.699173
24.734531,46.699173
24.734531,46.699173
24.734531,46.699173
24.734531,46.699173
24.734531,46.699173
24.734581,46.699177
24.734581,46.699177
24.734581,46.699177
24.734581,46.699177
24.734581,46.699177
24.734581,46.699177
24.734632,46.699169
24.734632,46.699169
24.734632,46.699169
24.734632,46.699169
24.734632,46.699169
24.734632,46.699169
24.734632,46.699169
24.734684,46.699154
24.734684,46.699154
24.734684,46.699154
24.734684,46.699154
24.734684,46.699154
24.734684,46.699154
24.734732,46.699135
24.734732,46.699135
24.734732,46.699135
24.734732,46.699135
24.734732,46.699135
24.734732,46.699135
24.734779,46.699112
24.734779,46.699112
24.734779,46.699112
24.734779,46.699112
24.734779,46.699112
24.734779,46.699112
24.734779,46.699112
24.734823,46.699085
24.734823,46.699085
24.734823,46.699085
24.734823,46.699085
24.734823,46.699085
24.734823,46.699085
24.734863,46.699059
24.734863,46.699059
24.734863,46.699059
24.734863,46.699059
24.734863,46.699059
24.734863,46.699059
24.734900,46.699024
24.734900,46.699024
24.734900,46.699024
24.734900,46.699024
24.734900,46.699024
24.734900,46.699024
24.734900,46.699024
24.734932,46.698986
24.734932,46.698986
24.734932,46.698986
24.734932,46.698986
24.734932,46.698986
24.734932,46.698986
24.734959,46.698940
24.734959,46.698940
24.734959,46.698940
24.734959,46.698940
24.734959,46.698940
24.734959,46.698940
24.734959,46.698940
24.734978,46.698887
24.734978,46.698887
24.734978,46.698887
24.734978,46.698887
24.734978,46.698887
24.734978,46.698887
24.734987,46.698830
24.734987,46.698830
24.734987,46.698830
24.734987,46.698830
24.734987,46.698830
24.734987,46.698830
24.734980,46.698772
24.734980,46.698772
24.734980,46.698772
24.734980,46.698772
24.734980,46.698772
24.734980,46.698772
24.734980,46.698772
24.734961,46.698723
24.734961,46.698723
24.734961,46.698723
24.734961,46.698723
24.734961,46.698723
24.734961,46.698723
24.734928,46.698677
24.734928,46.698677
24.734928,46.698677
24.734928,46.698677
24.734928,46.698677
24.734928,46.698677
24.734890,46.698635
24.734890,46.698635
24.734890,46.698635
24.734890,46.698635
24.734890,46.698635
24.734890,46.698635
24.734890,46.698635
24.734842,46.698601
24.734842,46.698601
24.734842,46.698601
24.734842,46.698601
24.734842,46.698601
24.734842,46.698601
24.734789,46.698582
24.734789,46.698582
24.734789,46.698582
24.734789,46.698582
24.734789,46.698582
24.734789,46.698582
24.734789,46.698582
24.734734,46.698570
24.734734,46.698570
24.734734,46.698570
24.734734,46.698570
24.734734,46.698570
24.734734,46.698570
24.734678,46.698574
24.734678,46.698574
24.734678,46.698574
24.734678,46.698574
24.734678,46.698574
24.734678,46.698574
24.734619,46.698589
24.734619,46.698589
24.734619,46.698589
24.734619,46.698589
24.734619,46.698589
24.734619,46.698589
24.734619,46.698589
24.734560,46.698612
24.734560,46.698612
24.734560,46.698612
24.734560,46.698612
24.734560,46.698612
24.734560,46.698612
24.734507,46.698647
24.734507,46.698647
24.734507,46.698647
24.734507,46.698647
24.734507,46.698647
24.734507,46.698647
24.734455,46.698685
24.734455,46.698685
24.734455,46.698685
24.734455,46.698685
24.734455,46.698685
24.734455,46.698685
24.734455,46.698685
24.734409,46.698730
24.734409,46.698730
24.734409,46.698730
24.734409,46.698730
24.734409,46.698730
24.734409,46.698730
24.734369,46.698780
24.734369,46.698780
24.734369,46.698780
24.734369,46.698780
24.734369,46.698780
24.734369,46.698780
24.734341,46.698837
24.734341,46.698837
24.734341,46.698837
24.734341,46.698837
24.734341,46.698837
24.734341,46.698837
24.734341,46.698837
24.734327,46.698898
24.734327,46.698898
24.734327,46.698898
24.734327,46.698898
24.734327,46.698898
24.734327,46.698898
24.734327,46.698963
24.734327,46.698963
24.734327,46.698963
24.734327,46.698963
24.734327,46.698963
24.734327,46.698963
24.734327,46.698963
24.734343,46.699028
24.734343,46.699028
24.734343,46.699028
24.734343,46.699028
24.734343,46.699028
24.734343,46.699028
24.734375,46.699081
24.734375,46.699081
24.734375,46.699081
24.734375,46.699081
24.734375,46.699081
24.734375,46.699081
24.734423,46.699127
24.734423,46.699127
24.734423,46.699127
24.734423,46.699127
24.734423,46.699127
24.734423,46.699127
24.734423,46.699127
24.734480,46.699158
24.734480,46.699158
24.734480,46.699158
24.734480,46.699158
24.734480,46.699158
24.734480,46.699158
24.734543,46.699169
24.734543,46.699169
24.734543,46.699169
24.734543,46.699169
24.734543,46.699169
24.734543,46.699169
24.734608,46.699169
24.734608,46.699169
24.734608,46.699169
24.734608,46.699169
24.734608,46.699169
24.734608,46.699169
24.734608,46.699169
24.734673,46.699158
24.734673,46.699158
24.734673,46.699158
24.734673,46.699158
24.734673,46.699158
24.734673,46.699158
24.734737,46.699135
24.734737,46.699135
24.734737,46.699135
24.734737,46.699135
24.734737,46.699135
24.734737,46.699135
24.734797,46.699108
24.734797,46.699108
24.734797,46.699108
24.734797,46.699108
24.734797,46.699108
24.734797,46.699108
24.734797,46.699108
24.734850,46.699070
24.734850,46.699070
24.734850,46.699070
24.734850,46.699070
24.734850,46.699070
24.734850,46.699070
24.734898,46.699028
24.734898,46.699028
24.734898,46.699028
24.734898,46.699028
24.734898,46.699028
24.734898,46.699028
24.734898,46.699028
24.734938,46.698978
24.734938,46.698978
24.734938,46.698978
24.734938,46.698978
24.734938,46.698978
24.734938,46.698978
24.734966,46.698921
24.734966,46.698921
24.734966,46.698921
24.734966,46.698921
24.734966,46.698921
24.734966,46.698921
24.734982,46.698860
24.734982,46.698860
24.734982,46.698860
24.734982,46.698860
24.734982,46.698860
24.734982,46.698860
24.734982,46.698860
24.734983,46.698799
24.734983,46.698799
24.734983,46.698799
24.734983,46.698799
24.734983,46.698799
24.734983,46.698799
24.734970,46.698738
24.734970,46.698738
24.734970,46.698738
24.734970,46.698738
24.734970,46.698738
24.734970,46.698738
24.734949,46.698692
24.734949,46.698692
24.734949,46.698692
24.734949,46.698692
24.734949,46.698692
24.734949,46.698692
24.734949,46.698692
24.734917,46.698650
24.734917,46.698650
24.734917,46.698650
24.734917,46.698650
24.734917,46.698650
24.734917,46.698650
24.734877,46.698616
24.734877,46.698616
24.734877,46.698616
24.734877,46.698616
24.734877,46.698616
24.734877,46.698616
24.734829,46.698593
24.734829,46.698593
24.734829,46.698593
24.734829,46.698593
24.734829,46.698593
24.734829,46.698593
24.734829,46.698593
24.734779,46.698578
24.734779,46.698578
24.734779,46.698578
24.734779,46.698578
24.734779,46.698578
24.734779,46.698578
24.734728,46.698574
24.734728,46.698574
24.734728,46.698574
24.734728,46.698574
24.734728,46.698574
24.734728,46.698574
24.734728,46.698574
24.734678,46.698574
24.734678,46.698574
24.734678,46.698574
24.734678,46.698574
24.734678,46.698574
24.734678,46.698574
24.734629,46.698586
24.734629,46.698586
24.734629,46.698586
24.734629,46.698586
24.734629,46.698586
24.734629,46.698586
24.734577,46.698605
24.734577,46.698605
24.734577,46.698605
24.734577,46.698605
24.734577,46.698605
24.734577,46.698605
24.734577,46.698605
24.734529,46.698631
24.734529,46.698631
24.734529,46.698631
24.734529,46.698631
24.734529,46.698631
24.734529,46.698631
24.734484,46.698669
24.734484,46.698669
24.734484,46.698669
24.734484,46.698669
24.734484,46.698669
24.734484,46.698669
24.734444,46.698711
24.734444,46.698711
24.734444,46.698711
24.734444,46.698711
24.734444,46.698711
24.734444,46.698711
24.734444,46.698711
24.734409,46.698757
24.734409,46.698757
24.734409,46.698757
24.734409,46.698757
24.734409,46.698757
24.734409,46.698757
24.734383,46.698803
24.734383,46.698803
24.734383,46.698803
24.734383,46.698803
24.734383,46.698803
24.734383,46.698803
24.734362,46.698853
24.734362,46.698853
24.734362,46.698853
24.734362,46.698853
24.734362,46.698853
24.734362,46.698853
24.734362,46.698853
24.734350,46.698902
24.734350,46.698902
24.734350,46.698902
24.734350,46.698902
24.734350,46.698902
24.734350,46.698902
24.734350,46.698952
24.734350,46.698952
24.734350,46.698952
24.734350,46.698952
24.734350,46.698952
24.734350,46.698952
24.734350,46.698952
24.734360,46.699001
24.734360,46.699001
24.734360,46.699001
24.734360,46.699001
24.734360,46.699001
24.734360,46.699001
24.734379,46.699043
24.734379,46.699043
24.734379,46.699043
24.734379,46.699043
24.734379,46.699043
24.734379,46.699043
24.734400,46.699085
24.734400,46.699085
24.734400,46.699085
24.734400,46.699085
24.734400,46.699085
24.734400,46.699085
24.734400,46.699085
24.734425,46.699116
24.734425,46.699116
24.734425,46.699116
24.734425,46.699116
24.734425,46.699116
24.734425,46.699116
24.734457,46.699142
24.734457,46.699142
24.734457,46.699142
24.734457,46.699142
24.734457,46.699142
24.734457,46.699142
24.734499,46.699165
24.734499,46.699165
24.734499,46.699165
24.734499,46.699165
24.734499,46.699165
24.734499,46.699165
24.734499,46.699165
24.734545,46.699173
24.734545,46.699173
24.734545,46.699173
24.734545,46.699173
24.734545,46.699173
24.734545,46.699173
24.734594,46.699177
24.734594,46.699177
24.734594,46.699177
24.734594,46.699177
24.734594,46.699177
24.734594,46.699177
24.734594,46.699177
24.734644,46.699169
24.734644,46.699169
24.734644,46.699169
24.734644,46.699169
24.734644,46.699169
24.734644,46.699169
24.734694,46.699162
24.734694,46.699162
24.734694,46.699162
24.734694,46.699162
24.734694,46.699162
24.734694,46.699162
24.734737,46.699146
24.734737,46.699146
24.734737,46.699146
24.734737,46.699146
24.734737,46.699146
24.734737,46.699146
24.734737,46.699146
24.734772,46.699131
24.734772,46.699131
24.734772,46.699131
24.734772,46.699131
24.734772,46.699131
24.734772,46.699131
24.734798,46.699120
24.734798,46.699120
24.734798,46.699120
24.734798,46.699120
24.734798,46.699120
24.734798,46.699120
24.734816,46.699108
24.734816,46.699108
24.734816,46.699108
24.734816,46.699108
24.734816,46.699108
24.734816,46.699108
24.734816,46.699108
24.734827,46.699100
24.734827,46.699100
24.734827,46.699100
24.734827,46.699100
24.734827,46.699100
24.734827,46.699100
24.734827,46.699100
24.734827,46.699100
latitude,longitude
24.734951,46.698822
24.734951,46.698822
24.734951,46.698822
24.734951,46.698822
24.734951,46.698822
24.734951,46.698822
24.734951,46.698822
24.734951,46.698822
24.734951,46.698822
24.734951,46.698822
24.734951,46.698822
24.734951,46.698822
24.734951,46.698822
24.734961,46.698803
24.734961,46.698803
24.734961,46.698803
24.734961,46.698803
24.734961,46.698803
24.734961,46.698803
24.734962,46.698792
24.734962,46.698792
24.734962,46.698792
24.734962,46.698792
24.734962,46.698792
24.734962,46.698792
24.734962,46.698792
24.734970,46.698780
24.734970,46.698780
24.734970,46.698780
24.734970,46.698780
24.734970,46.698780
24.734970,46.698780
24.734974,46.698769
24.734974,46.698769
24.734974,46.698769
24.734974,46.698769
24.734974,46.698769
24.734974,46.698769
24.734980,46.698753
24.734980,46.698753
24.734980,46.698753
24.734980,46.698753
24.734980,46.698753
24.734980,46.698753
24.734980,46.698753
24.734987,46.698734
24.734987,46.698734
24.734987,46.698734
24.734987,46.698734
24.734987,46.698734
24.734987,46.698734
24.734989,46.698715
24.734989,46.698715
24.734989,46.698715
24.734989,46.698715
24.734989,46.698715
24.734989,46.698715
24.734989,46.698715
24.734997,46.698700
24.734997,46.698700
24.734997,46.698700
24.734997,46.698700
24.734997,46.698700
24.734997,46.698700
24.735001,46.698685
24.735001,46.698685
24.735001,46.698685
24.735001,46.698685
24.735001,46.698685
24.735001,46.698685
24.735006,46.698666
24.735006,46.698666
24.735006,46.698666
24.735006,46.698666
24.735006,46.698666
24.735006,46.698666
24.735006,46.698666
24.735014,46.698643
24.735014,46.698643
24.735014,46.698643
24.735014,46.698643
24.735014,46.698643
24.735014,46.698643
24.735020,46.698624
24.735020,46.698624
24.735020,46.698624
24.735020,46.698624
24.735020,46.698624
24.735020,46.698624
24.735025,46.698601
24.735025,46.698601
24.735025,46.698601
24.735025,46.698601
24.735025,46.698601
24.735025,46.698601
24.735025,46.698601
24.735027,46.698578
24.735027,46.698578
24.735027,46.698578
24.735027,46.698578
24.735027,46.698578
24.735027,46.698578
24.735029,46.698555
24.735029,46.698555
24.735029,46.698555
24.735029,46.698555
24.735029,46.698555
24.735029,46.698555
24.735031,46.698524
24.735031,46.698524
24.735031,46.698524
24.735031,46.698524
24.735031,46.698524
24.735031,46.698524
24.735031,46.698524
24.735027,46.698502
24.735027,46.698502
24.735027,46.698502
24.735027,46.698502
24.735027,46.698502
24.735027,46.698502
24.735020,46.698479
24.735020,46.698479
24.735020,46.698479
24.735020,46.698479
24.735020,46.698479
24.735020,46.698479
24.735020,46.698479
24.735016,46.698456
24.735016,46.698456
24.735016,46.698456
24.735016,46.698456
24.735016,46.698456
24.735016,46.698456
24.735012,46.698425
24.735012,46.698425
24.735012,46.698425
24.735012,46.698425
24.735012,46.698425
24.735012,46.698425
24.735008,46.698395
24.735008,46.698395
24.735008,46.698395
24.735008,46.698395
24.735008,46.698395
24.735008,46.698395
24.735008,46.698395
24.735001,46.698364
24.735001,46.698364
24.735001,46.698364
24.735001,46.698364
24.735001,46.698364
24.735001,46.698364
24.734989,46.698338
24.734989,46.698338
24.734989,46.698338
24.734989,46.698338
24.734989,46.698338
24.734989,46.698338
24.734974,46.698318
24.734974,46.698318
24.734974,46.698318
24.734974,46.698318
24.734974,46.698318
24.734974,46.698318
24.734974,46.698318
24.734974,46.698318
24.734974,46.698318
24.734974,46.698318
24.734974,46.698318
24.734974,46.698318
24.734974,46.698318
24.734974,46.698318
24.734974,46.698318
24.734974,46.698318
24.734974,46.698318
24.734974,46.698318
24.734974,46.698318
24.734974,46.698318
24.734974,46.698318
24.734974,46.698318
24.734974,46.698318
24.734974,46.698318
24.734974,46.698318
24.734974,46.698318
24.734974,46.698318
24.734974,46.698318
24.734974,46.698318
24.734974,46.698318
24.734974,46.698318
24.734974,46.698318
24.734974,46.698318
24.734974,46.698318
24.734974,46.698318
24.734974,46.698318
24.734974,46.698318
24.734974,46.698318
24.734974,46.698318
24.734867,46.698292
24.734867,46.698292
24.734867,46.698292
24.734867,46.698292
24.734867,46.698292
24.734867,46.698292
24.734844,46.698284
24.734844,46.698284
24.734844,46.698284
24.734844,46.698284
24.734844,46.698284
24.734844,46.698284
24.734821,46.698284
24.734821,46.698284
24.734821,46.698284
24.734821,46.698284
24.734821,46.698284
24.734821,46.698284
24.734821,46.698284
24.734797,46.698280
24.734797,46.698280
24.734797,46.698280
24.734797,46.698280
24.734797,46.698280
24.734797,46.698280
24.734770,46.698284
24.734770,46.698284
24.734770,46.698284
24.734770,46.698284
24.734770,46.698284
24.734770,46.698284
24.734770,46.698284
24.734747,46.698284
24.734747,46.698284
24.734747,46.698284
24.734747,46.698284
24.734747,46.698284
24.734747,46.698284
24.734722,46.698292
24.734722,46.698292
24.734722,46.698292
24.734722,46.698292
24.734722,46.698292
24.734722,46.698292
24.734695,46.698299
24.734695,46.698299
24.734695,46.698299
24.734695,46.698299
24.734695,46.698299
24.734695,46.698299
24.734695,46.698299
24.734695,46.698299
24.734695,46.698299
24.734695,46.698299
24.734695,46.698299
24.734695,46.698299
24.734695,46.698299
24.734695,46.698299
24.734695,46.698299
24.734695,46.698299
24.734695,46.698299
24.734695,46.698299
24.734695,46.698299
24.734695,46.698299
24.734695,46.698299
24.734695,46.698299
24.734695,46.698299
24.734695,46.698299
24.734695,46.698299
24.734695,46.698299
24.734695,46.698299
24.734695,46.698299
24.734695,46.698299
24.734695,46.698299
24.734695,46.698299
24.734695,46.698299
24.734566,46.698395
24.734566,46.698395
24.734566,46.698395
24.734566,46.698395
24.734566,46.698395
24.734566,46.698395
24.734549,46.698414
24.734549,46.698414
24.734549,46.698414
24.734549,46.698414
24.734549,46.698414
24.734549,46.698414
24.734549,46.698414
24.734535,46.698429
24.734535,46.698429
24.734535,46.698429
24.734535,46.698429
24.734535,46.698429
24.734535,46.698429
24.734522,46.698444
24.734522,46.698444
24.734522,46.698444
24.734522,46.698444
24.734522,46.698444
24.734522,46.698444
24.734522,46.698444
24.734509,46.698460
24.734509,46.698460
24.734509,46.698460
24.734509,46.698460
24.734509,46.698460
24.734509,46.698460
24.734509,46.698460
24.734509,46.698460
24.734509,46.698460
24.734509,46.698460
24.734509,46.698460
24.734509,46.698460
24.734509,46.698460
24.734509,46.698460
24.734509,46.698460
24.734509,46.698460
24.734509,46.698460
24.734509,46.698460
24.734509,46.698460
24.734509,46.698460
24.734509,46.698460
24.734509,46.698460
24.734509,46.698460
24.734509,46.698460
24.734509,46.698460
24.734509,46.698460
24.734509,46.698460
24.734509,46.698460
24.734509,46.698460
24.734509,46.698460
24.734509,46.698460
24.734509,46.698460
24.734509,46.698460
24.734509,46.698460
24.734509,46.698460
24.734509,46.698460
24.734509,46.698460
24.734509,46.698460
24.734509,46.698460
24.734509,46.698460
24.734509,46.698460
24.734509,46.698460
24.734509,46.698460
24.734509,46.698460
24.734442,46.698631
24.734442,46.698631
24.734442,46.698631
24.734442,46.698631
24.734442,46.698631
24.734442,46.698631
24.734430,46.698669
24.734430,46.698669
24.734430,46.698669
24.734430,46.698669
24.734430,46.698669
24.734430,46.698669
24.734430,46.698669
24.734482,46.698738
24.734482,46.698738
24.734482,46.698738
24.734482,46.698738
24.734482,46.698738
24.734482,46.698738
24.734497,46.698795
24.734497,46.698795
24.734497,46.698795
24.734497,46.698795
24.734497,46.698795
24.734497,46.698795
24.734497,46.698795
24.734499,46.698845
24.734499,46.698845
24.734499,46.698845
24.734499,46.698845
24.734499,46.698845
24.734499,46.698845
24.734503,46.698891
24.734503,46.698891
24.734503,46.698891
24.734503,46.698891
24.734503,46.698891
24.734503,46.698891
24.734514,46.698925
24.734514,46.698925
24.734514,46.698925
24.734514,46.698925
24.734514,46.698925
24.734514,46.698925
24.734514,46.698925
24.734522,46.698959
24.734522,46.698959
24.734522,46.698959
24.734522,46.698959
24.734522,46.698959
24.734522,46.698959
24.734533,46.698986
24.734533,46.698986
24.734533,46.698986
24.734533,46.698986
24.734533,46.698986
24.734533,46.698986
24.734554,46.699005
24.734554,46.699005
24.734554,46.699005
24.734554,46.699005
24.734554,46.699005
24.734554,46.699005
24.734554,46.699005
24.734579,46.699017
24.734579,46.699017
24.734579,46.699017
24.734579,46.699017
24.734579,46.699017
24.734579,46.699017
24.734602,46.699028
24.734602,46.699028
24.734602,46.699028
24.734602,46.699028
24.734602,46.699028
24.734602,46.699028
24.734627,46.699039
24.734627,46.699039
24.734627,46.699039
24.734627,46.699039
24.734627,46.699039
24.734627,46.699039
24.734627,46.699039
24.734653,46.699047
24.734653,46.699047
24.734653,46.699047
24.734653,46.699047
24.734653,46.699047
24.734653,46.699047
24.734684,46.699047
24.734684,46.699047
24.734684,46.699047
24.734684,46.699047
24.734684,46.699047
24.734684,46.699047
24.734684,46.699047
24.734715,46.699043
24.734715,46.699043
24.734715,46.699043
24.734715,46.699043
24.734715,46.699043
24.734715,46.699043
24.734749,46.699036
24.734749,46.699036
24.734749,46.699036
24.734749,46.699036
24.734749,46.699036
24.734749,46.699036
24.734781,46.699028
24.734781,46.699028
24.734781,46.699028
24.734781,46.699028
24.734781,46.699028
24.734781,46.699028
24.734781,46.699028
24.734814,46.699017
24.734814,46.699017
24.734814,46.699017
24.734814,46.699017
24.734814,46.699017
24.734814,46.699017
24.734842,46.699005
24.734842,46.699005
24.734842,46.699005
24.734842,46.699005
24.734842,46.699005
24.734842,46.699005
24.734871,46.698990
24.734871,46.698990
24.734871,46.698990
24.734871,46.698990
24.734871,46.698990
24.734871,46.698990
24.734871,46.698990
24.734900,46.698971
24.734900,46.698971
24.734900,46.698971
24.734900,46.698971
24.734900,46.698971
24.734900,46.698971
24.734928,46.698952
24.734928,46.698952
24.734928,46.698952
24.734928,46.698952
24.734928,46.698952
24.734928,46.698952
24.734928,46.698952
24.734961,46.698921
24.734961,46.698921
24.734961,46.698921
24.734961,46.698921
24.734961,46.698921
24.734961,46.698921
24.734985,46.698891
24.734985,46.698891
24.734985,46.698891
24.734985,46.698891
24.734985,46.698891
24.734985,46.698891
24.735010,46.698856
24.735010,46.698856
24.735010,46.698856
24.735010,46.698856
24.735010,46.698856
24.735010,46.698856
24.735010,46.698856
24.735029,46.698822
24.735029,46.698822
24.735029,46.698822
24.735029,46.698822
24.735029,46.698822
24.735029,46.698822
24.735050,46.698780
24.735050,46.698780
24.735050,46.698780
24.735050,46.698780
24.735050,46.698780
24.735050,46.698780
24.735067,46.698738
24.735067,46.698738
24.735067,46.698738
24.735067,46.698738
24.735067,46.698738
24.735067,46.698738
24.735067,46.698738
24.735075,46.698696
24.735075,46.698696
24.735075,46.698696
24.735075,46.698696
24.735075,46.698696
24.735075,46.698696
24.735083,46.698650
24.735083,46.698650
24.735083,46.698650
24.735083,46.698650
24.735083,46.698650
24.735083,46.698650
24.735096,46.698605
24.735096,46.698605
24.735096,46.698605
24.735096,46.698605
24.735096,46.698605
24.735096,46.698605
24.735096,46.698605
24.735092,46.698559
24.735092,46.698559
24.735092,46.698559
24.735092,46.698559
24.735092,46.698559
24.735092,46.698559
24.735075,46.698517
24.735075,46.698517
24.735075,46.698517
24.735075,46.698517
24.735075,46.698517
24.735075,46.698517
24.735075,46.698517
24.735067,46.698467
24.735067,46.698467
24.735067,46.698467
24.735067,46.698467
24.735067,46.698467
24.735067,46.698467
24.735054,46.698433
24.735054,46.698433
24.735054,46.698433
24.735054,46.698433
24.735054,46.698433
24.735054,46.698433
24.735044,46.698399
24.735044,46.698399
24.735044,46.698399
24.735044,46.698399
24.735044,46.698399
24.735044,46.698399
24.735044,46.698399
24.735043,46.698372
24.735043,46.698372
24.735043,46.698372
24.735043,46.698372
24.735043,46.698372
24.735043,46.698372
24.735039,46.698357
24.735039,46.698357
24.735039,46.698357
24.735039,46.698357
24.735039,46.698357
24.735039,46.698357
24.735023,46.698353
24.735023,46.698353
24.735023,46.698353
24.735023,46.698353
24.735023,46.698353
24.735023,46.698353
24.735023,46.698353
24.735014,46.698349
24.735014,46.698349
24.735014,46.698349
24.735014,46.698349
24.735014,46.698349
24.735014,46.698349
24.734991,46.698357
24.734991,46.698357
24.734991,46.698357
24.734991,46.698357
24.734991,46.698357
24.734991,46.698357
24.734962,46.698368
24.734962,46.698368
24.734962,46.698368
24.734962,46.698368
24.734962,46.698368
24.734962,46.698368
24.734962,46.698368
24.734901,46.698391
24.734901,46.698391
24.734901,46.698391
24.734901,46.698391
24.734901,46.698391
24.734901,46.698391
24.734867,46.698414
24.734867,46.698414
24.734867,46.698414
24.734867,46.698414
24.734867,46.698414
24.734867,46.698414
24.734867,46.698414
24.734829,46.698444
24.734829,46.698444
24.734829,46.698444
24.734829,46.698444
24.734829,46.698444
24.734829,46.698444
24.734804,46.698471
24.734804,46.698471
24.734804,46.698471
24.734804,46.698471
24.734804,46.698471
24.734804,46.698471
24.734785,46.698505
24.734785,46.698505
24.734785,46.698505
24.734785,46.698505
24.734785,46.698505
24.734785,46.698505
24.734785,46.698505
24.734770,46.698544
24.734770,46.698544
24.734770,46.698544
24.734770,46.698544
24.734770,46.698544
24.734770,46.698544
24.734753,46.698589
24.734753,46.698589
24.734753,46.698589
24.734753,46.698589
24.734753,46.698589
24.734753,46.698589
24.734713,46.698650
24.734713,46.698650
24.734713,46.698650
24.734713,46.698650
24.734713,46.698650
24.734713,46.698650
24.734713,46.698650
24.734682,46.698704
24.734682,46.698704
24.734682,46.698704
24.734682,46.698704
24.734682,46.698704
24.734682,46.698704
24.734663,46.698753
24.734663,46.698753
24.734663,46.698753
24.734663,46.698753
24.734663,46.698753
24.734663,46.698753
24.734621,46.698822
24.734621,46.698822
24.734621,46.698822
24.734621,46.698822
24.734621,46.698822
24.734621,46.698822
24.734621,46.698822
24.734591,46.698883
24.734591,46.698883
24.734591,46.698883
24.734591,46.698883
24.734591,46.698883
24.734591,46.698883
24.734594,46.698936
24.734594,46.698936
24.734594,46.698936
24.734594,46.698936
24.734594,46.698936
24.734594,46.698936
24.734594,46.698936
24.734591,46.698986
24.734591,46.698986
24.734591,46.698986
24.734591,46.698986
24.734591,46.698986
24.734591,46.698986
24.734600,46.699024
24.734600,46.699024
24.734600,46.699024
24.734600,46.699024
24.734600,46.699024
24.734600,46.699024
24.734627,46.699047
24.734627,46.699047
24.734627,46.699047
24.734627,46.699047
24.734627,46.699047
24.734627,46.699047
24.734627,46.699047
24.734663,46.699059
24.734663,46.699059
24.734663,46.699059
24.734663,46.699059
24.734663,46.699059
24.734663,46.699059
24.734695,46.699070
24.734695,46.699070
24.734695,46.699070
24.734695,46.699070
24.734695,46.699070
24.734695,46.699070
24.734735,46.699070
24.734735,46.699070
24.734735,46.699070
24.734735,46.699070
24.734735,46.699070
24.734735,46.699070
24.734735,46.699070
24.734785,46.699062
24.734785,46.699062
24.734785,46.699062
24.734785,46.699062
24.734785,46.699062
24.734785,46.699062
24.734831,46.699039
24.734831,46.699039
24.734831,46.699039
24.734831,46.699039
24.734831,46.699039
24.734831,46.699039
24.734831,46.699039
24.734875,46.699017
24.734875,46.699017
24.734875,46.699017
24.734875,46.699017
24.734875,46.699017
24.734875,46.699017
24.734915,46.698994
24.734915,46.698994
24.734915,46.698994
24.734915,46.698994
24.734915,46.698994
24.734915,46.698994
24.734949,46.698967
24.734949,46.698967
24.734949,46.698967
24.734949,46.698967
24.734949,46.698967
24.734949,46.698967
24.734949,46.698967
24.734983,46.698940
24.734983,46.698940
24.734983,46.698940
24.734983,46.698940
24.734983,46.698940
24.734983,46.698940
24.735020,46.698906
24.735020,46.698906
24.735020,46.698906
24.735020,46.698906
24.735020,46.698906
24.735020,46.698906
24.735060,46.698860
24.735060,46.698860
24.735060,46.698860
24.735060,46.698860
24.735060,46.698860
24.735060,46.698860
24.735060,46.698860
24.735113,46.698803
24.735113,46.698803
24.735113,46.698803
24.735113,46.698803
24.735113,46.698803
24.735113,46.698803
24.735157,46.698742
24.735157,46.698742
24.735157,46.698742
24.735157,46.698742
24.735157,46.698742
24.735157,46.698742
24.735176,46.698685
24.735176,46.698685
24.735176,46.698685
24.735176,46.698685
24.735176,46.698685
24.735176,46.698685
24.735176,46.698685
24.735186,46.698620
24.735186,46.698620
24.735186,46.698620
24.735186,46.698620
24.735186,46.698620
24.735186,46.698620
24.735191,46.698547
24.735191,46.698547
24.735191,46.698547
24.735191,46.698547
24.735191,46.698547
24.735191,46.698547
24.735193,46.698463
24.735193,46.698463
24.735193,46.698463
24.735193,46.698463
24.735193,46.698463
24.735193,46.698463
24.735193,46.698463
24.735159,46.698429
24.735159,46.698429
24.735159,46.698429
24.735159,46.698429
24.735159,46.698429
24.735159,46.698429
24.735132,46.698395
24.735132,46.698395
24.735132,46.698395
24.735132,46.698395
24.735132,46.698395
24.735132,46.698395
24.735132,46.698395
24.735111,46.698364
24.735111,46.698364
24.735111,46.698364
24.735111,46.698364
24.735111,46.698364
24.735111,46.698364
24.735071,46.698345
24.735071,46.698345
24.735071,46.698345
24.735071,46.698345
24.735071,46.698345
24.735071,46.698345
24.735027,46.698341
24.735027,46.698341
24.735027,46.698341
24.735027,46.698341
24.735027,46.698341
24.735027,46.698341
24.735027,46.698341
24.734985,46.698338
24.734985,46.698338
24.734985,46.698338
24.734985,46.698338
24.734985,46.698338
24.734985,46.698338
24.734938,46.698345
24.734938,46.698345
24.734938,46.698345
24.734938,46.698345
24.734938,46.698345
24.734938,46.698345
24.734890,46.698364
24.734890,46.698364
24.734890,46.698364
24.734890,46.698364
24.734890,46.698364
24.734890,46.698364
24.734890,46.698364
24.734852,46.698383
24.734852,46.698383
24.734852,46.698383
24.734852,46.698383
24.734852,46.698383
24.734852,46.698383
24.734810,46.698414
24.734810,46.698414
24.734810,46.698414
24.734810,46.698414
24.734810,46.698414
24.734810,46.698414
24.734810,46.698414
24.734783,46.698448
24.734783,46.698448
24.734783,46.698448
24.734783,46.698448
24.734783,46.698448
24.734783,46.698448
24.734764,46.698483
24.734764,46.698483
24.734764,46.698483
24.734764,46.698483
24.734764,46.698483
24.734764,46.698483
24.734751,46.698521
24.734751,46.698521
24.734751,46.698521
24.734751,46.698521
24.734751,46.698521
24.734751,46.698521
24.734751,46.698521
24.734739,46.698566
24.734739,46.698566
24.734739,46.698566
24.734739,46.698566
24.734739,46.698566
24.734739,46.698566
24.734715,46.698627
24.734715,46.698627
24.734715,46.698627
24.734715,46.698627
24.734715,46.698627
24.734715,46.698627
24.734695,46.698689
24.734695,46.698689
24.734695,46.698689
24.734695,46.698689
24.734695,46.698689
24.734695,46.698689
24.734695,46.698689
24.734671,46.698753
24.734671,46.698753
24.734671,46.698753
24.734671,46.698753
24.734671,46.698753
24.734671,46.698753
24.734648,46.698841
24.734648,46.698841
24.734648,46.698841
24.734648,46.698841
24.734648,46.698841
24.734648,46.698841
24.734659,46.698898
24.734659,46.698898
24.734659,46.698898
24.734659,46.698898
24.734659,46.698898
24.734659,46.698898
24.734659,46.698898
24.734686,46.698940
24.734686,46.698940
24.734686,46.698940
24.734686,46.698940
24.734686,46.698940
24.734686,46.698940
24.734718,46.698967
24.734718,46.698967
24.734718,46.698967
24.734718,46.698967
24.734718,46.698967
24.734718,46.698967
24.734755,46.698986
24.734755,46.698986
24.734755,46.698986
24.734755,46.698986
24.734755,46.698986
24.734755,46.698986
24.734755,46.698986
24.734800,46.698997
24.734800,46.698997
24.734800,46.698997
24.734800,46.698997
24.734800,46.698997
24.734800,46.698997
24.734846,46.699001
24.734846,46.699001
24.734846,46.699001
24.734846,46.699001
24.734846,46.699001
24.734846,46.699001
24.734846,46.699001
24.734896,46.698990
24.734896,46.698990
24.734896,46.698990
24.734896,46.698990
24.734896,46.698990
24.734896,46.698990
24.734938,46.698975
24.734938,46.698975
24.734938,46.698975
24.734938,46.698975
24.734938,46.698975
24.734938,46.698975
24.734976,46.698959
24.734976,46.698959
24.734976,46.698959
24.734976,46.698959
24.734976,46.698959
24.734976,46.698959
24.734976,46.698959
24.735016,46.698929
24.735016,46.698929
24.735016,46.698929
24.735016,46.698929
24.735016,46.698929
24.735016,46.698929
24.735054,46.698898
24.735054,46.698898
24.735054,46.698898
24.735054,46.698898
24.735054,46.698898
24.735054,46.698898
24.735092,46.698864
24.735092,46.698864
24.735092,46.698864
24.735092,46.698864
24.735092,46.698864
24.735092,46.698864
24.735092,46.698864
24.735142,46.698807
24.735142,46.698807
24.735142,46.698807
24.735142,46.698807
24.735142,46.698807
24.735142,46.698807
24.735203,46.698742
24.735203,46.698742
24.735203,46.698742
24.735203,46.698742
24.735203,46.698742
24.735203,46.698742
24.735237,46.698681
24.735237,46.698681
24.735237,46.698681
24.735237,46.698681
24.735237,46.698681
24.735237,46.698681
24.735237,46.698681
24.735249,46.698616
24.735249,46.698616
24.735249,46.698616
24.735249,46.698616
24.735249,46.698616
24.735249,46.698616
24.735258,46.698547
24.735258,46.698547
24.735258,46.698547
24.735258,46.698547
24.735258,46.698547
24.735258,46.698547
24.735258,46.698547
24.735245,46.698479
24.735245,46.698479
24.735245,46.698479
24.735245,46.698479
24.735245,46.698479
24.735245,46.698479
24.735220,46.698418
24.735220,46.698418
24.735220,46.698418
24.735220,46.698418
24.735220,46.698418
24.735220,46.698418
24.735212,46.698349
24.735212,46.698349
24.735212,46.698349
24.735212,46.698349
24.735212,46.698349
24.735212,46.698349
24.735212,46.698349
24.735201,46.698288
24.735201,46.698288
24.735201,46.698288
24.735201,46.698288
24.735201,46.698288
24.735201,46.698288
24.735161,46.698265
24.735161,46.698265
24.735161,46.698265
24.735161,46.698265
24.735161,46.698265
24.735161,46.698265
24.735106,46.698265
24.735106,46.698265
24.735106,46.698265
24.735106,46.698265
24.735106,46.698265
24.735106,46.698265
24.735106,46.698265
24.735048,46.698265
24.735048,46.698265
24.735048,46.698265
24.735048,46.698265
24.735048,46.698265
24.735048,46.698265
24.734989,46.698277
24.734989,46.698277
24.734989,46.698277
24.734989,46.698277
24.734989,46.698277
24.734989,46.698277
24.734930,46.698296
24.734930,46.698296
24.734930,46.698296
24.734930,46.698296
24.734930,46.698296
24.734930,46.698296
24.734930,46.698296
24.734875,46.698322
24.734875,46.698322
24.734875,46.698322
24.734875,46.698322
24.734875,46.698322
24.734875,46.698322
24.734821,46.698353
24.734821,46.698353
24.734821,46.698353
24.734821,46.698353
24.734821,46.698353
24.734821,46.698353
24.734821,46.698353
24.734776,46.698395
24.734776,46.698395
24.734776,46.698395
24.734776,46.698395
24.734776,46.698395
24.734776,46.698395
24.734735,46.698444
24.734735,46.698444
24.734735,46.698444
24.734735,46.698444
24.734735,46.698444
24.734735,46.698444
24.734703,46.698494
24.734703,46.698494
24.734703,46.698494
24.734703,46.698494
24.734703,46.698494
24.734703,46.698494
24.734703,46.698494
24.734671,46.698551
24.734671,46.698551
24.734671,46.698551
24.734671,46.698551
24.734671,46.698551
24.734671,46.698551
24.734652,46.698605
24.734652,46.698605
24.734652,46.698605
24.734652,46.698605
24.734652,46.698605
24.734652,46.698605
24.734632,46.698666
24.734632,46.698666
24.734632,46.698666
24.734632,46.698666
24.734632,46.698666
24.734632,46.698666
24.734632,46.698666
24.734629,46.698723
24.734629,46.698723
24.734629,46.698723
24.734629,46.698723
24.734629,46.698723
24.734629,46.698723
24.734634,46.698803
24.734634,46.698803
24.734634,46.698803
24.734634,46.698803
24.734634,46.698803
24.734634,46.698803
24.734634,46.698803
24.734646,46.698891
24.734646,46.698891
24.734646,46.698891
24.734646,46.698891
24.734646,46.698891
24.734646,46.698891
24.734674,46.698948
24.734674,46.698948
24.734674,46.698948
24.734674,46.698948
24.734674,46.698948
24.734674,46.698948
24.734709,46.698986
24.734709,46.698986
24.734709,46.698986
24.734709,46.698986
24.734709,46.698986
24.734709,46.698986
24.734709,46.698986
24.734743,46.699013
24.734743,46.699013
24.734743,46.699013
24.734743,46.699013
24.734743,46.699013
24.734743,46.699013
24.734785,46.699032
24.734785,46.699032
24.734785,46.699032
24.734785,46.699032
24.734785,46.699032
24.734785,46.699032
24.734835,46.699028
24.734835,46.699028
24.734835,46.699028
24.734835,46.699028
24.734835,46.699028
24.734835,46.699028
24.734835,46.699028
24.734884,46.699013
24.734884,46.699013
24.734884,46.699013
24.734884,46.699013
24.734884,46.699013
24.734884,46.699013
24.734930,46.698997
24.734930,46.698997
24.734930,46.698997
24.734930,46.698997
24.734930,46.698997
24.734930,46.698997
24.734972,46.698978
24.734972,46.698978
24.734972,46.698978
24.734972,46.698978
24.734972,46.698978
24.734972,46.698978
24.734972,46.698978
24.735012,46.698952
24.735012,46.698952
24.735012,46.698952
24.735012,46.698952
24.735012,46.698952
24.735012,46.698952
24.735058,46.698910
24.735058,46.698910
24.735058,46.698910
24.735058,46.698910
24.735058,46.698910
24.735058,46.698910
24.735058,46.698910
24.735102,46.698864
24.735102,46.698864
24.735102,46.698864
24.735102,46.698864
24.735102,46.698864
24.735102,46.698864
24.735161,46.698788
24.735161,46.698788
24.735161,46.698788
24.735161,46.698788
24.735161,46.698788
24.735161,46.698788
24.735180,46.698738
24.735180,46.698738
24.735180,46.698738
24.735180,46.698738
24.735180,46.698738
24.735180,46.698738
24.735180,46.698738
24.735199,46.698673
24.735199,46.698673
24.735199,46.698673
24.735199,46.698673
24.735199,46.698673
24.735199,46.698673
24.735205,46.698605
24.735205,46.698605
24.735205,46.698605
24.735205,46.698605
24.735205,46.698605
24.735205,46.698605
24.735199,46.698536
24.735199,46.698536
24.735199,46.698536
24.735199,46.698536
24.735199,46.698536
24.735199,46.698536
24.735199,46.698536
24.735178,46.698475
24.735178,46.698475
24.735178,46.698475
24.735178,46.698475
24.735178,46.698475
24.735178,46.698475
24.735147,46.698425
24.735147,46.698425
24.735147,46.698425
24.735147,46.698425
24.735147,46.698425
24.735147,46.698425
24.735123,46.698387
24.735123,46.698387
24.735123,46.698387
24.735123,46.698387
24.735123,46.698387
24.735123,46.698387
24.735123,46.698387
24.735092,46.698345
24.735092,46.698345
24.735092,46.698345
24.735092,46.698345
24.735092,46.698345
24.735092,46.698345
24.735058,46.698318
24.735058,46.698318
24.735058,46.698318
24.735058,46.698318
24.735058,46.698318
24.735058,46.698318
24.735058,46.698318
24.735010,46.698303
24.735010,46.698303
24.735010,46.698303
24.735010,46.698303
24.735010,46.698303
24.735010,46.698303
24.734949,46.698311
24.734949,46.698311
24.734949,46.698311
24.734949,46.698311
24.734949,46.698311
24.734949,46.698311
24.734890,46.698322
24.734890,46.698322
24.734890,46.698322
24.734890,46.698322
24.734890,46.698322
24.734890,46.698322
24.734890,46.698322
24.734833,46.698345
24.734833,46.698345
24.734833,46.698345
24.734833,46.698345
24.734833,46.698345
24.734833,46.698345
24.734777,46.698376
24.734777,46.698376
24.734777,46.698376
24.734777,46.698376
24.734777,46.698376
24.734777,46.698376
24.734730,46.698414
24.734730,46.698414
24.734730,46.698414
24.734730,46.698414
24.734730,46.698414
24.734730,46.698414
24.734730,46.698414
24.734686,46.698456
24.734686,46.698456
24.734686,46.698456
24.734686,46.698456
24.734686,46.698456
24.734686,46.698456
24.734655,46.698505
24.734655,46.698505
24.734655,46.698505
24.734655,46.698505
24.734655,46.698505
24.734655,46.698505
24.734625,46.698559
24.734625,46.698559
24.734625,46.698559
24.734625,46.698559
24.734625,46.698559
24.734625,46.698559
24.734625,46.698559
24.734602,46.698612
24.734602,46.698612
24.734602,46.698612
24.734602,46.698612
24.734602,46.698612
24.734602,46.698612
24.734583,46.698681
24.734583,46.698681
24.734583,46.698681
24.734583,46.698681
24.734583,46.698681
24.734583,46.698681
24.734583,46.698681
24.734562,46.698769
24.734562,46.698769
24.734562,46.698769
24.734562,46.698769
24.734562,46.698769
24.734562,46.698769
24.734562,46.698860
24.734562,46.698860
24.734562,46.698860
24.734562,46.698860
24.734562,46.698860
24.734562,46.698860
24.734591,46.698929
24.734591,46.698929
24.734591,46.698929
24.734591,46.698929
24.734591,46.698929
24.734591,46.698929
24.734591,46.698929
24.734629,46.698975
24.734629,46.698975
24.734629,46.698975
24.734629,46.698975
24.734629,46.698975
24.734629,46.698975
24.734665,46.699009
24.734665,46.699009
24.734665,46.699009
24.734665,46.699009
24.734665,46.699009
24.734665,46.699009
24.734709,46.699028
24.734709,46.699028
24.734709,46.699028
24.734709,46.699028
24.734709,46.699028
24.734709,46.699028
24.734709,46.699028
24.734762,46.699043
24.734762,46.699043
24.734762,46.699043
24.734762,46.699043
24.734762,46.699043
24.734762,46.699043
24.734810,46.699043
24.734810,46.699043
24.734810,46.699043
24.734810,46.699043
24.734810,46.699043
24.734810,46.699043
24.734858,46.699036
24.734858,46.699036
24.734858,46.699036
24.734858,46.699036
24.734858,46.699036
24.734858,46.699036
24.734858,46.699036
24.734903,46.699017
24.734903,46.699017
24.734903,46.699017
24.734903,46.699017
24.734903,46.699017
24.734903,46.699017
24.734934,46.699001
24.734934,46.699001
24.734934,46.699001
24.734934,46.699001
24.734934,46.699001
24.734934,46.699001
24.734934,46.699001
24.734970,46.698971
24.734970,46.698971
24.734970,46.698971
24.734970,46.698971
24.734970,46.698971
24.734970,46.698971
24.735003,46.698936
24.735003,46.698936
24.735003,46.698936
24.735003,46.698936
24.735003,46.698936
24.735003,46.698936
24.735041,46.698895
24.735041,46.698895
24.735041,46.698895
24.735041,46.698895
24.735041,46.698895
24.735041,46.698895
24.735041,46.698895
24.735096,46.698830
24.735096,46.698830
24.735096,46.698830
24.735096,46.698830
24.735096,46.698830
24.735096,46.698830
24.735144,46.698761
24.735144,46.698761
24.735144,46.698761
24.735144,46.698761
24.735144,46.698761
24.735144,46.698761
24.735170,46.698692
24.735170,46.698692
24.735170,46.698692
24.735170,46.698692
24.735170,46.698692
24.735170,46.698692
24.735170,46.698692
24.735178,46.698624
24.735178,46.698624
24.735178,46.698624
24.735178,46.698624
24.735178,46.698624
24.735178,46.698624
24.735174,46.698551
24.735174,46.698551
24.735174,46.698551
24.735174,46.698551
24.735174,46.698551
24.735174,46.698551
24.735174,46.698551
24.735151,46.698490
24.735151,46.698490
24.735151,46.698490
24.735151,46.698490
24.735151,46.698490
24.735151,46.698490
24.735123,46.698448
24.735123,46.698448
24.735123,46.698448
24.735123,46.698448
24.735123,46.698448
24.735123,46.698448
24.735088,46.698414
24.735088,46.698414
24.735088,46.698414
24.735088,46.698414
24.735088,46.698414
24.735088,46.698414
24.735088,46.698414
24.735064,46.698368
24.735064,46.698368
24.735064,46.698368
24.735064,46.698368
24.735064,46.698368
24.735064,46.698368
24.735025,46.698341
24.735025,46.698341
24.735025,46.698341
24.735025,46.698341
24.735025,46.698341
24.735025,46.698341
24.734955,46.698345
24.734955,46.698345
24.734955,46.698345
24.734955,46.698345
24.734955,46.698345
24.734955,46.698345
24.734955,46.698345
24.734888,46.698357
24.734888,46.698357
24.734888,46.698357
24.734888,46.698357
24.734888,46.698357
24.734888,46.698357
24.734829,46.698372
24.734829,46.698372
24.734829,46.698372
24.734829,46.698372
24.734829,46.698372
24.734829,46.698372
24.734768,46.698395
24.734768,46.698395
24.734768,46.698395
24.734768,46.698395
24.734768,46.698395
24.734768,46.698395
24.734768,46.698395
24.734713,46.698429
24.734713,46.698429
24.734713,46.698429
24.734713,46.698429
24.734713,46.698429
24.734713,46.698429
24.734669,46.698467
24.734669,46.698467
24.734669,46.698467
24.734669,46.698467
24.734669,46.698467
24.734669,46.698467
24.734669,46.698467
24.734625,46.698517
24.734625,46.698517
24.734625,46.698517
24.734625,46.698517
24.734625,46.698517
24.734625,46.698517
24.734592,46.698566
24.734592,46.698566
24.734592,46.698566
24.734592,46.698566
24.734592,46.698566
24.734592,46.698566
24.734568,46.698616
24.734568,46.698616
24.734568,46.698616
24.734568,46.698616
24.734568,46.698616
24.734568,46.698616
24.734568,46.698616
24.734528,46.698711
24.734528,46.698711
24.734528,46.698711
24.734528,46.698711
24.734528,46.698711
24.734528,46.698711
24.734528,46.698769
24.734528,46.698769
24.734528,46.698769
24.734528,46.698769
24.734528,46.698769
24.734528,46.698769
24.734522,46.698856
24.734522,46.698856
24.734522,46.698856
24.734522,46.698856
24.734522,46.698856
24.734522,46.698856
24.734522,46.698856
24.734549,46.698929
24.734549,46.698929
24.734549,46.698929
24.734549,46.698929
24.734549,46.698929
24.734549,46.698929
24.734583,46.698982
24.734583,46.698982
24.734583,46.698982
24.734583,46.698982
24.734583,46.698982
24.734583,46.698982
24.734629,46.699013
24.734629,46.699013
24.734629,46.699013
24.734629,46.699013
24.734629,46.699013
24.734629,46.699013
24.734629,46.699013
24.734680,46.699032
24.734680,46.699032
24.734680,46.699032
24.734680,46.699032
24.734680,46.699032
24.734680,46.699032
24.734732,46.699047
24.734732,46.699047
24.734732,46.699047
24.734732,46.699047
24.734732,46.699047
24.734732,46.699047
24.734732,46.699047
24.734787,46.699051
24.734787,46.699051
24.734787,46.699051
24.734787,46.699051
24.734787,46.699051
24.734787,46.699051
24.734835,46.699043
24.734835,46.699043
24.734835,46.699043
24.734835,46.699043
24.734835,46.699043
24.734835,46.699043
24.734892,46.699013
24.734892,46.699013
24.734892,46.699013
24.734892,46.699013
24.734892,46.699013
24.734892,46.699013
24.734892,46.699013
24.734938,46.698986
24.734938,46.698986
24.734938,46.698986
24.734938,46.698986
24.734938,46.698986
24.734938,46.698986
24.734982,46.698952
24.734982,46.698952
24.734982,46.698952
24.734982,46.698952
24.734982,46.698952
24.734982,46.698952
24.735020,46.698917
24.735020,46.698917
24.735020,46.698917
24.735020,46.698917
24.735020,46.698917
24.735020,46.698917
24.735020,46.698917
24.735062,46.698864
24.735062,46.698864
24.735062,46.698864
24.735062,46.698864
24.735062,46.698864
24.735062,46.698864
24.735117,46.698788
24.735117,46.698788
24.735117,46.698788
24.735117,46.698788
24.735117,46.698788
24.735117,46.698788
24.735117,46.698788
24.735153,46.698715
24.735153,46.698715
24.735153,46.698715
24.735153,46.698715
24.735153,46.698715
24.735153,46.698715
24.735165,46.698647
24.735165,46.698647
24.735165,46.698647
24.735165,46.698647
24.735165,46.698647
24.735165,46.698647
24.735161,46.698578
24.735161,46.698578
24.735161,46.698578
24.735161,46.698578
24.735161,46.698578
24.735161,46.698578
24.735161,46.698578
24.735136,46.698517
24.735136,46.698517
24.735136,46.698517
24.735136,46.698517
24.735136,46.698517
24.735136,46.698517
24.735100,46.698467
24.735100,46.698467
24.735100,46.698467
24.735100,46.698467
24.735100,46.698467
24.735100,46.698467
24.735067,46.698421
24.735067,46.698421
24.735067,46.698421
24.735067,46.698421
24.735067,46.698421
24.735067,46.698421
24.735067,46.698421
24.735027,46.698391
24.735027,46.698391
24.735027,46.698391
24.735027,46.698391
24.735027,46.698391
24.735027,46.698391
24.734989,46.698360
24.734989,46.698360
24.734989,46.698360
24.734989,46.698360
24.734989,46.698360
24.734989,46.698360
24.734945,46.698341
24.734945,46.698341
24.734945,46.698341
24.734945,46.698341
24.734945,46.698341
24.734945,46.698341
24.734945,46.698341
24.734894,46.698338
24.734894,46.698338
24.734894,46.698338
24.734894,46.698338
24.734894,46.698338
24.734894,46.698338
24.734842,46.698345
24.734842,46.698345
24.734842,46.698345
24.734842,46.698345
24.734842,46.698345
24.734842,46.698345
24.734842,46.698345
24.734789,46.698364
24.734789,46.698364
24.734789,46.698364
24.734789,46.698364
24.734789,46.698364
24.734789,46.698364
24.734730,46.698402
24.734730,46.698402
24.734730,46.698402
24.734730,46.698402
24.734730,46.698402
24.734730,46.698402
24.734680,46.698441
24.734680,46.698441
24.734680,46.698441
24.734680,46.698441
24.734680,46.698441
24.734680,46.698441
24.734680,46.698441
24.734636,46.698490
24.734636,46.698490
24.734636,46.698490
24.734636,46.698490
24.734636,46.698490
24.734636,46.698490
24.734600,46.698544
24.734600,46.698544
24.734600,46.698544
24.734600,46.698544
24.734600,46.698544
24.734600,46.698544
24.734568,46.698597
24.734568,46.698597
24.734568,46.698597
24.734568,46.698597
24.734568,46.698597
24.734568,46.698597
24.734568,46.698597
24.734510,46.698704
24.734510,46.698704
24.734510,46.698704
24.734510,46.698704
24.734510,46.698704
24.734510,46.698704
24.734507,46.698761
24.734507,46.698761
24.734507,46.698761
24.734507,46.698761
24.734507,46.698761
24.734507,46.698761
24.734507,46.698761
24.734509,46.698837
24.734509,46.698837
24.734509,46.698837
24.734509,46.698837
24.734509,46.698837
24.734509,46.698837
24.734524,46.698902
24.734524,46.698902
24.734524,46.698902
24.734524,46.698902
24.734524,46.698902
24.734524,46.698902
24.734558,46.698948
24.734558,46.698948
24.734558,46.698948
24.734558,46.698948
24.734558,46.698948
24.734558,46.698948
24.734558,46.698948
24.734592,46.698986
24.734592,46.698986
24.734592,46.698986
24.734592,46.698986
24.734592,46.698986
24.734592,46.698986
24.734625,46.699017
24.734625,46.699017
24.734625,46.699017
24.734625,46.699017
24.734625,46.699017
24.734625,46.699017
24.734663,46.699032
24.734663,46.699032
24.734663,46.699032
24.734663,46.699032
24.734663,46.699032
24.734663,46.699032
24.734663,46.699032
24.734709,46.699043
24.734709,46.699043
24.734709,46.699043
24.734709,46.699043
24.734709,46.699043
24.734709,46.699043
24.734758,46.699043
24.734758,46.699043
24.734758,46.699043
24.734758,46.699043
24.734758,46.699043
24.734758,46.699043
24.734793,46.699043
24.734793,46.699043
24.734793,46.699043
24.734793,46.699043
24.734793,46.699043
24.734793,46.699043
24.734793,46.699043
24.734831,46.699036
24.734831,46.699036
24.734831,46.699036
24.734831,46.699036
24.734831,46.699036
24.734831,46.699036
24.734873,46.699017
24.734873,46.699017
24.734873,46.699017
24.734873,46.699017
24.734873,46.699017
24.734873,46.699017
24.734873,46.699017
24.734915,46.698994
24.734915,46.698994
24.734915,46.698994
24.734915,46.698994
24.734915,46.698994
24.734915,46.698994
24.734957,46.698959
24.734957,46.698959
24.734957,46.698959
24.734957,46.698959
24.734957,46.698959
24.734957,46.698959
24.734991,46.698929
24.734991,46.698929
24.734991,46.698929
24.734991,46.698929
24.734991,46.698929
24.734991,46.698929
24.734991,46.698929
24.735037,46.698883
24.735037,46.698883
24.735037,46.698883
24.735037,46.698883
24.735037,46.698883
24.735037,46.698883
24.735077,46.698830
24.735077,46.698830
24.735077,46.698830
24.735077,46.698830
24.735077,46.698830
24.735077,46.698830
24.735123,46.698757
24.735123,46.698757
24.735123,46.698757
24.735123,46.698757
24.735123,46.698757
24.735123,46.698757
24.735123,46.698757
24.735142,46.698692
24.735142,46.698692
24.735142,46.698692
24.735142,46.698692
24.735142,46.698692
24.735142,46.698692
24.735144,46.698624
24.735144,46.698624
24.735144,46.698624
24.735144,46.698624
24.735144,46.698624
24.735144,46.698624
24.735144,46.698624
24.735140,46.698551
24.735140,46.698551
24.735140,46.698551
24.735140,46.698551
24.735140,46.698551
24.735140,46.698551
24.735111,46.698498
24.735111,46.698498
24.735111,46.698498
24.735111,46.698498
24.735111,46.698498
24.735111,46.698498
24.735073,46.698456
24.735073,46.698456
24.735073,46.698456
24.735073,46.698456
24.735073,46.698456
24.735073,46.698456
24.735073,46.698456
24.735029,46.698429
24.735029,46.698429
24.735029,46.698429
24.735029,46.698429
24.735029,46.698429
24.735029,46.698429
24.734976,46.698410
24.734976,46.698410
24.734976,46.698410
24.734976,46.698410
24.734976,46.698410
24.734976,46.698410
24.734921,46.698399
24.734921,46.698399
24.734921,46.698399
24.734921,46.698399
24.734921,46.698399
24.734921,46.698399
24.734921,46.698399
24.734859,46.698395
24.734859,46.698395
24.734859,46.698395
24.734859,46.698395
24.734859,46.698395
24.734859,46.698395
24.734800,46.698402
24.734800,46.698402
24.734800,46.698402
24.734800,46.698402
24.734800,46.698402
24.734800,46.698402
24.734732,46.698433
24.734732,46.698433
24.734732,46.698433
24.734732,46.698433
24.734732,46.698433
24.734732,46.698433
24.734732,46.698433
24.734673,46.698463
24.734673,46.698463
24.734673,46.698463
24.734673,46.698463
24.734673,46.698463
24.734673,46.698463
24.734617,46.698505
24.734617,46.698505
24.734617,46.698505
24.734617,46.698505
24.734617,46.698505
24.734617,46.698505
24.734617,46.698505
24.734570,46.698555
24.734570,46.698555
24.734570,46.698555
24.734570,46.698555
24.734570,46.698555
24.734570,46.698555
24.734531,46.698612
24.734531,46.698612
24.734531,46.698612
24.734531,46.698612
24.734531,46.698612
24.734531,46.698612
24.734499,46.698669
24.734499,46.698669
24.734499,46.698669
24.734499,46.698669
24.734499,46.698669
24.734499,46.698669
24.734499,46.698669
24.734459,46.698753
24.734459,46.698753
24.734459,46.698753
24.734459,46.698753
24.734459,46.698753
24.734459,46.698753
24.734432,46.698837
24.734432,46.698837
24.734432,46.698837
24.734432,46.698837
24.734432,46.698837
24.734432,46.698837
24.734432,46.698910
24.734432,46.698910
24.734432,46.698910
24.734432,46.698910
24.734432,46.698910
24.734432,46.698910
24.734432,46.698910
24.734457,46.698975
24.734457,46.698975
24.734457,46.698975
24.734457,46.698975
24.734457,46.698975
24.734457,46.698975
24.734501,46.699020
24.734501,46.699020
24.734501,46.699020
24.734501,46.699020
24.734501,46.699020
24.734501,46.699020
24.734554,46.699051
24.734554,46.699051
24.734554,46.699051
24.734554,46.699051
24.734554,46.699051
24.734554,46.699051
24.734554,46.699051
24.734613,46.699074
24.734613,46.699074
24.734613,46.699074
24.734613,46.699074
24.734613,46.699074
24.734613,46.699074
24.734682,46.699085
24.734682,46.699085
24.734682,46.699085
24.734682,46.699085
24.734682,46.699085
24.734682,46.699085
24.734682,46.699085
24.734741,46.699085
24.734741,46.699085
24.734741,46.699085
24.734741,46.699085
24.734741,46.699085
24.734741,46.699085
24.734802,46.699070
24.734802,46.699070
24.734802,46.699070
24.734802,46.699070
24.734802,46.699070
24.734802,46.699070
24.734854,46.699051
24.734854,46.699051
24.734854,46.699051
24.734854,46.699051
24.734854,46.699051
24.734854,46.699051
24.734854,46.699051
24.734892,46.699028
24.734892,46.699028
24.734892,46.699028
24.734892,46.699028
24.734892,46.699028
24.734892,46.699028
24.734940,46.698990
24.734940,46.698990
24.734940,46.698990
24.734940,46.698990
24.734940,46.698990
24.734940,46.698990
24.734983,46.698944
24.734983,46.698944
24.734983,46.698944
24.734983,46.698944
24.734983,46.698944
24.734983,46.698944
24.734983,46.698944
24.735023,46.698891
24.735023,46.698891
24.735023,46.698891
24.735023,46.698891
24.735023,46.698891
24.735023,46.698891
24.735071,46.698818
24.735071,46.698818
24.735071,46.698818
24.735071,46.698818
24.735071,46.698818
24.735071,46.698818
24.735071,46.698818
24.735100,46.698750
24.735100,46.698750
24.735100,46.698750
24.735100,46.698750
24.735100,46.698750
24.735100,46.698750
24.735102,46.698681
24.735102,46.698681
24.735102,46.698681
24.735102,46.698681
24.735102,46.698681
24.735102,46.698681
24.735094,46.698612
24.735094,46.698612
24.735094,46.698612
24.735094,46.698612
24.735094,46.698612
24.735094,46.698612
24.735094,46.698612
24.735067,46.698555
24.735067,46.698555
24.735067,46.698555
24.735067,46.698555
24.735067,46.698555
24.735067,46.698555
24.735031,46.698505
24.735031,46.698505
24.735031,46.698505
24.735031,46.698505
24.735031,46.698505
24.735031,46.698505
24.734987,46.698471
24.734987,46.698471
24.734987,46.698471
24.734987,46.698471
24.734987,46.698471
24.734987,46.698471
24.734987,46.698471
24.734945,46.698437
24.734945,46.698437
24.734945,46.698437
24.734945,46.698437
24.734945,46.698437
24.734945,46.698437
24.734913,46.698399
24.734913,46.698399
24.734913,46.698399
24.734913,46.698399
24.734913,46.698399
24.734913,46.698399
24.734869,46.698383
24.734869,46.698383
24.734869,46.698383
24.734869,46.698383
24.734869,46.698383
24.734869,46.698383
24.734869,46.698383
24.734823,46.698380
24.734823,46.698380
24.734823,46.698380
24.734823,46.698380
24.734823,46.698380
24.734823,46.698380
24.734756,46.698406
24.734756,46.698406
24.734756,46.698406
24.734756,46.698406
24.734756,46.698406
24.734756,46.698406
24.734756,46.698406
24.734692,46.698441
24.734692,46.698441
24.734692,46.698441
24.734692,46.698441
24.734692,46.698441
24.734692,46.698441
24.734631,46.698486
24.734631,46.698486
24.734631,46.698486
24.734631,46.698486
24.734631,46.698486
24.734631,46.698486
24.734577,46.698544
24.734577,46.698544
24.734577,46.698544
24.734577,46.698544
24.734577,46.698544
24.734577,46.698544
24.734577,46.698544
24.734533,46.698601
24.734533,46.698601
24.734533,46.698601
24.734533,46.698601
24.734533,46.698601
24.734533,46.698601
24.734503,46.698662
24.734503,46.698662
24.734503,46.698662
24.734503,46.698662
24.734503,46.698662
24.734503,46.698662
24.734457,46.698753
24.734457,46.698753
24.734457,46.698753
24.734457,46.698753
24.734457,46.698753
24.734457,46.698753
24.734457,46.698753
24.734415,46.698860
24.734415,46.698860
24.734415,46.698860
24.734415,46.698860
24.734415,46.698860
24.734415,46.698860
24.734421,46.698933
24.734421,46.698933
24.734421,46.698933
24.734421,46.698933
24.734421,46.698933
24.734421,46.698933
24.734449,46.698990
24.734449,46.698990
24.734449,46.698990
24.734449,46.698990
24.734449,46.698990
24.734449,46.698990
24.734449,46.698990
24.734495,46.699036
24.734495,46.699036
24.734495,46.699036
24.734495,46.699036
24.734495,46.699036
24.734495,46.699036
24.734549,46.699070
24.734549,46.699070
24.734549,46.699070
24.734549,46.699070
24.734549,46.699070
24.734549,46.699070
24.734549,46.699070
24.734608,46.699089
24.734608,46.699089
24.734608,46.699089
24.734608,46.699089
24.734608,46.699089
24.734608,46.699089
24.734669,46.699093
24.734669,46.699093
24.734669,46.699093
24.734669,46.699093
24.734669,46.699093
24.734669,46.699093
24.734735,46.699089
24.734735,46.699089
24.734735,46.699089
24.734735,46.699089
24.734735,46.699089
24.734735,46.699089
24.734735,46.699089
24.734789,46.699070
24.734789,46.699070
24.734789,46.699070
24.734789,46.699070
24.734789,46.699070
24.734789,46.699070
24.734846,46.699043
24.734846,46.699043
24.734846,46.699043
24.734846,46.699043
24.734846,46.699043
24.734846,46.699043
24.734896,46.699013
24.734896,46.699013
24.734896,46.699013
24.734896,46.699013
24.734896,46.699013
24.734896,46.699013
24.734896,46.699013
24.734943,46.698978
24.734943,46.698978
24.734943,46.698978
24.734943,46.698978
24.734943,46.698978
24.734943,46.698978
24.734983,46.698936
24.734983,46.698936
24.734983,46.698936
24.734983,46.698936
24.734983,46.698936
24.734983,46.698936
24.735014,46.698887
24.735014,46.698887
24.735014,46.698887
24.735014,46.698887
24.735014,46.698887
24.735014,46.698887
24.735014,46.698887
24.735035,46.698830
24.735035,46.698830
24.735035,46.698830
24.735035,46.698830
24.735035,46.698830
24.735035,46.698830
24.735044,46.698772
24.735044,46.698772
24.735044,46.698772
24.735044,46.698772
24.735044,46.698772
24.735044,46.698772
24.735044,46.698772
24.735041,46.698715
24.735041,46.698715
24.735041,46.698715
24.735041,46.698715
24.735041,46.698715
24.735041,46.698715
24.735025,46.698658
24.735025,46.698658
24.735025,46.698658
24.735025,46.698658
24.735025,46.698658
24.735025,46.698658
24.734985,46.698624
24.734985,46.698624
24.734985,46.698624
24.734985,46.698624
24.734985,46.698624
24.734985,46.698624
24.734985,46.698624
24.734943,46.698582
24.734943,46.698582
24.734943,46.698582
24.734943,46.698582
24.734943,46.698582
24.734943,46.698582
24.734896,46.698547
24.734896,46.698547
24.734896,46.698547
24.734896,46.698547
24.734896,46.698547
24.734896,46.698547
24.734842,46.698524
24.734842,46.698524
24.734842,46.698524
24.734842,46.698524
24.734842,46.698524
24.734842,46.698524
24.734842,46.698524
24.734783,46.698521
24.734783,46.698521
24.734783,46.698521
24.734783,46.698521
24.734783,46.698521
24.734783,46.698521
24.734726,46.698524
24.734726,46.698524
24.734726,46.698524
24.734726,46.698524
24.734726,46.698524
24.734726,46.698524
24.734674,46.698532
24.734674,46.698532
24.734674,46.698532
24.734674,46.698532
24.734674,46.698532
24.734674,46.698532
24.734674,46.698532
24.734623,46.698555
24.734623,46.698555
24.734623,46.698555
24.734623,46.698555
24.734623,46.698555
24.734623,46.698555
24.734575,46.698582
24.734575,46.698582
24.734575,46.698582
24.734575,46.698582
24.734575,46.698582
24.734575,46.698582
24.734575,46.698582
24.734497,46.698658
24.734497,46.698658
24.734497,46.698658
24.734497,46.698658
24.734497,46.698658
24.734497,46.698658
24.734453,46.698704
24.734453,46.698704
24.734453,46.698704
24.734453,46.698704
24.734453,46.698704
24.734453,46.698704
24.734417,46.698750
24.734417,46.698750
24.734417,46.698750
24.734417,46.698750
24.734417,46.698750
24.734417,46.698750
24.734417,46.698750
24.734386,46.698799
24.734386,46.698799
24.734386,46.698799
24.734386,46.698799
24.734386,46.698799
24.734386,46.698799
24.734364,46.698849
24.734364,46.698849
24.734364,46.698849
24.734364,46.698849
24.734364,46.698849
24.734364,46.698849
24.734354,46.698902
24.734354,46.698902
24.734354,46.698902
24.734354,46.698902
24.734354,46.698902
24.734354,46.698902
24.734354,46.698902
24.734356,46.698963
24.734356,46.698963
24.734356,46.698963
24.734356,46.698963
24.734356,46.698963
24.734356,46.698963
24.734367,46.699036
24.734367,46.699036
24.734367,46.699036
24.734367,46.699036
24.734367,46.699036
24.734367,46.699036
24.734404,46.699078
24.734404,46.699078
24.734404,46.699078
24.734404,46.699078
24.734404,46.699078
24.734404,46.699078
24.734404,46.699078
24.734446,46.699116
24.734446,46.699116
24.734446,46.699116
24.734446,46.699116
24.734446,46.699116
24.734446,46.699116
24.734495,46.699139
24.734495,46.699139
24.734495,46.699139
24.734495,46.699139
24.734495,46.699139
24.734495,46.699139
24.734495,46.699139
24.734541,46.699165
24.734541,46.699165
24.734541,46.699165
24.734541,46.699165
24.734541,46.699165
24.734541,46.699165
24.734604,46.699162
24.734604,46.699162
24.734604,46.699162
24.734604,46.699162
24.734604,46.699162
24.734604,46.699162
24.734665,46.699150
24.734665,46.699150
24.734665,46.699150
24.734665,46.699150
24.734665,46.699150
24.734665,46.699150
24.734665,46.699150
24.734715,46.699142
24.734715,46.699142
24.734715,46.699142
24.734715,46.699142
24.734715,46.699142
24.734715,46.699142
24.734772,46.699112
24.734772,46.699112
24.734772,46.699112
24.734772,46.699112
24.734772,46.699112
24.734772,46.699112
24.734821,46.699085
24.734821,46.699085
24.734821,46.699085
24.734821,46.699085
24.734821,46.699085
24.734821,46.699085
24.734821,46.699085
24.734867,46.699047
24.734867,46.699047
24.734867,46.699047
24.734867,46.699047
24.734867,46.699047
24.734867,46.699047
24.734907,46.699005
24.734907,46.699005
24.734907,46.699005
24.734907,46.699005
24.734907,46.699005
24.734907,46.699005
24.734943,46.698959
24.734943,46.698959
24.734943,46.698959
24.734943,46.698959
24.734943,46.698959
24.734943,46.698959
24.734943,46.698959
24.734970,46.698910
24.734970,46.698910
24.734970,46.698910
24.734970,46.698910
24.734970,46.698910
24.734970,46.698910
24.734987,46.698856
24.734987,46.698856
24.734987,46.698856
24.734987,46.698856
24.734987,46.698856
24.734987,46.698856
24.734987,46.698856
24.734989,46.698795
24.734989,46.698795
24.734989,46.698795
24.734989,46.698795
24.734989,46.698795
24.734989,46.698795
24.734970,46.698746
24.734970,46.698746
24.734970,46.698746
24.734970,46.698746
24.734970,46.698746
24.734970,46.698746
24.734943,46.698692
24.734943,46.698692
24.734943,46.698692
24.734943,46.698692
24.734943,46.698692
24.734943,46.698692
24.734943,46.698692
24.734905,46.698643
24.734905,46.698643
24.734905,46.698643
24.734905,46.698643
24.734905,46.698643
24.734905,46.698643
24.734861,46.698601
24.734861,46.698601
24.734861,46.698601
24.734861,46.698601
24.734861,46.698601
24.734861,46.698601
24.734821,46.698555
24.734821,46.698555
24.734821,46.698555
24.734821,46.698555
24.734821,46.698555
24.734821,46.698555
24.734821,46.698555
24.734785,46.698517
24.734785,46.698517
24.734785,46.698517
24.734785,46.698517
24.734785,46.698517
24.734785,46.698517
24.734749,46.698490
24.734749,46.698490
24.734749,46.698490
24.734749,46.698490
24.734749,46.698490
24.734749,46.698490
24.734713,46.698479
24.734713,46.698479
24.734713,46.698479
24.734713,46.698479
24.734713,46.698479
24.734713,46.698479
24.734713,46.698479
24.734680,46.698475
24.734680,46.698475
24.734680,46.698475
24.734680,46.698475
24.734680,46.698475
24.734680,46.698475
24.734638,46.698494
24.734638,46.698494
24.734638,46.698494
24.734638,46.698494
24.734638,46.698494
24.734638,46.698494
24.734638,46.698494
24.734575,46.698551
24.734575,46.698551
24.734575,46.698551
24.734575,46.698551
24.734575,46.698551
24.734575,46.698551
24.734491,46.698647
24.734491,46.698647
24.734491,46.698647
24.734491,46.698647
24.734491,46.698647
24.734491,46.698647
24.734453,46.698700
24.734453,46.698700
24.734453,46.698700
24.734453,46.698700
24.734453,46.698700
24.734453,46.698700
24.734453,46.698700
24.734423,46.698750
24.734423,46.698750
24.734423,46.698750
24.734423,46.698750
24.734423,46.698750
24.734423,46.698750
24.734400,46.698811
24.734400,46.698811
24.734400,46.698811
24.734400,46.698811
24.734400,46.698811
24.734400,46.698811
24.734390,46.698872
24.734390,46.698872
24.734390,46.698872
24.734390,46.698872
24.734390,46.698872
24.734390,46.698872
24.734390,46.698872
24.734394,46.698940
24.734394,46.698940
24.734394,46.698940
24.734394,46.698940
24.734394,46.698940
24.734394,46.698940
24.734419,46.699001
24.734419,46.699001
24.734419,46.699001
24.734419,46.699001
24.734419,46.699001
24.734419,46.699001
24.734419,46.699001
24.734455,46.699047
24.734455,46.699047
24.734455,46.699047
24.734455,46.699047
24.734455,46.699047
24.734455,46.699047
24.734503,46.699078
24.734503,46.699078
24.734503,46.699078
24.734503,46.699078
24.734503,46.699078
24.734503,46.699078
24.734552,46.699097
24.734552,46.699097
24.734552,46.699097
24.734552,46.699097
24.734552,46.699097
24.734552,46.699097
24.734552,46.699097
24.734608,46.699104
24.734608,46.699104
24.734608,46.699104
24.734608,46.699104
24.734608,46.699104
24.734608,46.699104
24.734665,46.699104
24.734665,46.699104
24.734665,46.699104
24.734665,46.699104
24.734665,46.699104
24.734665,46.699104
24.734720,46.699100
24.734720,46.699100
24.734720,46.699100
24.734720,46.699100
24.734720,46.699100
24.734720,46.699100
24.734720,46.699100
24.734770,46.699093
24.734770,46.699093
24.734770,46.699093
24.734770,46.699093
24.734770,46.699093
24.734770,46.699093
24.734816,46.699078
24.734816,46.699078
24.734816,46.699078
24.734816,46.699078
24.734816,46.699078
24.734816,46.699078
24.734861,46.699047
24.734861,46.699047
24.734861,46.699047
24.734861,46.699047
24.734861,46.699047
24.734861,46.699047
24.734861,46.699047
24.734900,46.699017
24.734900,46.699017
24.734900,46.699017
24.734900,46.699017
24.734900,46.699017
24.734900,46.699017
24.734934,46.698978
24.734934,46.698978
24.734934,46.698978
24.734934,46.698978
24.734934,46.698978
24.734934,46.698978
24.734934,46.698978
24.734962,46.698933
24.734962,46.698933
24.734962,46.698933
24.734962,46.698933
24.734962,46.698933
24.734962,46.698933
24.734985,46.698875
24.734985,46.698875
24.734985,46.698875
24.734985,46.698875
24.734985,46.698875
24.734985,46.698875
24.734995,46.698818
24.734995,46.698818
24.734995,46.698818
24.734995,46.698818
24.734995,46.698818
24.734995,46.698818
24.734995,46.698818
24.734991,46.698765
24.734991,46.698765
24.734991,46.698765
24.734991,46.698765
24.734991,46.698765
24.734991,46.698765
24.734974,46.698711
24.734974,46.698711
24.734974,46.698711
24.734974,46.698711
24.734974,46.698711
24.734974,46.698711
24.734945,46.698662
24.734945,46.698662
24.734945,46.698662
24.734945,46.698662
24.734945,46.698662
24.734945,46.698662
24.734945,46.698662
24.734903,46.698612
24.734903,46.698612
24.734903,46.698612
24.734903,46.698612
24.734903,46.698612
24.734903,46.698612
24.734850,46.698582
24.734850,46.698582
24.734850,46.698582
24.734850,46.698582
24.734850,46.698582
24.734850,46.698582
24.734791,46.698563
24.734791,46.698563
24.734791,46.698563
24.734791,46.698563
24.734791,46.698563
24.734791,46.698563
24.734791,46.698563
24.734732,46.698559
24.734732,46.698559
24.734732,46.698559
24.734732,46.698559
24.734732,46.698559
24.734732,46.698559
24.734673,46.698570
24.734673,46.698570
24.734673,46.698570
24.734673,46.698570
24.734673,46.698570
24.734673,46.698570
24.734673,46.698570
24.734613,46.698589
24.734613,46.698589
24.734613,46.698589
24.734613,46.698589
24.734613,46.698589
24.734613,46.698589
24.734556,46.698616
24.734556,46.698616
24.734556,46.698616
24.734556,46.698616
24.734556,46.698616
24.734556,46.698616
24.734503,46.698650
24.734503,46.698650
24.734503,46.698650
24.734503,46.698650
24.734503,46.698650
24.734503,46.698650
24.734503,46.698650
24.734449,46.698689
24.734449,46.698689
24.734449,46.698689
24.734449,46.698689
24.734449,46.698689
24.734449,46.698689
24.734404,46.698734
24.734404,46.698734
24.734404,46.698734
24.734404,46.698734
24.734404,46.698734
24.734404,46.698734
24.734364,46.698788
24.734364,46.698788
24.734364,46.698788
24.734364,46.698788
24.734364,46.698788
24.734364,46.698788
24.734364,46.698788
24.734331,46.698841
24.734331,46.698841
24.734331,46.698841
24.734331,46.698841
24.734331,46.698841
24.734331,46.698841
24.734310,46.698895
24.734310,46.698895
24.734310,46.698895
24.734310,46.698895
24.734310,46.698895
24.734310,46.698895
24.734303,46.698952
24.734303,46.698952
24.734303,46.698952
24.734303,46.698952
24.734303,46.698952
24.734303,46.698952
24.734303,46.698952
24.734310,46.699017
24.734310,46.699017
24.734310,46.699017
24.734310,46.699017
24.734310,46.699017
24.734310,46.699017
24.734337,46.699070
24.734337,46.699070
24.734337,46.699070
24.734337,46.699070
24.734337,46.699070
24.734337,46.699070
24.734337,46.699070
24.734375,46.699116
24.734375,46.699116
24.734375,46.699116
24.734375,46.699116
24.734375,46.699116
24.734375,46.699116
24.734421,46.699150
24.734421,46.699150
24.734421,46.699150
24.734421,46.699150
24.734421,46.699150
24.734421,46.699150
24.734474,46.699173
24.734474,46.699173
24.734474,46.699173
24.734474,46.699173
24.734474,46.699173
24.734474,46.699173
24.734474,46.699173
24.734531,46.699188
24.734531,46.699188
24.734531,46.699188
24.734531,46.699188
24.734531,46.699188
24.734531,46.699188
24.734596,46.699181
24.734596,46.699181
24.734596,46.699181
24.734596,46.699181
24.734596,46.699181
24.734596,46.699181
24.734659,46.699169
24.734659,46.699169
24.734659,46.699169
24.734659,46.699169
24.734659,46.699169
24.734659,46.699169
24.734659,46.699169
24.734716,46.699150
24.734716,46.699150
24.734716,46.699150
24.734716,46.699150
24.734716,46.699150
24.734716,46.699150
24.734768,46.699123
24.734768,46.699123
24.734768,46.699123
24.734768,46.699123
24.734768,46.699123
24.734768,46.699123
24.734768,46.699123
24.734818,46.699089
24.734818,46.699089
24.734818,46.699089
24.734818,46.699089
24.734818,46.699089
24.734818,46.699089
24.734863,46.699051
24.734863,46.699051
24.734863,46.699051
24.734863,46.699051
24.734863,46.699051
24.734863,46.699051
24.734903,46.699005
24.734903,46.699005
24.734903,46.699005
24.734903,46.699005
24.734903,46.699005
24.734903,46.699005
24.734903,46.699005
24.734936,46.698956
24.734936,46.698956
24.734936,46.698956
24.734936,46.698956
24.734936,46.698956
24.734936,46.698956
24.734957,46.698898
24.734957,46.698898
24.734957,46.698898
24.734957,46.698898
24.734957,46.698898
24.734957,46.698898
24.734962,46.698833
24.734962,46.698833
24.734962,46.698833
24.734962,46.698833
24.734962,46.698833
24.734962,46.698833
24.734962,46.698833
24.734949,46.698776
24.734949,46.698776
24.734949,46.698776
24.734949,46.698776
24.734949,46.698776
24.734949,46.698776
24.734928,46.698719
24.734928,46.698719
24.734928,46.698719
24.734928,46.698719
24.734928,46.698719
24.734928,46.698719
24.734894,46.698666
24.734894,46.698666
24.734894,46.698666
24.734894,46.698666
24.734894,46.698666
24.734894,46.698666
24.734894,46.698666
24.734842,46.698627
24.734842,46.698627
24.734842,46.698627
24.734842,46.698627
24.734842,46.698627
24.734842,46.698627
24.734783,46.698601
24.734783,46.698601
24.734783,46.698601
24.734783,46.698601
24.734783,46.698601
24.734783,46.698601
24.734783,46.698601
24.734724,46.698589
24.734724,46.698589
24.734724,46.698589
24.734724,46.698589
24.734724,46.698589
24.734724,46.698589
24.734663,46.698593
24.734663,46.698593
24.734663,46.698593
24.734663,46.698593
24.734663,46.698593
24.734663,46.698593
24.734600,46.698608
24.734600,46.698608
24.734600,46.698608
24.734600,46.698608
24.734600,46.698608
24.734600,46.698608
24.734600,46.698608
24.734539,46.698631
24.734539,46.698631
24.734539,46.698631
24.734539,46.698631
24.734539,46.698631
24.734539,46.698631
24.734482,46.698666
24.734482,46.698666
24.734482,46.698666
24.734482,46.698666
24.734482,46.698666
24.734482,46.698666
24.734428,46.698708
24.734428,46.698708
24.734428,46.698708
24.734428,46.698708
24.734428,46.698708
24.734428,46.698708
24.734428,46.698708
24.734383,46.698757
24.734383,46.698757
24.734383,46.698757
24.734383,46.698757
24.734383,46.698757
24.734383,46.698757
24.734344,46.698814
24.734344,46.698814
24.734344,46.698814
24.734344,46.698814
24.734344,46.698814
24.734344,46.698814
24.734314,46.698875
24.734314,46.698875
24.734314,46.698875
24.734314,46.698875
24.734314,46.698875
24.734314,46.698875
24.734314,46.698875
24.734301,46.698936
24.734301,46.698936
24.734301,46.698936
24.734301,46.698936
24.734301,46.698936
24.734301,46.698936
24.734299,46.699001
24.734299,46.699001
24.734299,46.699001
24.734299,46.699001
24.734299,46.699001
24.734299,46.699001
24.734299,46.699001
24.734318,46.699066
24.734318,46.699066
24.734318,46.699066
24.734318,46.699066
24.734318,46.699066
24.734318,46.699066
24.734356,46.699116
24.734356,46.699116
24.734356,46.699116
24.734356,46.699116
24.734356,46.699116
24.734356,46.699116
24.734402,46.699154
24.734402,46.699154
24.734402,46.699154
24.734402,46.699154
24.734402,46.699154
24.734402,46.699154
24.734402,46.699154
24.734446,46.699181
24.734446,46.699181
24.734446,46.699181
24.734446,46.699181
24.734446,46.699181
24.734446,46.699181
24.734499,46.699196
24.734499,46.699196
24.734499,46.699196
24.734499,46.699196
24.734499,46.699196
24.734499,46.699196
24.734570,46.699188
24.734570,46.699188
24.734570,46.699188
24.734570,46.699188
24.734570,46.699188
24.734570,46.699188
24.734570,46.699188
24.734632,46.699181
24.734632,46.699181
24.734632,46.699181
24.734632,46.699181
24.734632,46.699181
24.734632,46.699181
24.734694,46.699162
24.734694,46.699162
24.734694,46.699162
24.734694,46.699162
24.734694,46.699162
24.734694,46.699162
24.734694,46.699162
24.734751,46.699139
24.734751,46.699139
24.734751,46.699139
24.734751,46.699139
24.734751,46.699139
24.734751,46.699139
24.734800,46.699108
24.734800,46.699108
24.734800,46.699108
24.734800,46.699108
24.734800,46.699108
24.734800,46.699108
24.734846,46.699070
24.734846,46.699070
24.734846,46.699070
24.734846,46.699070
24.734846,46.699070
24.734846,46.699070
24.734846,46.699070
24.734888,46.699028
24.734888,46.699028
24.734888,46.699028
24.734888,46.699028
24.734888,46.699028
24.734888,46.699028
24.734924,46.698975
24.734924,46.698975
24.734924,46.698975
24.734924,46.698975
24.734924,46.698975
24.734924,46.698975
24.734949,46.698917
24.734949,46.698917
24.734949,46.698917
24.734949,46.698917
24.734949,46.698917
24.734949,46.698917
24.734949,46.698917
24.734962,46.698853
24.734962,46.698853
24.734962,46.698853
24.734962,46.698853
24.734962,46.698853
24.734962,46.698853
24.734955,46.698788
24.734955,46.698788
24.734955,46.698788
24.734955,46.698788
24.734955,46.698788
24.734955,46.698788
24.734926,46.698730
24.734926,46.698730
24.734926,46.698730
24.734926,46.698730
24.734926,46.698730
24.734926,46.698730
24.734926,46.698730
24.734894,46.698681
24.734894,46.698681
24.734894,46.698681
24.734894,46.698681
24.734894,46.698681
24.734894,46.698681
24.734848,46.698635
24.734848,46.698635
24.734848,46.698635
24.734848,46.698635
24.734848,46.698635
24.734848,46.698635
24.734848,46.698635
24.734789,46.698605
24.734789,46.698605
24.734789,46.698605
24.734789,46.698605
24.734789,46.698605
24.734789,46.698605
24.734726,46.698593
24.734726,46.698593
24.734726,46.698593
24.734726,46.698593
24.734726,46.698593
24.734726,46.698593
24.734663,46.698593
24.734663,46.698593
24.734663,46.698593
24.734663,46.698593
24.734663,46.698593
24.734663,46.698593
24.734663,46.698593
24.734604,46.698605
24.734604,46.698605
24.734604,46.698605
24.734604,46.698605
24.734604,46.698605
24.734604,46.698605
24.734541,46.698631
24.734541,46.698631
24.734541,46.698631
24.734541,46.698631
24.734541,46.698631
24.734541,46.698631
24.734482,46.698666
24.734482,46.698666
24.734482,46.698666
24.734482,46.698666
24.734482,46.698666
24.734482,46.698666
24.734482,46.698666
24.734430,46.698711
24.734430,46.698711
24.734430,46.698711
24.734430,46.698711
24.734430,46.698711
24.734430,46.698711
24.734386,46.698765
24.734386,46.698765
24.734386,46.698765
24.734386,46.698765
24.734386,46.698765
24.734386,46.698765
24.734386,46.698765
24.734348,46.698826
24.734348,46.698826
24.734348,46.698826
24.734348,46.698826
24.734348,46.698826
24.734348,46.698826
24.734318,46.698887
24.734318,46.698887
24.734318,46.698887
24.734318,46.698887
24.734318,46.698887
24.734318,46.698887
24.734301,46.698948
24.734301,46.698948
24.734301,46.698948
24.734301,46.698948
24.734301,46.698948
24.734301,46.698948
24.734301,46.698948
24.734301,46.699020
24.734301,46.699020
24.734301,46.699020
24.734301,46.699020
24.734301,46.699020
24.734301,46.699020
24.734322,46.699085
24.734322,46.699085
24.734322,46.699085
24.734322,46.699085
24.734322,46.699085
24.734322,46.699085
24.734362,46.699135
24.734362,46.699135
24.734362,46.699135
24.734362,46.699135
24.734362,46.699135
24.734362,46.699135
24.734362,46.699135
24.734409,46.699169
24.734409,46.699169
24.734409,46.699169
24.734409,46.699169
24.734409,46.699169
24.734409,46.699169
24.734463,46.699192
24.734463,46.699192
24.734463,46.699192
24.734463,46.699192
24.734463,46.699192
24.734463,46.699192
24.734524,46.699200
24.734524,46.699200
24.734524,46.699200
24.734524,46.699200
24.734524,46.699200
24.734524,46.699200
24.734524,46.699200
24.734592,46.699192
24.734592,46.699192
24.734592,46.699192
24.734592,46.699192
24.734592,46.699192
24.734592,46.699192
24.734655,46.699177
24.734655,46.699177
24.734655,46.699177
24.734655,46.699177
24.734655,46.699177
24.734655,46.699177
24.734655,46.699177
24.734713,46.699158
24.734713,46.699158
24.734713,46.699158
24.734713,46.699158
24.734713,46.699158
24.734713,46.699158
24.734768,46.699127
24.734768,46.699127
24.734768,46.699127
24.734768,46.699127
24.734768,46.699127
24.734768,46.699127
24.734818,46.699097
24.734818,46.699097
24.734818,46.699097
24.734818,46.699097
24.734818,46.699097
24.734818,46.699097
24.734818,46.699097
24.734863,46.699059
24.734863,46.699059
24.734863,46.699059
24.734863,46.699059
24.734863,46.699059
24.734863,46.699059
24.734903,46.699009
24.734903,46.699009
24.734903,46.699009
24.734903,46.699009
24.734903,46.699009
24.734903,46.699009
24.734934,46.698952
24.734934,46.698952
24.734934,46.698952
24.734934,46.698952
24.734934,46.698952
24.734934,46.698952
24.734934,46.698952
24.734951,46.698887
24.734951,46.698887
24.734951,46.698887
24.734951,46.698887
24.734951,46.698887
24.734951,46.698887
24.734955,46.698818
24.734955,46.698818
24.734955,46.698818
24.734955,46.698818
24.734955,46.698818
24.734955,46.698818
24.734955,46.698818
24.734938,46.698757
24.734938,46.698757
24.734938,46.698757
24.734938,46.698757
24.734938,46.698757
24.734938,46.698757
24.734907,46.698700
24.734907,46.698700
24.734907,46.698700
24.734907,46.698700
24.734907,46.698700
24.734907,46.698700
24.734863,46.698647
24.734863,46.698647
24.734863,46.698647
24.734863,46.698647
24.734863,46.698647
24.734863,46.698647
24.734863,46.698647
24.734802,46.698612
24.734802,46.698612
24.734802,46.698612
24.734802,46.698612
24.734802,46.698612
24.734802,46.698612
24.734739,46.698593
24.734739,46.698593
24.734739,46.698593
24.734739,46.698593
24.734739,46.698593
24.734739,46.698593
24.734674,46.698586
24.734674,46.698586
24.734674,46.698586
24.734674,46.698586
24.734674,46.698586
24.734674,46.698586
24.734674,46.698586
24.734610,46.698601
24.734610,46.698601
24.734610,46.698601
24.734610,46.698601
24.734610,46.698601
24.734610,46.698601
24.734545,46.698624
24.734545,46.698624
24.734545,46.698624
24.734545,46.698624
24.734545,46.698624
24.734545,46.698624
24.734480,46.698666
24.734480,46.698666
24.734480,46.698666
24.734480,46.698666
24.734480,46.698666
24.734480,46.698666
24.734480,46.698666
24.734425,46.698715
24.734425,46.698715
24.734425,46.698715
24.734425,46.698715
24.734425,46.698715
24.734425,46.698715
24.734377,46.698772
24.734377,46.698772
24.734377,46.698772
24.734377,46.698772
24.734377,46.698772
24.734377,46.698772
24.734377,46.698772
24.734341,46.698833
24.734341,46.698833
24.734341,46.698833
24.734341,46.698833
24.734341,46.698833
24.734341,46.698833
24.734312,46.698902
24.734312,46.698902
24.734312,46.698902
24.734312,46.698902
24.734312,46.698902
24.734312,46.698902
24.734297,46.698971
24.734297,46.698971
24.734297,46.698971
24.734297,46.698971
24.734297,46.698971
24.734297,46.698971
24.734297,46.698971
24.734303,46.699036
24.734303,46.699036
24.734303,46.699036
24.734303,46.699036
24.734303,46.699036
24.734303,46.699036
24.734333,46.699093
24.734333,46.699093
24.734333,46.699093
24.734333,46.699093
24.734333,46.699093
24.734333,46.699093
24.734375,46.699135
24.734375,46.699135
24.734375,46.699135
24.734375,46.699135
24.734375,46.699135
24.734375,46.699135
24.734375,46.699135
24.734425,46.699165
24.734425,46.699165
24.734425,46.699165
24.734425,46.699165
24.734425,46.699165
24.734425,46.699165
24.734474,46.699184
24.734474,46.699184
24.734474,46.699184
24.734474,46.699184
24.734474,46.699184
24.734474,46.699184
24.734526,46.699196
24.734526,46.699196
24.734526,46.699196
24.734526,46.699196
24.734526,46.699196
24.734526,46.699196
24.734526,46.699196
24.734592,46.699188
24.734592,46.699188
24.734592,46.699188
24.734592,46.699188
24.734592,46.699188
24.734592,46.699188
24.734653,46.699177
24.734653,46.699177
24.734653,46.699177
24.734653,46.699177
24.734653,46.699177
24.734653,46.699177
24.734653,46.699177
24.734711,46.699154
24.734711,46.699154
24.734711,46.699154
24.734711,46.699154
24.734711,46.699154
24.734711,46.699154
24.734764,46.699127
24.734764,46.699127
24.734764,46.699127
24.734764,46.699127
24.734764,46.699127
24.734764,46.699127
24.734814,46.699089
24.734814,46.699089
24.734814,46.699089
24.734814,46.699089
24.734814,46.699089
24.734814,46.699089
24.734814,46.699089
24.734858,46.699051
24.734858,46.699051
24.734858,46.699051
24.734858,46.699051
24.734858,46.699051
24.734858,46.699051
24.734896,46.699001
24.734896,46.699001
24.734896,46.699001
24.734896,46.699001
24.734896,46.699001
24.734896,46.699001
24.734924,46.698948
24.734924,46.698948
24.734924,46.698948
24.734924,46.698948
24.734924,46.698948
24.734924,46.698948
24.734924,46.698948
24.734941,46.698883
24.734941,46.698883
24.734941,46.698883
24.734941,46.698883
24.734941,46.698883
24.734941,46.698883
24.734945,46.698814
24.734945,46.698814
24.734945,46.698814
24.734945,46.698814
24.734945,46.698814
24.734945,46.698814
24.734932,46.698753
24.734932,46.698753
24.734932,46.698753
24.734932,46.698753
24.734932,46.698753
24.734932,46.698753
24.734932,46.698753
24.734896,46.698704
24.734896,46.698704
24.734896,46.698704
24.734896,46.698704
24.734896,46.698704
24.734896,46.698704
24.734859,46.698650
24.734859,46.698650
24.734859,46.698650
24.734859,46.698650
24.734859,46.698650
24.734859,46.698650
24.734859,46.698650
24.734802,46.698620
24.734802,46.698620
24.734802,46.698620
24.734802,46.698620
24.734802,46.698620
24.734802,46.698620
24.734739,46.698601
24.734739,46.698601
24.734739,46.698601
24.734739,46.698601
24.734739,46.698601
24.734739,46.698601
24.734678,46.698589
24.734678,46.698589
24.734678,46.698589
24.734678,46.698589
24.734678,46.698589
24.734678,46.698589
24.734678,46.698589
24.734619,46.698593
24.734619,46.698593
24.734619,46.698593
24.734619,46.698593
24.734619,46.698593
24.734619,46.698593
24.734550,46.698620
24.734550,46.698620
24.734550,46.698620
24.734550,46.698620
24.734550,46.698620
24.734550,46.698620
24.734489,46.698654
24.734489,46.698654
24.734489,46.698654
24.734489,46.698654
24.734489,46.698654
24.734489,46.698654
24.734489,46.698654
24.734434,46.698696
24.734434,46.698696
24.734434,46.698696
24.734434,46.698696
24.734434,46.698696
24.734434,46.698696
24.734386,46.698753
24.734386,46.698753
24.734386,46.698753
24.734386,46.698753
24.734386,46.698753
24.734386,46.698753
24.734386,46.698753
24.734346,46.698807
24.734346,46.698807
24.734346,46.698807
24.734346,46.698807
24.734346,46.698807
24.734346,46.698807
24.734314,46.698868
24.734314,46.698868
24.734314,46.698868
24.734314,46.698868
24.734314,46.698868
24.734314,46.698868
24.734293,46.698929
24.734293,46.698929
24.734293,46.698929
24.734293,46.698929
24.734293,46.698929
24.734293,46.698929
24.734293,46.698929
24.734289,46.698997
24.734289,46.698997
24.734289,46.698997
24.734289,46.698997
24.734289,46.698997
24.734289,46.698997
24.734306,46.699059
24.734306,46.699059
24.734306,46.699059
24.734306,46.699059
24.734306,46.699059
24.734306,46.699059
24.734339,46.699112
24.734339,46.699112
24.734339,46.699112
24.734339,46.699112
24.734339,46.699112
24.734339,46.699112
24.734339,46.699112
24.734381,46.699150
24.734381,46.699150
24.734381,46.699150
24.734381,46.699150
24.734381,46.699150
24.734381,46.699150
24.734428,46.699177
24.734428,46.699177
24.734428,46.699177
24.734428,46.699177
24.734428,46.699177
24.734428,46.699177
24.734476,46.699196
24.734476,46.699196
24.734476,46.699196
24.734476,46.699196
24.734476,46.699196
24.734476,46.699196
24.734476,46.699196
24.734529,46.699207
24.734529,46.699207
24.734529,46.699207
24.734529,46.699207
24.734529,46.699207
24.734529,46.699207
24.734589,46.699200
24.734589,46.699200
24.734589,46.699200
24.734589,46.699200
24.734589,46.699200
24.734589,46.699200
24.734589,46.699200
24.734644,46.699184
24.734644,46.699184
24.734644,46.699184
24.734644,46.699184
24.734644,46.699184
24.734644,46.699184
24.734686,46.699169
24.734686,46.699169
24.734686,46.699169
24.734686,46.699169
24.734686,46.699169
24.734686,46.699169
24.734716,46.699158
24.734716,46.699158
24.734716,46.699158
24.734716,46.699158
24.734716,46.699158
24.734716,46.699158
24.734716,46.699158
24.734737,46.699146
24.734737,46.699146
24.734737,46.699146
24.734737,46.699146
24.734737,46.699146
24.734737,46.699146
24.734749,46.699139
24.734749,46.699139
latitude,longitude
24.735426,46.702805
24.735426,46.702805
24.735426,46.702805
24.735426,46.702805
24.735426,46.702805
24.735426,46.702805
24.735426,46.702805
24.735426,46.702805
24.735426,46.702805
24.735426,46.702805
24.735426,46.702805
24.735426,46.702805
24.735426,46.702805
24.735426,46.702805
24.735426,46.702805
24.735426,46.702805
24.735426,46.702805
24.735426,46.702805
24.735426,46.702805
24.735426,46.702805
24.735426,46.702805
24.735426,46.702805
24.735426,46.702805
24.735426,46.702805
24.735426,46.702805
24.735426,46.702805
24.735426,46.702805
24.735426,46.702805
24.735426,46.702805
24.735426,46.702805
24.735426,46.702805
24.735426,46.702805
24.735426,46.702805
24.735426,46.702805
24.735426,46.702805
24.735426,46.702805
24.735426,46.702805
24.735426,46.702805
24.735426,46.702805
24.735426,46.702805
24.735426,46.702805
24.735426,46.702805
24.735426,46.702805
24.735426,46.702805
24.735426,46.702805
24.735426,46.702805
24.735426,46.702805
24.735426,46.702805
24.735426,46.702805
24.735426,46.702805
24.735426,46.702805
24.735426,46.702805
24.735426,46.702805
24.735426,46.702805
24.735426,46.702805
24.735426,46.702805
24.735426,46.702805
24.735426,46.702805
24.735426,46.702805
24.735426,46.702805
24.735426,46.702805
24.735426,46.702805
24.735422,46.702805
24.735422,46.702805
24.735422,46.702805
24.735422,46.702805
24.735422,46.702805
24.735422,46.702805
24.735420,46.702797
24.735420,46.702797
24.735420,46.702797
24.735420,46.702797
24.735420,46.702797
24.735420,46.702797
24.735415,46.702789
24.735415,46.702789
24.735415,46.702789
24.735415,46.702789
24.735415,46.702789
24.735415,46.702789
24.735415,46.702789
24.735409,46.702774
24.735409,46.702774
24.735409,46.702774
24.735409,46.702774
24.735409,46.702774
24.735409,46.702774
24.735403,46.702755
24.735403,46.702755
24.735403,46.702755
24.735403,46.702755
24.735403,46.702755
24.735403,46.702755
24.735395,46.702736
24.735395,46.702736
24.735395,46.702736
24.735395,46.702736
24.735395,46.702736
24.735395,46.702736
24.735395,46.702736
24.735388,46.702713
24.735388,46.702713
24.735388,46.702713
24.735388,46.702713
24.735388,46.702713
24.735388,46.702713
24.735378,46.702690
24.735378,46.702690
24.735378,46.702690
24.735378,46.702690
24.735378,46.702690
24.735378,46.702690
24.735378,46.702690
24.735369,46.702667
24.735369,46.702667
24.735369,46.702667
24.735369,46.702667
24.735369,46.702667
24.735369,46.702667
24.735359,46.702641
24.735359,46.702641
24.735359,46.702641
24.735359,46.702641
24.735359,46.702641
24.735359,46.702641
24.735350,46.702610
24.735350,46.702610
24.735350,46.702610
24.735350,46.702610
24.735350,46.702610
24.735350,46.702610
24.735350,46.702610
24.735338,46.702583
24.735338,46.702583
24.735338,46.702583
24.735338,46.702583
24.735338,46.702583
24.735338,46.702583
24.735327,46.702553
24.735327,46.702553
24.735327,46.702553
24.735327,46.702553
24.735327,46.702553
24.735327,46.702553
24.735315,46.702522
24.735315,46.702522
24.735315,46.702522
24.735315,46.702522
24.735315,46.702522
24.735315,46.702522
24.735315,46.702522
24.735304,46.702488
24.735304,46.702488
24.735304,46.702488
24.735304,46.702488
24.735304,46.702488
24.735304,46.702488
24.735291,46.702454
24.735291,46.702454
24.735291,46.702454
24.735291,46.702454
24.735291,46.702454
24.735291,46.702454
24.735291,46.702454
24.735279,46.702419
24.735279,46.702419
24.735279,46.702419
24.735279,46.702419
24.735279,46.702419
24.735279,46.702419
24.735264,46.702385
24.735264,46.702385
24.735264,46.702385
24.735264,46.702385
24.735264,46.702385
24.735264,46.702385
24.735250,46.702347
24.735250,46.702347
24.735250,46.702347
24.735250,46.702347
24.735250,46.702347
24.735250,46.702347
24.735250,46.702347
24.735237,46.702309
24.735237,46.702309
24.735237,46.702309
24.735237,46.702309
24.735237,46.702309
24.735237,46.702309
24.735222,46.702267
24.735222,46.702267
24.735222,46.702267
24.735222,46.702267
24.735222,46.702267
24.735222,46.702267
24.735209,46.702225
24.735209,46.702225
24.735209,46.702225
24.735209,46.702225
24.735209,46.702225
24.735209,46.702225
24.735209,46.702225
24.735191,46.702187
24.735191,46.702187
24.735191,46.702187
24.735191,46.702187
24.735191,46.702187
24.735191,46.702187
24.735176,46.702145
24.735176,46.702145
24.735176,46.702145
24.735176,46.702145
24.735176,46.702145
24.735176,46.702145
24.735176,46.702145
24.735159,46.702103
24.735159,46.702103
24.735159,46.702103
24.735159,46.702103
24.735159,46.702103
24.735159,46.702103
24.735140,46.702061
24.735140,46.702061
24.735140,46.702061
24.735140,46.702061
24.735140,46.702061
24.735140,46.702061
24.735123,46.702015
24.735123,46.702015
24.735123,46.702015
24.735123,46.702015
24.735123,46.702015
24.735123,46.702015
24.735123,46.702015
24.735107,46.701969
24.735107,46.701969
24.735107,46.701969
24.735107,46.701969
24.735107,46.701969
24.735107,46.701969
24.735090,46.701923
24.735090,46.701923
24.735090,46.701923
24.735090,46.701923
24.735090,46.701923
24.735090,46.701923
24.735075,46.701878
24.735075,46.701878
24.735075,46.701878
24.735075,46.701878
24.735075,46.701878
24.735075,46.701878
24.735075,46.701878
24.735058,46.701832
24.735058,46.701832
24.735058,46.701832
24.735058,46.701832
24.735058,46.701832
24.735058,46.701832
24.735041,46.701782
24.735041,46.701782
24.735041,46.701782
24.735041,46.701782
24.735041,46.701782
24.735041,46.701782
24.735041,46.701782
24.735022,46.701736
24.735022,46.701736
24.735022,46.701736
24.735022,46.701736
24.735022,46.701736
24.735022,46.701736
24.735003,46.701687
24.735003,46.701687
24.735003,46.701687
24.735003,46.701687
24.735003,46.701687
24.735003,46.701687
24.734982,46.701641
24.734982,46.701641
24.734982,46.701641
24.734982,46.701641
24.734982,46.701641
24.734982,46.701641
24.734982,46.701641
24.734959,46.701591
24.734959,46.701591
24.734959,46.701591
24.734959,46.701591
24.734959,46.701591
24.734959,46.701591
24.734936,46.701542
24.734936,46.701542
24.734936,46.701542
24.734936,46.701542
24.734936,46.701542
24.734936,46.701542
24.734913,46.701492
24.734913,46.701492
24.734913,46.701492
24.734913,46.701492
24.734913,46.701492
24.734913,46.701492
24.734913,46.701492
24.734890,46.701443
24.734890,46.701443
24.734890,46.701443
24.734890,46.701443
24.734890,46.701443
24.734890,46.701443
24.734867,46.701389
24.734867,46.701389
24.734867,46.701389
24.734867,46.701389
24.734867,46.701389
24.734867,46.701389
24.734867,46.701389
24.734844,46.701336
24.734844,46.701336
24.734844,46.701336
24.734844,46.701336
24.734844,46.701336
24.734844,46.701336
24.734821,46.701283
24.734821,46.701283
24.734821,46.701283
24.734821,46.701283
24.734821,46.701283
24.734821,46.701283
24.734798,46.701225
24.734798,46.701225
24.734798,46.701225
24.734798,46.701225
24.734798,46.701225
24.734798,46.701225
24.734798,46.701225
24.734777,46.701172
24.734777,46.701172
24.734777,46.701172
24.734777,46.701172
24.734777,46.701172
24.734777,46.701172
24.734755,46.701115
24.734755,46.701115
24.734755,46.701115
24.734755,46.701115
24.734755,46.701115
24.734755,46.701115
24.734732,46.701057
24.734732,46.701057
24.734732,46.701057
24.734732,46.701057
24.734732,46.701057
24.734732,46.701057
24.734732,46.701057
24.734709,46.701004
24.734709,46.701004
24.734709,46.701004
24.734709,46.701004
24.734709,46.701004
24.734709,46.701004
24.734686,46.700947
24.734686,46.700947
24.734686,46.700947
24.734686,46.700947
24.734686,46.700947
24.734686,46.700947
24.734661,46.700893
24.734661,46.700893
24.734661,46.700893
24.734661,46.700893
24.734661,46.700893
24.734661,46.700893
24.734661,46.700893
24.734636,46.700836
24.734636,46.700836
24.734636,46.700836
24.734636,46.700836
24.734636,46.700836
24.734636,46.700836
24.734612,46.700779
24.734612,46.700779
24.734612,46.700779
24.734612,46.700779
24.734612,46.700779
24.734612,46.700779
24.734612,46.700779
24.734587,46.700722
24.734587,46.700722
24.734587,46.700722
24.734587,46.700722
24.734587,46.700722
24.734587,46.700722
24.734562,46.700665
24.734562,46.700665
24.734562,46.700665
24.734562,46.700665
24.734562,46.700665
24.734562,46.700665
24.734537,46.700603
24.734537,46.700603
24.734537,46.700603
24.734537,46.700603
24.734537,46.700603
24.734537,46.700603
24.734537,46.700603
24.734518,46.700546
24.734518,46.700546
24.734518,46.700546
24.734518,46.700546
24.734518,46.700546
24.734518,46.700546
24.734501,46.700493
24.734501,46.700493
24.734501,46.700493
24.734501,46.700493
24.734501,46.700493
24.734501,46.700493
24.734486,46.700439
24.734486,46.700439
24.734486,46.700439
24.734486,46.700439
24.734486,46.700439
24.734486,46.700439
24.734486,46.700439
24.734472,46.700394
24.734472,46.700394
24.734472,46.700394
24.734472,46.700394
24.734472,46.700394
24.734472,46.700394
24.734463,46.700352
24.734463,46.700352
24.734463,46.700352
24.734463,46.700352
24.734463,46.700352
24.734463,46.700352
24.734463,46.700352
24.734459,46.700314
24.734459,46.700314
24.734459,46.700314
24.734459,46.700314
24.734459,46.700314
24.734459,46.700314
24.734453,46.700279
24.734453,46.700279
24.734453,46.700279
24.734453,46.700279
24.734453,46.700279
24.734453,46.700279
24.734442,46.700249
24.734442,46.700249
24.734442,46.700249
24.734442,46.700249
24.734442,46.700249
24.734442,46.700249
24.734442,46.700249
24.734426,46.700230
24.734426,46.700230
24.734426,46.700230
24.734426,46.700230
24.734426,46.700230
24.734426,46.700230
24.734411,46.700222
24.734411,46.700222
24.734411,46.700222
24.734411,46.700222
24.734411,46.700222
24.734411,46.700222
24.734398,46.700222
24.734398,46.700222
24.734398,46.700222
24.734398,46.700222
24.734398,46.700222
24.734398,46.700222
24.734398,46.700222
24.734386,46.700226
24.734386,46.700226
24.734386,46.700226
24.734386,46.700226
24.734386,46.700226
24.734386,46.700226
24.734377,46.700233
24.734377,46.700233
24.734377,46.700233
24.734377,46.700233
24.734377,46.700233
24.734377,46.700233
24.734369,46.700245
24.734369,46.700245
24.734369,46.700245
24.734369,46.700245
24.734369,46.700245
24.734369,46.700245
24.734369,46.700245
24.734367,46.700256
24.734367,46.700256
24.734367,46.700256
24.734367,46.700256
24.734367,46.700256
24.734367,46.700256
24.734367,46.700272
24.734367,46.700272
24.734367,46.700272
24.734367,46.700272
24.734367,46.700272
24.734367,46.700272
24.734367,46.700272
24.734373,46.700287
24.734373,46.700287
24.734373,46.700287
24.734373,46.700287
24.734373,46.700287
24.734373,46.700287
24.734381,46.700306
24.734381,46.700306
24.734381,46.700306
24.734381,46.700306
24.734381,46.700306
24.734381,46.700306
24.734388,46.700329
24.734388,46.700329
24.734388,46.700329
24.734388,46.700329
24.734388,46.700329
24.734388,46.700329
24.734388,46.700329
24.734400,46.700352
24.734400,46.700352
24.734400,46.700352
24.734400,46.700352
24.734400,46.700352
24.734400,46.700352
24.734409,46.700378
24.734409,46.700378
24.734409,46.700378
24.734409,46.700378
24.734409,46.700378
24.734409,46.700378
24.734423,46.700409
24.734423,46.700409
24.734423,46.700409
24.734423,46.700409
24.734423,46.700409
24.734423,46.700409
24.734423,46.700409
24.734436,46.700439
24.734436,46.700439
24.734436,46.700439
24.734436,46.700439
24.734436,46.700439
24.734436,46.700439
24.734447,46.700470
24.734447,46.700470
24.734447,46.700470
24.734447,46.700470
24.734447,46.700470
24.734447,46.700470
24.734447,46.700470
24.734463,46.700504
24.734463,46.700504
24.734463,46.700504
24.734463,46.700504
24.734463,46.700504
24.734463,46.700504
24.734476,46.700539
24.734476,46.700539
24.734476,46.700539
24.734476,46.700539
24.734476,46.700539
24.734476,46.700539
24.734491,46.700573
24.734491,46.700573
24.734491,46.700573
24.734491,46.700573
24.734491,46.700573
24.734491,46.700573
24.734491,46.700573
24.734509,46.700607
24.734509,46.700607
24.734509,46.700607
24.734509,46.700607
24.734509,46.700607
24.734509,46.700607
24.734524,46.700645
24.734524,46.700645
24.734524,46.700645
24.734524,46.700645
24.734524,46.700645
24.734524,46.700645
24.734543,46.700684
24.734543,46.700684
24.734543,46.700684
24.734543,46.700684
24.734543,46.700684
24.734543,46.700684
24.734543,46.700684
24.734562,46.700722
24.734562,46.700722
24.734562,46.700722
24.734562,46.700722
24.734562,46.700722
24.734562,46.700722
24.734581,46.700760
24.734581,46.700760
24.734581,46.700760
24.734581,46.700760
24.734581,46.700760
24.734581,46.700760
24.734604,46.700798
24.734604,46.700798
24.734604,46.700798
24.734604,46.700798
24.734604,46.700798
24.734604,46.700798
24.734604,46.700798
24.734625,46.700836
24.734625,46.700836
24.734625,46.700836
24.734625,46.700836
24.734625,46.700836
24.734625,46.700836
24.734646,46.700874
24.734646,46.700874
24.734646,46.700874
24.734646,46.700874
24.734646,46.700874
24.734646,46.700874
24.734646,46.700874
24.734663,46.700912
24.734663,46.700912
24.734663,46.700912
24.734663,46.700912
24.734663,46.700912
24.734663,46.700912
24.734680,46.700954
24.734680,46.700954
24.734680,46.700954
24.734680,46.700954
24.734680,46.700954
24.734680,46.700954
24.734697,46.700996
24.734697,46.700996
24.734697,46.700996
24.734697,46.700996
24.734697,46.700996
24.734697,46.700996
24.734697,46.700996
24.734713,46.701038
24.734713,46.701038
24.734713,46.701038
24.734713,46.701038
24.734713,46.701038
24.734713,46.701038
24.734728,46.701084
24.734728,46.701084
24.734728,46.701084
24.734728,46.701084
24.734728,46.701084
24.734728,46.701084
24.734743,46.701126
24.734743,46.701126
24.734743,46.701126
24.734743,46.701126
24.734743,46.701126
24.734743,46.701126
24.734743,46.701126
24.734758,46.701168
24.734758,46.701168
24.734758,46.701168
24.734758,46.701168
24.734758,46.701168
24.734758,46.701168
24.734774,46.701214
24.734774,46.701214
24.734774,46.701214
24.734774,46.701214
24.734774,46.701214
24.734774,46.701214
24.734774,46.701214
24.734791,46.701256
24.734791,46.701256
24.734791,46.701256
24.734791,46.701256
24.734791,46.701256
24.734791,46.701256
24.734806,46.701302
24.734806,46.701302
24.734806,46.701302
24.734806,46.701302
24.734806,46.701302
24.734806,46.701302
24.734823,46.701344
24.734823,46.701344
24.734823,46.701344
24.734823,46.701344
24.734823,46.701344
24.734823,46.701344
24.734823,46.701344
24.734842,46.701389
24.734842,46.701389
24.734842,46.701389
24.734842,46.701389
24.734842,46.701389
24.734842,46.701389
24.734861,46.701431
24.734861,46.701431
24.734861,46.701431
24.734861,46.701431
24.734861,46.701431
24.734861,46.701431
24.734880,46.701477
24.734880,46.701477
24.734880,46.701477
24.734880,46.701477
24.734880,46.701477
24.734880,46.701477
24.734880,46.701477
24.734898,46.701523
24.734898,46.701523
24.734898,46.701523
24.734898,46.701523
24.734898,46.701523
24.734898,46.701523
24.734917,46.701569
24.734917,46.701569
24.734917,46.701569
24.734917,46.701569
24.734917,46.701569
24.734917,46.701569
24.734917,46.701569
24.734936,46.701614
24.734936,46.701614
24.734936,46.701614
24.734936,46.701614
24.734936,46.701614
24.734936,46.701614
24.734955,46.701660
24.734955,46.701660
24.734955,46.701660
24.734955,46.701660
24.734955,46.701660
24.734955,46.701660
24.734974,46.701706
24.734974,46.701706
24.734974,46.701706
24.734974,46.701706
24.734974,46.701706
24.734974,46.701706
24.734974,46.701706
24.734993,46.701756
24.734993,46.701756
24.734993,46.701756
24.734993,46.701756
24.734993,46.701756
24.734993,46.701756
24.735012,46.701801
24.735012,46.701801
24.735012,46.701801
24.735012,46.701801
24.735012,46.701801
24.735012,46.701801
24.735031,46.701851
24.735031,46.701851
24.735031,46.701851
24.735031,46.701851
24.735031,46.701851
24.735031,46.701851
24.735031,46.701851
24.735050,46.701904
24.735050,46.701904
24.735050,46.701904
24.735050,46.701904
24.735050,46.701904
24.735050,46.701904
24.735071,46.701954
24.735071,46.701954
24.735071,46.701954
24.735071,46.701954
24.735071,46.701954
24.735071,46.701954
24.735071,46.701954
24.735092,46.702007
24.735092,46.702007
24.735092,46.702007
24.735092,46.702007
24.735092,46.702007
24.735092,46.702007
24.735113,46.702061
24.735113,46.702061
24.735113,46.702061
24.735113,46.702061
24.735113,46.702061
24.735113,46.702061
24.735136,46.702118
24.735136,46.702118
24.735136,46.702118
24.735136,46.702118
24.735136,46.702118
24.735136,46.702118
24.735136,46.702118
24.735159,46.702175
24.735159,46.702175
24.735159,46.702175
24.735159,46.702175
24.735159,46.702175
24.735159,46.702175
24.735184,46.702236
24.735184,46.702236
24.735184,46.702236
24.735184,46.702236
24.735184,46.702236
24.735184,46.702236
24.735210,46.702297
24.735210,46.702297
24.735210,46.702297
24.735210,46.702297
24.735210,46.702297
24.735210,46.702297
24.735210,46.702297
24.735235,46.702358
24.735235,46.702358
24.735235,46.702358
24.735235,46.702358
24.735235,46.702358
24.735235,46.702358
24.735260,46.702419
24.735260,46.702419
24.735260,46.702419
24.735260,46.702419
24.735260,46.702419
24.735260,46.702419
24.735260,46.702419
24.735281,46.702473
24.735281,46.702473
24.735281,46.702473
24.735281,46.702473
24.735281,46.702473
24.735281,46.702473
24.735302,46.702526
24.735302,46.702526
24.735302,46.702526
24.735302,46.702526
24.735302,46.702526
24.735302,46.702526
24.735319,46.702576
24.735319,46.702576
24.735319,46.702576
24.735319,46.702576
24.735319,46.702576
24.735319,46.702576
24.735319,46.702576
24.735332,46.702621
24.735332,46.702621
24.735332,46.702621
24.735332,46.702621
24.735332,46.702621
24.735332,46.702621
24.735344,46.702667
24.735344,46.702667
24.735344,46.702667
24.735344,46.702667
24.735344,46.702667
24.735344,46.702667
24.735353,46.702705
24.735353,46.702705
24.735353,46.702705
24.735353,46.702705
24.735353,46.702705
24.735353,46.702705
24.735353,46.702705
24.735367,46.702736
24.735367,46.702736
24.735367,46.702736
24.735367,46.702736
24.735367,46.702736
24.735367,46.702736
24.735386,46.702759
24.735386,46.702759
24.735386,46.702759
24.735386,46.702759
24.735386,46.702759
24.735386,46.702759
24.735407,46.702766
24.735407,46.702766
24.735407,46.702766
24.735407,46.702766
24.735407,46.702766
24.735407,46.702766
24.735407,46.702766
24.735424,46.702763
24.735424,46.702763
24.735424,46.702763
24.735424,46.702763
24.735424,46.702763
24.735424,46.702763
24.735437,46.702755
24.735437,46.702755
24.735437,46.702755
24.735437,46.702755
24.735437,46.702755
24.735437,46.702755
24.735437,46.702755
24.735447,46.702740
24.735447,46.702740
24.735447,46.702740
24.735447,46.702740
24.735447,46.702740
24.735447,46.702740
24.735451,46.702724
24.735451,46.702724
24.735451,46.702724
24.735451,46.702724
24.735451,46.702724
24.735451,46.702724
24.735449,46.702705
24.735449,46.702705
24.735449,46.702705
24.735449,46.702705
24.735449,46.702705
24.735449,46.702705
24.735449,46.702705
24.735441,46.702686
24.735441,46.702686
24.735441,46.702686
24.735441,46.702686
24.735441,46.702686
24.735441,46.702686
24.735434,46.702663
24.735434,46.702663
24.735434,46.702663
24.735434,46.702663
24.735434,46.702663
24.735434,46.702663
24.735424,46.702641
24.735424,46.702641
24.735424,46.702641
24.735424,46.702641
24.735424,46.702641
24.735424,46.702641
24.735424,46.702641
24.735413,46.702614
24.735413,46.702614
24.735413,46.702614
24.735413,46.702614
24.735413,46.702614
24.735413,46.702614
24.735399,46.702583
24.735399,46.702583
24.735399,46.702583
24.735399,46.702583
24.735399,46.702583
24.735399,46.702583
24.735399,46.702583
24.735384,46.702553
24.735384,46.702553
24.735384,46.702553
24.735384,46.702553
24.735384,46.702553
24.735384,46.702553
24.735369,46.702518
24.735369,46.702518
24.735369,46.702518
24.735369,46.702518
24.735369,46.702518
24.735369,46.702518
24.735353,46.702484
24.735353,46.702484
24.735353,46.702484
24.735353,46.702484
24.735353,46.702484
24.735353,46.702484
24.735353,46.702484
24.735338,46.702450
24.735338,46.702450
24.735338,46.702450
24.735338,46.702450
24.735338,46.702450
24.735338,46.702450
24.735323,46.702415
24.735323,46.702415
24.735323,46.702415
24.735323,46.702415
24.735323,46.702415
24.735323,46.702415
24.735308,46.702377
24.735308,46.702377
24.735308,46.702377
24.735308,46.702377
24.735308,46.702377
24.735308,46.702377
24.735308,46.702377
24.735291,46.702339
24.735291,46.702339
24.735291,46.702339
24.735291,46.702339
24.735291,46.702339
24.735291,46.702339
24.735273,46.702301
24.735273,46.702301
24.735273,46.702301
24.735273,46.702301
24.735273,46.702301
24.735273,46.702301
24.735273,46.702301
24.735254,46.702263
24.735254,46.702263
24.735254,46.702263
24.735254,46.702263
24.735254,46.702263
24.735254,46.702263
24.735237,46.702225
24.735237,46.702225
24.735237,46.702225
24.735237,46.702225
24.735237,46.702225
24.735237,46.702225
24.735218,46.702183
24.735218,46.702183
24.735218,46.702183
24.735218,46.702183
24.735218,46.702183
24.735218,46.702183
24.735218,46.702183
24.735199,46.702145
24.735199,46.702145
24.735199,46.702145
24.735199,46.702145
24.735199,46.702145
24.735199,46.702145
24.735180,46.702103
24.735180,46.702103
24.735180,46.702103
24.735180,46.702103
24.735180,46.702103
24.735180,46.702103
24.735163,46.702061
24.735163,46.702061
24.735163,46.702061
24.735163,46.702061
24.735163,46.702061
24.735163,46.702061
24.735163,46.702061
24.735142,46.702019
24.735142,46.702019
24.735142,46.702019
24.735142,46.702019
24.735142,46.702019
24.735142,46.702019
24.735125,46.701977
24.735125,46.701977
24.735125,46.701977
24.735125,46.701977
24.735125,46.701977
24.735125,46.701977
24.735125,46.701977
24.735106,46.701935
24.735106,46.701935
24.735106,46.701935
24.735106,46.701935
24.735106,46.701935
24.735106,46.701935
24.735086,46.701893
24.735086,46.701893
24.735086,46.701893
24.735086,46.701893
24.735086,46.701893
24.735086,46.701893
24.735067,46.701851
24.735067,46.701851
24.735067,46.701851
24.735067,46.701851
24.735067,46.701851
24.735067,46.701851
24.735067,46.701851
24.735048,46.701805
24.735048,46.701805
24.735048,46.701805
24.735048,46.701805
24.735048,46.701805
24.735048,46.701805
24.735031,46.701763
24.735031,46.701763
24.735031,46.701763
24.735031,46.701763
24.735031,46.701763
24.735031,46.701763
24.735031,46.701763
24.735012,46.701717
24.735012,46.701717
24.735012,46.701717
24.735012,46.701717
24.735012,46.701717
24.735012,46.701717
24.734991,46.701672
24.734991,46.701672
24.734991,46.701672
24.734991,46.701672
24.734991,46.701672
24.734991,46.701672
24.734972,46.701626
24.734972,46.701626
24.734972,46.701626
24.734972,46.701626
24.734972,46.701626
24.734972,46.701626
24.734972,46.701626
24.734951,46.701580
24.734951,46.701580
24.734951,46.701580
24.734951,46.701580
24.734951,46.701580
24.734951,46.701580
24.734930,46.701530
24.734930,46.701530
24.734930,46.701530
24.734930,46.701530
24.734930,46.701530
24.734930,46.701530
24.734907,46.701485
24.734907,46.701485
24.734907,46.701485
24.734907,46.701485
24.734907,46.701485
24.734907,46.701485
24.734907,46.701485
24.734886,46.701435
24.734886,46.701435
24.734886,46.701435
24.734886,46.701435
24.734886,46.701435
24.734886,46.701435
24.734863,46.701385
24.734863,46.701385
24.734863,46.701385
24.734863,46.701385
24.734863,46.701385
24.734863,46.701385
24.734842,46.701336
24.734842,46.701336
24.734842,46.701336
24.734842,46.701336
24.734842,46.701336
24.734842,46.701336
24.734842,46.701336
24.734821,46.701283
24.734821,46.701283
24.734821,46.701283
24.734821,46.701283
24.734821,46.701283
24.734821,46.701283
24.734800,46.701233
24.734800,46.701233
24.734800,46.701233
24.734800,46.701233
24.734800,46.701233
24.734800,46.701233
24.734800,46.701233
24.734777,46.701180
24.734777,46.701180
24.734777,46.701180
24.734777,46.701180
24.734777,46.701180
24.734777,46.701180
24.734755,46.701130
24.734755,46.701130
24.734755,46.701130
24.734755,46.701130
24.734755,46.701130
24.734755,46.701130
24.734734,46.701077
24.734734,46.701077
24.734734,46.701077
24.734734,46.701077
24.734734,46.701077
24.734734,46.701077
24.734734,46.701077
24.734709,46.701023
24.734709,46.701023
24.734709,46.701023
24.734709,46.701023
24.734709,46.701023
24.734709,46.701023
24.734686,46.700970
24.734686,46.700970
24.734686,46.700970
24.734686,46.700970
24.734686,46.700970
24.734686,46.700970
24.734686,46.700970
24.734663,46.700916
24.734663,46.700916
24.734663,46.700916
24.734663,46.700916
24.734663,46.700916
24.734663,46.700916
24.734640,46.700863
24.734640,46.700863
24.734640,46.700863
24.734640,46.700863
24.734640,46.700863
24.734640,46.700863
24.734617,46.700809
24.734617,46.700809
24.734617,46.700809
24.734617,46.700809
24.734617,46.700809
24.734617,46.700809
24.734617,46.700809
24.734594,46.700756
24.734594,46.700756
24.734594,46.700756
24.734594,46.700756
24.734594,46.700756
24.734594,46.700756
24.734571,46.700703
24.734571,46.700703
24.734571,46.700703
24.734571,46.700703
24.734571,46.700703
24.734571,46.700703
24.734549,46.700649
24.734549,46.700649
24.734549,46.700649
24.734549,46.700649
24.734549,46.700649
24.734549,46.700649
24.734549,46.700649
24.734529,46.700600
24.734529,46.700600
24.734529,46.700600
24.734529,46.700600
24.734529,46.700600
24.734529,46.700600
24.734510,46.700554
24.734510,46.700554
24.734510,46.700554
24.734510,46.700554
24.734510,46.700554
24.734510,46.700554
24.734493,46.700512
24.734493,46.700512
24.734493,46.700512
24.734493,46.700512
24.734493,46.700512
24.734493,46.700512
24.734493,46.700512
24.734480,46.700470
24.734480,46.700470
24.734480,46.700470
24.734480,46.700470
24.734480,46.700470
24.734480,46.700470
24.734468,46.700436
24.734468,46.700436
24.734468,46.700436
24.734468,46.700436
24.734468,46.700436
24.734468,46.700436
24.734468,46.700436
24.734461,46.700401
24.734461,46.700401
24.734461,46.700401
24.734461,46.700401
24.734461,46.700401
24.734461,46.700401
24.734457,46.700367
24.734457,46.700367
24.734457,46.700367
24.734457,46.700367
24.734457,46.700367
24.734457,46.700367
24.734455,46.700340
24.734455,46.700340
24.734455,46.700340
24.734455,46.700340
24.734455,46.700340
24.734455,46.700340
24.734455,46.700340
24.734453,46.700317
24.734453,46.700317
24.734453,46.700317
24.734453,46.700317
24.734453,46.700317
24.734453,46.700317
24.734451,46.700298
24.734451,46.700298
24.734451,46.700298
24.734451,46.700298
24.734451,46.700298
24.734451,46.700298
24.734447,46.700275
24.734447,46.700275
24.734447,46.700275
24.734447,46.700275
24.734447,46.700275
24.734447,46.700275
24.734447,46.700275
24.734438,46.700256
24.734438,46.700256
24.734438,46.700256
24.734438,46.700256
24.734438,46.700256
24.734438,46.700256
24.734426,46.700241
24.734426,46.700241
24.734426,46.700241
24.734426,46.700241
24.734426,46.700241
24.734426,46.700241
24.734411,46.700233
24.734411,46.700233
24.734411,46.700233
24.734411,46.700233
24.734411,46.700233
24.734411,46.700233
24.734411,46.700233
24.734400,46.700233
24.734400,46.700233
24.734400,46.700233
24.734400,46.700233
24.734400,46.700233
24.734400,46.700233
24.734388,46.700233
24.734388,46.700233
24.734388,46.700233
24.734388,46.700233
24.734388,46.700233
24.734388,46.700233
24.734388,46.700233
24.734377,46.700233
24.734377,46.700233
24.734377,46.700233
24.734377,46.700233
24.734377,46.700233
24.734377,46.700233
24.734365,46.700241
24.734365,46.700241
24.734365,46.700241
24.734365,46.700241
24.734365,46.700241
24.734365,46.700241
24.734358,46.700249
24.734358,46.700249
24.734358,46.700249
24.734358,46.700249
24.734358,46.700249
24.734358,46.700249
24.734358,46.700249
24.734352,46.700260
24.734352,46.700260
24.734352,46.700260
24.734352,46.700260
24.734352,46.700260
24.734352,46.700260
24.734350,46.700272
24.734350,46.700272
24.734350,46.700272
24.734350,46.700272
24.734350,46.700272
24.734350,46.700272
24.734352,46.700287
24.734352,46.700287
24.734352,46.700287
24.734352,46.700287
24.734352,46.700287
24.734352,46.700287
24.734352,46.700287
24.734358,46.700302
24.734358,46.700302
24.734358,46.700302
24.734358,46.700302
24.734358,46.700302
24.734358,46.700302
24.734365,46.700321
24.734365,46.700321
24.734365,46.700321
24.734365,46.700321
24.734365,46.700321
24.734365,46.700321
24.734365,46.700321
24.734375,46.700340
24.734375,46.700340
24.734375,46.700340
24.734375,46.700340
24.734375,46.700340
24.734375,46.700340
24.734386,46.700367
24.734386,46.700367
24.734386,46.700367
24.734386,46.700367
24.734386,46.700367
24.734386,46.700367
24.734398,46.700390
24.734398,46.700390
24.734398,46.700390
24.734398,46.700390
24.734398,46.700390
24.734398,46.700390
24.734398,46.700390
24.734411,46.700420
24.734411,46.700420
24.734411,46.700420
24.734411,46.700420
24.734411,46.700420
24.734411,46.700420
24.734425,46.700447
24.734425,46.700447
24.734425,46.700447
24.734425,46.700447
24.734425,46.700447
24.734425,46.700447
24.734438,46.700478
24.734438,46.700478
24.734438,46.700478
24.734438,46.700478
24.734438,46.700478
24.734438,46.700478
24.734438,46.700478
24.734451,46.700508
24.734451,46.700508
24.734451,46.700508
24.734451,46.700508
24.734451,46.700508
24.734451,46.700508
24.734463,46.700542
24.734463,46.700542
24.734463,46.700542
24.734463,46.700542
24.734463,46.700542
24.734463,46.700542
24.734463,46.700542
24.734478,46.700573
24.734478,46.700573
24.734478,46.700573
24.734478,46.700573
24.734478,46.700573
24.734478,46.700573
24.734491,46.700611
24.734491,46.700611
24.734491,46.700611
24.734491,46.700611
24.734491,46.700611
24.734491,46.700611
24.734507,46.700645
24.734507,46.700645
24.734507,46.700645
24.734507,46.700645
24.734507,46.700645
24.734507,46.700645
24.734507,46.700645
24.734522,46.700684
24.734522,46.700684
24.734522,46.700684
24.734522,46.700684
24.734522,46.700684
24.734522,46.700684
24.734537,46.700718
24.734537,46.700718
24.734537,46.700718
24.734537,46.700718
24.734537,46.700718
24.734537,46.700718
24.734554,46.700756
24.734554,46.700756
24.734554,46.700756
24.734554,46.700756
24.734554,46.700756
24.734554,46.700756
24.734554,46.700756
24.734571,46.700794
24.734571,46.700794
24.734571,46.700794
24.734571,46.700794
24.734571,46.700794
24.734571,46.700794
24.734591,46.700832
24.734591,46.700832
24.734591,46.700832
24.734591,46.700832
24.734591,46.700832
24.734591,46.700832
24.734610,46.700871
24.734610,46.700871
24.734610,46.700871
24.734610,46.700871
24.734610,46.700871
24.734610,46.700871
24.734610,46.700871
24.734629,46.700909
24.734629,46.700909
24.734629,46.700909
24.734629,46.700909
24.734629,46.700909
24.734629,46.700909
24.734648,46.700947
24.734648,46.700947
24.734648,46.700947
24.734648,46.700947
24.734648,46.700947
24.734648,46.700947
24.734648,46.700947
24.734669,46.700985
24.734669,46.700985
24.734669,46.700985
24.734669,46.700985
24.734669,46.700985
24.734669,46.700985
24.734688,46.701027
24.734688,46.701027
24.734688,46.701027
24.734688,46.701027
24.734688,46.701027
24.734688,46.701027
24.734709,46.701065
24.734709,46.701065
24.734709,46.701065
24.734709,46.701065
24.734709,46.701065
24.734709,46.701065
24.734709,46.701065
24.734728,46.701107
24.734728,46.701107
24.734728,46.701107
24.734728,46.701107
24.734728,46.701107
24.734728,46.701107
24.734749,46.701145
24.734749,46.701145
24.734749,46.701145
24.734749,46.701145
24.734749,46.701145
24.734749,46.701145
24.734770,46.701187
24.734770,46.701187
24.734770,46.701187
24.734770,46.701187
24.734770,46.701187
24.734770,46.701187
24.734770,46.701187
24.734789,46.701229
24.734789,46.701229
24.734789,46.701229
24.734789,46.701229
24.734789,46.701229
24.734789,46.701229
24.734810,46.701271
24.734810,46.701271
24.734810,46.701271
24.734810,46.701271
24.734810,46.701271
24.734810,46.701271
24.734810,46.701271
24.734829,46.701317
24.734829,46.701317
24.734829,46.701317
24.734829,46.701317
24.734829,46.701317
24.734829,46.701317
24.734850,46.701359
24.734850,46.701359
24.734850,46.701359
24.734850,46.701359
24.734850,46.701359
24.734850,46.701359
24.734869,46.701405
24.734869,46.701405
24.734869,46.701405
24.734869,46.701405
24.734869,46.701405
24.734869,46.701405
24.734869,46.701405
24.734888,46.701450
24.734888,46.701450
24.734888,46.701450
24.734888,46.701450
24.734888,46.701450
24.734888,46.701450
24.734909,46.701496
24.734909,46.701496
24.734909,46.701496
24.734909,46.701496
24.734909,46.701496
24.734909,46.701496
24.734909,46.701496
24.734928,46.701542
24.734928,46.701542
24.734928,46.701542
24.734928,46.701542
24.734928,46.701542
24.734928,46.701542
24.734949,46.701591
24.734949,46.701591
24.734949,46.701591
24.734949,46.701591
24.734949,46.701591
24.734949,46.701591
24.734970,46.701637
24.734970,46.701637
24.734970,46.701637
24.734970,46.701637
24.734970,46.701637
24.734970,46.701637
24.734970,46.701637
24.734993,46.701687
24.734993,46.701687
24.734993,46.701687
24.734993,46.701687
24.734993,46.701687
24.734993,46.701687
24.735014,46.701736
24.735014,46.701736
24.735014,46.701736
24.735014,46.701736
24.735014,46.701736
24.735014,46.701736
24.735035,46.701786
24.735035,46.701786
24.735035,46.701786
24.735035,46.701786
24.735035,46.701786
24.735035,46.701786
24.735035,46.701786
24.735054,46.701839
24.735054,46.701839
24.735054,46.701839
24.735054,46.701839
24.735054,46.701839
24.735054,46.701839
24.735075,46.701893
24.735075,46.701893
24.735075,46.701893
24.735075,46.701893
24.735075,46.701893
24.735075,46.701893
24.735096,46.701946
24.735096,46.701946
24.735096,46.701946
24.735096,46.701946
24.735096,46.701946
24.735096,46.701946
24.735096,46.701946
24.735119,46.702000
24.735119,46.702000
24.735119,46.702000
24.735119,46.702000
24.735119,46.702000
24.735119,46.702000
24.735142,46.702053
24.735142,46.702053
24.735142,46.702053
24.735142,46.702053
24.735142,46.702053
24.735142,46.702053
24.735142,46.702053
24.735165,46.702110
24.735165,46.702110
24.735165,46.702110
24.735165,46.702110
24.735165,46.702110
24.735165,46.702110
24.735189,46.702168
24.735189,46.702168
24.735189,46.702168
24.735189,46.702168
24.735189,46.702168
24.735189,46.702168
24.735212,46.702221
24.735212,46.702221
24.735212,46.702221
24.735212,46.702221
24.735212,46.702221
24.735212,46.702221
24.735212,46.702221
24.735237,46.702278
24.735237,46.702278
24.735237,46.702278
24.735237,46.702278
24.735237,46.702278
24.735237,46.702278
24.735262,46.702335
24.735262,46.702335
24.735262,46.702335
24.735262,46.702335
24.735262,46.702335
24.735262,46.702335
24.735287,46.702389
24.735287,46.702389
24.735287,46.702389
24.735287,46.702389
24.735287,46.702389
24.735287,46.702389
24.735287,46.702389
24.735313,46.702435
24.735313,46.702435
24.735313,46.702435
24.735313,46.702435
24.735313,46.702435
24.735313,46.702435
24.735338,46.702480
24.735338,46.702480
24.735338,46.702480
24.735338,46.702480
24.735338,46.702480
24.735338,46.702480
24.735338,46.702480
24.735359,46.702518
24.735359,46.702518
24.735359,46.702518
24.735359,46.702518
24.735359,46.702518
24.735359,46.702518
24.735380,46.702553
24.735380,46.702553
24.735380,46.702553
24.735380,46.702553
24.735380,46.702553
24.735380,46.702553
24.735399,46.702587
24.735399,46.702587
24.735399,46.702587
24.735399,46.702587
24.735399,46.702587
24.735399,46.702587
24.735399,46.702587
24.735416,46.702614
24.735416,46.702614
24.735416,46.702614
24.735416,46.702614
24.735416,46.702614
24.735416,46.702614
24.735424,46.702641
24.735424,46.702641
24.735424,46.702641
24.735424,46.702641
24.735424,46.702641
24.735424,46.702641
24.735422,46.702667
24.735422,46.702667
24.735422,46.702667
24.735422,46.702667
24.735422,46.702667
24.735422,46.702667
24.735422,46.702667
24.735415,46.702686
24.735415,46.702686
24.735415,46.702686
24.735415,46.702686
24.735415,46.702686
24.735415,46.702686
24.735403,46.702702
24.735403,46.702702
24.735403,46.702702
24.735403,46.702702
24.735403,46.702702
24.735403,46.702702
24.735388,46.702705
24.735388,46.702705
24.735388,46.702705
24.735388,46.702705
24.735388,46.702705
24.735388,46.702705
24.735388,46.702705
24.735374,46.702709
24.735374,46.702709
24.735374,46.702709
24.735374,46.702709
24.735374,46.702709
24.735374,46.702709
24.735361,46.702705
24.735361,46.702705
24.735361,46.702705
24.735361,46.702705
24.735361,46.702705
24.735361,46.702705
24.735361,46.702705
24.735350,46.702698
24.735350,46.702698
24.735350,46.702698
24.735350,46.702698
24.735350,46.702698
24.735350,46.702698
24.735338,46.702686
24.735338,46.702686
24.735338,46.702686
24.735338,46.702686
24.735338,46.702686
24.735338,46.702686
24.735331,46.702667
24.735331,46.702667
24.735331,46.702667
24.735331,46.702667
24.735331,46.702667
24.735331,46.702667
24.735331,46.702667
24.735325,46.702644
24.735325,46.702644
24.735325,46.702644
24.735325,46.702644
24.735325,46.702644
24.735325,46.702644
24.735321,46.702618
24.735321,46.702618
24.735321,46.702618
24.735321,46.702618
24.735321,46.702618
24.735321,46.702618
24.735317,46.702591
24.735317,46.702591
24.735317,46.702591
24.735317,46.702591
24.735317,46.702591
24.735317,46.702591
24.735317,46.702591
24.735312,46.702560
24.735312,46.702560
24.735312,46.702560
24.735312,46.702560
24.735312,46.702560
24.735312,46.702560
24.735308,46.702530
24.735308,46.702530
24.735308,46.702530
24.735308,46.702530
24.735308,46.702530
24.735308,46.702530
24.735308,46.702530
24.735300,46.702499
24.735300,46.702499
24.735300,46.702499
24.735300,46.702499
24.735300,46.702499
24.735300,46.702499
24.735292,46.702465
24.735292,46.702465
24.735292,46.702465
24.735292,46.702465
24.735292,46.702465
24.735292,46.702465
24.735285,46.702431
24.735285,46.702431
24.735285,46.702431
24.735285,46.702431
24.735285,46.702431
24.735285,46.702431
24.735285,46.702431
24.735273,46.702393
24.735273,46.702393
24.735273,46.702393
24.735273,46.702393
24.735273,46.702393
24.735273,46.702393
24.735262,46.702354
24.735262,46.702354
24.735262,46.702354
24.735262,46.702354
24.735262,46.702354
24.735262,46.702354
24.735252,46.702316
24.735252,46.702316
24.735252,46.702316
24.735252,46.702316
24.735252,46.702316
24.735252,46.702316
24.735252,46.702316
24.735241,46.702274
24.735241,46.702274
24.735241,46.702274
24.735241,46.702274
24.735241,46.702274
24.735241,46.702274
24.735228,46.702236
24.735228,46.702236
24.735228,46.702236
24.735228,46.702236
24.735228,46.702236
24.735228,46.702236
24.735228,46.702236
24.735214,46.702194
24.735214,46.702194
24.735214,46.702194
24.735214,46.702194
24.735214,46.702194
24.735214,46.702194
24.735199,46.702156
24.735199,46.702156
24.735199,46.702156
24.735199,46.702156
24.735199,46.702156
24.735199,46.702156
24.735184,46.702118
24.735184,46.702118
24.735184,46.702118
24.735184,46.702118
24.735184,46.702118
24.735184,46.702118
24.735184,46.702118
24.735167,46.702076
24.735167,46.702076
24.735167,46.702076
24.735167,46.702076
24.735167,46.702076
24.735167,46.702076
24.735149,46.702038
24.735149,46.702038
24.735149,46.702038
24.735149,46.702038
24.735149,46.702038
24.735149,46.702038
24.735130,46.702000
24.735130,46.702000
24.735130,46.702000
24.735130,46.702000
24.735130,46.702000
24.735130,46.702000
24.735130,46.702000
24.735111,46.701958
24.735111,46.701958
24.735111,46.701958
24.735111,46.701958
24.735111,46.701958
24.735111,46.701958
24.735094,46.701920
24.735094,46.701920
24.735094,46.701920
24.735094,46.701920
24.735094,46.701920
24.735094,46.701920
24.735094,46.701920
24.735077,46.701878
24.735077,46.701878
24.735077,46.701878
24.735077,46.701878
24.735077,46.701878
24.735077,46.701878
24.735058,46.701836
24.735058,46.701836
24.735058,46.701836
24.735058,46.701836
24.735058,46.701836
24.735058,46.701836
24.735041,46.701794
24.735041,46.701794
24.735041,46.701794
24.735041,46.701794
24.735041,46.701794
24.735041,46.701794
24.735041,46.701794
24.735023,46.701748
24.735023,46.701748
24.735023,46.701748
24.735023,46.701748
24.735023,46.701748
24.735023,46.701748
24.735004,46.701706
24.735004,46.701706
24.735004,46.701706
24.735004,46.701706
24.735004,46.701706
24.735004,46.701706
24.734985,46.701660
24.734985,46.701660
24.734985,46.701660
24.734985,46.701660
24.734985,46.701660
24.734985,46.701660
24.734985,46.701660
24.734964,46.701614
24.734964,46.701614
24.734964,46.701614
24.734964,46.701614
24.734964,46.701614
24.734964,46.701614
24.734945,46.701569
24.734945,46.701569
24.734945,46.701569
24.734945,46.701569
24.734945,46.701569
24.734945,46.701569
24.734945,46.701569
24.734924,46.701523
24.734924,46.701523
24.734924,46.701523
24.734924,46.701523
24.734924,46.701523
24.734924,46.701523
24.734903,46.701477
24.734903,46.701477
24.734903,46.701477
24.734903,46.701477
24.734903,46.701477
24.734903,46.701477
24.734882,46.701427
24.734882,46.701427
24.734882,46.701427
24.734882,46.701427
24.734882,46.701427
24.734882,46.701427
24.734882,46.701427
24.734859,46.701382
24.734859,46.701382
24.734859,46.701382
24.734859,46.701382
24.734859,46.701382
24.734859,46.701382
24.734838,46.701332
24.734838,46.701332
24.734838,46.701332
24.734838,46.701332
24.734838,46.701332
24.734838,46.701332
24.734818,46.701283
24.734818,46.701283
24.734818,46.701283
24.734818,46.701283
24.734818,46.701283
24.734818,46.701283
24.734818,46.701283
24.734795,46.701229
24.734795,46.701229
24.734795,46.701229
24.734795,46.701229
24.734795,46.701229
24.734795,46.701229
24.734774,46.701180
24.734774,46.701180
24.734774,46.701180
24.734774,46.701180
24.734774,46.701180
24.734774,46.701180
24.734774,46.701180
24.734751,46.701126
24.734751,46.701126
24.734751,46.701126
24.734751,46.701126
24.734751,46.701126
24.734751,46.701126
24.734730,46.701077
24.734730,46.701077
24.734730,46.701077
24.734730,46.701077
24.734730,46.701077
24.734730,46.701077
24.734707,46.701023
24.734707,46.701023
24.734707,46.701023
24.734707,46.701023
24.734707,46.701023
24.734707,46.701023
24.734707,46.701023
24.734686,46.700970
24.734686,46.700970
24.734686,46.700970
24.734686,46.700970
24.734686,46.700970
24.734686,46.700970
24.734663,46.700916
24.734663,46.700916
24.734663,46.700916
24.734663,46.700916
24.734663,46.700916
24.734663,46.700916
24.734640,46.700863
24.734640,46.700863
24.734640,46.700863
24.734640,46.700863
24.734640,46.700863
24.734640,46.700863
24.734640,46.700863
24.734617,46.700813
24.734617,46.700813
24.734617,46.700813
24.734617,46.700813
24.734617,46.700813
24.734617,46.700813
24.734596,46.700760
24.734596,46.700760
24.734596,46.700760
24.734596,46.700760
24.734596,46.700760
24.734596,46.700760
24.734596,46.700760
24.734573,46.700706
24.734573,46.700706
24.734573,46.700706
24.734573,46.700706
24.734573,46.700706
24.734573,46.700706
24.734549,46.700649
24.734549,46.700649
24.734549,46.700649
24.734549,46.700649
24.734549,46.700649
24.734549,46.700649
24.734528,46.700596
24.734528,46.700596
24.734528,46.700596
24.734528,46.700596
24.734528,46.700596
24.734528,46.700596
24.734528,46.700596
24.734509,46.700546
24.734509,46.700546
24.734509,46.700546
24.734509,46.700546
24.734509,46.700546
24.734509,46.700546
24.734491,46.700500
24.734491,46.700500
24.734491,46.700500
24.734491,46.700500
24.734491,46.700500
24.734491,46.700500
24.734478,46.700459
24.734478,46.700459
24.734478,46.700459
24.734478,46.700459
24.734478,46.700459
24.734478,46.700459
24.734478,46.700459
24.734468,46.700417
24.734468,46.700417
24.734468,46.700417
24.734468,46.700417
24.734468,46.700417
24.734468,46.700417
24.734463,46.700378
24.734463,46.700378
24.734463,46.700378
24.734463,46.700378
24.734463,46.700378
24.734463,46.700378
24.734459,46.700344
24.734459,46.700344
24.734459,46.700344
24.734459,46.700344
24.734459,46.700344
24.734459,46.700344
24.734459,46.700344
24.734455,46.700314
24.734455,46.700314
24.734455,46.700314
24.734455,46.700314
24.734455,46.700314
24.734455,46.700314
24.734451,46.700287
24.734451,46.700287
24.734451,46.700287
24.734451,46.700287
24.734451,46.700287
24.734451,46.700287
24.734451,46.700287
24.734446,46.700264
24.734446,46.700264
24.734446,46.700264
24.734446,46.700264
24.734446,46.700264
24.734446,46.700264
24.734438,46.700249
24.734438,46.700249
24.734438,46.700249
24.734438,46.700249
24.734438,46.700249
24.734438,46.700249
24.734425,46.700237
24.734425,46.700237
24.734425,46.700237
24.734425,46.700237
24.734425,46.700237
24.734425,46.700237
24.734425,46.700237
24.734411,46.700230
24.734411,46.700230
24.734411,46.700230
24.734411,46.700230
24.734411,46.700230
24.734411,46.700230
24.734400,46.700226
24.734400,46.700226
24.734400,46.700226
24.734400,46.700226
24.734400,46.700226
24.734400,46.700226
24.734386,46.700230
24.734386,46.700230
24.734386,46.700230
24.734386,46.700230
24.734386,46.700230
24.734386,46.700230
24.734386,46.700230
24.734373,46.700233
24.734373,46.700233
24.734373,46.700233
24.734373,46.700233
24.734373,46.700233
24.734373,46.700233
24.734362,46.700241
24.734362,46.700241
24.734362,46.700241
24.734362,46.700241
24.734362,46.700241
24.734362,46.700241
24.734362,46.700241
24.734354,46.700253
24.734354,46.700253
24.734354,46.700253
24.734354,46.700253
24.734354,46.700253
24.734354,46.700253
24.734350,46.700268
24.734350,46.700268
24.734350,46.700268
24.734350,46.700268
24.734350,46.700268
24.734350,46.700268
24.734352,46.700283
24.734352,46.700283
24.734352,46.700283
24.734352,46.700283
24.734352,46.700283
24.734352,46.700283
24.734352,46.700283
24.734356,46.700298
24.734356,46.700298
24.734356,46.700298
24.734356,46.700298
24.734356,46.700298
24.734356,46.700298
24.734362,46.700314
24.734362,46.700314
24.734362,46.700314
24.734362,46.700314
24.734362,46.700314
24.734362,46.700314
24.734369,46.700329
24.734369,46.700329
24.734369,46.700329
24.734369,46.700329
24.734369,46.700329
24.734369,46.700329
24.734369,46.700329
24.734379,46.700344
24.734379,46.700344
24.734379,46.700344
24.734379,46.700344
24.734379,46.700344
24.734379,46.700344
24.734388,46.700363
24.734388,46.700363
24.734388,46.700363
24.734388,46.700363
24.734388,46.700363
24.734388,46.700363
24.734400,46.700382
24.734400,46.700382
24.734400,46.700382
24.734400,46.700382
24.734400,46.700382
24.734400,46.700382
24.734400,46.700382
24.734411,46.700405
24.734411,46.700405
24.734411,46.700405
24.734411,46.700405
24.734411,46.700405
24.734411,46.700405
24.734425,46.700428
24.734425,46.700428
24.734425,46.700428
24.734425,46.700428
24.734425,46.700428
24.734425,46.700428
24.734425,46.700428
24.734438,46.700451
24.734438,46.700451
24.734438,46.700451
24.734438,46.700451
24.734438,46.700451
24.734438,46.700451
24.734451,46.700478
24.734451,46.700478
24.734451,46.700478
24.734451,46.700478
24.734451,46.700478
24.734451,46.700478
24.734465,46.700504
24.734465,46.700504
24.734465,46.700504
24.734465,46.700504
24.734465,46.700504
24.734465,46.700504
24.734465,46.700504
24.734480,46.700531
24.734480,46.700531
24.734480,46.700531
24.734480,46.700531
24.734480,46.700531
24.734480,46.700531
24.734495,46.700562
24.734495,46.700562
24.734495,46.700562
24.734495,46.700562
24.734495,46.700562
24.734495,46.700562
24.734510,46.700592
24.734510,46.700592
24.734510,46.700592
24.734510,46.700592
24.734510,46.700592
24.734510,46.700592
24.734510,46.700592
24.734526,46.700623
24.734526,46.700623
24.734526,46.700623
24.734526,46.700623
24.734526,46.700623
24.734526,46.700623
24.734541,46.700657
24.734541,46.700657
24.734541,46.700657
24.734541,46.700657
24.734541,46.700657
24.734541,46.700657
24.734541,46.700657
24.734558,46.700687
24.734558,46.700687
24.734558,46.700687
24.734558,46.700687
24.734558,46.700687
24.734558,46.700687
24.734575,46.700722
24.734575,46.700722
24.734575,46.700722
24.734575,46.700722
24.734575,46.700722
24.734575,46.700722
24.734591,46.700760
24.734591,46.700760
24.734591,46.700760
24.734591,46.700760
24.734591,46.700760
24.734591,46.700760
24.734591,46.700760
24.734608,46.700794
24.734608,46.700794
24.734608,46.700794
24.734608,46.700794
24.734608,46.700794
24.734608,46.700794
24.734625,46.700832
24.734625,46.700832
24.734625,46.700832
24.734625,46.700832
24.734625,46.700832
24.734625,46.700832
24.734644,46.700871
24.734644,46.700871
24.734644,46.700871
24.734644,46.700871
24.734644,46.700871
24.734644,46.700871
24.734644,46.700871
24.734661,46.700909
24.734661,46.700909
24.734661,46.700909
24.734661,46.700909
24.734661,46.700909
24.734661,46.700909
24.734678,46.700951
24.734678,46.700951
24.734678,46.700951
24.734678,46.700951
24.734678,46.700951
24.734678,46.700951
24.734678,46.700951
24.734695,46.700989
24.734695,46.700989
24.734695,46.700989
24.734695,46.700989
24.734695,46.700989
24.734695,46.700989
24.734713,46.701027
24.734713,46.701027
24.734713,46.701027
24.734713,46.701027
24.734713,46.701027
24.734713,46.701027
24.734730,46.701065
24.734730,46.701065
24.734730,46.701065
24.734730,46.701065
24.734730,46.701065
24.734730,46.701065
24.734730,46.701065
24.734747,46.701107
24.734747,46.701107
24.734747,46.701107
24.734747,46.701107
24.734747,46.701107
24.734747,46.701107
24.734762,46.701149
24.734762,46.701149
24.734762,46.701149
24.734762,46.701149
24.734762,46.701149
24.734762,46.701149
24.734779,46.701187
24.734779,46.701187
24.734779,46.701187
24.734779,46.701187
24.734779,46.701187
24.734779,46.701187
24.734779,46.701187
24.734795,46.701229
24.734795,46.701229
24.734795,46.701229
24.734795,46.701229
24.734795,46.701229
24.734795,46.701229
24.734814,46.701271
24.734814,46.701271
24.734814,46.701271
24.734814,46.701271
24.734814,46.701271
24.734814,46.701271
24.734814,46.701271
24.734831,46.701313
24.734831,46.701313
24.734831,46.701313
24.734831,46.701313
24.734831,46.701313
24.734831,46.701313
24.734848,46.701355
24.734848,46.701355
24.734848,46.701355
24.734848,46.701355
24.734848,46.701355
24.734848,46.701355
24.734865,46.701397
24.734865,46.701397
24.734865,46.701397
24.734865,46.701397
24.734865,46.701397
24.734865,46.701397
24.734865,46.701397
24.734884,46.701439
24.734884,46.701439
24.734884,46.701439
24.734884,46.701439
24.734884,46.701439
24.734884,46.701439
24.734903,46.701481
24.734903,46.701481
24.734903,46.701481
24.734903,46.701481
24.734903,46.701481
24.734903,46.701481
24.734922,46.701523
24.734922,46.701523
24.734922,46.701523
24.734922,46.701523
24.734922,46.701523
24.734922,46.701523
24.734922,46.701523
24.734941,46.701569
24.734941,46.701569
24.734941,46.701569
24.734941,46.701569
24.734941,46.701569
24.734941,46.701569
24.734961,46.701611
24.734961,46.701611
24.734961,46.701611
24.734961,46.701611
24.734961,46.701611
24.734961,46.701611
24.734961,46.701611
24.734980,46.701656
24.734980,46.701656
24.734980,46.701656
24.734980,46.701656
24.734980,46.701656
24.734980,46.701656
24.734999,46.701698
24.734999,46.701698
24.734999,46.701698
24.734999,46.701698
24.734999,46.701698
24.734999,46.701698
24.735018,46.701744
24.735018,46.701744
24.735018,46.701744
24.735018,46.701744
24.735018,46.701744
24.735018,46.701744
24.735018,46.701744
24.735037,46.701790
24.735037,46.701790
24.735037,46.701790
24.735037,46.701790
24.735037,46.701790
24.735037,46.701790
24.735058,46.701836
24.735058,46.701836
24.735058,46.701836
24.735058,46.701836
24.735058,46.701836
24.735058,46.701836
24.735077,46.701881
24.735077,46.701881
24.735077,46.701881
24.735077,46.701881
24.735077,46.701881
24.735077,46.701881
24.735077,46.701881
24.735094,46.701931
24.735094,46.701931
24.735094,46.701931
24.735094,46.701931
24.735094,46.701931
24.735094,46.701931
24.735115,46.701977
24.735115,46.701977
24.735115,46.701977
24.735115,46.701977
24.735115,46.701977
24.735115,46.701977
24.735115,46.701977
24.735138,46.702026
24.735138,46.702026
24.735138,46.702026
24.735138,46.702026
24.735138,46.702026
24.735138,46.702026
24.735163,46.702072
24.735163,46.702072
24.735163,46.702072
24.735163,46.702072
24.735163,46.702072
24.735163,46.702072
24.735186,46.702122
24.735186,46.702122
24.735186,46.702122
24.735186,46.702122
24.735186,46.702122
24.735186,46.702122
24.735186,46.702122
24.735209,46.702168
24.735209,46.702168
24.735209,46.702168
24.735209,46.702168
24.735209,46.702168
24.735209,46.702168
24.735233,46.702217
24.735233,46.702217
24.735233,46.702217
24.735233,46.702217
24.735233,46.702217
24.735233,46.702217
24.735258,46.702267
24.735258,46.702267
24.735258,46.702267
24.735258,46.702267
24.735258,46.702267
24.735258,46.702267
24.735258,46.702267
24.735281,46.702316
24.735281,46.702316
24.735281,46.702316
24.735281,46.702316
24.735281,46.702316
24.735281,46.702316
24.735306,46.702370
24.735306,46.702370
24.735306,46.702370
24.735306,46.702370
24.735306,46.702370
24.735306,46.702370
24.735306,46.702370
24.735329,46.702415
24.735329,46.702415
24.735329,46.702415
24.735329,46.702415
24.735329,46.702415
24.735329,46.702415
24.735350,46.702461
24.735350,46.702461
24.735350,46.702461
24.735350,46.702461
24.735350,46.702461
24.735350,46.702461
24.735369,46.702499
24.735369,46.702499
24.735369,46.702499
24.735369,46.702499
24.735369,46.702499
24.735369,46.702499
24.735369,46.702499
24.735388,46.702538
24.735388,46.702538
24.735388,46.702538
24.735388,46.702538
24.735388,46.702538
24.735388,46.702538
24.735401,46.702572
24.735401,46.702572
24.735401,46.702572
24.735401,46.702572
24.735401,46.702572
24.735401,46.702572
24.735409,46.702602
24.735409,46.702602
24.735409,46.702602
24.735409,46.702602
24.735409,46.702602
24.735409,46.702602
24.735409,46.702602
24.735409,46.702633
24.735409,46.702633
24.735409,46.702633
24.735409,46.702633
24.735409,46.702633
24.735409,46.702633
24.735399,46.702656
24.735399,46.702656
24.735399,46.702656
24.735399,46.702656
24.735399,46.702656
24.735399,46.702656
24.735384,46.702671
24.735384,46.702671
24.735384,46.702671
24.735384,46.702671
24.735384,46.702671
24.735384,46.702671
24.735384,46.702671
24.735367,46.702675
24.735367,46.702675
24.735367,46.702675
24.735367,46.702675
24.735367,46.702675
24.735367,46.702675
24.735352,46.702671
24.735352,46.702671
24.735352,46.702671
24.735352,46.702671
24.735352,46.702671
24.735352,46.702671
24.735352,46.702671
24.735340,46.702663
24.735340,46.702663
24.735340,46.702663
24.735340,46.702663
24.735340,46.702663
24.735340,46.702663
24.735332,46.702656
24.735332,46.702656
24.735332,46.702656
24.735332,46.702656
24.735332,46.702656
24.735332,46.702656
24.735327,46.702644
24.735327,46.702644
24.735327,46.702644
24.735327,46.702644
24.735327,46.702644
24.735327,46.702644
24.735327,46.702644
24.735321,46.702633
24.735321,46.702633
24.735321,46.702633
24.735321,46.702633
24.735321,46.702633
24.735321,46.702633
24.735317,46.702618
24.735317,46.702618
24.735317,46.702618
24.735317,46.702618
24.735317,46.702618
24.735317,46.702618
24.735312,46.702602
24.735312,46.702602
24.735312,46.702602
24.735312,46.702602
24.735312,46.702602
24.735312,46.702602
24.735312,46.702602
24.735308,46.702583
24.735308,46.702583
24.735308,46.702583
24.735308,46.702583
24.735308,46.702583
24.735308,46.702583
24.735302,46.702564
24.735302,46.702564
24.735302,46.702564
24.735302,46.702564
24.735302,46.702564
24.735302,46.702564
24.735302,46.702564
24.735298,46.702541
24.735298,46.702541
24.735298,46.702541
24.735298,46.702541
24.735298,46.702541
24.735298,46.702541
24.735294,46.702518
24.735294,46.702518
24.735294,46.702518
24.735294,46.702518
24.735294,46.702518
24.735294,46.702518
24.735291,46.702492
24.735291,46.702492
24.735291,46.702492
24.735291,46.702492
24.735291,46.702492
24.735291,46.702492
24.735291,46.702492
24.735285,46.702469
24.735285,46.702469
24.735285,46.702469
24.735285,46.702469
24.735285,46.702469
24.735285,46.702469
24.735281,46.702442
24.735281,46.702442
24.735281,46.702442
24.735281,46.702442
24.735281,46.702442
24.735281,46.702442
24.735275,46.702412
24.735275,46.702412
24.735275,46.702412
24.735275,46.702412
24.735275,46.702412
24.735275,46.702412
24.735275,46.702412
24.735270,46.702381
24.735270,46.702381
24.735270,46.702381
24.735270,46.702381
24.735270,46.702381
24.735270,46.702381
24.735260,46.702351
24.735260,46.702351
24.735260,46.702351
24.735260,46.702351
24.735260,46.702351
24.735260,46.702351
24.735260,46.702351
24.735252,46.702320
24.735252,46.702320
24.735252,46.702320
24.735252,46.702320
24.735252,46.702320
24.735252,46.702320
24.735241,46.702286
24.735241,46.702286
24.735241,46.702286
24.735241,46.702286
24.735241,46.702286
24.735241,46.702286
24.735229,46.702255
24.735229,46.702255
24.735229,46.702255
24.735229,46.702255
24.735229,46.702255
24.735229,46.702255
24.735229,46.702255
24.735218,46.702221
24.735218,46.702221
24.735218,46.702221
24.735218,46.702221
24.735218,46.702221
24.735218,46.702221
24.735205,46.702187
24.735205,46.702187
24.735205,46.702187
24.735205,46.702187
24.735205,46.702187
24.735205,46.702187
24.735205,46.702187
24.735189,46.702152
24.735189,46.702152
24.735189,46.702152
24.735189,46.702152
24.735189,46.702152
24.735189,46.702152
24.735174,46.702118
24.735174,46.702118
24.735174,46.702118
24.735174,46.702118
24.735174,46.702118
24.735174,46.702118
24.735159,46.702080
24.735159,46.702080
24.735159,46.702080
24.735159,46.702080
24.735159,46.702080
24.735159,46.702080
24.735159,46.702080
24.735144,46.702045
24.735144,46.702045
24.735144,46.702045
24.735144,46.702045
24.735144,46.702045
24.735144,46.702045
24.735128,46.702007
24.735128,46.702007
24.735128,46.702007
24.735128,46.702007
24.735128,46.702007
24.735128,46.702007
24.735113,46.701969
24.735113,46.701969
24.735113,46.701969
24.735113,46.701969
24.735113,46.701969
24.735113,46.701969
24.735113,46.701969
24.735098,46.701931
24.735098,46.701931
24.735098,46.701931
24.735098,46.701931
24.735098,46.701931
24.735098,46.701931
24.735083,46.701893
24.735083,46.701893
24.735083,46.701893
24.735083,46.701893
24.735083,46.701893
24.735083,46.701893
24.735083,46.701893
24.735065,46.701855
24.735065,46.701855
24.735065,46.701855
24.735065,46.701855
24.735065,46.701855
24.735065,46.701855
24.735050,46.701813
24.735050,46.701813
24.735050,46.701813
24.735050,46.701813
24.735050,46.701813
24.735050,46.701813
24.735033,46.701775
24.735033,46.701775
24.735033,46.701775
24.735033,46.701775
24.735033,46.701775
24.735033,46.701775
24.735033,46.701775
24.735018,46.701736
24.735018,46.701736
24.735018,46.701736
24.735018,46.701736
24.735018,46.701736
24.735018,46.701736
24.735001,46.701694
24.735001,46.701694
24.735001,46.701694
24.735001,46.701694
24.735001,46.701694
24.735001,46.701694
24.734982,46.701656
24.734982,46.701656
24.734982,46.701656
24.734982,46.701656
24.734982,46.701656
24.734982,46.701656
24.734982,46.701656
24.734964,46.701614
24.734964,46.701614
24.734964,46.701614
24.734964,46.701614
24.734964,46.701614
24.734964,46.701614
24.734945,46.701572
24.734945,46.701572
24.734945,46.701572
24.734945,46.701572
24.734945,46.701572
24.734945,46.701572
24.734945,46.701572
24.734926,46.701527
24.734926,46.701527
24.734926,46.701527
24.734926,46.701527
24.734926,46.701527
24.734926,46.701527
24.734909,46.701485
24.734909,46.701485
24.734909,46.701485
24.734909,46.701485
24.734909,46.701485
24.734909,46.701485
24.734890,46.701443
24.734890,46.701443
24.734890,46.701443
24.734890,46.701443
24.734890,46.701443
24.734890,46.701443
24.734890,46.701443
24.734871,46.701397
24.734871,46.701397
24.734871,46.701397
24.734871,46.701397
24.734871,46.701397
24.734871,46.701397
24.734850,46.701351
24.734850,46.701351
24.734850,46.701351
24.734850,46.701351
24.734850,46.701351
24.734850,46.701351
24.734831,46.701309
24.734831,46.701309
24.734831,46.701309
24.734831,46.701309
24.734831,46.701309
24.734831,46.701309
24.734831,46.701309
24.734812,46.701260
24.734812,46.701260
24.734812,46.701260
24.734812,46.701260
24.734812,46.701260
24.734812,46.701260
24.734791,46.701214
24.734791,46.701214
24.734791,46.701214
24.734791,46.701214
24.734791,46.701214
24.734791,46.701214
24.734772,46.701168
24.734772,46.701168
24.734772,46.701168
24.734772,46.701168
24.734772,46.701168
24.734772,46.701168
24.734772,46.701168
24.734751,46.701118
24.734751,46.701118
24.734751,46.701118
24.734751,46.701118
24.734751,46.701118
24.734751,46.701118
24.734730,46.701073
24.734730,46.701073
24.734730,46.701073
24.734730,46.701073
24.734730,46.701073
24.734730,46.701073
24.734730,46.701073
24.734711,46.701023
24.734711,46.701023
24.734711,46.701023
24.734711,46.701023
24.734711,46.701023
24.734711,46.701023
24.734690,46.700977
24.734690,46.700977
24.734690,46.700977
24.734690,46.700977
24.734690,46.700977
24.734690,46.700977
24.734669,46.700928
24.734669,46.700928
24.734669,46.700928
24.734669,46.700928
24.734669,46.700928
24.734669,46.700928
24.734669,46.700928
24.734648,46.700878
24.734648,46.700878
24.734648,46.700878
24.734648,46.700878
24.734648,46.700878
24.734648,46.700878
24.734627,46.700829
24.734627,46.700829
24.734627,46.700829
24.734627,46.700829
24.734627,46.700829
24.734627,46.700829
24.734627,46.700829
24.734606,46.700779
24.734606,46.700779
24.734606,46.700779
24.734606,46.700779
24.734606,46.700779
24.734606,46.700779
24.734585,46.700729
24.734585,46.700729
24.734585,46.700729
24.734585,46.700729
24.734585,46.700729
24.734585,46.700729
24.734564,46.700676
24.734564,46.700676
24.734564,46.700676
24.734564,46.700676
24.734564,46.700676
24.734564,46.700676
24.734564,46.700676
24.734543,46.700626
24.734543,46.700626
24.734543,46.700626
24.734543,46.700626
24.734543,46.700626
24.734543,46.700626
24.734522,46.700573
24.734522,46.700573
24.734522,46.700573
24.734522,46.700573
24.734522,46.700573
24.734522,46.700573
24.734503,46.700523
24.734503,46.700523
24.734503,46.700523
24.734503,46.700523
24.734503,46.700523
24.734503,46.700523
24.734503,46.700523
24.734488,46.700474
24.734488,46.700474
24.734488,46.700474
24.734488,46.700474
24.734488,46.700474
24.734488,46.700474
24.734476,46.700428
24.734476,46.700428
24.734476,46.700428
24.734476,46.700428
24.734476,46.700428
24.734476,46.700428
24.734468,46.700386
24.734468,46.700386
24.734468,46.700386
24.734468,46.700386
24.734468,46.700386
24.734468,46.700386
24.734468,46.700386
24.734463,46.700348
24.734463,46.700348
24.734463,46.700348
24.734463,46.700348
24.734463,46.700348
24.734463,46.700348
24.734455,46.700314
24.734455,46.700314
24.734455,46.700314
24.734455,46.700314
24.734455,46.700314
24.734455,46.700314
24.734449,46.700283
24.734449,46.700283
24.734449,46.700283
24.734449,46.700283
24.734449,46.700283
24.734449,46.700283
24.734449,46.700283
24.734442,46.700260
24.734442,46.700260
24.734442,46.700260
24.734442,46.700260
24.734442,46.700260
24.734442,46.700260
24.734430,46.700245
24.734430,46.700245
24.734430,46.700245
24.734430,46.700245
24.734430,46.700245
24.734430,46.700245
24.734430,46.700245
24.734417,46.700233
24.734417,46.700233
24.734417,46.700233
24.734417,46.700233
24.734417,46.700233
24.734417,46.700233
24.734406,46.700226
24.734406,46.700226
24.734406,46.700226
24.734406,46.700226
24.734406,46.700226
24.734406,46.700226
24.734394,46.700222
24.734394,46.700222
24.734394,46.700222
24.734394,46.700222
24.734394,46.700222
24.734394,46.700222
24.734394,46.700222
24.734383,46.700222
24.734383,46.700222
24.734383,46.700222
24.734383,46.700222
24.734383,46.700222
24.734383,46.700222
24.734371,46.700222
24.734371,46.700222
24.734371,46.700222
24.734371,46.700222
24.734371,46.700222
24.734371,46.700222
24.734360,46.700226
24.734360,46.700226
24.734360,46.700226
24.734360,46.700226
24.734360,46.700226
24.734360,46.700226
24.734360,46.700226
24.734352,46.700230
24.734352,46.700230
24.734352,46.700230
24.734352,46.700230
24.734352,46.700230
24.734352,46.700230
24.734344,46.700237
24.734344,46.700237
24.734344,46.700237
24.734344,46.700237
24.734344,46.700237
24.734344,46.700237
24.734344,46.700237
24.734339,46.700249
24.734339,46.700249
24.734339,46.700249
24.734339,46.700249
24.734339,46.700249
24.734339,46.700249
24.734337,46.700256
24.734337,46.700256
24.734337,46.700256
24.734337,46.700256
24.734337,46.700256
24.734337,46.700256
24.734337,46.700268
24.734337,46.700268
24.734337,46.700268
24.734337,46.700268
24.734337,46.700268
24.734337,46.700268
24.734337,46.700268
24.734339,46.700279
24.734339,46.700279
24.734339,46.700279
24.734339,46.700279
24.734339,46.700279
24.734339,46.700279
24.734343,46.700287
24.734343,46.700287
24.734343,46.700287
24.734343,46.700287
24.734343,46.700287
24.734343,46.700287
24.734348,46.700294
24.734348,46.700294
24.734348,46.700294
24.734348,46.700294
24.734348,46.700294
24.734348,46.700294
24.734348,46.700294
24.734354,46.700302
24.734354,46.700302
24.734354,46.700302
24.734354,46.700302
24.734354,46.700302
24.734354,46.700302
24.734360,46.700314
24.734360,46.700314
24.734360,46.700314
24.734360,46.700314
24.734360,46.700314
24.734360,46.700314
24.734360,46.700314
24.734367,46.700325
24.734367,46.700325
24.734367,46.700325
24.734367,46.700325
24.734367,46.700325
24.734367,46.700325
24.734373,46.700344
24.734373,46.700344
24.734373,46.700344
24.734373,46.700344
24.734373,46.700344
24.734373,46.700344
24.734381,46.700359
24.734381,46.700359
24.734381,46.700359
24.734381,46.700359
24.734381,46.700359
24.734381,46.700359
24.734381,46.700359
24.734390,46.700378
24.734390,46.700378
24.734390,46.700378
24.734390,46.700378
24.734390,46.700378
24.734390,46.700378
24.734400,46.700397
24.734400,46.700397
24.734400,46.700397
24.734400,46.700397
24.734400,46.700397
24.734400,46.700397
24.734411,46.700420
24.734411,46.700420
24.734411,46.700420
24.734411,46.700420
24.734411,46.700420
24.734411,46.700420
24.734411,46.700420
24.734423,46.700443
24.734423,46.700443
24.734423,46.700443
24.734423,46.700443
24.734423,46.700443
24.734423,46.700443
24.734436,46.700466
24.734436,46.700466
24.734436,46.700466
24.734436,46.700466
24.734436,46.700466
24.734436,46.700466
24.734447,46.700493
24.734447,46.700493
24.734447,46.700493
24.734447,46.700493
24.734447,46.700493
24.734447,46.700493
24.734447,46.700493
24.734463,46.700520
24.734463,46.700520
24.734463,46.700520
24.734463,46.700520
24.734463,46.700520
24.734463,46.700520
24.734476,46.700546
24.734476,46.700546
24.734476,46.700546
24.734476,46.700546
24.734476,46.700546
24.734476,46.700546
24.734476,46.700546
24.734493,46.700573
24.734493,46.700573
24.734493,46.700573
24.734493,46.700573
24.734493,46.700573
24.734493,46.700573
24.734509,46.700603
24.734509,46.700603
24.734509,46.700603
24.734509,46.700603
24.734509,46.700603
24.734509,46.700603
24.734526,46.700634
24.734526,46.700634
24.734526,46.700634
24.734526,46.700634
24.734526,46.700634
24.734526,46.700634
24.734526,46.700634
24.734545,46.700665
24.734545,46.700665
24.734545,46.700665
24.734545,46.700665
24.734545,46.700665
24.734545,46.700665
24.734562,46.700699
24.734562,46.700699
24.734562,46.700699
24.734562,46.700699
24.734562,46.700699
24.734562,46.700699
24.734581,46.700733
24.734581,46.700733
24.734581,46.700733
24.734581,46.700733
24.734581,46.700733
24.734581,46.700733
24.734581,46.700733
24.734598,46.700768
24.734598,46.700768
24.734598,46.700768
24.734598,46.700768
24.734598,46.700768
24.734598,46.700768
24.734617,46.700806
24.734617,46.700806
24.734617,46.700806
24.734617,46.700806
24.734617,46.700806
24.734617,46.700806
24.734617,46.700806
24.734634,46.700844
24.734634,46.700844
24.734634,46.700844
24.734634,46.700844
24.734634,46.700844
24.734634,46.700844
24.734652,46.700886
24.734652,46.700886
24.734652,46.700886
24.734652,46.700886
24.734652,46.700886
24.734652,46.700886
24.734669,46.700924
24.734669,46.700924
24.734669,46.700924
24.734669,46.700924
24.734669,46.700924
24.734669,46.700924
24.734669,46.700924
24.734686,46.700962
24.734686,46.700962
24.734686,46.700962
24.734686,46.700962
24.734686,46.700962
24.734686,46.700962
24.734701,46.701000
24.734701,46.701000
24.734701,46.701000
24.734701,46.701000
24.734701,46.701000
24.734701,46.701000
24.734718,46.701042
24.734718,46.701042
24.734718,46.701042
24.734718,46.701042
24.734718,46.701042
24.734718,46.701042
24.734718,46.701042
24.734734,46.701080
24.734734,46.701080
24.734734,46.701080
24.734734,46.701080
24.734734,46.701080
24.734734,46.701080
24.734751,46.701122
24.734751,46.701122
24.734751,46.701122
24.734751,46.701122
24.734751,46.701122
24.734751,46.701122
24.734751,46.701122
24.734766,46.701164
24.734766,46.701164
24.734766,46.701164
24.734766,46.701164
24.734766,46.701164
24.734766,46.701164
24.734781,46.701202
24.734781,46.701202
24.734781,46.701202
24.734781,46.701202
24.734781,46.701202
24.734781,46.701202
24.734797,46.701244
24.734797,46.701244
24.734797,46.701244
24.734797,46.701244
24.734797,46.701244
24.734797,46.701244
24.734797,46.701244
24.734812,46.701286
24.734812,46.701286
24.734812,46.701286
24.734812,46.701286
24.734812,46.701286
24.734812,46.701286
24.734829,46.701328
24.734829,46.701328
24.734829,46.701328
24.734829,46.701328
24.734829,46.701328
24.734829,46.701328
24.734844,46.701370
24.734844,46.701370
24.734844,46.701370
24.734844,46.701370
24.734844,46.701370
24.734844,46.701370
24.734844,46.701370
24.734861,46.701412
24.734861,46.701412
24.734861,46.701412
24.734861,46.701412
24.734861,46.701412
24.734861,46.701412
24.734879,46.701454
24.734879,46.701454
24.734879,46.701454
24.734879,46.701454
24.734879,46.701454
24.734879,46.701454
24.734879,46.701454
24.734898,46.701496
24.734898,46.701496
24.734898,46.701496
24.734898,46.701496
24.734898,46.701496
24.734898,46.701496
24.734917,46.701538
24.734917,46.701538
24.734917,46.701538
24.734917,46.701538
24.734917,46.701538
24.734917,46.701538
24.734936,46.701580
24.734936,46.701580
24.734936,46.701580
24.734936,46.701580
24.734936,46.701580
24.734936,46.701580
24.734936,46.701580
24.734955,46.701626
24.734955,46.701626
24.734955,46.701626
24.734955,46.701626
24.734955,46.701626
24.734955,46.701626
24.734974,46.701668
24.734974,46.701668
24.734974,46.701668
24.734974,46.701668
24.734974,46.701668
24.734974,46.701668
24.734995,46.701714
24.734995,46.701714
24.734995,46.701714
24.734995,46.701714
24.734995,46.701714
24.734995,46.701714
24.734995,46.701714
24.735018,46.701759
24.735018,46.701759
24.735018,46.701759
24.735018,46.701759
24.735018,46.701759
24.735018,46.701759
24.735039,46.701805
24.735039,46.701805
24.735039,46.701805
24.735039,46.701805
24.735039,46.701805
24.735039,46.701805
24.735039,46.701805
24.735060,46.701855
24.735060,46.701855
24.735060,46.701855
24.735060,46.701855
24.735060,46.701855
24.735060,46.701855
24.735083,46.701904
24.735083,46.701904
24.735083,46.701904
24.735083,46.701904
24.735083,46.701904
24.735083,46.701904
24.735104,46.701954
24.735104,46.701954
24.735104,46.701954
24.735104,46.701954
24.735104,46.701954
24.735104,46.701954
24.735104,46.701954
24.735125,46.702003
24.735125,46.702003
24.735125,46.702003
24.735125,46.702003
24.735125,46.702003
24.735125,46.702003
24.735147,46.702053
24.735147,46.702053
24.735147,46.702053
24.735147,46.702053
24.735147,46.702053
24.735147,46.702053
24.735172,46.702106
24.735172,46.702106
24.735172,46.702106
24.735172,46.702106
24.735172,46.702106
24.735172,46.702106
24.735172,46.702106
24.735195,46.702156
24.735195,46.702156
24.735195,46.702156
24.735195,46.702156
24.735195,46.702156
24.735195,46.702156
24.735220,46.702206
24.735220,46.702206
24.735220,46.702206
24.735220,46.702206
24.735220,46.702206
24.735220,46.702206
24.735220,46.702206
24.735243,46.702255
24.735243,46.702255
24.735243,46.702255
24.735243,46.702255
24.735243,46.702255
24.735243,46.702255
24.735268,46.702305
24.735268,46.702305
24.735268,46.702305
24.735268,46.702305
24.735268,46.702305
24.735268,46.702305
24.735291,46.702351
24.735291,46.702351
24.735291,46.702351
24.735291,46.702351
24.735291,46.702351
24.735291,46.702351
24.735291,46.702351
24.735313,46.702400
24.735313,46.702400
24.735313,46.702400
24.735313,46.702400
24.735313,46.702400
24.735313,46.702400
24.735334,46.702442
24.735334,46.702442
24.735334,46.702442
24.735334,46.702442
24.735334,46.702442
24.735334,46.702442
24.735352,46.702480
24.735352,46.702480
24.735352,46.702480
24.735352,46.702480
24.735352,46.702480
24.735352,46.702480
24.735352,46.702480
24.735367,46.702518
24.735367,46.702518
24.735367,46.702518
24.735367,46.702518
24.735367,46.702518
24.735367,46.702518
24.735380,46.702549
24.735380,46.702549
24.735380,46.702549
24.735380,46.702549
24.735380,46.702549
24.735380,46.702549
24.735394,46.702576
24.735394,46.702576
24.735394,46.702576
24.735394,46.702576
24.735394,46.702576
24.735394,46.702576
24.735394,46.702576
24.735405,46.702599
24.735405,46.702599
24.735405,46.702599
24.735405,46.702599
24.735405,46.702599
24.735405,46.702599
24.735411,46.702621
24.735411,46.702621
24.735411,46.702621
24.735411,46.702621
24.735411,46.702621
24.735411,46.702621
24.735411,46.702621
24.735411,46.702641
24.735411,46.702641
24.735411,46.702641
24.735411,46.702641
24.735411,46.702641
24.735411,46.702641
24.735407,46.702656
24.735407,46.702656
24.735407,46.702656
24.735407,46.702656
24.735407,46.702656
24.735407,46.702656
24.735399,46.702667
24.735399,46.702667
24.735399,46.702667
24.735399,46.702667
24.735399,46.702667
24.735399,46.702667
24.735399,46.702667
24.735392,46.702675
24.735392,46.702675
24.735392,46.702675
24.735392,46.702675
24.735392,46.702675
24.735392,46.702675
24.735382,46.702682
24.735382,46.702682
24.735382,46.702682
24.735382,46.702682
24.735382,46.702682
24.735382,46.702682
24.735371,46.702682
24.735371,46.702682
24.735371,46.702682
24.735371,46.702682
24.735371,46.702682
24.735371,46.702682
24.735371,46.702682
24.735359,46.702682
24.735359,46.702682
24.735359,46.702682
24.735359,46.702682
24.735359,46.702682
24.735359,46.702682
24.735350,46.702682
24.735350,46.702682
24.735350,46.702682
24.735350,46.702682
24.735350,46.702682
24.735350,46.702682
24.735350,46.702682
24.735340,46.702679
24.735340,46.702679
24.735340,46.702679
24.735340,46.702679
24.735340,46.702679
24.735340,46.702679
24.735332,46.702671
24.735332,46.702671
24.735332,46.702671
24.735332,46.702671
24.735332,46.702671
24.735332,46.702671
24.735325,46.702660
24.735325,46.702660
24.735325,46.702660
24.735325,46.702660
24.735325,46.702660
24.735325,46.702660
24.735325,46.702660
24.735319,46.702648
24.735319,46.702648
24.735319,46.702648
24.735319,46.702648
24.735319,46.702648
24.735319,46.702648
24.735313,46.702637
24.735313,46.702637
24.735313,46.702637
24.735313,46.702637
24.735313,46.702637
24.735313,46.702637
24.735310,46.702621
24.735310,46.702621
24.735310,46.702621
24.735310,46.702621
24.735310,46.702621
24.735310,46.702621
24.735310,46.702621
24.735308,46.702602
24.735308,46.702602
24.735308,46.702602
24.735308,46.702602
24.735308,46.702602
24.735308,46.702602
24.735304,46.702587
24.735304,46.702587
24.735304,46.702587
24.735304,46.702587
24.735304,46.702587
24.735304,46.702587
24.735304,46.702587
24.735302,46.702568
24.735302,46.702568
24.735302,46.702568
24.735302,46.702568
24.735302,46.702568
24.735302,46.702568
24.735298,46.702549
24.735298,46.702549
24.735298,46.702549
24.735298,46.702549
24.735298,46.702549
24.735298,46.702549
24.735296,46.702526
24.735296,46.702526
24.735296,46.702526
24.735296,46.702526
24.735296,46.702526
24.735296,46.702526
24.735296,46.702526
24.735291,46.702507
24.735291,46.702507
24.735291,46.702507
24.735291,46.702507
24.735291,46.702507
24.735291,46.702507
24.735287,46.702484
24.735287,46.702484
24.735287,46.702484
24.735287,46.702484
24.735287,46.702484
24.735287,46.702484
24.735281,46.702461
24.735281,46.702461
24.735281,46.702461
24.735281,46.702461
24.735281,46.702461
24.735281,46.702461
24.735281,46.702461
24.735275,46.702438
24.735275,46.702438
24.735275,46.702438
24.735275,46.702438
24.735275,46.702438
24.735275,46.702438
24.735270,46.702415
24.735270,46.702415
24.735270,46.702415
24.735270,46.702415
24.735270,46.702415
24.735270,46.702415
24.735270,46.702415
24.735264,46.702393
24.735264,46.702393
24.735264,46.702393
24.735264,46.702393
24.735264,46.702393
24.735264,46.702393
24.735256,46.702370
24.735256,46.702370
24.735256,46.702370
24.735256,46.702370
24.735256,46.702370
24.735256,46.702370
24.735247,46.702347
24.735247,46.702347
24.735247,46.702347
24.735247,46.702347
24.735247,46.702347
24.735247,46.702347
24.735247,46.702347
24.735239,46.702320
24.735239,46.702320
24.735239,46.702320
24.735239,46.702320
24.735239,46.702320
24.735239,46.702320
24.735233,46.702297
24.735233,46.702297
24.735233,46.702297
24.735233,46.702297
24.735233,46.702297
24.735233,46.702297
24.735228,46.702271
24.735228,46.702271
24.735228,46.702271
24.735228,46.702271
24.735228,46.702271
24.735228,46.702271
24.735228,46.702271
24.735222,46.702248
24.735222,46.702248
24.735222,46.702248
24.735222,46.702248
24.735222,46.702248
24.735222,46.702248
24.735214,46.702221
24.735214,46.702221
24.735214,46.702221
24.735214,46.702221
24.735214,46.702221
24.735214,46.702221
24.735214,46.702221
24.735207,46.702198
24.735207,46.702198
24.735207,46.702198
24.735207,46.702198
24.735207,46.702198
24.735207,46.702198
24.735195,46.702171
24.735195,46.702171
24.735195,46.702171
24.735195,46.702171
24.735195,46.702171
24.735195,46.702171
24.735184,46.702148
24.735184,46.702148
24.735184,46.702148
24.735184,46.702148
24.735184,46.702148
24.735184,46.702148
24.735184,46.702148
24.735172,46.702122
24.735172,46.702122
24.735172,46.702122
24.735172,46.702122
24.735172,46.702122
24.735172,46.702122
24.735161,46.702095
24.735161,46.702095
24.735161,46.702095
24.735161,46.702095
24.735161,46.702095
24.735161,46.702095
24.735149,46.702065
24.735149,46.702065
24.735149,46.702065
24.735149,46.702065
24.735149,46.702065
24.735149,46.702065
24.735149,46.702065
24.735136,46.702034
24.735136,46.702034
24.735136,46.702034
24.735136,46.702034
24.735136,46.702034
24.735136,46.702034
24.735123,46.702007
24.735123,46.702007
24.735123,46.702007
24.735123,46.702007
24.735123,46.702007
24.735123,46.702007
24.735123,46.702007
24.735109,46.701973
24.735109,46.701973
24.735109,46.701973
24.735109,46.701973
24.735109,46.701973
24.735109,46.701973
24.735096,46.701942
24.735096,46.701942
24.735096,46.701942
24.735096,46.701942
24.735096,46.701942
24.735096,46.701942
24.735083,46.701912
24.735083,46.701912
24.735083,46.701912
24.735083,46.701912
24.735083,46.701912
24.735083,46.701912
24.735083,46.701912
24.735069,46.701878
24.735069,46.701878
24.735069,46.701878
24.735069,46.701878
24.735069,46.701878
24.735069,46.701878
24.735054,46.701843
24.735054,46.701843
24.735054,46.701843
24.735054,46.701843
24.735054,46.701843
24.735054,46.701843
24.735039,46.701805
24.735039,46.701805
24.735039,46.701805
24.735039,46.701805
24.735039,46.701805
24.735039,46.701805
24.735039,46.701805
24.735023,46.701771
24.735023,46.701771
24.735023,46.701771
24.735023,46.701771
24.735023,46.701771
24.735023,46.701771
24.735008,46.701733
24.735008,46.701733
24.735008,46.701733
24.735008,46.701733
24.735008,46.701733
24.735008,46.701733
24.734993,46.701694
24.734993,46.701694
24.734993,46.701694
24.734993,46.701694
24.734993,46.701694
24.734993,46.701694
24.734993,46.701694
24.734976,46.701656
24.734976,46.701656
24.734976,46.701656
24.734976,46.701656
24.734976,46.701656
24.734976,46.701656
24.734959,46.701618
24.734959,46.701618
24.734959,46.701618
24.734959,46.701618
24.734959,46.701618
24.734959,46.701618
24.734959,46.701618
24.734941,46.701576
24.734941,46.701576
24.734941,46.701576
24.734941,46.701576
24.734941,46.701576
24.734941,46.701576
24.734924,46.701534
24.734924,46.701534
24.734924,46.701534
24.734924,46.701534
24.734924,46.701534
24.734924,46.701534
24.734905,46.701496
24.734905,46.701496
24.734905,46.701496
24.734905,46.701496
24.734905,46.701496
24.734905,46.701496
24.734905,46.701496
24.734886,46.701454
24.734886,46.701454
24.734886,46.701454
24.734886,46.701454
24.734886,46.701454
24.734886,46.701454
24.734869,46.701412
24.734869,46.701412
24.734869,46.701412
24.734869,46.701412
24.734869,46.701412
24.734869,46.701412
24.734850,46.701370
24.734850,46.701370
24.734850,46.701370
24.734850,46.701370
24.734850,46.701370
24.734850,46.701370
24.734850,46.701370
24.734831,46.701324
24.734831,46.701324
24.734831,46.701324
24.734831,46.701324
24.734831,46.701324
24.734831,46.701324
24.734812,46.701283
24.734812,46.701283
24.734812,46.701283
24.734812,46.701283
gps_longitude,gps_speed
51.4501824,2.8
51.4501824,2.8
51.4501824,2.8
51.4501824,2.8
51.4501824,2.8
51.4501824,2.8
51.4501824,2.8
51.4501824,2.8
51.4501824,2.8
51.4501824,2.8
51.450174983,2.7
51.450174983,2.7
51.450174983,2.7
51.450174983,2.7
51.450174983,2.7
51.450174983,2.7
51.450174983,2.7
51.450174983,2.7
51.450174983,2.7
51.450174983,2.7
51.4501689,2.5
51.4501689,2.5
51.4501689,2.5
51.4501689,2.5
51.4501689,2.5
51.4501689,2.5
51.4501689,2.5
51.4501689,2.5
51.4501689,2.5
51.4501689,2.5
51.450173583,0.7
51.450173583,0.7
51.450173583,0.7
51.450173583,0.7
51.450173583,0.7
51.450173583,0.7
51.450173583,0.7
51.450173583,0.7
51.450173583,0.7
51.450173583,0.7
51.450171233,1.1
51.450171233,1.1
51.450171233,1.1
51.450171233,1.1
51.450171233,1.1
51.450171233,1.1
51.450171233,1.1
51.450171233,1.1
51.450171233,1.1
51.450171233,1.1
51.450167717,1.3
51.450167717,1.3
51.450167717,1.3
51.450167717,1.3
51.450167717,1.3
51.450167717,1.3
51.450167717,1.3
51.450167717,1.3
51.450167717,1.3
51.450167717,1.3
51.450163083,1.6
51.450163083,1.6
51.450163083,1.6
51.450163083,1.6
51.450163083,1.6
51.450163083,1.6
51.450163083,1.6
51.450163083,1.6
51.450163083,1.6
51.450163083,1.6
51.450157967,1.7
51.450157967,1.7
51.450157967,1.7
51.450157967,1.7
51.450157967,1.7
51.450157967,1.7
51.450157967,1.7
51.450157967,1.7
51.450157967,1.7
51.450157967,1.7
51.450152983,1.9
51.450152983,1.9
51.450152983,1.9
51.450152983,1.9
51.450152983,1.9
51.450152983,1.9
51.450152983,1.9
51.450152983,1.9
51.450152983,1.9
51.450152983,1.9
51.450148083,2.0
51.450148083,2.0
51.450148083,2.0
51.450148083,2.0
51.450148083,2.0
51.450148083,2.0
51.450148083,2.0
51.450148083,2.0
51.450148083,2.0
51.450148083,2.0
51.450142867,2.1
51.450142867,2.1
51.450142867,2.1
51.450142867,2.1
51.450142867,2.1
51.450142867,2.1
51.450142867,2.1
51.450142867,2.1
51.450142867,2.1
51.450138267,2.1
51.450138267,2.1
51.450138267,2.1
51.450138267,2.1
51.450138267,2.1
51.450138267,2.1
51.450138267,2.1
51.450138267,2.1
51.450138267,2.1
51.450138267,2.1
51.4501346,2.0
51.4501346,2.0
51.4501346,2.0
51.4501346,2.0
51.4501346,2.0
51.4501346,2.0
51.4501346,2.0
51.4501346,2.0
51.4501346,2.0
51.4501346,2.0
51.4501316,1.9
51.4501316,1.9
51.4501316,1.9
51.4501316,1.9
51.4501316,1.9
51.4501316,1.9
51.4501316,1.9
51.4501316,1.9
51.4501316,1.9
51.4501316,1.9
51.4501289,1.9
51.4501289,1.9
51.4501289,1.9
51.4501289,1.9
51.4501289,1.9
51.4501289,1.9
51.4501289,1.9
51.4501289,1.9
51.4501289,1.9
51.4501289,1.9
51.450125883,1.9
51.450125883,1.9
51.450125883,1.9
51.450125883,1.9
51.450125883,1.9
51.450125883,1.9
51.450125883,1.9
51.450125883,1.9
51.450125883,1.9
51.450125883,1.9
51.4501219,2.0
51.4501219,2.0
51.4501219,2.0
51.4501219,2.0
51.4501219,2.0
51.4501219,2.0
51.4501219,2.0
51.4501219,2.0
51.4501219,2.0
51.4501219,2.0
51.450117633,2.0
51.450117633,2.0
51.450117633,2.0
51.450117633,2.0
51.450117633,2.0
51.450117633,2.0
51.450117633,2.0
51.450117633,2.0
51.450117633,2.0
51.450117633,2.0
51.450113567,2.1
51.450113567,2.1
51.450113567,2.1
51.450113567,2.1
51.450113567,2.1
51.450113567,2.1
51.450113567,2.1
51.450113567,2.1
51.450113567,2.1
51.450113567,2.1
51.45010915,2.1
51.45010915,2.1
51.45010915,2.1
51.45010915,2.1
51.45010915,2.1
51.45010915,2.1
51.45010915,2.1
51.45010915,2.1
51.45010915,2.1
51.45010915,2.1
51.450105,2.1
51.450105,2.1
51.450105,2.1
51.450105,2.1
51.450105,2.1
51.450105,2.1
51.450105,2.1
51.450105,2.1
51.450105,2.1
51.450105,2.1
51.45010125,2.2
51.45010125,2.2
51.45010125,2.2
51.45010125,2.2
51.45010125,2.2
51.45010125,2.2
51.45010125,2.2
51.45010125,2.2
51.45010125,2.2
51.45010125,2.2
51.450098,2.2
51.450098,2.2
51.450098,2.2
51.450098,2.2
51.450098,2.2
51.450098,2.2
51.450098,2.2
51.450098,2.2
51.450098,2.2
51.450098,2.2
51.4500946,2.2
51.4500946,2.2
51.4500946,2.2
51.4500946,2.2
51.4500946,2.2
51.4500946,2.2
51.4500946,2.2
51.4500946,2.2
51.4500946,2.2
51.4500946,2.2
51.4500915,2.2
51.4500915,2.2
51.4500915,2.2
51.4500915,2.2
51.4500915,2.2
51.4500915,2.2
51.4500915,2.2
51.4500915,2.2
51.4500915,2.2
51.4500915,2.2
51.450088817,2.1
51.450088817,2.1
51.450088817,2.1
51.450088817,2.1
51.450088817,2.1
51.450088817,2.1
51.450088817,2.1
51.450088817,2.1
51.450088817,2.1
51.450088817,2.1
51.450086433,2.0
51.450086433,2.0
51.450086433,2.0
51.450086433,2.0
51.450086433,2.0
51.450086433,2.0
51.450086433,2.0
51.450086433,2.0
51.450086433,2.0
51.450086433,2.0
51.450084283,1.0
51.450084283,1.0
51.450084283,1.0
51.450084283,1.0
51.450084283,1.0
51.450084283,1.0
51.450084283,1.0
51.450084283,1.0
51.450084283,1.0
51.450084283,1.0
51.450080367,1.9
51.450080367,1.9
51.450080367,1.9
51.450080367,1.9
51.450080367,1.9
51.450080367,1.9
51.450080367,1.9
51.450080367,1.9
51.450080367,1.9
51.450080367,1.9
51.45007055,5.4
51.45007055,5.4
51.45007055,5.4
51.45007055,5.4
51.45007055,5.4
51.45007055,5.4
51.45007055,5.4
51.45007055,5.4
51.45007055,5.4
51.45007055,5.4
51.450058883,7.1
51.450058883,7.1
51.450058883,7.1
51.450058883,7.1
51.450058883,7.1
51.450058883,7.1
51.450058883,7.1
51.450058883,7.1
51.450058883,7.1
51.450058883,7.1
51.450047467,7.7
51.450047467,7.7
51.450047467,7.7
51.450047467,7.7
51.450047467,7.7
51.450047467,7.7
51.450047467,7.7
51.450047467,7.7
51.450047467,7.7
51.450047467,7.7
51.45003555,8.3
51.45003555,8.3
51.45003555,8.3
51.45003555,8.3
51.45003555,8.3
51.45003555,8.3
51.45003555,8.3
51.45003555,8.3
51.45003555,8.3
51.45003555,8.3
51.45002275,8.8
51.45002275,8.8
51.45002275,8.8
51.45002275,8.8
51.45002275,8.8
51.45002275,8.8
51.45002275,8.8
51.45002275,8.8
51.45002275,8.8
51.45002275,8.8
51.450006367,11.0
51.450006367,11.0
51.450006367,11.0
51.450006367,11.0
51.450006367,11.0
51.450006367,11.0
51.450006367,11.0
51.450006367,11.0
51.450006367,11.0
51.450006367,11.0
51.449989417,11.5
51.449989417,11.5
51.449989417,11.5
51.449989417,11.5
51.449989417,11.5
51.449989417,11.5
51.449989417,11.5
51.449989417,11.5
51.449989417,11.5
51.449989417,11.5
51.449971117,11.9
51.449971117,11.9
51.449971117,11.9
51.449971117,11.9
51.449971117,11.9
51.449971117,11.9
51.449971117,11.9
51.449971117,11.9
51.449971117,11.9
51.449971117,11.9
51.44995205,12.2
51.44995205,12.2
51.44995205,12.2
51.44995205,12.2
51.44995205,12.2
51.44995205,12.2
51.44995205,12.2
51.44995205,12.2
51.44995205,12.2
51.44995205,12.2
51.4499323,12.5
51.4499323,12.5
51.4499323,12.5
51.4499323,12.5
51.4499323,12.5
51.4499323,12.5
51.4499323,12.5
51.4499323,12.5
51.4499323,12.5
51.4499323,12.5
51.449910733,13.7
51.449910733,13.7
51.449910733,13.7
51.449910733,13.7
51.449910733,13.7
51.449910733,13.7
51.449910733,13.7
51.449910733,13.7
51.449910733,13.7
51.449910733,13.7
51.44988955,13.9
51.44988955,13.9
51.44988955,13.9
51.44988955,13.9
51.44988955,13.9
51.44988955,13.9
51.44988955,13.9
51.44988955,13.9
51.44988955,13.9
51.44988955,13.9
51.449868317,14.1
51.449868317,14.1
51.449868317,14.1
51.449868317,14.1
51.449868317,14.1
51.449868317,14.1
51.449868317,14.1
51.449868317,14.1
51.449868317,14.1
51.449868317,14.1
51.4498471,14.2
51.4498471,14.2
51.4498471,14.2
51.4498471,14.2
51.4498471,14.2
51.4498471,14.2
51.4498471,14.2
51.4498471,14.2
51.4498471,14.2
51.4498471,14.2
51.449825767,14.3
51.449825767,14.3
51.449825767,14.3
51.449825767,14.3
51.449825767,14.3
51.449825767,14.3
51.449825767,14.3
51.449825767,14.3
51.449825767,14.3
51.449825767,14.3
51.4498041,14.5
51.4498041,14.5
51.4498041,14.5
51.4498041,14.5
51.4498041,14.5
51.4498041,14.5
51.4498041,14.5
51.4498041,14.5
51.4498041,14.5
51.4498041,14.5
51.4497827,14.6
51.4497827,14.6
51.4497827,14.6
51.4497827,14.6
51.4497827,14.6
51.4497827,14.6
51.4497827,14.6
51.4497827,14.6
51.4497827,14.6
51.4497827,14.6
51.449761433,14.7
51.449761433,14.7
51.449761433,14.7
51.449761433,14.7
51.449761433,14.7
51.449761433,14.7
51.449761433,14.7
51.449761433,14.7
51.449761433,14.7
51.449761433,14.7
51.449740117,14.8
51.449740117,14.8
51.449740117,14.8
51.449740117,14.8
51.449740117,14.8
51.449740117,14.8
51.449740117,14.8
51.449740117,14.8
51.449740117,14.8
51.449740117,14.8
51.449717883,14.9
51.449717883,14.9
51.449717883,14.9
51.449717883,14.9
51.449717883,14.9
51.449717883,14.9
51.449717883,14.9
51.449717883,14.9
51.449717883,14.9
51.449717883,14.9
51.449695467,15.0
51.449695467,15.0
51.449695467,15.0
51.449695467,15.0
51.449695467,15.0
51.449695467,15.0
51.449695467,15.0
51.449695467,15.0
51.449695467,15.0
51.449695467,15.0
51.44967265,15.1
51.44967265,15.1
51.44967265,15.1
51.44967265,15.1
51.44967265,15.1
51.44967265,15.1
51.44967265,15.1
51.44967265,15.1
51.44967265,15.1
51.44967265,15.1
51.449647733,16.3
51.449647733,16.3
51.449647733,16.3
51.449647733,16.3
51.449647733,16.3
51.449647733,16.3
51.449647733,16.3
51.449647733,16.3
51.449647733,16.3
51.449647733,16.3
51.4496229,16.5
51.4496229,16.5
51.4496229,16.5
51.4496229,16.5
51.4496229,16.5
51.4496229,16.5
51.4496229,16.5
51.4496229,16.5
51.4496229,16.5
51.4496229,16.5
51.449598333,16.6
51.449598333,16.6
51.449598333,16.6
51.449598333,16.6
51.449598333,16.6
51.449598333,16.6
51.449598333,16.6
51.449598333,16.6
51.449598333,16.6
51.449598333,16.6
51.449573883,16.6
51.449573883,16.6
51.449573883,16.6
51.449573883,16.6
51.449573883,16.6
51.449573883,16.6
51.449573883,16.6
51.449573883,16.6
51.449573883,16.6
51.449573883,16.6
51.449550083,16.7
51.449550083,16.7
51.449550083,16.7
51.449550083,16.7
51.449550083,16.7
51.449550083,16.7
51.449550083,16.7
51.449550083,16.7
51.449550083,16.7
51.449550083,16.7
51.449525067,16.8
51.449525067,16.8
51.449525067,16.8
51.449525067,16.8
51.449525067,16.8
51.449525067,16.8
51.449525067,16.8
51.449525067,16.8
51.449525067,16.8
51.449525067,16.8
51.449500333,16.9
51.449500333,16.9
51.449500333,16.9
51.449500333,16.9
51.449500333,16.9
51.449500333,16.9
51.449500333,16.9
51.449500333,16.9
51.449500333,16.9
51.449500333,16.9
51.449475583,17.0
51.449475583,17.0
51.449475583,17.0
51.449475583,17.0
51.449475583,17.0
51.449475583,17.0
51.449475583,17.0
51.449475583,17.0
51.449475583,17.0
51.449475583,17.0
51.449451317,17.1
51.449451317,17.1
51.449451317,17.1
51.449451317,17.1
51.449451317,17.1
51.449451317,17.1
51.449451317,17.1
51.449451317,17.1
51.449451317,17.1
51.449451317,17.1
51.44942315,18.2
51.44942315,18.2
51.44942315,18.2
51.44942315,18.2
51.44942315,18.2
51.44942315,18.2
51.44942315,18.2
51.44942315,18.2
51.44942315,18.2
51.44942315,18.2
51.449397467,18.3
51.449397467,18.3
51.449397467,18.3
51.449397467,18.3
51.449397467,18.3
51.449397467,18.3
51.449397467,18.3
51.449397467,18.3
51.449397467,18.3
51.449397467,18.3
51.449372933,18.6
51.449372933,18.6
51.449372933,18.6
51.449372933,18.6
51.449372933,18.6
51.449372933,18.6
51.449372933,18.6
51.449372933,18.6
51.449372933,18.6
51.449372933,18.6
51.449348433,18.9
51.449348433,18.9
51.449348433,18.9
51.449348433,18.9
51.449348433,18.9
51.449348433,18.9
51.449348433,18.9
51.449348433,18.9
51.449348433,18.9
51.449348433,18.9
51.449322033,19.1
51.449322033,19.1
51.449322033,19.1
51.449322033,19.1
51.449322033,19.1
51.449322033,19.1
51.449322033,19.1
51.449322033,19.1
51.449322033,19.1
51.449322033,19.1
51.44929365,19.3
51.44929365,19.3
51.44929365,19.3
51.44929365,19.3
51.44929365,19.3
51.44929365,19.3
51.44929365,19.3
51.44929365,19.3
51.44929365,19.3
51.44929365,19.3
51.4492641,19.4
51.4492641,19.4
51.4492641,19.4
51.4492641,19.4
51.4492641,19.4
51.4492641,19.4
51.4492641,19.4
51.4492641,19.4
51.4492641,19.4
51.4492641,19.4
51.4492379,19.6
51.4492379,19.6
51.4492379,19.6
51.4492379,19.6
51.4492379,19.6
51.4492379,19.6
51.4492379,19.6
51.4492379,19.6
51.4492379,19.6
51.4492379,19.6
51.44921035,19.7
51.44921035,19.7
51.44921035,19.7
51.44921035,19.7
51.44921035,19.7
51.44921035,19.7
51.44921035,19.7
51.44921035,19.7
51.44921035,19.7
51.44921035,19.7
51.44918445,19.8
51.44918445,19.8
51.44918445,19.8
51.44918445,19.8
51.44918445,19.8
51.44918445,19.8
51.44918445,19.8
51.44918445,19.8
51.44918445,19.8
51.44918445,19.8
51.4491545,19.9
51.4491545,19.9
51.4491545,19.9
51.4491545,19.9
51.4491545,19.9
51.4491545,19.9
51.4491545,19.9
51.4491545,19.9
51.4491545,19.9
51.4491545,19.9
51.449127583,20.0
51.449127583,20.0
51.449127583,20.0
51.449127583,20.0
51.449127583,20.0
51.449127583,20.0
51.449127583,20.0
51.449127583,20.0
51.449127583,20.0
51.449127583,20.0
51.44910185,20.0
51.44910185,20.0
51.44910185,20.0
51.44910185,20.0
51.44910185,20.0
51.44910185,20.0
51.44910185,20.0
51.44910185,20.0
51.44910185,20.0
51.44910185,20.0
51.449071767,20.1
51.449071767,20.1
51.449071767,20.1
51.449071767,20.1
51.449071767,20.1
51.449071767,20.1
51.449071767,20.1
51.449071767,20.1
51.449071767,20.1
51.449071767,20.1
51.44904405,20.1
51.44904405,20.1
51.44904405,20.1
51.44904405,20.1
51.44904405,20.1
51.44904405,20.1
51.44904405,20.1
51.44904405,20.1
51.44904405,20.1
51.44904405,20.1
51.4490148,20.1
51.4490148,20.1
51.4490148,20.1
51.4490148,20.1
51.4490148,20.1
51.4490148,20.1
51.4490148,20.1
51.4490148,20.1
51.4490148,20.1
51.4490148,20.1
51.448990433,20.1
51.448990433,20.1
51.448990433,20.1
51.448990433,20.1
51.448990433,20.1
51.448990433,20.1
51.448990433,20.1
51.448990433,20.1
51.448990433,20.1
51.448990433,20.1
51.44896185,20.2
51.44896185,20.2
51.44896185,20.2
51.44896185,20.2
51.44896185,20.2
51.44896185,20.2
51.44896185,20.2
51.44896185,20.2
51.44896185,20.2
51.44896185,20.2
51.44893475,20.3
51.44893475,20.3
51.44893475,20.3
51.44893475,20.3
51.44893475,20.3
51.44893475,20.3
51.44893475,20.3
51.44893475,20.3
51.44893475,20.3
51.44893475,20.3
51.4489061,20.4
51.4489061,20.4
51.4489061,20.4
51.4489061,20.4
51.4489061,20.4
51.4489061,20.4
51.4489061,20.4
51.4489061,20.4
51.4489061,20.4
51.4489061,20.4
51.448877417,20.4
51.448877417,20.4
51.448877417,20.4
51.448877417,20.4
51.448877417,20.4
51.448877417,20.4
51.448877417,20.4
51.448877417,20.4
51.448877417,20.4
51.448877417,20.4
51.448844767,20.5
51.448844767,20.5
51.448844767,20.5
51.448844767,20.5
51.448844767,20.5
51.448844767,20.5
51.448844767,20.5
51.448844767,20.5
51.448844767,20.5
51.448844767,20.5
51.448816767,20.5
51.448816767,20.5
51.448816767,20.5
51.448816767,20.5
51.448816767,20.5
51.448816767,20.5
51.448816767,20.5
51.448816767,20.5
51.448816767,20.5
51.448816767,20.5
51.448790583,20.5
51.448790583,20.5
51.448790583,20.5
51.448790583,20.5
51.448790583,20.5
51.448790583,20.5
51.448790583,20.5
51.448790583,20.5
51.448790583,20.5
51.448790583,20.5
51.44876155,20.6
51.44876155,20.6
51.44876155,20.6
51.44876155,20.6
51.44876155,20.6
51.44876155,20.6
51.44876155,20.6
51.44876155,20.6
51.44876155,20.6
51.44876155,20.6
51.448730183,20.6
51.448730183,20.6
51.448730183,20.6
51.448730183,20.6
51.448730183,20.6
51.448730183,20.6
51.448730183,20.6
51.448730183,20.6
51.448730183,20.6
51.448730183,20.6
51.44870165,20.6
51.44870165,20.6
51.44870165,20.6
51.44870165,20.6
51.44870165,20.6
51.44870165,20.6
51.44870165,20.6
51.44870165,20.6
51.44870165,20.6
51.44870165,20.6
51.448674067,20.8
51.448674067,20.8
51.448674067,20.8
51.448674067,20.8
51.448674067,20.8
51.448674067,20.8
51.448674067,20.8
51.448674067,20.8
51.448674067,20.8
51.448674067,20.8
51.448646833,20.8
51.448646833,20.8
51.448646833,20.8
51.448646833,20.8
51.448646833,20.8
51.448646833,20.8
51.448646833,20.8
51.448646833,20.8
51.448646833,20.8
51.448646833,20.8
51.448619617,20.8
51.448619617,20.8
51.448619617,20.8
51.448619617,20.8
51.448619617,20.8
51.448619617,20.8
51.448619617,20.8
51.448619617,20.8
51.448619617,20.8
51.448619617,20.8
51.448591217,20.9
51.448591217,20.9
51.448591217,20.9
51.448591217,20.9
51.448591217,20.9
51.448591217,20.9
51.448591217,20.9
51.448591217,20.9
51.448591217,20.9
51.448591217,20.9
51.448564117,20.9
51.448564117,20.9
51.448564117,20.9
51.448564117,20.9
51.448564117,20.9
51.448564117,20.9
51.448564117,20.9
51.448564117,20.9
51.448564117,20.9
51.448564117,20.9
51.448537433,20.9
51.448537433,20.9
51.448537433,20.9
51.448537433,20.9
51.448537433,20.9
51.448537433,20.9
51.448537433,20.9
51.448537433,20.9
51.448537433,20.9
51.448537433,20.9
51.448510767,20.8
51.448510767,20.8
51.448510767,20.8
51.448510767,20.8
51.448510767,20.8
51.448510767,20.8
51.448510767,20.8
51.448510767,20.8
51.448510767,20.8
51.448510767,20.8
51.448483133,20.8
51.448483133,20.8
51.448483133,20.8
51.448483133,20.8
51.448483133,20.8
51.448483133,20.8
51.448483133,20.8
51.448483133,20.8
51.448483133,20.8
51.448483133,20.8
51.448454067,20.9
51.448454067,20.9
51.448454067,20.9
51.448454067,20.9
51.448454067,20.9
51.448454067,20.9
51.448454067,20.9
51.448454067,20.9
51.448454067,20.9
51.448454067,20.9
51.448427217,20.9
51.448427217,20.9
51.448427217,20.9
51.448427217,20.9
51.448427217,20.9
51.448427217,20.9
51.448427217,20.9
51.448427217,20.9
51.448427217,20.9
51.448427217,20.9
51.448399967,20.9
51.448399967,20.9
51.448399967,20.9
51.448399967,20.9
51.448399967,20.9
51.448399967,20.9
51.448399967,20.9
51.448399967,20.9
51.448399967,20.9
51.448399967,20.9
51.448371683,20.9
51.448371683,20.9
51.448371683,20.9
51.448371683,20.9
51.448371683,20.9
51.448371683,20.9
51.448371683,20.9
51.448371683,20.9
51.448371683,20.9
51.448371683,20.9
51.448342083,20.7
51.448342083,20.7
51.448342083,20.7
51.448342083,20.7
51.448342083,20.7
51.448342083,20.7
51.448342083,20.7
51.448342083,20.7
51.448342083,20.7
51.448342083,20.7
51.448316133,20.6
51.448316133,20.6
51.448316133,20.6
51.448316133,20.6
51.448316133,20.6
51.448316133,20.6
51.448316133,20.6
51.448316133,20.6
51.448316133,20.6
51.448316133,20.6
51.448286433,20.6
51.448286433,20.6
51.448286433,20.6
51.448286433,20.6
51.448286433,20.6
51.448286433,20.6
51.448286433,20.6
51.448286433,20.6
51.448286433,20.6
51.448286433,20.6
51.448286433,20.6
51.4482567,20.7
51.4482567,20.7
51.4482567,20.7
51.4482567,20.7
51.4482567,20.7
51.4482567,20.7
51.4482567,20.7
51.4482567,20.7
51.4482567,20.7
51.4482567,20.7
51.448225833,20.8
51.448225833,20.8
51.448225833,20.8
51.448225833,20.8
51.448225833,20.8
51.448225833,20.8
51.448225833,20.8
51.448225833,20.8
51.448225833,20.8
51.448225833,20.8
51.4481981,21.4
51.4481981,21.4
51.4481981,21.4
51.4481981,21.4
51.4481981,21.4
51.4481981,21.4
51.4481981,21.4
51.4481981,21.4
51.4481981,21.4
51.4481981,21.4
51.448169167,22.2
51.448169167,22.2
51.448169167,22.2
51.448169167,22.2
51.448169167,22.2
51.448169167,22.2
51.448169167,22.2
51.448169167,22.2
51.448169167,22.2
51.448169167,22.2
51.448141033,22.6
51.448141033,22.6
51.448141033,22.6
51.448141033,22.6
51.448141033,22.6
51.448141033,22.6
51.448141033,22.6
51.448141033,22.6
51.448141033,22.6
51.448141033,22.6
51.44811195,23.0
51.44811195,23.0
51.44811195,23.0
51.44811195,23.0
51.44811195,23.0
51.44811195,23.0
51.44811195,23.0
51.44811195,23.0
51.44811195,23.0
51.44811195,23.0
51.448080167,23.3
51.448080167,23.3
51.448080167,23.3
51.448080167,23.3
51.448080167,23.3
51.448080167,23.3
51.448080167,23.3
51.448080167,23.3
51.448080167,23.3
51.448080167,23.3
51.4480519,23.4
51.4480519,23.4
51.4480519,23.4
51.4480519,23.4
51.4480519,23.4
51.4480519,23.4
51.4480519,23.4
51.4480519,23.4
51.4480519,23.4
51.4480519,23.4
51.448019617,23.6
51.448019617,23.6
51.448019617,23.6
51.448019617,23.6
51.448019617,23.6
51.448019617,23.6
51.448019617,23.6
51.448019617,23.6
51.448019617,23.6
51.448019617,23.6
51.447987383,23.7
51.447987383,23.7
51.447987383,23.7
51.447987383,23.7
51.447987383,23.7
51.447987383,23.7
51.447987383,23.7
51.447987383,23.7
51.447987383,23.7
51.447987383,23.7
51.447955033,24.2
51.447955033,24.2
51.447955033,24.2
51.447955033,24.2
51.447955033,24.2
51.447955033,24.2
51.447955033,24.2
51.447955033,24.2
51.447955033,24.2
51.447955033,24.2
51.447925417,24.9
51.447925417,24.9
51.447925417,24.9
51.447925417,24.9
51.447925417,24.9
51.447925417,24.9
51.447925417,24.9
51.447925417,24.9
51.447925417,24.9
51.447925417,24.9
51.4478887,25.6
51.4478887,25.6
51.4478887,25.6
51.4478887,25.6
51.4478887,25.6
51.4478887,25.6
51.4478887,25.6
51.4478887,25.6
51.4478887,25.6
51.4478887,25.6
51.447853283,26.1
51.447853283,26.1
51.447853283,26.1
51.447853283,26.1
51.447853283,26.1
51.447853283,26.1
51.447853283,26.1
51.447853283,26.1
51.447853283,26.1
51.447853283,26.1
51.447819783,26.5
51.447819783,26.5
51.447819783,26.5
51.447819783,26.5
51.447819783,26.5
51.447819783,26.5
51.447819783,26.5
51.447819783,26.5
51.447819783,26.5
51.447819783,26.5
51.447783233,26.9
51.447783233,26.9
51.447783233,26.9
51.447783233,26.9
51.447783233,26.9
51.447783233,26.9
51.447783233,26.9
51.447783233,26.9
51.447783233,26.9
51.447783233,26.9
51.447748067,27.2
51.447748067,27.2
51.447748067,27.2
51.447748067,27.2
51.447748067,27.2
51.447748067,27.2
51.447748067,27.2
51.447748067,27.2
51.447748067,27.2
51.447748067,27.2
51.447713183,27.3
51.447713183,27.3
51.447713183,27.3
51.447713183,27.3
51.447713183,27.3
51.447713183,27.3
51.447713183,27.3
51.447713183,27.3
51.447713183,27.3
51.447713183,27.3
51.447677967,27.5
51.447677967,27.5
51.447677967,27.5
51.447677967,27.5
51.447677967,27.5
51.447677967,27.5
51.447677967,27.5
51.447677967,27.5
51.447677967,27.5
51.447677967,27.5
51.447641883,27.5
51.447641883,27.5
51.447641883,27.5
51.447641883,27.5
51.447641883,27.5
51.447641883,27.5
51.447641883,27.5
51.447641883,27.5
51.447641883,27.5
51.447641883,27.5
51.447605267,27.4
51.447605267,27.4
51.447605267,27.4
51.447605267,27.4
51.447605267,27.4
51.447605267,27.4
51.447605267,27.4
51.447605267,27.4
51.447605267,27.4
51.447605267,27.4
51.44756495,27.3
51.44756495,27.3
51.44756495,27.3
51.44756495,27.3
51.44756495,27.3
51.44756495,27.3
51.44756495,27.3
51.44756495,27.3
51.44756495,27.3
51.44756495,27.3
51.447534667,27.3
51.447534667,27.3
51.447534667,27.3
51.447534667,27.3
51.447534667,27.3
51.447534667,27.3
51.447534667,27.3
51.447534667,27.3
51.447534667,27.3
51.447534667,27.3
51.447508967,27.5
51.447508967,27.5
51.447508967,27.5
51.447508967,27.5
51.447508967,27.5
51.447508967,27.5
51.447508967,27.5
51.447508967,27.5
51.447508967,27.5
51.447508967,27.5
51.447493083,27.4
51.447493083,27.4
51.447493083,27.4
51.447493083,27.4
51.447493083,27.4
51.447493083,27.4
51.447493083,27.4
51.447493083,27.4
51.447493083,27.4
51.447493083,27.4
51.447486717,27.7
51.447486717,27.7
51.447486717,27.7
51.447486717,27.7
51.447486717,27.7
51.447486717,27.7
51.447486717,27.7
51.447486717,27.7
51.447486717,27.7
51.447486717,27.7
51.447485267,28.0
51.447485267,28.0
51.447485267,28.0
51.447485267,28.0
51.447485267,28.0
51.447485267,28.0
51.447485267,28.0
51.447485267,28.0
51.447485267,28.0
51.447485267,28.0
51.4474938,28.3
51.4474938,28.3
51.4474938,28.3
51.4474938,28.3
51.4474938,28.3
51.4474938,28.3
51.4474938,28.3
51.4474938,28.3
51.4474938,28.3
51.4474938,28.3
51.447513633,28.4
51.447513633,28.4
51.447513633,28.4
51.447513633,28.4
51.447513633,28.4
51.447513633,28.4
51.447513633,28.4
51.447513633,28.4
51.447513633,28.4
51.447513633,28.4
51.447543783,28.5
51.447543783,28.5
51.447543783,28.5
51.447543783,28.5
51.447543783,28.5
51.447543783,28.5
51.447543783,28.5
51.447543783,28.5
51.447543783,28.5
51.447543783,28.5
51.44757875,28.5
51.44757875,28.5
51.44757875,28.5
51.44757875,28.5
51.44757875,28.5
51.44757875,28.5
51.44757875,28.5
51.44757875,28.5
51.44757875,28.5
51.44757875,28.5
51.44762455,28.5
51.44762455,28.5
51.44762455,28.5
51.44762455,28.5
51.44762455,28.5
51.44762455,28.5
51.44762455,28.5
51.44762455,28.5
51.44762455,28.5
51.44762455,28.5
51.447677517,28.6
51.447677517,28.6
51.447677517,28.6
51.447677517,28.6
51.447677517,28.6
51.447677517,28.6
51.447677517,28.6
51.447677517,28.6
51.447677517,28.6
51.447677517,28.6
51.447736567,28.6
51.447736567,28.6
51.447736567,28.6
51.447736567,28.6
51.447736567,28.6
51.447736567,28.6
51.447736567,28.6
51.447736567,28.6
51.447736567,28.6
51.447736567,28.6
51.447801733,28.5
51.447801733,28.5
51.447801733,28.5
51.447801733,28.5
51.447801733,28.5
51.447801733,28.5
51.447801733,28.5
51.447801733,28.5
51.447801733,28.5
51.447801733,28.5
51.447874933,28.5
51.447874933,28.5
51.447874933,28.5
51.447874933,28.5
51.447874933,28.5
51.447874933,28.5
51.447874933,28.5
51.447874933,28.5
51.447874933,28.5
51.447874933,28.5
51.44794785,28.7
51.44794785,28.7
51.44794785,28.7
51.44794785,28.7
51.44794785,28.7
51.44794785,28.7
51.44794785,28.7
51.44794785,28.7
51.44794785,28.7
51.44794785,28.7
51.448026417,28.9
51.448026417,28.9
51.448026417,28.9
51.448026417,28.9
51.448026417,28.9
51.448026417,28.9
51.448026417,28.9
51.448026417,28.9
51.448026417,28.9
51.448026417,28.9
51.448106417,29.0
51.448106417,29.0
51.448106417,29.0
51.448106417,29.0
51.448106417,29.0
51.448106417,29.0
51.448106417,29.0
51.448106417,29.0
51.448106417,29.0
51.448106417,29.0
51.448186317,29.1
51.448186317,29.1
51.448186317,29.1
51.448186317,29.1
51.448186317,29.1
51.448186317,29.1
51.448186317,29.1
51.448186317,29.1
51.448186317,29.1
51.448186317,29.1
51.4482653,29.3
51.4482653,29.3
51.4482653,29.3
51.4482653,29.3
51.4482653,29.3
51.4482653,29.3
51.4482653,29.3
51.4482653,29.3
51.4482653,29.3
51.4482653,29.3
51.448345467,29.5
51.448345467,29.5
51.448345467,29.5
51.448345467,29.5
51.448345467,29.5
51.448345467,29.5
51.448345467,29.5
51.448345467,29.5
51.448345467,29.5
51.448345467,29.5
51.4484193,29.6
51.4484193,29.6
51.4484193,29.6
51.4484193,29.6
51.4484193,29.6
51.4484193,29.6
51.4484193,29.6
51.4484193,29.6
51.4484193,29.6
51.4484193,29.6
51.448488983,29.8
51.448488983,29.8
51.448488983,29.8
51.448488983,29.8
51.448488983,29.8
51.448488983,29.8
51.448488983,29.8
51.448488983,29.8
51.448488983,29.8
51.448488983,29.8
51.448560267,30.0
51.448560267,30.0
51.448560267,30.0
51.448560267,30.0
51.448560267,30.0
51.448560267,30.0
51.448560267,30.0
51.448560267,30.0
51.448560267,30.0
51.448560267,30.0
51.4486311,30.2
51.4486311,30.2
51.4486311,30.2
51.4486311,30.2
51.4486311,30.2
51.4486311,30.2
51.4486311,30.2
51.4486311,30.2
51.4486311,30.2
51.4486311,30.2
51.448700467,30.5
51.448700467,30.5
51.448700467,30.5
51.448700467,30.5
51.448700467,30.5
51.448700467,30.5
51.448700467,30.5
51.448700467,30.5
51.448700467,30.5
51.448700467,30.5
51.448770267,30.7
51.448770267,30.7
51.448770267,30.7
51.448770267,30.7
51.448770267,30.7
51.448770267,30.7
51.448770267,30.7
51.448770267,30.7
51.448770267,30.7
51.448770267,30.7
51.448841817,31.0
51.448841817,31.0
51.448841817,31.0
51.448841817,31.0
51.448841817,31.0
51.448841817,31.0
51.448841817,31.0
51.448841817,31.0
51.448841817,31.0
51.448841817,31.0
51.4489117,31.3
51.4489117,31.3
51.4489117,31.3
51.4489117,31.3
51.4489117,31.3
51.4489117,31.3
51.4489117,31.3
51.4489117,31.3
51.4489117,31.3
51.4489117,31.3
51.44897745,31.4
51.44897745,31.4
51.44897745,31.4
51.44897745,31.4
51.44897745,31.4
51.44897745,31.4
51.44897745,31.4
51.44897745,31.4
51.44897745,31.4
51.44897745,31.4
51.44904505,31.4
51.44904505,31.4
51.44904505,31.4
51.44904505,31.4
51.44904505,31.4
51.44904505,31.4
51.44904505,31.4
51.44904505,31.4
51.44904505,31.4
51.44904505,31.4
51.449109917,31.4
51.449109917,31.4
51.449109917,31.4
51.449109917,31.4
51.449109917,31.4
51.449109917,31.4
51.449109917,31.4
51.449109917,31.4
51.449109917,31.4
51.449109917,31.4
51.449170633,31.3
51.449170633,31.3
51.449170633,31.3
51.449170633,31.3
51.449170633,31.3
51.449170633,31.3
51.449170633,31.3
51.449170633,31.3
51.449170633,31.3
51.449170633,31.3
51.449232017,31.2
51.449232017,31.2
51.449232017,31.2
51.449232017,31.2
51.449232017,31.2
51.449232017,31.2
51.449232017,31.2
51.449232017,31.2
51.449232017,31.2
51.449232017,31.2
51.44929015,31.0
51.44929015,31.0
51.44929015,31.0
51.44929015,31.0
51.44929015,31.0
51.44929015,31.0
51.44929015,31.0
51.44929015,31.0
51.44929015,31.0
51.44929015,31.0
51.4493548,30.7
51.4493548,30.7
51.4493548,30.7
51.4493548,30.7
51.4493548,30.7
51.4493548,30.7
51.4493548,30.7
51.4493548,30.7
51.4493548,30.7
51.4493548,30.7
51.449422667,30.4
51.449422667,30.4
51.449422667,30.4
51.449422667,30.4
51.449422667,30.4
51.449422667,30.4
51.449422667,30.4
51.449422667,30.4
51.449422667,30.4
51.449422667,30.4
51.449489867,30.1
51.449489867,30.1
51.449489867,30.1
51.449489867,30.1
51.449489867,30.1
51.449489867,30.1
51.449489867,30.1
51.449489867,30.1
51.449489867,30.1
51.449489867,30.1
51.44955725,29.9
51.44955725,29.9
51.44955725,29.9
51.44955725,29.9
51.44955725,29.9
51.44955725,29.9
51.44955725,29.9
51.44955725,29.9
51.44955725,29.9
51.44955725,29.9
51.449623867,29.7
51.449623867,29.7
51.449623867,29.7
51.449623867,29.7
51.449623867,29.7
51.449623867,29.7
51.449623867,29.7
51.449623867,29.7
51.449623867,29.7
51.449623867,29.7
51.449693033,29.7
51.449693033,29.7
51.449693033,29.7
51.449693033,29.7
51.449693033,29.7
51.449693033,29.7
51.449693033,29.7
51.449693033,29.7
51.449693033,29.7
51.449693033,29.7
51.449761617,29.6
51.449761617,29.6
51.449761617,29.6
51.449761617,29.6
51.449761617,29.6
51.449761617,29.6
51.449761617,29.6
51.449761617,29.6
51.449761617,29.6
51.449761617,29.6
51.4498299,29.6
51.4498299,29.6
51.4498299,29.6
51.4498299,29.6
51.4498299,29.6
51.4498299,29.6
51.4498299,29.6
51.4498299,29.6
51.4498299,29.6
51.4498299,29.6
51.44989755,29.7
51.44989755,29.7
51.44989755,29.7
51.44989755,29.7
51.44989755,29.7
51.44989755,29.7
51.44989755,29.7
51.44989755,29.7
51.44989755,29.7
51.44989755,29.7
51.449967667,29.8
51.449967667,29.8
51.449967667,29.8
51.449967667,29.8
51.449967667,29.8
51.449967667,29.8
51.449967667,29.8
51.449967667,29.8
51.449967667,29.8
51.449967667,29.8
51.4500382,29.5
51.4500382,29.5
51.4500382,29.5
51.4500382,29.5
51.4500382,29.5
51.4500382,29.5
51.4500382,29.5
51.4500382,29.5
51.4500382,29.5
51.4500382,29.5
51.4501035,29.2
51.4501035,29.2
51.4501035,29.2
51.4501035,29.2
51.4501035,29.2
51.4501035,29.2
51.4501035,29.2
51.4501035,29.2
51.4501035,29.2
51.4501035,29.2
51.450173167,29.1
51.450173167,29.1
51.450173167,29.1
51.450173167,29.1
51.450173167,29.1
51.450173167,29.1
51.450173167,29.1
51.450173167,29.1
51.450173167,29.1
51.450173167,29.1
51.450239167,28.9
51.450239167,28.9
51.450239167,28.9
51.450239167,28.9
51.450239167,28.9
51.450239167,28.9
51.450239167,28.9
51.450239167,28.9
51.450239167,28.9
51.450239167,28.9
51.450306583,28.0
51.450306583,28.0
51.450306583,28.0
51.450306583,28.0
51.450306583,28.0
51.450306583,28.0
51.450306583,28.0
51.450306583,28.0
51.450306583,28.0
51.450306583,28.0
51.450371167,26.9
51.450371167,26.9
51.450371167,26.9
51.450371167,26.9
51.450371167,26.9
51.450371167,26.9
51.450371167,26.9
51.450371167,26.9
51.450371167,26.9
51.450371167,26.9
51.450433233,26.0
51.450433233,26.0
51.450433233,26.0
51.450433233,26.0
51.450433233,26.0
51.450433233,26.0
51.450433233,26.0
51.450433233,26.0
51.450433233,26.0
51.450433233,26.0
51.450490033,25.0
51.450490033,25.0
51.450490033,25.0
51.450490033,25.0
51.450490033,25.0
51.450490033,25.0
51.450490033,25.0
51.450490033,25.0
51.450490033,25.0
51.450490033,25.0
51.450545,24.0
51.450545,24.0
51.450545,24.0
51.450545,24.0
51.450545,24.0
51.450545,24.0
51.450545,24.0
51.450545,24.0
51.450545,24.0
51.450545,24.0
51.45060115,23.0
51.45060115,23.0
51.45060115,23.0
51.45060115,23.0
51.45060115,23.0
51.45060115,23.0
51.45060115,23.0
51.45060115,23.0
51.45060115,23.0
51.45060115,23.0
51.450650367,21.9
51.450650367,21.9
51.450650367,21.9
51.450650367,21.9
51.450650367,21.9
51.450650367,21.9
51.450650367,21.9
51.450650367,21.9
51.450650367,21.9
51.450650367,21.9
51.450694667,19.8
51.450694667,19.8
51.450694667,19.8
51.450694667,19.8
51.450694667,19.8
51.450694667,19.8
51.450694667,19.8
51.450694667,19.8
51.450694667,19.8
51.450694667,19.8
51.450734417,17.0
51.450734417,17.0
51.450734417,17.0
51.450734417,17.0
51.450734417,17.0
51.450734417,17.0
51.450734417,17.0
51.450734417,17.0
51.450734417,17.0
51.450734417,17.0
51.450762783,13.4
51.450762783,13.4
51.450762783,13.4
51.450762783,13.4
51.450762783,13.4
51.450762783,13.4
51.450762783,13.4
51.450762783,13.4
51.450762783,13.4
51.450762783,13.4
51.45078415,9.6
51.45078415,9.6
51.45078415,9.6
51.45078415,9.6
51.45078415,9.6
51.45078415,9.6
51.45078415,9.6
51.45078415,9.6
51.45078415,9.6
51.45078415,9.6
51.450794933,5.7
51.450794933,5.7
51.450794933,5.7
51.450794933,5.7
51.450794933,5.7
51.450794933,5.7
51.450794933,5.7
51.450794933,5.7
51.450794933,5.7
51.450794933,5.7
51.450799233,1.5
51.450799233,1.5
51.450799233,1.5
51.450799233,1.5
51.450799233,1.5
51.450799233,1.5
51.450799233,1.5
51.450799233,1.5
51.450799233,1.5
51.450799233,1.5
51.450803267,1.2
51.450803267,1.2
51.450803267,1.2
51.450803267,1.2
51.450803267,1.2
51.450803267,1.2
51.450803267,1.2
51.450803267,1.2
51.450803267,1.2
51.450803267,1.2
51.450814967,3.5
51.450814967,3.5
51.450814967,3.5
51.450814967,3.5
51.450814967,3.5
51.450814967,3.5
51.450814967,3.5
51.450814967,3.5
51.450814967,3.5
51.450814967,3.5
51.4508268,5.8
51.4508268,5.8
51.4508268,5.8
51.4508268,5.8
51.4508268,5.8
51.4508268,5.8
51.4508268,5.8
51.4508268,5.8
51.4508268,5.8
51.4508268,5.8
51.45084655,7.8
51.45084655,7.8
51.45084655,7.8
51.45084655,7.8
51.45084655,7.8
51.45084655,7.8
51.45084655,7.8
51.45084655,7.8
51.45084655,7.8
51.45084655,7.8
51.450866767,8.7
51.450866767,8.7
51.450866767,8.7
51.450866767,8.7
51.450866767,8.7
51.450866767,8.7
51.450866767,8.7
51.450866767,8.7
51.450866767,8.7
51.450866767,8.7
51.450866767,8.7
51.4508896,9.5
51.4508896,9.5
51.4508896,9.5
51.4508896,9.5
51.4508896,9.5
51.4508896,9.5
51.4508896,9.5
51.4508896,9.5
51.4508896,9.5
51.450914417,10.3
51.450914417,10.3
51.450914417,10.3
51.450914417,10.3
51.450914417,10.3
51.450914417,10.3
51.450914417,10.3
51.450914417,10.3
51.450914417,10.3
51.450914417,10.3
51.450914417,10.3
51.450946117,13.3
51.450946117,13.3
51.450946117,13.3
51.450946117,13.3
51.450946117,13.3
51.450946117,13.3
51.450946117,13.3
51.450946117,13.3
51.450946117,13.3
51.45097875,13.9
51.45097875,13.9
51.45097875,13.9
51.45097875,13.9
51.45097875,13.9
51.45097875,13.9
51.45097875,13.9
51.45097875,13.9
51.45097875,13.9
51.45097875,13.9
51.45097875,13.9
51.451013683,14.4
51.451013683,14.4
51.451013683,14.4
51.451013683,14.4
51.451013683,14.4
51.451013683,14.4
51.451013683,14.4
51.451013683,14.4
51.451013683,14.4
51.451013683,14.4
51.451051567,14.8
51.451051567,14.8
51.451051567,14.8
51.451051567,14.8
51.451051567,14.8
51.451051567,14.8
51.451051567,14.8
51.451051567,14.8
51.451051567,14.8
51.451051567,14.8
51.451095883,16.6
51.451095883,16.6
51.451095883,16.6
51.451095883,16.6
51.451095883,16.6
51.451095883,16.6
51.451095883,16.6
51.451095883,16.6
51.451095883,16.6
51.451095883,16.6
51.45114275,17.0
51.45114275,17.0
51.45114275,17.0
51.45114275,17.0
51.45114275,17.0
51.45114275,17.0
51.45114275,17.0
51.45114275,17.0
51.45114275,17.0
51.45114275,17.0
51.4511903,17.2
51.4511903,17.2
51.4511903,17.2
51.4511903,17.2
51.4511903,17.2
51.4511903,17.2
51.4511903,17.2
51.4511903,17.2
51.4511903,17.2
51.4511903,17.2
51.451238833,17.5
51.451238833,17.5
51.451238833,17.5
51.451238833,17.5
51.451238833,17.5
51.451238833,17.5
51.451238833,17.5
51.451238833,17.5
51.451238833,17.5
51.451238833,17.5
51.451298433,18.5
51.451298433,18.5
51.451298433,18.5
51.451298433,18.5
51.451298433,18.5
51.451298433,18.5
51.451298433,18.5
51.451298433,18.5
51.451298433,18.5
51.451298433,18.5
51.451345533,18.7
51.451345533,18.7
51.451345533,18.7
51.451345533,18.7
51.451345533,18.7
51.451345533,18.7
51.451345533,18.7
51.451345533,18.7
51.451345533,18.7
51.451345533,18.7
51.451398283,18.9
51.451398283,18.9
51.451398283,18.9
51.451398283,18.9
51.451398283,18.9
51.451398283,18.9
51.451398283,18.9
51.451398283,18.9
51.451398283,18.9
51.451398283,18.9
51.45145185,18.9
51.45145185,18.9
51.45145185,18.9
51.45145185,18.9
51.45145185,18.9
51.45145185,18.9
51.45145185,18.9
51.45145185,18.9
51.45145185,18.9
51.45145185,18.9
51.451502583,19.0
51.451502583,19.0
51.451502583,19.0
51.451502583,19.0
51.451502583,19.0
51.451502583,19.0
51.451502583,19.0
51.451502583,19.0
51.451502583,19.0
51.451502583,19.0
51.451609983,19.1
51.451609983,19.1
51.451609983,19.1
51.451609983,19.1
51.451609983,19.1
51.451609983,19.1
51.451609983,19.1
51.451609983,19.1
51.451609983,19.1
51.451609983,19.1
51.451609983,19.1
51.451609983,19.1
51.451609983,19.1
51.451609983,19.1
51.451609983,19.1
51.451609983,19.1
51.451609983,19.1
51.451609983,19.1
51.451609983,19.1
51.451609983,19.1
51.451716467,19.5
51.451716467,19.5
51.451716467,19.5
51.451716467,19.5
51.451716467,19.5
51.451716467,19.5
51.451716467,19.5
51.451716467,19.5
51.451716467,19.5
51.451716467,19.5
51.451765517,19.8
51.451765517,19.8
51.451765517,19.8
51.451765517,19.8
51.451765517,19.8
51.451765517,19.8
51.451765517,19.8
51.451765517,19.8
51.451765517,19.8
51.451765517,19.8
51.4518084,20.0
51.4518084,20.0
51.4518084,20.0
51.4518084,20.0
51.4518084,20.0
51.4518084,20.0
51.4518084,20.0
51.4518084,20.0
51.4518084,20.0
51.4518084,20.0
51.4518489,20.3
51.4518489,20.3
51.4518489,20.3
51.4518489,20.3
51.4518489,20.3
51.4518489,20.3
51.4518489,20.3
51.4518489,20.3
51.4518489,20.3
51.4518489,20.3
51.45188555,20.5
51.45188555,20.5
51.45188555,20.5
51.45188555,20.5
51.45188555,20.5
51.45188555,20.5
51.45188555,20.5
51.45188555,20.5
51.45188555,20.5
51.45188555,20.5
51.451916383,20.6
51.451916383,20.6
51.451916383,20.6
51.451916383,20.6
51.451916383,20.6
51.451916383,20.6
51.451916383,20.6
51.451916383,20.6
51.451916383,20.6
51.451916383,20.6
51.45194445,20.7
51.45194445,20.7
51.45194445,20.7
51.45194445,20.7
51.45194445,20.7
51.45194445,20.7
51.45194445,20.7
51.45194445,20.7
51.45194445,20.7
51.45194445,20.7
51.451969117,20.7
51.451969117,20.7
51.451969117,20.7
51.451969117,20.7
51.451969117,20.7
51.451969117,20.7
51.451969117,20.7
51.451969117,20.7
51.451969117,20.7
51.451969117,20.7
51.45199605,20.7
51.45199605,20.7
51.45199605,20.7
51.45199605,20.7
51.45199605,20.7
51.45199605,20.7
51.45199605,20.7
51.45199605,20.7
51.45199605,20.7
51.45199605,20.7
51.45202435,20.8
51.45202435,20.8
51.45202435,20.8
51.45202435,20.8
51.45202435,20.8
51.45202435,20.8
51.45202435,20.8
51.45202435,20.8
51.45202435,20.8
51.45202435,20.8
51.4520555,21.0
51.4520555,21.0
51.4520555,21.0
51.4520555,21.0
51.4520555,21.0
51.4520555,21.0
51.4520555,21.0
51.4520555,21.0
51.4520555,21.0
51.4520555,21.0
51.45209165,21.2
51.45209165,21.2
51.45209165,21.2
51.45209165,21.2
51.45209165,21.2
51.45209165,21.2
51.45209165,21.2
51.45209165,21.2
51.45209165,21.2
51.45209165,21.2
51.452130317,21.5
51.452130317,21.5
51.452130317,21.5
51.452130317,21.5
51.452130317,21.5
51.452130317,21.5
51.452130317,21.5
51.452130317,21.5
51.452130317,21.5
51.452130317,21.5
51.45217245,21.8
51.45217245,21.8
51.45217245,21.8
51.45217245,21.8
51.45217245,21.8
51.45217245,21.8
51.45217245,21.8
51.45217245,21.8
51.45217245,21.8
51.45217245,21.8
51.452215233,22.2
51.452215233,22.2
51.452215233,22.2
51.452215233,22.2
51.452215233,22.2
51.452215233,22.2
51.452215233,22.2
51.452215233,22.2
51.452215233,22.2
51.452215233,22.2
51.45226135,22.7
51.45226135,22.7
51.45226135,22.7
51.45226135,22.7
51.45226135,22.7
51.45226135,22.7
51.45226135,22.7
51.45226135,22.7
51.45226135,22.7
51.45226135,22.7
51.45230915,23.2
51.45230915,23.2
51.45230915,23.2
51.45230915,23.2
51.45230915,23.2
51.45230915,23.2
51.45230915,23.2
51.45230915,23.2
51.45230915,23.2
51.45230915,23.2
51.452356183,23.7
51.452356183,23.7
51.452356183,23.7
51.452356183,23.7
51.452356183,23.7
51.452356183,23.7
51.452356183,23.7
51.452356183,23.7
51.452356183,23.7
51.452356183,23.7
51.45240635,24.2
51.45240635,24.2
51.45240635,24.2
51.45240635,24.2
51.45240635,24.2
51.45240635,24.2
51.45240635,24.2
51.45240635,24.2
51.45240635,24.2
51.45240635,24.2
51.4524587,24.6
51.4524587,24.6
51.4524587,24.6
51.4524587,24.6
51.4524587,24.6
51.4524587,24.6
51.4524587,24.6
51.4524587,24.6
51.4524587,24.6
51.4524587,24.6
51.452510633,24.9
51.452510633,24.9
51.452510633,24.9
51.452510633,24.9
51.452510633,24.9
51.452510633,24.9
51.452510633,24.9
51.452510633,24.9
51.452510633,24.9
51.452510633,24.9
51.452563267,25.1
51.452563267,25.1
51.452563267,25.1
51.452563267,25.1
51.452563267,25.1
51.452563267,25.1
51.452563267,25.1
51.452563267,25.1
51.452563267,25.1
51.452563267,25.1
51.4526154,25.3
51.4526154,25.3
51.4526154,25.3
51.4526154,25.3
51.4526154,25.3
51.4526154,25.3
51.4526154,25.3
51.4526154,25.3
51.4526154,25.3
51.4526154,25.3
51.452672517,25.5
51.452672517,25.5
51.452672517,25.5
51.452672517,25.5
51.452672517,25.5
51.452672517,25.5
51.452672517,25.5
51.452672517,25.5
51.452672517,25.5
51.452672517,25.5
51.45272745,25.7
51.45272745,25.7
51.45272745,25.7
51.45272745,25.7
51.45272745,25.7
51.45272745,25.7
51.45272745,25.7
51.45272745,25.7
51.45272745,25.7
51.45272745,25.7
51.452780717,25.9
51.452780717,25.9
51.452780717,25.9
51.452780717,25.9
51.452780717,25.9
51.452780717,25.9
51.452780717,25.9
51.452780717,25.9
51.452780717,25.9
51.452780717,25.9
51.452839817,26.1
51.452839817,26.1
51.452839817,26.1
51.452839817,26.1
51.452839817,26.1
51.452839817,26.1
51.452839817,26.1
51.452839817,26.1
51.452839817,26.1
51.452839817,26.1
51.452899967,26.4
51.452899967,26.4
51.452899967,26.4
51.452899967,26.4
51.452899967,26.4
51.452899967,26.4
51.452899967,26.4
51.452899967,26.4
51.452899967,26.4
51.452899967,26.4
51.452961633,26.7
51.452961633,26.7
51.452961633,26.7
51.452961633,26.7
51.452961633,26.7
51.452961633,26.7
51.452961633,26.7
51.452961633,26.7
51.452961633,26.7
51.452961633,26.7
51.45302405,27.2
51.45302405,27.2
51.45302405,27.2
51.45302405,27.2
51.45302405,27.2
51.45302405,27.2
51.45302405,27.2
51.45302405,27.2
51.45302405,27.2
51.45302405,27.2
51.4530893,27.6
51.4530893,27.6
51.4530893,27.6
51.4530893,27.6
51.4530893,27.6
51.4530893,27.6
51.4530893,27.6
51.4530893,27.6
51.4530893,27.6
51.4530893,27.6
51.453154067,28.3
51.453154067,28.3
51.453154067,28.3
51.453154067,28.3
51.453154067,28.3
51.453154067,28.3
51.453154067,28.3
51.453154067,28.3
51.453154067,28.3
51.453154067,28.3
51.4532244,28.8
51.4532244,28.8
51.4532244,28.8
51.4532244,28.8
51.4532244,28.8
51.4532244,28.8
51.4532244,28.8
51.4532244,28.8
51.4532244,28.8
51.4532244,28.8
51.453294533,29.2
51.453294533,29.2
51.453294533,29.2
51.453294533,29.2
51.453294533,29.2
51.453294533,29.2
51.453294533,29.2
51.453294533,29.2
51.453294533,29.2
51.453294533,29.2
51.4533651,29.5
51.4533651,29.5
51.4533651,29.5
51.4533651,29.5
51.4533651,29.5
51.4533651,29.5
51.4533651,29.5
51.4533651,29.5
51.4533651,29.5
51.4533651,29.5
51.453438217,29.8
51.453438217,29.8
51.453438217,29.8
51.453438217,29.8
51.453438217,29.8
51.453438217,29.8
51.453438217,29.8
51.453438217,29.8
51.453438217,29.8
51.453438217,29.8
51.453513383,30.1
51.453513383,30.1
51.453513383,30.1
51.453513383,30.1
51.453513383,30.1
51.453513383,30.1
51.453513383,30.1
51.453513383,30.1
51.453513383,30.1
51.453513383,30.1
51.453588917,30.3
51.453588917,30.3
51.453588917,30.3
51.453588917,30.3
51.453588917,30.3
51.453588917,30.3
51.453588917,30.3
51.453588917,30.3
51.453588917,30.3
51.453588917,30.3
51.453668517,30.5
51.453668517,30.5
51.453668517,30.5
51.453668517,30.5
51.453668517,30.5
51.453668517,30.5
51.453668517,30.5
51.453668517,30.5
51.453668517,30.5
51.453668517,30.5
51.45374945,30.7
51.45374945,30.7
51.45374945,30.7
51.45374945,30.7
51.45374945,30.7
51.45374945,30.7
51.45374945,30.7
51.45374945,30.7
51.45374945,30.7
51.45374945,30.7
51.453833517,30.9
51.453833517,30.9
51.453833517,30.9
51.453833517,30.9
51.453833517,30.9
51.453833517,30.9
51.453833517,30.9
51.453833517,30.9
51.453833517,30.9
51.453833517,30.9
51.453919067,31.0
51.453919067,31.0
51.453919067,31.0
51.453919067,31.0
51.453919067,31.0
51.453919067,31.0
51.453919067,31.0
51.453919067,31.0
51.453919067,31.0
51.453919067,31.0
51.454005433,31.2
51.454005433,31.2
51.454005433,31.2
51.454005433,31.2
51.454005433,31.2
51.454005433,31.2
51.454005433,31.2
51.454005433,31.2
51.454005433,31.2
51.454005433,31.2
51.45409375,31.3
51.45409375,31.3
51.45409375,31.3
51.45409375,31.3
51.45409375,31.3
51.45409375,31.3
51.45409375,31.3
51.45409375,31.3
51.45409375,31.3
51.45409375,31.3
51.454180717,31.3
51.454180717,31.3
51.454180717,31.3
51.454180717,31.3
51.454180717,31.3
51.454180717,31.3
51.454180717,31.3
51.454180717,31.3
51.454180717,31.3
51.454180717,31.3
51.454264917,31.1
51.454264917,31.1
51.454264917,31.1
51.454264917,31.1
51.454264917,31.1
51.454264917,31.1
51.454264917,31.1
51.454264917,31.1
51.454264917,31.1
51.454264917,31.1
51.454350967,31.0
51.454350967,31.0
51.454350967,31.0
51.454350967,31.0
51.454350967,31.0
51.454350967,31.0
51.454350967,31.0
51.454350967,31.0
51.454350967,31.0
51.454350967,31.0
51.454433217,30.8
51.454433217,30.8
51.454433217,30.8
51.454433217,30.8
51.454433217,30.8
51.454433217,30.8
51.454433217,30.8
51.454433217,30.8
51.454433217,30.8
51.454433217,30.8
51.454518483,30.6
51.454518483,30.6
51.454518483,30.6
51.454518483,30.6
51.454518483,30.6
51.454518483,30.6
51.454518483,30.6
51.454518483,30.6
51.454518483,30.6
51.454518483,30.6
51.454601083,30.5
51.454601083,30.5
51.454601083,30.5
51.454601083,30.5
51.454601083,30.5
51.454601083,30.5
51.454601083,30.5
51.454601083,30.5
51.454601083,30.5
51.454601083,30.5
51.454682033,30.5
51.454682033,30.5
51.454682033,30.5
51.454682033,30.5
51.454682033,30.5
51.454682033,30.5
51.454682033,30.5
51.454682033,30.5
51.454682033,30.5
51.454682033,30.5
51.4547668,30.5
51.4547668,30.5
51.4547668,30.5
51.4547668,30.5
51.4547668,30.5
51.4547668,30.5
51.4547668,30.5
51.4547668,30.5
51.4547668,30.5
51.4547668,30.5
51.45485035,30.7
51.45485035,30.7
51.45485035,30.7
51.45485035,30.7
51.45485035,30.7
51.45485035,30.7
51.45485035,30.7
51.45485035,30.7
51.45485035,30.7
51.45485035,30.7
51.454935517,30.9
51.454935517,30.9
51.454935517,30.9
51.454935517,30.9
51.454935517,30.9
51.454935517,30.9
51.454935517,30.9
51.454935517,30.9
51.454935517,30.9
51.454935517,30.9
51.455021133,31.4
51.455021133,31.4
51.455021133,31.4
51.455021133,31.4
51.455021133,31.4
51.455021133,31.4
51.455021133,31.4
51.455021133,31.4
51.455021133,31.4
51.455021133,31.4
51.455108183,31.9
51.455108183,31.9
51.455108183,31.9
51.455108183,31.9
51.455108183,31.9
51.455108183,31.9
51.455108183,31.9
51.455108183,31.9
51.455108183,31.9
51.455108183,31.9
51.455200167,32.3
51.455200167,32.3
51.455200167,32.3
51.455200167,32.3
51.455200167,32.3
51.455200167,32.3
51.455200167,32.3
51.455200167,32.3
51.455200167,32.3
51.455200167,32.3
51.455290383,32.8
51.455290383,32.8
51.455290383,32.8
51.455290383,32.8
51.455290383,32.8
51.455290383,32.8
51.455290383,32.8
51.455290383,32.8
51.455290383,32.8
51.455290383,32.8
51.4553812,33.2
51.4553812,33.2
51.4553812,33.2
51.4553812,33.2
51.4553812,33.2
51.4553812,33.2
51.4553812,33.2
51.4553812,33.2
51.4553812,33.2
51.4553812,33.2
51.45547545,33.5
51.45547545,33.5
51.45547545,33.5
51.45547545,33.5
51.45547545,33.5
51.45547545,33.5
51.45547545,33.5
51.45547545,33.5
51.45547545,33.5
51.45547545,33.5
51.455568917,33.8
51.455568917,33.8
51.455568917,33.8
51.455568917,33.8
51.455568917,33.8
51.455568917,33.8
51.455568917,33.8
51.455568917,33.8
51.455568917,33.8
51.455568917,33.8
51.455659633,33.9
51.455659633,33.9
51.455659633,33.9
51.455659633,33.9
51.455659633,33.9
51.455659633,33.9
51.455659633,33.9
51.455659633,33.9
51.455659633,33.9
51.455659633,33.9
51.455752533,34.0
51.455752533,34.0
51.455752533,34.0
51.455752533,34.0
51.455752533,34.0
51.455752533,34.0
51.455752533,34.0
51.455752533,34.0
51.455752533,34.0
51.455752533,34.0
51.4558467,34.1
51.4558467,34.1
51.4558467,34.1
51.4558467,34.1
51.4558467,34.1
51.4558467,34.1
51.4558467,34.1
51.4558467,34.1
51.4558467,34.1
51.4558467,34.1
51.455943617,34.2
51.455943617,34.2
51.455943617,34.2
51.455943617,34.2
51.455943617,34.2
51.455943617,34.2
51.455943617,34.2
51.455943617,34.2
51.455943617,34.2
51.455943617,34.2
51.4560364,34.2
51.4560364,34.2
51.4560364,34.2
51.4560364,34.2
51.4560364,34.2
51.4560364,34.2
51.4560364,34.2
51.4560364,34.2
51.4560364,34.2
51.4560364,34.2
51.456130533,34.2
51.456130533,34.2
51.456130533,34.2
51.456130533,34.2
51.456130533,34.2
51.456130533,34.2
51.456130533,34.2
51.456130533,34.2
51.456130533,34.2
51.456130533,34.2
51.4562274,34.1
51.4562274,34.1
51.4562274,34.1
51.4562274,34.1
51.4562274,34.1
51.4562274,34.1
51.4562274,34.1
51.4562274,34.1
51.4562274,34.1
51.4562274,34.1
51.456318717,34.0
51.456318717,34.0
51.456318717,34.0
51.456318717,34.0
51.456318717,34.0
51.456318717,34.0
51.456318717,34.0
51.456318717,34.0
51.456318717,34.0
51.456318717,34.0
51.456410067,34.0
51.456410067,34.0
51.456410067,34.0
51.456410067,34.0
51.456410067,34.0
51.456410067,34.0
51.456410067,34.0
51.456410067,34.0
51.456410067,34.0
51.456410067,34.0
51.45650385,34.0
51.45650385,34.0
51.45650385,34.0
51.45650385,34.0
51.45650385,34.0
51.45650385,34.0
51.45650385,34.0
51.45650385,34.0
51.45650385,34.0
51.45650385,34.0
51.456596483,33.9
51.456596483,33.9
51.456596483,33.9
51.456596483,33.9
51.456596483,33.9
51.456596483,33.9
51.456596483,33.9
51.456596483,33.9
51.456596483,33.9
51.456596483,33.9
51.45668645,33.8
51.45668645,33.8
51.45668645,33.8
51.45668645,33.8
51.45668645,33.8
51.45668645,33.8
51.45668645,33.8
51.45668645,33.8
51.45668645,33.8
51.45668645,33.8
51.456777567,33.8
51.456777567,33.8
51.456777567,33.8
51.456777567,33.8
51.456777567,33.8
51.456777567,33.8
51.456777567,33.8
51.456777567,33.8
51.456777567,33.8
51.456777567,33.8
51.4568704,33.7
51.4568704,33.7
51.4568704,33.7
51.4568704,33.7
51.4568704,33.7
51.4568704,33.7
51.4568704,33.7
51.4568704,33.7
51.4568704,33.7
51.4568704,33.7
51.456962967,33.7
51.456962967,33.7
51.456962967,33.7
51.456962967,33.7
51.456962967,33.7
51.456962967,33.7
51.456962967,33.7
51.456962967,33.7
51.456962967,33.7
51.456962967,33.7
51.4570561,33.7
51.4570561,33.7
51.4570561,33.7
51.4570561,33.7
51.4570561,33.7
51.4570561,33.7
51.4570561,33.7
51.4570561,33.7
51.4570561,33.7
51.4570561,33.7
51.457147983,33.7
51.457147983,33.7
51.457147983,33.7
51.457147983,33.7
51.457147983,33.7
51.457147983,33.7
51.457147983,33.7
51.457147983,33.7
51.457147983,33.7
51.457147983,33.7
51.457147983,33.7
51.457242,33.8
51.457242,33.8
51.457242,33.8
51.457242,33.8
51.457242,33.8
51.457242,33.8
51.457242,33.8
51.457242,33.8
51.457242,33.8
51.457242,33.8
51.4573324,33.9
51.4573324,33.9
51.4573324,33.9
51.4573324,33.9
51.4573324,33.9
51.4573324,33.9
51.4573324,33.9
51.4573324,33.9
51.4573324,33.9
51.4573324,33.9
51.45742595,33.9
51.45742595,33.9
51.45742595,33.9
51.45742595,33.9
51.45742595,33.9
51.45742595,33.9
51.45742595,33.9
51.45742595,33.9
51.45742595,33.9
51.45742595,33.9
51.457518483,33.9
51.457518483,33.9
51.457518483,33.9
51.457518483,33.9
51.457518483,33.9
51.457518483,33.9
51.457518483,33.9
51.457518483,33.9
51.457518483,33.9
51.457518483,33.9
51.4576126,33.9
51.4576126,33.9
51.4576126,33.9
51.4576126,33.9
51.4576126,33.9
51.4576126,33.9
51.4576126,33.9
51.4576126,33.9
51.4576126,33.9
51.4576126,33.9
51.4577061,33.9
51.4577061,33.9
51.4577061,33.9
51.4577061,33.9
51.4577061,33.9
51.4577061,33.9
51.4577061,33.9
51.4577061,33.9
51.4577061,33.9
51.4577061,33.9
51.457800183,34.1
51.457800183,34.1
51.457800183,34.1
51.457800183,34.1
51.457800183,34.1
51.457800183,34.1
51.457800183,34.1
51.457800183,34.1
51.457800183,34.1
51.457800183,34.1
51.45789595,34.3
51.45789595,34.3
51.45789595,34.3
51.45789595,34.3
51.45789595,34.3
51.45789595,34.3
51.45789595,34.3
51.45789595,34.3
51.45789595,34.3
51.45789595,34.3
51.457990717,34.0
51.457990717,34.0
51.457990717,34.0
51.457990717,34.0
51.457990717,34.0
51.457990717,34.0
51.457990717,34.0
51.457990717,34.0
51.457990717,34.0
51.457990717,34.0
51.458082833,34.0
51.458082833,34.0
51.458082833,34.0
51.458082833,34.0
51.458082833,34.0
51.458082833,34.0
51.458082833,34.0
51.458082833,34.0
51.458082833,34.0
51.458082833,34.0
51.458174983,34.0
51.458174983,34.0
51.458174983,34.0
51.458174983,34.0
51.458174983,34.0
51.458174983,34.0
51.458174983,34.0
51.458174983,34.0
51.458174983,34.0
51.458174983,34.0
51.458269167,33.9
51.458269167,33.9
51.458269167,33.9
51.458269167,33.9
51.458269167,33.9
51.458269167,33.9
51.458269167,33.9
51.458269167,33.9
51.458269167,33.9
51.458269167,33.9
51.458365383,33.9
51.458365383,33.9
51.458365383,33.9
51.458365383,33.9
51.458365383,33.9
51.458365383,33.9
51.458365383,33.9
51.458365383,33.9
51.458365383,33.9
51.458365383,33.9
51.458457833,34.0
51.458457833,34.0
51.458457833,34.0
51.458457833,34.0
51.458457833,34.0
51.458457833,34.0
51.458457833,34.0
51.458457833,34.0
51.458457833,34.0
51.458457833,34.0
51.458552833,34.2
51.458552833,34.2
51.458552833,34.2
51.458552833,34.2
51.458552833,34.2
51.458552833,34.2
51.458552833,34.2
51.458552833,34.2
51.458552833,34.2
51.458552833,34.2
51.45864575,34.3
51.45864575,34.3
51.45864575,34.3
51.45864575,34.3
51.45864575,34.3
51.45864575,34.3
51.45864575,34.3
51.45864575,34.3
51.45864575,34.3
51.45864575,34.3
51.458737117,34.4
51.458737117,34.4
51.458737117,34.4
51.458737117,34.4
51.458737117,34.4
51.458737117,34.4
51.458737117,34.4
51.458737117,34.4
51.458737117,34.4
51.458737117,34.4
51.458829817,34.6
51.458829817,34.6
51.458829817,34.6
51.458829817,34.6
51.458829817,34.6
51.458829817,34.6
51.458829817,34.6
51.458829817,34.6
51.458829817,34.6
51.458829817,34.6
51.4589165,34.7
51.4589165,34.7
51.4589165,34.7
51.4589165,34.7
51.4589165,34.7
51.4589165,34.7
51.4589165,34.7
51.4589165,34.7
51.4589165,34.7
51.4589165,34.7
51.45900375,34.9
51.45900375,34.9
51.45900375,34.9
51.45900375,34.9
51.45900375,34.9
51.45900375,34.9
51.45900375,34.9
51.45900375,34.9
51.45900375,34.9
51.45900375,34.9
51.459085333,35.0
51.459085333,35.0
51.459085333,35.0
51.459085333,35.0
51.459085333,35.0
51.459085333,35.0
51.459085333,35.0
51.459085333,35.0
51.459085333,35.0
51.459085333,35.0
51.459162367,35.1
51.459162367,35.1
51.459162367,35.1
51.459162367,35.1
51.459162367,35.1
51.459162367,35.1
51.459162367,35.1
51.459162367,35.1
51.459162367,35.1
51.459162367,35.1
51.45923725,35.3
51.45923725,35.3
51.45923725,35.3
51.45923725,35.3
51.45923725,35.3
51.45923725,35.3
51.45923725,35.3
51.45923725,35.3
51.45923725,35.3
51.45923725,35.3
51.4592995,34.9
51.4592995,34.9
51.4592995,34.9
51.4592995,34.9
51.4592995,34.9
51.4592995,34.9
51.4592995,34.9
51.4592995,34.9
51.4592995,34.9
51.4592995,34.9
51.45935655,34.1
51.45935655,34.1
51.45935655,34.1
51.45935655,34.1
51.45935655,34.1
51.45935655,34.1
51.45935655,34.1
51.45935655,34.1
51.45935655,34.1
51.45935655,34.1
51.45940845,33.4
51.45940845,33.4
51.45940845,33.4
51.45940845,33.4
51.45940845,33.4
51.45940845,33.4
51.45940845,33.4
51.45940845,33.4
51.45940845,33.4
51.45940845,33.4
51.459459567,32.8
51.459459567,32.8
51.459459567,32.8
51.459459567,32.8
51.459459567,32.8
51.459459567,32.8
51.459459567,32.8
51.459459567,32.8
51.459459567,32.8
51.459459567,32.8
51.459512083,32.6
51.459512083,32.6
51.459512083,32.6
51.459512083,32.6
51.459512083,32.6
51.459512083,32.6
51.459512083,32.6
51.459512083,32.6
51.459512083,32.6
51.459512083,32.6
51.45956,32.6
51.45956,32.6
51.45956,32.6
51.45956,32.6
51.45956,32.6
51.45956,32.6
51.45956,32.6
51.45956,32.6
51.45956,32.6
51.45956,32.6
51.459609333,32.8
51.459609333,32.8
51.459609333,32.8
51.459609333,32.8
51.459609333,32.8
51.459609333,32.8
51.459609333,32.8
51.459609333,32.8
51.459609333,32.8
51.459609333,32.8
51.459656617,32.8
51.459656617,32.8
51.459656617,32.8
51.459656617,32.8
51.459656617,32.8
51.459656617,32.8
51.459656617,32.8
51.459656617,32.8
51.459656617,32.8
51.459656617,32.8
51.4597087,32.8
51.4597087,32.8
51.4597087,32.8
51.4597087,32.8
51.4597087,32.8
51.4597087,32.8
51.4597087,32.8
51.4597087,32.8
51.4597087,32.8
51.4597087,32.8
51.4597606,32.8
51.4597606,32.8
51.4597606,32.8
51.4597606,32.8
51.4597606,32.8
51.4597606,32.8
51.4597606,32.8
51.4597606,32.8
51.4597606,32.8
51.4597606,32.8
51.45981035,32.8
51.45981035,32.8
51.45981035,32.8
51.45981035,32.8
51.45981035,32.8
51.45981035,32.8
51.45981035,32.8
51.45981035,32.8
51.45981035,32.8
51.45981035,32.8
51.4598568,32.8
51.4598568,32.8
51.4598568,32.8
51.4598568,32.8
51.4598568,32.8
51.4598568,32.8
51.4598568,32.8
51.4598568,32.8
51.4598568,32.8
51.4598568,32.8
51.45989405,32.9
51.45989405,32.9
51.45989405,32.9
51.45989405,32.9
51.45989405,32.9
51.45989405,32.9
51.45989405,32.9
51.45989405,32.9
51.45989405,32.9
51.45989405,32.9
51.459922917,33.0
51.459922917,33.0
51.459922917,33.0
51.459922917,33.0
51.459922917,33.0
51.459922917,33.0
51.459922917,33.0
51.459922917,33.0
51.459922917,33.0
51.459922917,33.0
51.459942867,33.2
51.459942867,33.2
51.459942867,33.2
51.459942867,33.2
51.459942867,33.2
51.459942867,33.2
51.459942867,33.2
51.459942867,33.2
51.459942867,33.2
51.459942867,33.2
51.459955367,33.3
51.459955367,33.3
51.459955367,33.3
51.459955367,33.3
51.459955367,33.3
51.459955367,33.3
51.459955367,33.3
51.459955367,33.3
51.459955367,33.3
51.459955367,33.3
51.459954733,33.4
51.459954733,33.4
51.459954733,33.4
51.459954733,33.4
51.459954733,33.4
51.459954733,33.4
51.459954733,33.4
51.459954733,33.4
51.459954733,33.4
51.459954733,33.4
51.459945867,33.3
51.459945867,33.3
51.459945867,33.3
51.459945867,33.3
51.459945867,33.3
51.459945867,33.3
51.459945867,33.3
51.459945867,33.3
51.459945867,33.3
51.459945867,33.3
51.4599273,33.3
51.4599273,33.3
51.4599273,33.3
51.4599273,33.3
51.4599273,33.3
51.4599273,33.3
51.4599273,33.3
51.4599273,33.3
51.4599273,33.3
51.4599273,33.3
51.459901967,33.0
51.459901967,33.0
51.459901967,33.0
51.459901967,33.0
51.459901967,33.0
51.459901967,33.0
51.459901967,33.0
51.459901967,33.0
51.459901967,33.0
51.459901967,33.0
51.459868,32.8
51.459868,32.8
51.459868,32.8
51.459868,32.8
51.459868,32.8
51.459868,32.8
51.459868,32.8
51.459868,32.8
51.459868,32.8
51.459868,32.8
51.459839683,32.4
51.459839683,32.4
51.459839683,32.4
51.459839683,32.4
51.459839683,32.4
51.459839683,32.4
51.459839683,32.4
51.459839683,32.4
51.459839683,32.4
51.459839683,32.4
51.4598049,32.1
51.4598049,32.1
51.4598049,32.1
51.4598049,32.1
51.4598049,32.1
51.4598049,32.1
51.4598049,32.1
51.4598049,32.1
51.4598049,32.1
51.4598049,32.1
51.459767867,31.9
51.459767867,31.9
51.459767867,31.9
51.459767867,31.9
51.459767867,31.9
51.459767867,31.9
51.459767867,31.9
51.459767867,31.9
51.459767867,31.9
51.459767867,31.9
51.459724933,31.8
51.459724933,31.8
51.459724933,31.8
51.459724933,31.8
51.459724933,31.8
51.459724933,31.8
51.459724933,31.8
51.459724933,31.8
51.459724933,31.8
51.459724933,31.8
51.45968,31.7
51.45968,31.7
51.45968,31.7
51.45968,31.7
51.45968,31.7
51.45968,31.7
51.45968,31.7
51.45968,31.7
51.45968,31.7
51.45968,31.7
51.45963035,31.7
51.45963035,31.7
51.45963035,31.7
51.45963035,31.7
51.45963035,31.7
51.45963035,31.7
51.45963035,31.7
51.45963035,31.7
51.45963035,31.7
51.45963035,31.7
51.4595807,31.7
51.4595807,31.7
51.4595807,31.7
51.4595807,31.7
51.4595807,31.7
51.4595807,31.7
51.4595807,31.7
51.4595807,31.7
51.4595807,31.7
51.4595807,31.7
51.459530867,31.7
51.459530867,31.7
51.459530867,31.7
51.459530867,31.7
51.459530867,31.7
51.459530867,31.7
51.459530867,31.7
51.459530867,31.7
51.459530867,31.7
51.459530867,31.7
51.45948825,31.8
51.45948825,31.8
51.45948825,31.8
51.45948825,31.8
51.45948825,31.8
51.45948825,31.8
51.45948825,31.8
51.45948825,31.8
51.45948825,31.8
51.45948825,31.8
51.45944265,31.8
51.45944265,31.8
51.45944265,31.8
51.45944265,31.8
51.45944265,31.8
51.45944265,31.8
51.45944265,31.8
51.45944265,31.8
51.45944265,31.8
51.45944265,31.8
51.459394,31.8
51.459394,31.8
51.459394,31.8
51.459394,31.8
51.459394,31.8
51.459394,31.8
51.459394,31.8
51.459394,31.8
51.459394,31.8
51.459394,31.8
51.45934775,31.8
51.45934775,31.8
51.45934775,31.8
51.45934775,31.8
51.45934775,31.8
51.45934775,31.8
51.45934775,31.8
51.45934775,31.8
51.45934775,31.8
51.45934775,31.8
51.45929875,31.8
51.45929875,31.8
51.45929875,31.8
51.45929875,31.8
51.45929875,31.8
51.45929875,31.8
51.45929875,31.8
51.45929875,31.8
51.45929875,31.8
51.45929875,31.8
51.45924595,31.7
51.45924595,31.7
51.45924595,31.7
51.45924595,31.7
51.45924595,31.7
51.45924595,31.7
51.45924595,31.7
51.45924595,31.7
51.45924595,31.7
51.45924595,31.7
51.4591907,31.7
51.4591907,31.7
51.4591907,31.7
51.4591907,31.7
51.4591907,31.7
51.4591907,31.7
51.4591907,31.7
51.4591907,31.7
51.4591907,31.7
51.4591907,31.7
51.459130883,31.7
51.459130883,31.7
51.459130883,31.7
51.459130883,31.7
51.459130883,31.7
51.459130883,31.7
51.459130883,31.7
51.459130883,31.7
51.459130883,31.7
51.459130883,31.7
51.459066783,31.7
51.459066783,31.7
51.459066783,31.7
51.459066783,31.7
51.459066783,31.7
51.459066783,31.7
51.459066783,31.7
51.459066783,31.7
51.459066783,31.7
51.459066783,31.7
51.458997533,31.6
51.458997533,31.6
51.458997533,31.6
51.458997533,31.6
51.458997533,31.6
51.458997533,31.6
51.458997533,31.6
51.458997533,31.6
51.458997533,31.6
51.458997533,31.6
51.45892335,31.6
51.45892335,31.6
51.45892335,31.6
51.45892335,31.6
51.45892335,31.6
51.45892335,31.6
51.45892335,31.6
51.45892335,31.6
51.45892335,31.6
51.45892335,31.6
51.458845917,31.4
51.458845917,31.4
51.458845917,31.4
51.458845917,31.4
51.458845917,31.4
51.458845917,31.4
51.458845917,31.4
51.458845917,31.4
51.458845917,31.4
51.458845917,31.4
51.458766117,31.3
51.458766117,31.3
51.458766117,31.3
51.458766117,31.3
51.458766117,31.3
51.458766117,31.3
51.458766117,31.3
51.458766117,31.3
51.458766117,31.3
51.458766117,31.3
51.458682183,31.0
51.458682183,31.0
51.458682183,31.0
51.458682183,31.0
51.458682183,31.0
51.458682183,31.0
51.458682183,31.0
51.458682183,31.0
51.458682183,31.0
51.458682183,31.0
51.45859765,30.7
51.45859765,30.7
51.45859765,30.7
51.45859765,30.7
51.45859765,30.7
51.45859765,30.7
51.45859765,30.7
51.45859765,30.7
51.45859765,30.7
51.45859765,30.7
51.458513583,30.3
51.458513583,30.3
51.458513583,30.3
51.458513583,30.3
51.458513583,30.3
51.458513583,30.3
51.458513583,30.3
51.458513583,30.3
51.458513583,30.3
51.458513583,30.3
51.458428783,30.1
51.458428783,30.1
51.458428783,30.1
51.458428783,30.1
51.458428783,30.1
51.458428783,30.1
51.458428783,30.1
51.458428783,30.1
51.458428783,30.1
51.458428783,30.1
51.458347733,29.9
51.458347733,29.9
51.458347733,29.9
51.458347733,29.9
51.458347733,29.9
51.458347733,29.9
51.458347733,29.9
51.458347733,29.9
51.458347733,29.9
51.458347733,29.9
51.4582684,29.8
51.4582684,29.8
51.4582684,29.8
51.4582684,29.8
51.4582684,29.8
51.4582684,29.8
51.4582684,29.8
51.4582684,29.8
51.4582684,29.8
51.4582684,29.8
51.458186833,29.9
51.458186833,29.9
51.458186833,29.9
51.458186833,29.9
51.458186833,29.9
51.458186833,29.9
51.458186833,29.9
51.458186833,29.9
51.458186833,29.9
51.458186833,29.9
51.458104433,30.0
51.458104433,30.0
51.458104433,30.0
51.458104433,30.0
51.458104433,30.0
51.458104433,30.0
51.458104433,30.0
51.458104433,30.0
51.458104433,30.0
51.458104433,30.0
51.458025633,30.2
51.458025633,30.2
51.458025633,30.2
51.458025633,30.2
51.458025633,30.2
51.458025633,30.2
51.458025633,30.2
51.458025633,30.2
51.458025633,30.2
51.458025633,30.2
51.457941467,30.4
51.457941467,30.4
51.457941467,30.4
51.457941467,30.4
51.457941467,30.4
51.457941467,30.4
51.457941467,30.4
51.457941467,30.4
51.457941467,30.4
51.457941467,30.4
51.457862183,30.5
51.457862183,30.5
51.457862183,30.5
51.457862183,30.5
51.457862183,30.5
51.457862183,30.5
51.457862183,30.5
51.457862183,30.5
51.457862183,30.5
51.457862183,30.5
51.457780933,30.7
51.457780933,30.7
51.457780933,30.7
51.457780933,30.7
51.457780933,30.7
51.457780933,30.7
51.457780933,30.7
51.457780933,30.7
51.457780933,30.7
51.457780933,30.7
51.457699417,30.9
51.457699417,30.9
51.457699417,30.9
51.457699417,30.9
51.457699417,30.9
51.457699417,30.9
51.457699417,30.9
51.457699417,30.9
51.457699417,30.9
51.457699417,30.9
51.457617267,31.0
51.457617267,31.0
51.457617267,31.0
51.457617267,31.0
51.457617267,31.0
51.457617267,31.0
51.457617267,31.0
51.457617267,31.0
51.457617267,31.0
51.457617267,31.0
51.4575339,31.1
51.4575339,31.1
51.4575339,31.1
51.4575339,31.1
51.4575339,31.1
51.4575339,31.1
51.4575339,31.1
51.4575339,31.1
51.4575339,31.1
51.4575339,31.1
51.45744985,31.2
51.45744985,31.2
51.45744985,31.2
51.45744985,31.2
51.45744985,31.2
51.45744985,31.2
51.45744985,31.2
51.45744985,31.2
51.45744985,31.2
51.45744985,31.2
51.457363833,31.3
51.457363833,31.3
51.457363833,31.3
51.457363833,31.3
51.457363833,31.3
51.457363833,31.3
51.457363833,31.3
51.457363833,31.3
51.457363833,31.3
51.457363833,31.3
51.457277717,31.4
51.457277717,31.4
51.457277717,31.4
51.457277717,31.4
51.457277717,31.4
51.457277717,31.4
51.457277717,31.4
51.457277717,31.4
51.457277717,31.4
51.457277717,31.4
51.4571923,31.5
51.4571923,31.5
51.4571923,31.5
51.4571923,31.5
51.4571923,31.5
51.4571923,31.5
51.4571923,31.5
51.4571923,31.5
51.4571923,31.5
51.4571923,31.5
51.457107433,31.6
51.457107433,31.6
51.457107433,31.6
51.457107433,31.6
51.457107433,31.6
51.457107433,31.6
51.457107433,31.6
51.457107433,31.6
51.457107433,31.6
51.457107433,31.6
51.45702395,31.6
51.45702395,31.6
51.45702395,31.6
51.45702395,31.6
51.45702395,31.6
51.45702395,31.6
51.45702395,31.6
51.45702395,31.6
51.45702395,31.6
51.45702395,31.6
51.456939333,31.8
51.456939333,31.8
51.456939333,31.8
51.456939333,31.8
51.456939333,31.8
51.456939333,31.8
51.456939333,31.8
51.456939333,31.8
51.456939333,31.8
51.456939333,31.8
51.45685565,31.8
51.45685565,31.8
51.45685565,31.8
51.45685565,31.8
51.45685565,31.8
51.45685565,31.8
51.45685565,31.8
51.45685565,31.8
51.45685565,31.8
51.45685565,31.8
51.45676935,31.8
51.45676935,31.8
51.45676935,31.8
51.45676935,31.8
51.45676935,31.8
51.45676935,31.8
51.45676935,31.8
51.45676935,31.8
51.45676935,31.8
51.45676935,31.8
51.456681,31.7
51.456681,31.7
51.456681,31.7
51.456681,31.7
51.456681,31.7
51.456681,31.7
51.456681,31.7
51.456681,31.7
51.456681,31.7
51.456681,31.7
51.4565963,31.8
51.4565963,31.8
51.4565963,31.8
51.4565963,31.8
51.4565963,31.8
51.4565963,31.8
51.4565963,31.8
51.4565963,31.8
51.4565963,31.8
51.4565963,31.8
51.456509083,31.8
51.456509083,31.8
51.456509083,31.8
51.456509083,31.8
51.456509083,31.8
51.456509083,31.8
51.456509083,31.8
51.456509083,31.8
51.456509083,31.8
51.456509083,31.8
51.456420433,31.9
51.456420433,31.9
51.456420433,31.9
51.456420433,31.9
51.456420433,31.9
51.456420433,31.9
51.456420433,31.9
51.456420433,31.9
51.456420433,31.9
51.456420433,31.9
51.4563343,32.0
51.4563343,32.0
51.4563343,32.0
51.4563343,32.0
51.4563343,32.0
51.4563343,32.0
51.4563343,32.0
51.4563343,32.0
51.4563343,32.0
51.4563343,32.0
51.4563343,32.0
51.45624715,31.8
51.45624715,31.8
51.45624715,31.8
51.45624715,31.8
51.45624715,31.8
51.45624715,31.8
51.45624715,31.8
51.45624715,31.8
51.45624715,31.8
51.45624715,31.8
51.456162717,31.6
51.456162717,31.6
51.456162717,31.6
51.456162717,31.6
51.456162717,31.6
51.456162717,31.6
51.456162717,31.6
51.456162717,31.6
51.456162717,31.6
51.456162717,31.6
51.456074617,31.5
51.456074617,31.5
51.456074617,31.5
51.456074617,31.5
51.456074617,31.5
51.456074617,31.5
51.456074617,31.5
51.456074617,31.5
51.456074617,31.5
51.456074617,31.5
51.455987167,31.6
51.455987167,31.6
51.455987167,31.6
51.455987167,31.6
51.455987167,31.6
51.455987167,31.6
51.455987167,31.6
51.455987167,31.6
51.455987167,31.6
51.455987167,31.6
51.455901433,31.8
51.455901433,31.8
51.455901433,31.8
51.455901433,31.8
51.455901433,31.8
51.455901433,31.8
51.455901433,31.8
51.455901433,31.8
51.455901433,31.8
51.455901433,31.8
51.455817567,31.9
51.455817567,31.9
51.455817567,31.9
51.455817567,31.9
51.455817567,31.9
51.455817567,31.9
51.455817567,31.9
51.455817567,31.9
51.455817567,31.9
51.455817567,31.9
51.4557392,32.0
51.4557392,32.0
51.4557392,32.0
51.4557392,32.0
51.4557392,32.0
51.4557392,32.0
51.4557392,32.0
51.4557392,32.0
51.4557392,32.0
51.4557392,32.0
51.45566335,32.0
51.45566335,32.0
51.45566335,32.0
51.45566335,32.0
51.45566335,32.0
51.45566335,32.0
51.45566335,32.0
51.45566335,32.0
51.45566335,32.0
51.45566335,32.0
51.4555925,32.1
51.4555925,32.1
51.4555925,32.1
51.4555925,32.1
51.4555925,32.1
51.4555925,32.1
51.4555925,32.1
51.4555925,32.1
51.4555925,32.1
51.4555925,32.1
51.4555264,32.2
51.4555264,32.2
51.4555264,32.2
51.4555264,32.2
51.4555264,32.2
51.4555264,32.2
51.4555264,32.2
51.4555264,32.2
51.4555264,32.2
51.4555264,32.2
51.45546855,32.4
51.45546855,32.4
51.45546855,32.4
51.45546855,32.4
51.45546855,32.4
51.45546855,32.4
51.45546855,32.4
51.45546855,32.4
51.45546855,32.4
51.45546855,32.4
51.455416117,32.5
51.455416117,32.5
51.455416117,32.5
51.455416117,32.5
51.455416117,32.5
51.455416117,32.5
51.455416117,32.5
51.455416117,32.5
51.455416117,32.5
51.455416117,32.5
51.45536665,32.7
51.45536665,32.7
51.45536665,32.7
51.45536665,32.7
51.45536665,32.7
51.45536665,32.7
51.45536665,32.7
51.45536665,32.7
51.45536665,32.7
51.45536665,32.7
51.455319917,32.8
51.455319917,32.8
51.455319917,32.8
51.455319917,32.8
51.455319917,32.8
51.455319917,32.8
51.455319917,32.8
51.455319917,32.8
51.455319917,32.8
51.455319917,32.8
51.455274733,32.9
51.455274733,32.9
51.455274733,32.9
51.455274733,32.9
51.455274733,32.9
51.455274733,32.9
51.455274733,32.9
51.455274733,32.9
51.455274733,32.9
51.455274733,32.9
51.4552299,33.1
51.4552299,33.1
51.4552299,33.1
51.4552299,33.1
51.4552299,33.1
51.4552299,33.1
51.4552299,33.1
51.4552299,33.1
51.4552299,33.1
51.4552299,33.1
51.45518635,33.3
51.45518635,33.3
51.45518635,33.3
51.45518635,33.3
51.45518635,33.3
51.45518635,33.3
51.45518635,33.3
51.45518635,33.3
51.45518635,33.3
51.45518635,33.3
51.45514445,33.4
51.45514445,33.4
51.45514445,33.4
51.45514445,33.4
51.45514445,33.4
51.45514445,33.4
51.45514445,33.4
51.45514445,33.4
51.45514445,33.4
51.45514445,33.4
51.455102933,33.7
51.455102933,33.7
51.455102933,33.7
51.455102933,33.7
51.455102933,33.7
51.455102933,33.7
51.455102933,33.7
51.455102933,33.7
51.455102933,33.7
51.455102933,33.7
51.4550577,33.9
51.4550577,33.9
51.4550577,33.9
51.4550577,33.9
51.4550577,33.9
51.4550577,33.9
51.4550577,33.9
51.4550577,33.9
51.4550577,33.9
51.4550577,33.9
51.455014783,34.0
51.455014783,34.0
51.455014783,34.0
51.455014783,34.0
51.455014783,34.0
51.455014783,34.0
51.455014783,34.0
51.455014783,34.0
51.455014783,34.0
51.455014783,34.0
51.454975067,34.2
51.454975067,34.2
51.454975067,34.2
51.454975067,34.2
51.454975067,34.2
51.454975067,34.2
51.454975067,34.2
51.454975067,34.2
51.454975067,34.2
51.454975067,34.2
51.454934033,34.3
51.454934033,34.3
51.454934033,34.3
51.454934033,34.3
51.454934033,34.3
51.454934033,34.3
51.454934033,34.3
51.454934033,34.3
51.454934033,34.3
51.454934033,34.3
51.454889233,34.4
51.454889233,34.4
51.454889233,34.4
51.454889233,34.4
51.454889233,34.4
51.454889233,34.4
51.454889233,34.4
51.454889233,34.4
51.454889233,34.4
51.454889233,34.4
51.45484975,34.6
51.45484975,34.6
51.45484975,34.6
51.45484975,34.6
51.45484975,34.6
51.45484975,34.6
51.45484975,34.6
51.45484975,34.6
51.45484975,34.6
51.45484975,34.6
51.454808983,34.7
51.454808983,34.7
51.454808983,34.7
51.454808983,34.7
51.454808983,34.7
51.454808983,34.7
51.454808983,34.7
51.454808983,34.7
51.454808983,34.7
51.454808983,34.7
51.454768167,34.2
51.454768167,34.2
51.454768167,34.2
51.454768167,34.2
51.454768167,34.2
51.454768167,34.2
51.454768167,34.2
51.454768167,34.2
51.454768167,34.2
51.454768167,34.2
51.45472955,34.8
51.45472955,34.8
51.45472955,34.8
51.45472955,34.8
51.45472955,34.8
51.45472955,34.8
51.45472955,34.8
51.45472955,34.8
51.45472955,34.8
51.45472955,34.8
51.4546918,34.9
51.4546918,34.9
51.4546918,34.9
51.4546918,34.9
51.4546918,34.9
51.4546918,34.9
51.4546918,34.9
51.4546918,34.9
51.4546918,34.9
51.4546918,34.9
51.45465475,34.9
51.45465475,34.9
51.45465475,34.9
51.45465475,34.9
51.45465475,34.9
51.45465475,34.9
51.45465475,34.9
51.45465475,34.9
51.45465475,34.9
51.45465475,34.9
51.454616,34.9
51.454616,34.9
51.454616,34.9
51.454616,34.9
51.454616,34.9
51.454616,34.9
51.454616,34.9
51.454616,34.9
51.454616,34.9
51.454616,34.9
51.454576517,34.8
51.454576517,34.8
51.454576517,34.8
51.454576517,34.8
51.454576517,34.8
51.454576517,34.8
51.454576517,34.8
51.454576517,34.8
51.454576517,34.8
51.454576517,34.8
51.454536433,34.7
51.454536433,34.7
51.454536433,34.7
51.454536433,34.7
51.454536433,34.7
51.454536433,34.7
51.454536433,34.7
51.454536433,34.7
51.454536433,34.7
51.454536433,34.7
51.454495583,34.6
51.454495583,34.6
51.454495583,34.6
51.454495583,34.6
51.454495583,34.6
51.454495583,34.6
51.454495583,34.6
51.454495583,34.6
51.454495583,34.6
51.454495583,34.6
51.454452767,34.4
51.454452767,34.4
51.454452767,34.4
51.454452767,34.4
51.454452767,34.4
51.454452767,34.4
51.454452767,34.4
51.454452767,34.4
51.454452767,34.4
51.454452767,34.4
51.454411817,34.2
51.454411817,34.2
51.454411817,34.2
51.454411817,34.2
51.454411817,34.2
51.454411817,34.2
51.454411817,34.2
51.454411817,34.2
51.454411817,34.2
51.454411817,34.2
51.454369733,34.0
51.454369733,34.0
51.454369733,34.0
51.454369733,34.0
51.454369733,34.0
51.454369733,34.0
51.454369733,34.0
51.454369733,34.0
51.454369733,34.0
51.454369733,34.0
51.454326267,33.8
51.454326267,33.8
51.454326267,33.8
51.454326267,33.8
51.454326267,33.8
51.454326267,33.8
51.454326267,33.8
51.454326267,33.8
51.454326267,33.8
51.454326267,33.8
51.454282833,33.6
51.454282833,33.6
51.454282833,33.6
51.454282833,33.6
51.454282833,33.6
51.454282833,33.6
51.454282833,33.6
51.454282833,33.6
51.454282833,33.6
51.454282833,33.6
51.454239633,33.4
51.454239633,33.4
51.454239633,33.4
51.454239633,33.4
51.454239633,33.4
51.454239633,33.4
51.454239633,33.4
51.454239633,33.4
51.454239633,33.4
51.454239633,33.4
51.454197967,33.2
51.454197967,33.2
51.454197967,33.2
51.454197967,33.2
51.454197967,33.2
51.454197967,33.2
51.454197967,33.2
51.454197967,33.2
51.454197967,33.2
51.454197967,33.2
51.454156733,33.1
51.454156733,33.1
51.454156733,33.1
51.454156733,33.1
51.454156733,33.1
51.454156733,33.1
51.454156733,33.1
51.454156733,33.1
51.454156733,33.1
51.454156733,33.1
51.454115383,32.9
51.454115383,32.9
51.454115383,32.9
51.454115383,32.9
51.454115383,32.9
51.454115383,32.9
51.454115383,32.9
51.454115383,32.9
51.454115383,32.9
51.454115383,32.9
51.454073133,32.8
51.454073133,32.8
51.454073133,32.8
51.454073133,32.8
51.454073133,32.8
51.454073133,32.8
51.454073133,32.8
51.454073133,32.8
51.454073133,32.8
51.454073133,32.8
51.454033017,32.7
51.454033017,32.7
51.454033017,32.7
51.454033017,32.7
51.454033017,32.7
51.454033017,32.7
51.454033017,32.7
51.454033017,32.7
51.454033017,32.7
51.454033017,32.7
51.453991033,32.6
51.453991033,32.6
51.453991033,32.6
51.453991033,32.6
51.453991033,32.6
51.453991033,32.6
51.453991033,32.6
51.453991033,32.6
51.453991033,32.6
51.453991033,32.6
51.4539472,32.5
51.4539472,32.5
51.4539472,32.5
51.4539472,32.5
51.4539472,32.5
51.4539472,32.5
51.4539472,32.5
51.4539472,32.5
51.4539472,32.5
51.4539472,32.5
51.453903283,32.3
51.453903283,32.3
51.453903283,32.3
51.453903283,32.3
51.453903283,32.3
51.453903283,32.3
51.453903283,32.3
51.453903283,32.3
51.453903283,32.3
51.453903283,32.3
51.453856483,32.2
51.453856483,32.2
51.453856483,32.2
51.453856483,32.2
51.453856483,32.2
51.453856483,32.2
51.453856483,32.2
51.453856483,32.2
51.453856483,32.2
51.453856483,32.2
51.453803267,32.1
51.453803267,32.1
51.453803267,32.1
51.453803267,32.1
51.453803267,32.1
51.453803267,32.1
51.453803267,32.1
51.453803267,32.1
51.453803267,32.1
51.453803267,32.1
51.4537444,32.2
51.4537444,32.2
51.4537444,32.2
51.4537444,32.2
51.4537444,32.2
51.4537444,32.2
51.4537444,32.2
51.4537444,32.2
51.4537444,32.2
51.4537444,32.2
51.4536803,32.3
51.4536803,32.3
51.4536803,32.3
51.4536803,32.3
51.4536803,32.3
51.4536803,32.3
51.4536803,32.3
51.4536803,32.3
51.4536803,32.3
51.4536803,32.3
51.453606967,32.3
51.453606967,32.3
51.453606967,32.3
51.453606967,32.3
51.453606967,32.3
51.453606967,32.3
51.453606967,32.3
51.453606967,32.3
51.453606967,32.3
51.453606967,32.3
51.45352985,32.3
51.45352985,32.3
51.45352985,32.3
51.45352985,32.3
51.45352985,32.3
51.45352985,32.3
51.45352985,32.3
51.45352985,32.3
51.45352985,32.3
51.45352985,32.3
51.453448617,32.1
51.453448617,32.1
51.453448617,32.1
51.453448617,32.1
51.453448617,32.1
51.453448617,32.1
51.453448617,32.1
51.453448617,32.1
51.453448617,32.1
51.453448617,32.1
51.453367383,31.9
51.453367383,31.9
51.453367383,31.9
51.453367383,31.9
51.453367383,31.9
51.453367383,31.9
51.453367383,31.9
51.453367383,31.9
51.453367383,31.9
51.453367383,31.9
51.453282417,31.7
51.453282417,31.7
51.453282417,31.7
51.453282417,31.7
51.453282417,31.7
51.453282417,31.7
51.453282417,31.7
51.453282417,31.7
51.453282417,31.7
51.453282417,31.7
51.453191617,31.4
51.453191617,31.4
51.453191617,31.4
51.453191617,31.4
51.453191617,31.4
51.453191617,31.4
51.453191617,31.4
51.453191617,31.4
51.453191617,31.4
51.453191617,31.4
51.453106417,31.3
51.453106417,31.3
51.453106417,31.3
51.453106417,31.3
51.453106417,31.3
51.453106417,31.3
51.453106417,31.3
51.453106417,31.3
51.453106417,31.3
51.453106417,31.3
51.453020333,31.0
51.453020333,31.0
51.453020333,31.0
51.453020333,31.0
51.453020333,31.0
51.453020333,31.0
51.453020333,31.0
51.453020333,31.0
51.453020333,31.0
51.453020333,31.0
51.452943183,30.7
51.452943183,30.7
51.452943183,30.7
51.452943183,30.7
51.452943183,30.7
51.452943183,30.7
51.452943183,30.7
51.452943183,30.7
51.452943183,30.7
51.452943183,30.7
51.452874533,30.6
51.452874533,30.6
51.452874533,30.6
51.452874533,30.6
51.452874533,30.6
51.452874533,30.6
51.452874533,30.6
51.452874533,30.6
51.452874533,30.6
51.452874533,30.6
51.4528126,30.4
51.4528126,30.4
51.4528126,30.4
51.4528126,30.4
51.4528126,30.4
51.4528126,30.4
51.4528126,30.4
51.4528126,30.4
51.4528126,30.4
51.4528126,30.4
51.452758417,30.2
51.452758417,30.2
51.452758417,30.2
51.452758417,30.2
51.452758417,30.2
51.452758417,30.2
51.452758417,30.2
51.452758417,30.2
51.452758417,30.2
51.452758417,30.2
51.452711717,30.1
51.452711717,30.1
51.452711717,30.1
51.452711717,30.1
51.452711717,30.1
51.452711717,30.1
51.452711717,30.1
51.452711717,30.1
51.452711717,30.1
51.452711717,30.1
51.452666133,29.9
51.452666133,29.9
51.452666133,29.9
51.452666133,29.9
51.452666133,29.9
51.452666133,29.9
51.452666133,29.9
51.452666133,29.9
51.452666133,29.9
51.452666133,29.9
51.452625367,29.5
51.452625367,29.5
51.452625367,29.5
51.452625367,29.5
51.452625367,29.5
51.452625367,29.5
51.452625367,29.5
51.452625367,29.5
51.452625367,29.5
51.452625367,29.5
51.452580217,29.3
51.452580217,29.3
51.452580217,29.3
51.452580217,29.3
51.452580217,29.3
51.452580217,29.3
51.452580217,29.3
51.452580217,29.3
51.452580217,29.3
51.452580217,29.3
51.45253995,29.2
51.45253995,29.2
51.45253995,29.2
51.45253995,29.2
51.45253995,29.2
51.45253995,29.2
51.45253995,29.2
51.45253995,29.2
51.45253995,29.2
51.45253995,29.2
51.452497583,28.9
51.452497583,28.9
51.452497583,28.9
51.452497583,28.9
51.452497583,28.9
51.452497583,28.9
51.452497583,28.9
51.452497583,28.9
51.452497583,28.9
51.452497583,28.9
51.45245815,28.7
51.45245815,28.7
51.45245815,28.7
51.45245815,28.7
51.45245815,28.7
51.45245815,28.7
51.45245815,28.7
51.45245815,28.7
51.45245815,28.7
51.45245815,28.7
51.452417983,28.7
51.452417983,28.7
51.452417983,28.7
51.452417983,28.7
51.452417983,28.7
51.452417983,28.7
51.452417983,28.7
51.452417983,28.7
51.452417983,28.7
51.452417983,28.7
51.452383583,28.6
51.452383583,28.6
51.452383583,28.6
51.452383583,28.6
51.452383583,28.6
51.452383583,28.6
51.452383583,28.6
51.452383583,28.6
51.452383583,28.6
51.452383583,28.6
51.452349833,28.7
51.452349833,28.7
51.452349833,28.7
51.452349833,28.7
51.452349833,28.7
51.452349833,28.7
51.452349833,28.7
51.452349833,28.7
51.452349833,28.7
51.452349833,28.7
51.452311433,28.8
51.452311433,28.8
51.452311433,28.8
51.452311433,28.8
51.452311433,28.8
51.452311433,28.8
51.452311433,28.8
51.452311433,28.8
51.452311433,28.8
51.452311433,28.8
51.452266367,29.0
51.452266367,29.0
51.452266367,29.0
51.452266367,29.0
51.452266367,29.0
51.452266367,29.0
51.452266367,29.0
51.452266367,29.0
51.452266367,29.0
51.452266367,29.0
51.452231167,29.4
51.452231167,29.4
51.452231167,29.4
51.452231167,29.4
51.452231167,29.4
51.452231167,29.4
51.452231167,29.4
51.452231167,29.4
51.452231167,29.4
51.452231167,29.4
51.452194417,30.0
51.452194417,30.0
51.452194417,30.0
51.452194417,30.0
51.452194417,30.0
51.452194417,30.0
51.452194417,30.0
51.452194417,30.0
51.452194417,30.0
51.452194417,30.0
51.452154733,30.4
51.452154733,30.4
51.452154733,30.4
51.452154733,30.4
51.452154733,30.4
51.452154733,30.4
51.452154733,30.4
51.452154733,30.4
51.452154733,30.4
51.452154733,30.4
51.452112017,30.8
51.452112017,30.8
51.452112017,30.8
51.452112017,30.8
51.452112017,30.8
51.452112017,30.8
51.452112017,30.8
51.452112017,30.8
51.452112017,30.8
51.452112017,30.8
51.4520708,31.1
51.4520708,31.1
51.4520708,31.1
51.4520708,31.1
51.4520708,31.1
51.4520708,31.1
51.4520708,31.1
51.4520708,31.1
51.4520708,31.1
51.4520708,31.1
51.45202865,31.2
51.45202865,31.2
51.45202865,31.2
51.45202865,31.2
51.45202865,31.2
51.45202865,31.2
51.45202865,31.2
51.45202865,31.2
51.45202865,31.2
51.45202865,31.2
51.45198295,31.3
51.45198295,31.3
51.45198295,31.3
51.45198295,31.3
51.45198295,31.3
51.45198295,31.3
51.45198295,31.3
51.45198295,31.3
51.45198295,31.3
51.45198295,31.3
51.451942483,31.3
51.451942483,31.3
51.451942483,31.3
51.451942483,31.3
51.451942483,31.3
51.451942483,31.3
51.451942483,31.3
51.451942483,31.3
51.451942483,31.3
51.451942483,31.3
51.4519,31.4
51.4519,31.4
51.4519,31.4
51.4519,31.4
51.4519,31.4
51.4519,31.4
51.4519,31.4
51.4519,31.4
51.4519,31.4
51.4519,31.4
51.451856833,31.5
51.451856833,31.5
51.451856833,31.5
51.451856833,31.5
51.451856833,31.5
51.451856833,31.5
51.451856833,31.5
51.451856833,31.5
51.451856833,31.5
51.451856833,31.5
51.451812283,31.5
51.451812283,31.5
51.451812283,31.5
51.451812283,31.5
51.451812283,31.5
51.451812283,31.5
51.451812283,31.5
51.451812283,31.5
51.451812283,31.5
51.451812283,31.5
51.451768467,31.5
51.451768467,31.5
51.451768467,31.5
51.451768467,31.5
51.451768467,31.5
51.451768467,31.5
51.451768467,31.5
51.451768467,31.5
51.451768467,31.5
51.451768467,31.5
51.451722233,31.6
51.451722233,31.6
51.451722233,31.6
51.451722233,31.6
51.451722233,31.6
51.451722233,31.6
51.451722233,31.6
51.451722233,31.6
51.451722233,31.6
51.451722233,31.6
51.451682067,31.5
51.451682067,31.5
51.451682067,31.5
51.451682067,31.5
51.451682067,31.5
51.451682067,31.5
51.451682067,31.5
51.451682067,31.5
51.451682067,31.5
51.451682067,31.5
51.45164005,31.5
51.45164005,31.5
51.45164005,31.5
51.45164005,31.5
51.45164005,31.5
51.45164005,31.5
51.45164005,31.5
51.45164005,31.5
51.45164005,31.5
51.45164005,31.5
51.451596267,31.5
51.451596267,31.5
51.451596267,31.5
51.451596267,31.5
51.451596267,31.5
51.451596267,31.5
51.451596267,31.5
51.451596267,31.5
51.451596267,31.5
51.451596267,31.5
51.451596267,31.5
51.451550867,31.3
51.451550867,31.3
51.451550867,31.3
51.451550867,31.3
51.451550867,31.3
51.451550867,31.3
51.451550867,31.3
51.451550867,31.3
51.451550867,31.3
51.451510033,31.2
51.451510033,31.2
51.451510033,31.2
51.451510033,31.2
51.451510033,31.2
51.451510033,31.2
51.451510033,31.2
51.451510033,31.2
51.451510033,31.2
51.451510033,31.2
51.451510033,31.2
51.451465333,31.1
51.451465333,31.1
51.451465333,31.1
51.451465333,31.1
51.451465333,31.1
51.451465333,31.1
51.451465333,31.1
51.451465333,31.1
51.451465333,31.1
51.451465333,31.1
51.451421267,30.9
51.451421267,30.9
51.451421267,30.9
51.451421267,30.9
51.451421267,30.9
51.451421267,30.9
51.451421267,30.9
51.451421267,30.9
51.451421267,30.9
51.451421267,30.9
51.4513783,30.7
51.4513783,30.7
51.4513783,30.7
51.4513783,30.7
51.4513783,30.7
51.4513783,30.7
51.4513783,30.7
51.4513783,30.7
51.4513783,30.7
51.4513783,30.7
51.451339383,30.6
51.451339383,30.6
51.451339383,30.6
51.451339383,30.6
51.451339383,30.6
51.451339383,30.6
51.451339383,30.6
51.451339383,30.6
51.451339383,30.6
51.451339383,30.6
51.451297067,30.5
51.451297067,30.5
51.451297067,30.5
51.451297067,30.5
51.451297067,30.5
51.451297067,30.5
51.451297067,30.5
51.451297067,30.5
51.451297067,30.5
51.451297067,30.5
51.451255533,30.5
51.451255533,30.5
51.451255533,30.5
51.451255533,30.5
51.451255533,30.5
51.451255533,30.5
51.451255533,30.5
51.451255533,30.5
51.451255533,30.5
51.451255533,30.5
51.451212033,30.4
51.451212033,30.4
51.451212033,30.4
51.451212033,30.4
51.451212033,30.4
51.451212033,30.4
51.451212033,30.4
51.451212033,30.4
51.451212033,30.4
51.451212033,30.4
51.451171883,30.4
51.451171883,30.4
51.451171883,30.4
51.451171883,30.4
51.451171883,30.4
51.451171883,30.4
51.451171883,30.4
51.451171883,30.4
51.451171883,30.4
51.451171883,30.4
51.451131067,30.2
51.451131067,30.2
51.451131067,30.2
51.451131067,30.2
51.451131067,30.2
51.451131067,30.2
51.451131067,30.2
51.451131067,30.2
51.451131067,30.2
51.451131067,30.2
51.451093217,30.1
51.451093217,30.1
51.451093217,30.1
51.451093217,30.1
51.451093217,30.1
51.451093217,30.1
51.451093217,30.1
51.451093217,30.1
51.451093217,30.1
51.451093217,30.1
51.4510545,30.0
51.4510545,30.0
51.4510545,30.0
51.4510545,30.0
51.4510545,30.0
51.4510545,30.0
51.4510545,30.0
51.4510545,30.0
51.4510545,30.0
51.4510545,30.0
51.451014033,29.9
51.451014033,29.9
51.451014033,29.9
51.451014033,29.9
51.451014033,29.9
51.451014033,29.9
51.451014033,29.9
51.451014033,29.9
51.451014033,29.9
51.451014033,29.9
51.450971367,29.9
51.450971367,29.9
51.450971367,29.9
51.450971367,29.9
51.450971367,29.9
51.450971367,29.9
51.450971367,29.9
51.450971367,29.9
51.450971367,29.9
51.450971367,29.9
51.45093335,29.9
51.45093335,29.9
51.45093335,29.9
51.45093335,29.9
51.45093335,29.9
51.45093335,29.9
51.45093335,29.9
51.45093335,29.9
51.45093335,29.9
51.45093335,29.9
51.45089325,30.0
51.45089325,30.0
51.45089325,30.0
51.45089325,30.0
51.45089325,30.0
51.45089325,30.0
51.45089325,30.0
51.45089325,30.0
51.45089325,30.0
51.45089325,30.0
51.45085325,30.2
51.45085325,30.2
51.45085325,30.2
51.45085325,30.2
51.45085325,30.2
51.45085325,30.2
51.45085325,30.2
51.45085325,30.2
51.45085325,30.2
51.45085325,30.2
51.450813417,30.2
51.450813417,30.2
51.450813417,30.2
51.450813417,30.2
51.450813417,30.2
51.450813417,30.2
51.450813417,30.2
51.450813417,30.2
51.450813417,30.2
51.450813417,30.2
51.4507698,30.2
51.4507698,30.2
51.4507698,30.2
51.4507698,30.2
51.4507698,30.2
51.4507698,30.2
51.4507698,30.2
51.4507698,30.2
51.4507698,30.2
51.4507698,30.2
51.45072655,30.2
51.45072655,30.2
51.45072655,30.2
51.45072655,30.2
51.45072655,30.2
51.45072655,30.2
51.45072655,30.2
51.45072655,30.2
51.45072655,30.2
51.45072655,30.2
51.450683833,30.2
51.450683833,30.2
51.450683833,30.2
51.450683833,30.2
51.450683833,30.2
51.450683833,30.2
51.450683833,30.2
51.450683833,30.2
51.450683833,30.2
51.450683833,30.2
51.450639767,30.2
51.450639767,30.2
51.450639767,30.2
51.450639767,30.2
51.450639767,30.2
51.450639767,30.2
51.450639767,30.2
51.450639767,30.2
51.450639767,30.2
51.450639767,30.2
51.4505945,30.3
51.4505945,30.3
51.4505945,30.3
51.4505945,30.3
51.4505945,30.3
51.4505945,30.3
51.4505945,30.3
51.4505945,30.3
51.4505945,30.3
51.4505945,30.3
51.45055595,30.4
51.45055595,30.4
51.45055595,30.4
51.45055595,30.4
51.45055595,30.4
51.45055595,30.4
51.45055595,30.4
51.45055595,30.4
51.45055595,30.4
51.45055595,30.4
51.450512767,30.4
51.450512767,30.4
51.450512767,30.4
51.450512767,30.4
51.450512767,30.4
51.450512767,30.4
51.450512767,30.4
51.450512767,30.4
51.450512767,30.4
51.450512767,30.4
51.450477083,30.3
51.450477083,30.3
51.450477083,30.3
51.450477083,30.3
51.450477083,30.3
51.450477083,30.3
51.450477083,30.3
51.450477083,30.3
51.450477083,30.3
51.450477083,30.3
51.450437567,30.3
51.450437567,30.3
51.450437567,30.3
51.450437567,30.3
51.450437567,30.3
51.450437567,30.3
51.450437567,30.3
51.450437567,30.3
51.450437567,30.3
51.450437567,30.3
51.45039455,29.4
51.45039455,29.4
51.45039455,29.4
51.45039455,29.4
51.45039455,29.4
51.45039455,29.4
51.45039455,29.4
51.45039455,29.4
51.45039455,29.4
51.45039455,29.4
51.450357333,28.0
51.450357333,28.0
51.450357333,28.0
51.450357333,28.0
51.450357333,28.0
51.450357333,28.0
51.450357333,28.0
51.450357333,28.0
51.450357333,28.0
51.450357333,28.0
51.45032515,26.7
51.45032515,26.7
51.45032515,26.7
51.45032515,26.7
51.45032515,26.7
51.45032515,26.7
51.45032515,26.7
51.45032515,26.7
51.45032515,26.7
51.45032515,26.7
51.4502931,25.5
51.4502931,25.5
51.4502931,25.5
51.4502931,25.5
51.4502931,25.5
51.4502931,25.5
51.4502931,25.5
51.4502931,25.5
51.4502931,25.5
51.4502931,25.5
51.450262467,24.3
51.450262467,24.3
51.450262467,24.3
51.450262467,24.3
51.450262467,24.3
51.450262467,24.3
51.450262467,24.3
51.450262467,24.3
51.450262467,24.3
51.450262467,24.3
51.450230233,23.2
51.450230233,23.2
51.450230233,23.2
51.450230233,23.2
51.450230233,23.2
51.450230233,23.2
51.450230233,23.2
51.450230233,23.2
51.450230233,23.2
51.450230233,23.2
51.45020345,22.1
51.45020345,22.1
51.45020345,22.1
51.45020345,22.1
51.45020345,22.1
51.45020345,22.1
51.45020345,22.1
51.45020345,22.1
51.45020345,22.1
51.45020345,22.1
51.450174883,21.0
51.450174883,21.0
51.450174883,21.0
51.450174883,21.0
51.450174883,21.0
51.450174883,21.0
51.450174883,21.0
51.450174883,21.0
51.450174883,21.0
51.450174883,21.0
51.450144817,19.9
51.450144817,19.9
51.450144817,19.9
51.450144817,19.9
51.450144817,19.9
51.450144817,19.9
51.450144817,19.9
51.450144817,19.9
51.450144817,19.9
51.450144817,19.9
51.450122317,18.7
51.450122317,18.7
51.450122317,18.7
51.450122317,18.7
51.450122317,18.7
51.450122317,18.7
51.450122317,18.7
51.450122317,18.7
51.450122317,18.7
51.450122317,18.7
51.450099783,16.1
51.450099783,16.1
51.450099783,16.1
51.450099783,16.1
51.450099783,16.1
51.450099783,16.1
51.450099783,16.1
51.450099783,16.1
51.450099783,16.1
51.4500736,13.2
51.4500736,13.2
51.4500736,13.2
51.4500736,13.2
51.4500736,13.2
51.4500736,13.2
51.4500736,13.2
51.4500736,13.2
51.4500736,13.2
51.4500736,13.2
51.450062433,9.9
51.450062433,9.9
51.450062433,9.9
51.450062433,9.9
51.450062433,9.9
51.450062433,9.9
51.450062433,9.9
51.450062433,9.9
51.450062433,9.9
51.450062433,9.9
51.4500579,6.6
51.4500579,6.6
51.4500579,6.6
51.4500579,6.6
51.4500579,6.6
51.4500579,6.6
51.4500579,6.6
51.4500579,6.6
51.4500579,6.6
51.4500579,6.6
51.450057567,3.2
51.450057567,3.2
51.450057567,3.2
51.450057567,3.2
51.450057567,3.2
51.450057567,3.2
51.450057567,3.2
51.450057567,3.2
51.450057567,3.2
51.450057567,3.2
51.450041767,0.9
51.450041767,0.9
51.450041767,0.9
51.450041767,0.9
51.450041767,0.9
51.450041767,0.9
51.450041767,0.9
51.450041767,0.9
51.450041767,0.9
51.450041767,0.9
51.450041883,1.0
51.450041883,1.0
51.450041883,1.0
51.450041883,1.0
51.450041883,1.0
51.450041883,1.0
51.450041883,1.0
51.450041883,1.0
51.450041883,1.0
51.450041883,1.0
51.450040483,1.0
51.450040483,1.0
51.450040483,1.0
51.450040483,1.0
51.450040483,1.0
51.450040483,1.0
51.450040483,1.0
51.450040483,1.0
51.450040483,1.0
51.450040483,1.0
51.450039,1.5
51.450039,1.5
51.450039,1.5
51.450039,1.5
51.450039,1.5
51.450039,1.5
51.450039,1.5
51.450039,1.5
51.450039,1.5
51.450039,1.5
51.450036233,2.2
51.450036233,2.2
51.450036233,2.2
51.450036233,2.2
51.450036233,2.2
51.450036233,2.2
51.450036233,2.2
51.450036233,2.2
51.450036233,2.2
51.450036233,2.2
51.450032517,2.7
51.450032517,2.7
51.450032517,2.7
51.450032517,2.7
51.450032517,2.7
51.450032517,2.7
51.450032517,2.7
51.450032517,2.7
51.450032517,2.7
51.450032517,2.7
51.4500272,4.1
51.4500272,4.1
51.4500272,4.1
51.4500272,4.1
51.4500272,4.1
51.4500272,4.1
51.4500272,4.1
51.4500272,4.1
51.4500272,4.1
51.4500272,4.1
51.450021817,4.0
51.450021817,4.0
51.450021817,4.0
51.450021817,4.0
51.450021817,4.0
51.450021817,4.0
51.450021817,4.0
51.450021817,4.0
51.450021817,4.0
51.450021817,4.0
51.4500158,4.1
51.4500158,4.1
51.4500158,4.1
51.4500158,4.1
51.4500158,4.1
51.4500158,4.1
51.4500158,4.1
51.4500158,4.1
51.4500158,4.1
51.4500158,4.1
51.450009833,4.5
51.450009833,4.5
51.450009833,4.5
51.450009833,4.5
51.450009833,4.5
51.450009833,4.5
51.450009833,4.5
51.450009833,4.5
51.450009833,4.5
51.450009833,4.5
51.45000305,4.9
51.45000305,4.9
51.45000305,4.9
51.45000305,4.9
51.45000305,4.9
51.45000305,4.9
51.45000305,4.9
51.45000305,4.9
51.45000305,4.9
51.45000305,4.9
51.4499929,7.3
51.4499929,7.3
51.4499929,7.3
51.4499929,7.3
51.4499929,7.3
51.4499929,7.3
51.4499929,7.3
51.4499929,7.3
51.4499929,7.3
51.4499929,7.3
51.449982833,8.0
51.449982833,8.0
51.449982833,8.0
51.449982833,8.0
51.449982833,8.0
51.449982833,8.0
51.449982833,8.0
51.449982833,8.0
51.449982833,8.0
51.449982833,8.0
51.449971767,8.5
51.449971767,8.5
51.449971767,8.5
51.449971767,8.5
51.449971767,8.5
51.449971767,8.5
51.449971767,8.5
51.449971767,8.5
51.449971767,8.5
51.449971767,8.5
51.44996025,9.1
51.44996025,9.1
51.44996025,9.1
51.44996025,9.1
51.44996025,9.1
51.44996025,9.1
51.44996025,9.1
51.44996025,9.1
51.44996025,9.1
51.44996025,9.1
51.44994845,9.1
51.44994845,9.1
51.44994845,9.1
51.44994845,9.1
51.44994845,9.1
51.44994845,9.1
51.44994845,9.1
51.44994845,9.1
51.44994845,9.1
51.44994845,9.1
51.44993755,9.1
51.44993755,9.1
51.44993755,9.1
51.44993755,9.1
51.44993755,9.1
51.44993755,9.1
51.44993755,9.1
51.44993755,9.1
51.44993755,9.1
51.44993755,9.1
51.449920267,10.2
51.449920267,10.2
51.449920267,10.2
51.449920267,10.2
51.449920267,10.2
51.449920267,10.2
51.449920267,10.2
51.449920267,10.2
51.449920267,10.2
51.449920267,10.2
51.449901983,12.7
51.449901983,12.7
51.449901983,12.7
51.449901983,12.7
51.449901983,12.7
51.449901983,12.7
51.449901983,12.7
51.449901983,12.7
51.449901983,12.7
51.449901983,12.7
51.44988385,13.1
51.44988385,13.1
51.44988385,13.1
51.44988385,13.1
51.44988385,13.1
51.44988385,13.1
51.44988385,13.1
51.44988385,13.1
51.44988385,13.1
51.44988385,13.1
51.449865583,13.5
51.449865583,13.5
51.449865583,13.5
51.449865583,13.5
51.449865583,13.5
51.449865583,13.5
51.449865583,13.5
51.449865583,13.5
51.449865583,13.5
51.449865583,13.5
51.44984715,13.9
51.44984715,13.9
51.44984715,13.9
51.44984715,13.9
51.44984715,13.9
51.44984715,13.9
51.44984715,13.9
51.44984715,13.9
51.44984715,13.9
51.44984715,13.9
51.449828467,14.2
51.449828467,14.2
51.449828467,14.2
51.449828467,14.2
51.449828467,14.2
51.449828467,14.2
51.449828467,14.2
51.449828467,14.2
51.449828467,14.2
51.449828467,14.2
51.449808117,15.6
51.449808117,15.6
51.449808117,15.6
51.449808117,15.6
51.449808117,15.6
51.449808117,15.6
51.449808117,15.6
51.449808117,15.6
51.449808117,15.6
51.449808117,15.6
51.449787867,15.8
51.449787867,15.8
51.449787867,15.8
51.449787867,15.8
51.449787867,15.8
51.449787867,15.8
51.449787867,15.8
51.449787867,15.8
51.449787867,15.8
51.449787867,15.8
51.449767133,15.9
51.449767133,15.9
51.449767133,15.9
51.449767133,15.9
51.449767133,15.9
51.449767133,15.9
51.449767133,15.9
51.449767133,15.9
51.449767133,15.9
51.449767133,15.9
51.4497462,16.0
51.4497462,16.0
51.4497462,16.0
51.4497462,16.0
51.4497462,16.0
51.4497462,16.0
51.4497462,16.0
51.4497462,16.0
51.4497462,16.0
51.4497462,16.0
51.449725233,16.2
51.449725233,16.2
51.449725233,16.2
51.449725233,16.2
51.449725233,16.2
51.449725233,16.2
51.449725233,16.2
51.449725233,16.2
51.449725233,16.2
51.449725233,16.2
51.44970415,16.3
51.44970415,16.3
51.44970415,16.3
51.44970415,16.3
51.44970415,16.3
51.44970415,16.3
51.44970415,16.3
51.44970415,16.3
51.44970415,16.3
51.44970415,16.3
51.4496822,16.4
51.4496822,16.4
51.4496822,16.4
51.4496822,16.4
51.4496822,16.4
51.4496822,16.4
51.4496822,16.4
51.4496822,16.4
51.4496822,16.4
51.4496822,16.4
51.449659867,16.5
51.449659867,16.5
51.449659867,16.5
51.449659867,16.5
51.449659867,16.5
51.449659867,16.5
51.449659867,16.5
51.449659867,16.5
51.449659867,16.5
51.449659867,16.5
51.449659867,16.5
51.4496372,16.6
51.4496372,16.6
51.4496372,16.6
51.4496372,16.6
51.4496372,16.6
51.4496372,16.6
51.4496372,16.6
51.4496372,16.6
51.4496372,16.6
51.449614817,16.7
51.449614817,16.7
51.449614817,16.7
51.449614817,16.7
51.449614817,16.7
51.449614817,16.7
51.449614817,16.7
51.449614817,16.7
51.449614817,16.7
51.449614817,16.7
51.449614817,16.7
51.449592433,16.8
51.449592433,16.8
51.449592433,16.8
51.449592433,16.8
51.449592433,16.8
51.449592433,16.8
51.449592433,16.8
51.449592433,16.8
51.449592433,16.8
51.449592433,16.8
51.449570433,16.8
51.449570433,16.8
51.449570433,16.8
51.449570433,16.8
51.449570433,16.8
51.449570433,16.8
51.449570433,16.8
51.449570433,16.8
51.449570433,16.8
51.449570433,16.8
51.44954875,16.9
51.44954875,16.9
51.44954875,16.9
51.44954875,16.9
51.44954875,16.9
51.44954875,16.9
51.44954875,16.9
51.44954875,16.9
51.44954875,16.9
51.44954875,16.9
51.449527433,16.9
51.449527433,16.9
51.449527433,16.9
51.449527433,16.9
51.449527433,16.9
51.449527433,16.9
51.449527433,16.9
51.449527433,16.9
51.449527433,16.9
51.449527433,16.9
51.449505733,16.9
51.449505733,16.9
51.449505733,16.9
51.449505733,16.9
51.449505733,16.9
51.449505733,16.9
51.449505733,16.9
51.449505733,16.9
51.449505733,16.9
51.449505733,16.9
51.449484233,16.9
51.449484233,16.9
51.449484233,16.9
51.449484233,16.9
51.449484233,16.9
51.449484233,16.9
51.449484233,16.9
51.449484233,16.9
51.449484233,16.9
51.449484233,16.9
51.4494623,17.0
51.4494623,17.0
51.4494623,17.0
51.4494623,17.0
51.4494623,17.0
51.4494623,17.0
51.4494623,17.0
51.4494623,17.0
51.4494623,17.0
51.4494623,17.0
51.44944025,17.0
51.44944025,17.0
51.44944025,17.0
51.44944025,17.0
51.44944025,17.0
51.44944025,17.0
51.44944025,17.0
51.44944025,17.0
51.44944025,17.0
51.44944025,17.0
51.44941785,17.0
51.44941785,17.0
51.44941785,17.0
51.44941785,17.0
51.44941785,17.0
51.44941785,17.0
51.44941785,17.0
51.44941785,17.0
51.44941785,17.0
51.44941785,17.0
51.44939535,17.1
51.44939535,17.1
51.44939535,17.1
51.44939535,17.1
51.44939535,17.1
51.44939535,17.1
51.44939535,17.1
51.44939535,17.1
51.44939535,17.1
51.44939535,17.1
51.4493718,17.1
51.4493718,17.1
51.4493718,17.1
51.4493718,17.1
51.4493718,17.1
51.4493718,17.1
51.4493718,17.1
51.4493718,17.1
51.4493718,17.1
51.4493718,17.1
51.449348383,17.2
51.449348383,17.2
51.449348383,17.2
51.449348383,17.2
51.449348383,17.2
51.449348383,17.2
51.449348383,17.2
51.449348383,17.2
51.449348383,17.2
51.449348383,17.2
51.44932485,17.2
51.44932485,17.2
51.44932485,17.2
51.44932485,17.2
51.44932485,17.2
51.44932485,17.2
51.44932485,17.2
51.44932485,17.2
51.44932485,17.2
51.44932485,17.2
51.449301533,17.3
51.449301533,17.3
51.449301533,17.3
51.449301533,17.3
51.449301533,17.3
51.449301533,17.3
51.449301533,17.3
51.449301533,17.3
51.449301533,17.3
51.449301533,17.3
51.449278667,17.3
51.449278667,17.3
51.449278667,17.3
51.449278667,17.3
51.449278667,17.3
51.449278667,17.3
51.449278667,17.3
51.449278667,17.3
51.449278667,17.3
51.449278667,17.3
51.44925565,17.4
51.44925565,17.4
51.44925565,17.4
51.44925565,17.4
51.44925565,17.4
51.44925565,17.4
51.44925565,17.4
51.44925565,17.4
51.44925565,17.4
51.44925565,17.4
51.449231533,18.1
51.449231533,18.1
51.449231533,18.1
51.449231533,18.1
51.449231533,18.1
51.449231533,18.1
51.449231533,18.1
51.449231533,18.1
51.449231533,18.1
51.449231533,18.1
51.4492083,18.3
51.4492083,18.3
51.4492083,18.3
51.4492083,18.3
51.4492083,18.3
51.4492083,18.3
51.4492083,18.3
51.4492083,18.3
51.4492083,18.3
51.4492083,18.3
51.449185583,18.6
51.449185583,18.6
51.449185583,18.6
51.449185583,18.6
51.449185583,18.6
51.449185583,18.6
51.449185583,18.6
51.449185583,18.6
51.449185583,18.6
51.449185583,18.6
51.449158,19.1
51.449158,19.1
51.449158,19.1
51.449158,19.1
51.449158,19.1
51.449158,19.1
51.449158,19.1
51.449158,19.1
51.449158,19.1
51.449158,19.1
51.44912795,19.4
51.44912795,19.4
51.44912795,19.4
51.44912795,19.4
51.44912795,19.4
51.44912795,19.4
51.44912795,19.4
51.44912795,19.4
51.44912795,19.4
51.44912795,19.4
51.449101533,19.7
51.449101533,19.7
51.449101533,19.7
51.449101533,19.7
51.449101533,19.7
51.449101533,19.7
51.449101533,19.7
51.449101533,19.7
51.449101533,19.7
51.449101533,19.7
51.4490761,19.9
51.4490761,19.9
51.4490761,19.9
51.4490761,19.9
51.4490761,19.9
51.4490761,19.9
51.4490761,19.9
51.4490761,19.9
51.4490761,19.9
51.4490761,19.9
51.44904745,20.0
51.44904745,20.0
51.44904745,20.0
51.44904745,20.0
51.44904745,20.0
51.44904745,20.0
51.44904745,20.0
51.44904745,20.0
51.44904745,20.0
51.44904745,20.0
51.449020167,20.2
51.449020167,20.2
51.449020167,20.2
51.449020167,20.2
51.449020167,20.2
51.449020167,20.2
51.449020167,20.2
51.449020167,20.2
51.449020167,20.2
51.449020167,20.2
51.448992117,20.4
51.448992117,20.4
51.448992117,20.4
51.448992117,20.4
51.448992117,20.4
51.448992117,20.4
51.448992117,20.4
51.448992117,20.4
51.448992117,20.4
51.448992117,20.4
51.44896705,20.6
51.44896705,20.6
51.44896705,20.6
51.44896705,20.6
51.44896705,20.6
51.44896705,20.6
51.44896705,20.6
51.44896705,20.6
51.44896705,20.6
51.44896705,20.6
51.448934967,20.9
51.448934967,20.9
51.448934967,20.9
51.448934967,20.9
51.448934967,20.9
51.448934967,20.9
51.448934967,20.9
51.448934967,20.9
51.448934967,20.9
51.448934967,20.9
51.448904167,21.1
51.448904167,21.1
51.448904167,21.1
51.448904167,21.1
51.448904167,21.1
51.448904167,21.1
51.448904167,21.1
51.448904167,21.1
51.448904167,21.1
51.448904167,21.1
51.448874817,21.3
51.448874817,21.3
51.448874817,21.3
51.448874817,21.3
51.448874817,21.3
51.448874817,21.3
51.448874817,21.3
51.448874817,21.3
51.448874817,21.3
51.448874817,21.3
51.448846967,21.4
51.448846967,21.4
51.448846967,21.4
51.448846967,21.4
51.448846967,21.4
51.448846967,21.4
51.448846967,21.4
51.448846967,21.4
51.448846967,21.4
51.448846967,21.4
51.448818033,21.6
51.448818033,21.6
51.448818033,21.6
51.448818033,21.6
51.448818033,21.6
51.448818033,21.6
51.448818033,21.6
51.448818033,21.6
51.448818033,21.6
51.448818033,21.6
51.4487923,21.7
51.4487923,21.7
51.4487923,21.7
51.4487923,21.7
51.4487923,21.7
51.4487923,21.7
51.4487923,21.7
51.4487923,21.7
51.4487923,21.7
51.4487923,21.7
51.44876645,21.9
51.44876645,21.9
51.44876645,21.9
51.44876645,21.9
51.44876645,21.9
51.44876645,21.9
51.44876645,21.9
51.44876645,21.9
51.44876645,21.9
51.44876645,21.9
51.448736467,22.1
51.448736467,22.1
51.448736467,22.1
51.448736467,22.1
51.448736467,22.1
51.448736467,22.1
51.448736467,22.1
51.448736467,22.1
51.448736467,22.1
51.448736467,22.1
51.448705667,22.3
51.448705667,22.3
51.448705667,22.3
51.448705667,22.3
51.448705667,22.3
51.448705667,22.3
51.448705667,22.3
51.448705667,22.3
51.448705667,22.3
51.448705667,22.3
51.448677333,22.4
51.448677333,22.4
51.448677333,22.4
51.448677333,22.4
51.448677333,22.4
51.448677333,22.4
51.448677333,22.4
51.448677333,22.4
51.448677333,22.4
51.448677333,22.4
51.448645033,22.5
51.448645033,22.5
51.448645033,22.5
51.448645033,22.5
51.448645033,22.5
51.448645033,22.5
51.448645033,22.5
51.448645033,22.5
51.448645033,22.5
51.448645033,22.5
51.448613883,22.5
51.448613883,22.5
51.448613883,22.5
51.448613883,22.5
51.448613883,22.5
51.448613883,22.5
51.448613883,22.5
51.448613883,22.5
51.448613883,22.5
51.448613883,22.5
51.448583983,22.3
51.448583983,22.3
51.448583983,22.3
51.448583983,22.3
51.448583983,22.3
51.448583983,22.3
51.448583983,22.3
51.448583983,22.3
51.448583983,22.3
51.448583983,22.3
51.448551333,22.3
51.448551333,22.3
51.448551333,22.3
51.448551333,22.3
51.448551333,22.3
51.448551333,22.3
51.448551333,22.3
51.448551333,22.3
51.448551333,22.3
51.448551333,22.3
51.448524083,22.2
51.448524083,22.2
51.448524083,22.2
51.448524083,22.2
51.448524083,22.2
51.448524083,22.2
51.448524083,22.2
51.448524083,22.2
51.448524083,22.2
51.448524083,22.2
51.4484913,22.2
51.4484913,22.2
51.4484913,22.2
51.4484913,22.2
51.4484913,22.2
51.4484913,22.2
51.4484913,22.2
51.4484913,22.2
51.4484913,22.2
51.4484913,22.2
51.448455917,22.5
51.448455917,22.5
51.448455917,22.5
51.448455917,22.5
51.448455917,22.5
51.448455917,22.5
51.448455917,22.5
51.448455917,22.5
51.448455917,22.5
51.448455917,22.5
51.448411083,22.4
51.448411083,22.4
51.448411083,22.4
51.448411083,22.4
51.448411083,22.4
51.448411083,22.4
51.448411083,22.4
51.448411083,22.4
51.448411083,22.4
51.448411083,22.4
51.44837435,22.2
51.44837435,22.2
51.44837435,22.2
51.44837435,22.2
51.44837435,22.2
51.44837435,22.2
51.44837435,22.2
51.44837435,22.2
51.44837435,22.2
51.44837435,22.2
51.448341567,22.2
51.448341567,22.2
51.448341567,22.2
51.448341567,22.2
51.448341567,22.2
51.448341567,22.2
51.448341567,22.2
51.448341567,22.2
51.448341567,22.2
51.448341567,22.2
51.448312567,21.7
51.448312567,21.7
51.448312567,21.7
51.448312567,21.7
51.448312567,21.7
51.448312567,21.7
51.448312567,21.7
51.448312567,21.7
51.448312567,21.7
51.448312567,21.7
51.448286217,21.8
51.448286217,21.8
51.448286217,21.8
51.448286217,21.8
51.448286217,21.8
51.448286217,21.8
51.448286217,21.8
51.448286217,21.8
51.448286217,21.8
51.448286217,21.8
51.448254483,21.8
51.448254483,21.8
51.448254483,21.8
51.448254483,21.8
51.448254483,21.8
51.448254483,21.8
51.448254483,21.8
51.448254483,21.8
51.448254483,21.8
51.448254483,21.8
51.448224133,21.3
51.448224133,21.3
51.448224133,21.3
51.448224133,21.3
51.448224133,21.3
51.448224133,21.3
51.448224133,21.3
51.448224133,21.3
51.448224133,21.3
51.448224133,21.3
51.4481942,21.3
51.4481942,21.3
51.4481942,21.3
51.4481942,21.3
51.4481942,21.3
51.4481942,21.3
51.4481942,21.3
51.4481942,21.3
51.4481942,21.3
51.4481942,21.3
51.448165917,21.3
51.448165917,21.3
51.448165917,21.3
51.448165917,21.3
51.448165917,21.3
51.448165917,21.3
51.448165917,21.3
51.448165917,21.3
51.448165917,21.3
51.448165917,21.3
51.448142483,21.1
51.448142483,21.1
51.448142483,21.1
51.448142483,21.1
51.448142483,21.1
51.448142483,21.1
51.448142483,21.1
51.448142483,21.1
51.448142483,21.1
51.448142483,21.1
51.448109383,21.0
51.448109383,21.0
51.448109383,21.0
51.448109383,21.0
51.448109383,21.0
51.448109383,21.0
51.448109383,21.0
51.448109383,21.0
51.448109383,21.0
51.448109383,21.0
51.448085317,21.0
51.448085317,21.0
51.448085317,21.0
51.448085317,21.0
51.448085317,21.0
51.448085317,21.0
51.448085317,21.0
51.448085317,21.0
51.448085317,21.0
51.448085317,21.0
51.448060083,20.8
51.448060083,20.8
51.448060083,20.8
51.448060083,20.8
51.448060083,20.8
51.448060083,20.8
51.448060083,20.8
51.448060083,20.8
51.448060083,20.8
51.448060083,20.8
51.44803735,20.7
51.44803735,20.7
51.44803735,20.7
51.44803735,20.7
51.44803735,20.7
51.44803735,20.7
51.44803735,20.7
51.44803735,20.7
51.44803735,20.7
51.44803735,20.7
51.44800745,20.7
51.44800745,20.7
51.44800745,20.7
51.44800745,20.7
51.44800745,20.7
51.44800745,20.7
51.44800745,20.7
51.44800745,20.7
51.44800745,20.7
51.44800745,20.7
51.447979183,20.7
51.447979183,20.7
51.447979183,20.7
51.447979183,20.7
51.447979183,20.7
51.447979183,20.7
51.447979183,20.7
51.447979183,20.7
51.447979183,20.7
51.447979183,20.7
51.447953017,20.7
51.447953017,20.7
51.447953017,20.7
51.447953017,20.7
51.447953017,20.7
51.447953017,20.7
51.447953017,20.7
51.447953017,20.7
51.447953017,20.7
51.447953017,20.7
51.44792575,20.8
51.44792575,20.8
51.44792575,20.8
51.44792575,20.8
51.44792575,20.8
51.44792575,20.8
51.44792575,20.8
51.44792575,20.8
51.44792575,20.8
51.44792575,20.8
51.44789545,21.0
51.44789545,21.0
51.44789545,21.0
51.44789545,21.0
51.44789545,21.0
51.44789545,21.0
51.44789545,21.0
51.44789545,21.0
51.44789545,21.0
51.44789545,21.0
51.44786355,21.1
51.44786355,21.1
51.44786355,21.1
51.44786355,21.1
51.44786355,21.1
51.44786355,21.1
51.44786355,21.1
51.44786355,21.1
51.44786355,21.1
51.44786355,21.1
51.447831567,21.3
51.447831567,21.3
51.447831567,21.3
51.447831567,21.3
51.447831567,21.3
51.447831567,21.3
51.447831567,21.3
51.447831567,21.3
51.447831567,21.3
51.447831567,21.3
51.44779715,21.3
51.44779715,21.3
51.44779715,21.3
51.44779715,21.3
51.44779715,21.3
51.44779715,21.3
51.44779715,21.3
51.44779715,21.3
51.44779715,21.3
51.44779715,21.3
51.44776955,21.3
51.44776955,21.3
51.44776955,21.3
51.44776955,21.3
51.44776955,21.3
51.44776955,21.3
51.44776955,21.3
51.44776955,21.3
51.44776955,21.3
51.44776955,21.3
51.447738,21.2
51.447738,21.2
51.447738,21.2
51.447738,21.2
51.447738,21.2
51.447738,21.2
51.447738,21.2
51.447738,21.2
51.447738,21.2
51.447738,21.2
51.447709067,21.2
51.447709067,21.2
51.447709067,21.2
51.447709067,21.2
51.447709067,21.2
51.447709067,21.2
51.447709067,21.2
51.447709067,21.2
51.447709067,21.2
51.447709067,21.2
51.4476801,21.0
51.4476801,21.0
51.4476801,21.0
51.4476801,21.0
51.4476801,21.0
51.4476801,21.0
51.4476801,21.0
51.4476801,21.0
51.4476801,21.0
51.4476801,21.0
51.4476543,20.7
51.4476543,20.7
51.4476543,20.7
51.4476543,20.7
51.4476543,20.7
51.4476543,20.7
51.4476543,20.7
51.4476543,20.7
51.4476543,20.7
51.4476543,20.7
51.447627967,20.6
51.447627967,20.6
51.447627967,20.6
51.447627967,20.6
51.447627967,20.6
51.447627967,20.6
51.447627967,20.6
51.447627967,20.6
51.447627967,20.6
51.447627967,20.6
51.4476023,20.6
51.4476023,20.6
51.4476023,20.6
51.4476023,20.6
51.4476023,20.6
51.4476023,20.6
51.4476023,20.6
51.4476023,20.6
51.4476023,20.6
51.4476023,20.6
51.44757875,20.7
51.44757875,20.7
51.44757875,20.7
51.44757875,20.7
51.44757875,20.7
51.44757875,20.7
51.44757875,20.7
51.44757875,20.7
51.44757875,20.7
51.44757875,20.7
51.447561083,20.9
51.447561083,20.9
51.447561083,20.9
51.447561083,20.9
51.447561083,20.9
51.447561083,20.9
51.447561083,20.9
51.447561083,20.9
51.447561083,20.9
51.447561083,20.9
51.447546167,21.1
51.447546167,21.1
51.447546167,21.1
51.447546167,21.1
51.447546167,21.1
51.447546167,21.1
51.447546167,21.1
51.447546167,21.1
51.447546167,21.1
51.447546167,21.1
51.4475315,21.6
51.4475315,21.6
51.4475315,21.6
51.4475315,21.6
51.4475315,21.6
51.4475315,21.6
51.4475315,21.6
51.4475315,21.6
51.4475315,21.6
51.4475315,21.6
51.447521917,21.9
51.447521917,21.9
51.447521917,21.9
51.447521917,21.9
51.447521917,21.9
51.447521917,21.9
51.447521917,21.9
51.447521917,21.9
51.447521917,21.9
51.447521917,21.9
51.447515283,22.0
51.447515283,22.0
51.447515283,22.0
51.447515283,22.0
51.447515283,22.0
51.447515283,22.0
51.447515283,22.0
51.447515283,22.0
51.447515283,22.0
51.447515283,22.0
51.447512817,22.0
51.447512817,22.0
51.447512817,22.0
51.447512817,22.0
51.447512817,22.0
51.447512817,22.0
51.447512817,22.0
51.447512817,22.0
51.447512817,22.0
51.447512817,22.0
51.44751695,22.1
51.44751695,22.1
51.44751695,22.1
51.44751695,22.1
51.44751695,22.1
51.44751695,22.1
51.44751695,22.1
51.44751695,22.1
51.44751695,22.1
51.44751695,22.1
51.447526017,22.2
51.447526017,22.2
51.447526017,22.2
51.447526017,22.2
51.447526017,22.2
51.447526017,22.2
51.447526017,22.2
51.447526017,22.2
51.447526017,22.2
51.447526017,22.2
51.44754335,22.3
51.44754335,22.3
51.44754335,22.3
51.44754335,22.3
51.44754335,22.3
51.44754335,22.3
51.44754335,22.3
51.44754335,22.3
51.44754335,22.3
51.44754335,22.3
51.447560233,22.3
51.447560233,22.3
51.447560233,22.3
51.447560233,22.3
51.447560233,22.3
51.447560233,22.3
51.447560233,22.3
51.447560233,22.3
51.447560233,22.3
51.447560233,22.3
51.4475839,22.2
51.4475839,22.2
51.4475839,22.2
51.4475839,22.2
51.4475839,22.2
51.4475839,22.2
51.4475839,22.2
51.4475839,22.2
51.4475839,22.2
51.4475839,22.2
51.447611633,22.3
51.447611633,22.3
51.447611633,22.3
51.447611633,22.3
51.447611633,22.3
51.447611633,22.3
51.447611633,22.3
51.447611633,22.3
51.447611633,22.3
51.447611633,22.3
51.4476452,22.2
51.4476452,22.2
51.4476452,22.2
51.4476452,22.2
51.4476452,22.2
51.4476452,22.2
51.4476452,22.2
51.4476452,22.2
51.4476452,22.2
51.4476452,22.2
51.447681317,22.0
51.447681317,22.0
51.447681317,22.0
51.447681317,22.0
51.447681317,22.0
51.447681317,22.0
51.447681317,22.0
51.447681317,22.0
51.447681317,22.0
51.447681317,22.0
51.447721517,21.9
51.447721517,21.9
51.447721517,21.9
51.447721517,21.9
51.447721517,21.9
51.447721517,21.9
51.447721517,21.9
51.447721517,21.9
51.447721517,21.9
51.447721517,21.9
51.447768333,21.8
51.447768333,21.8
51.447768333,21.8
51.447768333,21.8
51.447768333,21.8
51.447768333,21.8
51.447768333,21.8
51.447768333,21.8
51.447768333,21.8
51.447768333,21.8
51.447819517,21.7
51.447819517,21.7
51.447819517,21.7
51.447819517,21.7
51.447819517,21.7
51.447819517,21.7
51.447819517,21.7
51.447819517,21.7
51.447819517,21.7
51.447819517,21.7
51.44787085,22.0
51.44787085,22.0
51.44787085,22.0
51.44787085,22.0
51.44787085,22.0
51.44787085,22.0
51.44787085,22.0
51.44787085,22.0
51.44787085,22.0
51.44787085,22.0
51.447924117,22.1
51.447924117,22.1
51.447924117,22.1
51.447924117,22.1
51.447924117,22.1
51.447924117,22.1
51.447924117,22.1
51.447924117,22.1
51.447924117,22.1
51.447924117,22.1
51.447924117,22.1
51.447984067,22.2
51.447984067,22.2
51.447984067,22.2
51.447984067,22.2
51.447984067,22.2
51.447984067,22.2
51.447984067,22.2
51.447984067,22.2
51.447984067,22.2
51.447984067,22.2
51.448041917,22.3
51.448041917,22.3
51.448041917,22.3
51.448041917,22.3
51.448041917,22.3
51.448041917,22.3
51.448041917,22.3
51.448041917,22.3
51.448041917,22.3
51.448041917,22.3
51.448103517,22.4
51.448103517,22.4
51.448103517,22.4
51.448103517,22.4
51.448103517,22.4
51.448103517,22.4
51.448103517,22.4
51.448103517,22.4
51.448103517,22.4
51.448103517,22.4
51.44816815,22.9
51.44816815,22.9
51.44816815,22.9
51.44816815,22.9
51.44816815,22.9
51.44816815,22.9
51.44816815,22.9
51.44816815,22.9
51.44816815,22.9
51.44816815,22.9
51.448230983,23.1
51.448230983,23.1
51.448230983,23.1
51.448230983,23.1
51.448230983,23.1
51.448230983,23.1
51.448230983,23.1
51.448230983,23.1
51.448230983,23.1
51.448230983,23.1
51.448293417,23.4
51.448293417,23.4
51.448293417,23.4
51.448293417,23.4
51.448293417,23.4
51.448293417,23.4
51.448293417,23.4
51.448293417,23.4
51.448293417,23.4
51.448293417,23.4
51.448353817,23.6
51.448353817,23.6
51.448353817,23.6
51.448353817,23.6
51.448353817,23.6
51.448353817,23.6
51.448353817,23.6
51.448353817,23.6
51.448353817,23.6
51.448353817,23.6
51.448415467,23.8
51.448415467,23.8
51.448415467,23.8
51.448415467,23.8
51.448415467,23.8
51.448415467,23.8
51.448415467,23.8
51.448415467,23.8
51.448415467,23.8
51.448415467,23.8
51.44847685,23.9
51.44847685,23.9
51.44847685,23.9
51.44847685,23.9
51.44847685,23.9
51.44847685,23.9
51.44847685,23.9
51.44847685,23.9
51.44847685,23.9
51.44847685,23.9
51.448535667,24.1
51.448535667,24.1
51.448535667,24.1
51.448535667,24.1
51.448535667,24.1
51.448535667,24.1
51.448535667,24.1
51.448535667,24.1
51.448535667,24.1
51.448535667,24.1
51.44859,24.3
51.44859,24.3
51.44859,24.3
51.44859,24.3
51.44859,24.3
51.44859,24.3
51.44859,24.3
51.44859,24.3
51.44859,24.3
51.44859,24.3
51.44864245,24.6
51.44864245,24.6
51.44864245,24.6
51.44864245,24.6
51.44864245,24.6
51.44864245,24.6
51.44864245,24.6
51.44864245,24.6
51.44864245,24.6
51.44864245,24.6
51.44869665,24.9
51.44869665,24.9
51.44869665,24.9
51.44869665,24.9
51.44869665,24.9
51.44869665,24.9
51.44869665,24.9
51.44869665,24.9
51.44869665,24.9
51.44869665,24.9
51.448748217,25.2
51.448748217,25.2
51.448748217,25.2
51.448748217,25.2
51.448748217,25.2
51.448748217,25.2
51.448748217,25.2
51.448748217,25.2
51.448748217,25.2
51.448748217,25.2
51.448803567,25.5
51.448803567,25.5
51.448803567,25.5
51.448803567,25.5
51.448803567,25.5
51.448803567,25.5
51.448803567,25.5
51.448803567,25.5
51.448803567,25.5
51.448803567,25.5
51.448857617,25.7
51.448857617,25.7
51.448857617,25.7
51.448857617,25.7
51.448857617,25.7
51.448857617,25.7
51.448857617,25.7
51.448857617,25.7
51.448857617,25.7
51.448857617,25.7
51.448913517,25.9
51.448913517,25.9
51.448913517,25.9
51.448913517,25.9
51.448913517,25.9
51.448913517,25.9
51.448913517,25.9
51.448913517,25.9
51.448913517,25.9
51.448913517,25.9
51.448968283,26.0
51.448968283,26.0
51.448968283,26.0
51.448968283,26.0
51.448968283,26.0
51.448968283,26.0
51.448968283,26.0
51.448968283,26.0
51.448968283,26.0
51.448968283,26.0
51.449021917,26.2
51.449021917,26.2
51.449021917,26.2
51.449021917,26.2
51.449021917,26.2
51.449021917,26.2
51.449021917,26.2
51.449021917,26.2
51.449021917,26.2
51.449021917,26.2
51.44907405,26.2
51.44907405,26.2
51.44907405,26.2
51.44907405,26.2
51.44907405,26.2
51.44907405,26.2
51.44907405,26.2
51.44907405,26.2
51.44907405,26.2
51.44907405,26.2
51.44912465,26.2
51.44912465,26.2
51.44912465,26.2
51.44912465,26.2
51.44912465,26.2
51.44912465,26.2
51.44912465,26.2
51.44912465,26.2
51.44912465,26.2
51.44912465,26.2
51.44917615,25.9
51.44917615,25.9
51.44917615,25.9
51.44917615,25.9
51.44917615,25.9
51.44917615,25.9
51.44917615,25.9
51.44917615,25.9
51.44917615,25.9
51.44917615,25.9
51.449229283,25.7
51.449229283,25.7
51.449229283,25.7
51.449229283,25.7
51.449229283,25.7
51.449229283,25.7
51.449229283,25.7
51.449229283,25.7
51.449229283,25.7
51.449229283,25.7
51.449277467,25.3
51.449277467,25.3
51.449277467,25.3
51.449277467,25.3
51.449277467,25.3
51.449277467,25.3
51.449277467,25.3
51.449277467,25.3
51.449277467,25.3
51.449277467,25.3
51.449328817,25.0
51.449328817,25.0
51.449328817,25.0
51.449328817,25.0
51.449328817,25.0
51.449328817,25.0
51.449328817,25.0
51.449328817,25.0
51.449328817,25.0
51.449328817,25.0
51.449382533,24.8
51.449382533,24.8
51.449382533,24.8
51.449382533,24.8
51.449382533,24.8
51.449382533,24.8
51.449382533,24.8
51.449382533,24.8
51.449382533,24.8
51.449382533,24.8
51.44943565,24.5
51.44943565,24.5
51.44943565,24.5
51.44943565,24.5
51.44943565,24.5
51.44943565,24.5
51.44943565,24.5
51.44943565,24.5
51.44943565,24.5
51.44943565,24.5
51.449486183,24.4
51.449486183,24.4
51.449486183,24.4
51.449486183,24.4
51.449486183,24.4
51.449486183,24.4
51.449486183,24.4
51.449486183,24.4
51.449486183,24.4
51.449486183,24.4
51.449539083,24.2
51.449539083,24.2
51.449539083,24.2
51.449539083,24.2
51.449539083,24.2
51.449539083,24.2
51.449539083,24.2
51.449539083,24.2
51.449539083,24.2
51.449539083,24.2
51.44959115,24.1
51.44959115,24.1
51.44959115,24.1
51.44959115,24.1
51.44959115,24.1
51.44959115,24.1
51.44959115,24.1
51.44959115,24.1
51.44959115,24.1
51.44959115,24.1
51.4496476,24.3
51.4496476,24.3
51.4496476,24.3
51.4496476,24.3
51.4496476,24.3
51.4496476,24.3
51.4496476,24.3
51.4496476,24.3
51.4496476,24.3
51.4496476,24.3
51.449701733,24.4
51.449701733,24.4
51.449701733,24.4
51.449701733,24.4
51.449701733,24.4
51.449701733,24.4
51.449701733,24.4
51.449701733,24.4
51.449701733,24.4
51.449701733,24.4
51.449757167,24.3
51.449757167,24.3
51.449757167,24.3
51.449757167,24.3
51.449757167,24.3
51.449757167,24.3
51.449757167,24.3
51.449757167,24.3
51.449757167,24.3
51.449757167,24.3
51.4498096,24.1
51.4498096,24.1
51.4498096,24.1
51.4498096,24.1
51.4498096,24.1
51.4498096,24.1
51.4498096,24.1
51.4498096,24.1
51.4498096,24.1
51.4498096,24.1
51.449862517,23.9
51.449862517,23.9
51.449862517,23.9
51.449862517,23.9
51.449862517,23.9
51.449862517,23.9
51.449862517,23.9
51.449862517,23.9
51.449862517,23.9
51.449862517,23.9
51.4499165,23.9
51.4499165,23.9
51.4499165,23.9
51.4499165,23.9
51.4499165,23.9
51.4499165,23.9
51.4499165,23.9
51.4499165,23.9
51.4499165,23.9
51.4499165,23.9
51.449972417,23.9
51.449972417,23.9
51.449972417,23.9
51.449972417,23.9
51.449972417,23.9
51.449972417,23.9
51.449972417,23.9
51.449972417,23.9
51.449972417,23.9
51.449972417,23.9
51.45002745,24.0
51.45002745,24.0
51.45002745,24.0
51.45002745,24.0
51.45002745,24.0
51.45002745,24.0
51.45002745,24.0
51.45002745,24.0
51.45002745,24.0
51.45002745,24.0
51.450080533,24.0
51.450080533,24.0
51.450080533,24.0
51.450080533,24.0
51.450080533,24.0
51.450080533,24.0
51.450080533,24.0
51.450080533,24.0
51.450080533,24.0
51.450080533,24.0
51.450137333,24.1
51.450137333,24.1
51.450137333,24.1
51.450137333,24.1
51.450137333,24.1
51.450137333,24.1
51.450137333,24.1
51.450137333,24.1
51.450137333,24.1
51.450137333,24.1
51.450193633,24.1
51.450193633,24.1
51.450193633,24.1
51.450193633,24.1
51.450193633,24.1
51.450193633,24.1
51.450193633,24.1
51.450193633,24.1
51.450193633,24.1
51.450193633,24.1
51.450248517,24.2
51.450248517,24.2
51.450248517,24.2
51.450248517,24.2
51.450248517,24.2
51.450248517,24.2
51.450248517,24.2
51.450248517,24.2
51.450248517,24.2
51.450248517,24.2
51.450304233,24.3
51.450304233,24.3
51.450304233,24.3
51.450304233,24.3
51.450304233,24.3
51.450304233,24.3
51.450304233,24.3
51.450304233,24.3
51.450304233,24.3
51.450304233,24.3
51.45036255,24.4
51.45036255,24.4
51.45036255,24.4
51.45036255,24.4
51.45036255,24.4
51.45036255,24.4
51.45036255,24.4
51.45036255,24.4
51.45036255,24.4
51.45036255,24.4
51.450422067,24.7
51.450422067,24.7
51.450422067,24.7
51.450422067,24.7
51.450422067,24.7
51.450422067,24.7
51.450422067,24.7
51.450422067,24.7
51.450422067,24.7
51.450422067,24.7
51.4504818,25.1
51.4504818,25.1
51.4504818,25.1
51.4504818,25.1
51.4504818,25.1
51.4504818,25.1
51.4504818,25.1
51.4504818,25.1
51.4504818,25.1
51.4504818,25.1
51.4505434,25.4
51.4505434,25.4
51.4505434,25.4
51.4505434,25.4
51.4505434,25.4
51.4505434,25.4
51.4505434,25.4
51.4505434,25.4
51.4505434,25.4
51.4505434,25.4
51.450602483,25.8
51.450602483,25.8
51.450602483,25.8
51.450602483,25.8
51.450602483,25.8
51.450602483,25.8
51.450602483,25.8
51.450602483,25.8
51.450602483,25.8
51.450602483,25.8
51.45066575,26.2
51.45066575,26.2
51.45066575,26.2
51.45066575,26.2
51.45066575,26.2
51.45066575,26.2
51.45066575,26.2
51.45066575,26.2
51.45066575,26.2
51.45066575,26.2
51.450725917,26.3
51.450725917,26.3
51.450725917,26.3
51.450725917,26.3
51.450725917,26.3
51.450725917,26.3
51.450725917,26.3
51.450725917,26.3
51.450725917,26.3
51.450725917,26.3
51.450788967,25.6
51.450788967,25.6
51.450788967,25.6
51.450788967,25.6
51.450788967,25.6
51.450788967,25.6
51.450788967,25.6
51.450788967,25.6
51.450788967,25.6
51.450788967,25.6
51.450849233,24.9
51.450849233,24.9
51.450849233,24.9
51.450849233,24.9
51.450849233,24.9
51.450849233,24.9
51.450849233,24.9
51.450849233,24.9
51.450849233,24.9
51.450849233,24.9
51.450907233,24.1
51.450907233,24.1
51.450907233,24.1
51.450907233,24.1
51.450907233,24.1
51.450907233,24.1
51.450907233,24.1
51.450907233,24.1
51.450907233,24.1
51.450907233,24.1
51.450961983,23.2
51.450961983,23.2
51.450961983,23.2
51.450961983,23.2
51.450961983,23.2
51.450961983,23.2
51.450961983,23.2
51.450961983,23.2
51.450961983,23.2
51.450961983,23.2
51.451015133,22.3
51.451015133,22.3
51.451015133,22.3
51.451015133,22.3
51.451015133,22.3
51.451015133,22.3
51.451015133,22.3
51.451015133,22.3
51.451015133,22.3
51.451015133,22.3
51.4510698,21.5
51.4510698,21.5
51.4510698,21.5
51.4510698,21.5
51.4510698,21.5
51.4510698,21.5
51.4510698,21.5
51.4510698,21.5
51.4510698,21.5
51.4510698,21.5
51.451121733,20.6
51.451121733,20.6
51.451121733,20.6
51.451121733,20.6
51.451121733,20.6
51.451121733,20.6
51.451121733,20.6
51.451121733,20.6
51.451121733,20.6
51.451121733,20.6
51.451175133,19.8
51.451175133,19.8
51.451175133,19.8
51.451175133,19.8
51.451175133,19.8
51.451175133,19.8
51.451175133,19.8
51.451175133,19.8
51.451175133,19.8
51.451175133,19.8
51.451226283,19.0
51.451226283,19.0
51.451226283,19.0
51.451226283,19.0
51.451226283,19.0
51.451226283,19.0
51.451226283,19.0
51.451226283,19.0
51.451226283,19.0
51.451226283,19.0
51.451274,18.2
51.451274,18.2
51.451274,18.2
51.451274,18.2
51.451274,18.2
51.451274,18.2
51.451274,18.2
51.451274,18.2
51.451274,18.2
51.451274,18.2
51.45132455,17.4
51.45132455,17.4
51.45132455,17.4
51.45132455,17.4
51.45132455,17.4
51.45132455,17.4
51.45132455,17.4
51.45132455,17.4
51.45132455,17.4
51.45132455,17.4
51.45136965,16.5
51.45136965,16.5
51.45136965,16.5
51.45136965,16.5
51.45136965,16.5
51.45136965,16.5
51.45136965,16.5
51.45136965,16.5
51.45136965,16.5
51.45136965,16.5
51.451410983,15.5
51.451410983,15.5
51.451410983,15.5
51.451410983,15.5
51.451410983,15.5
51.451410983,15.5
51.451410983,15.5
51.451410983,15.5
51.451410983,15.5
51.451410983,15.5
51.4514501,14.6
51.4514501,14.6
51.4514501,14.6
51.4514501,14.6
51.4514501,14.6
51.4514501,14.6
51.4514501,14.6
51.4514501,14.6
51.4514501,14.6
51.4514501,14.6
51.451488033,13.6
51.451488033,13.6
51.451488033,13.6
51.451488033,13.6
51.451488033,13.6
51.451488033,13.6
51.451488033,13.6
51.451488033,13.6
51.451488033,13.6
51.451488033,13.6
51.451522433,12.8
51.451522433,12.8
51.451522433,12.8
51.451522433,12.8
51.451522433,12.8
51.451522433,12.8
51.451522433,12.8
51.451522433,12.8
51.451522433,12.8
51.451522433,12.8
51.451555717,12.0
51.451555717,12.0
51.451555717,12.0
51.451555717,12.0
51.451555717,12.0
51.451555717,12.0
51.451555717,12.0
51.451555717,12.0
51.451555717,12.0
51.451555717,12.0
51.451585067,11.0
51.451585067,11.0
51.451585067,11.0
51.451585067,11.0
51.451585067,11.0
51.451585067,11.0
51.451585067,11.0
51.451585067,11.0
51.451585067,11.0
51.451585067,11.0
51.451613633,10.1
51.451613633,10.1
51.451613633,10.1
51.451613633,10.1
51.451613633,10.1
51.451613633,10.1
51.451613633,10.1
51.451613633,10.1
51.451613633,10.1
51.451613633,10.1
51.451638467,9.0
51.451638467,9.0
51.451638467,9.0
51.451638467,9.0
51.451638467,9.0
51.451638467,9.0
51.451638467,9.0
51.451638467,9.0
51.451638467,9.0
51.451638467,9.0
51.45166105,8.4
51.45166105,8.4
51.45166105,8.4
51.45166105,8.4
51.45166105,8.4
51.45166105,8.4
51.45166105,8.4
51.45166105,8.4
51.45166105,8.4
51.45166105,8.4
51.451680983,7.9
51.451680983,7.9
51.451680983,7.9
51.451680983,7.9
51.451680983,7.9
51.451680983,7.9
51.451680983,7.9
51.451680983,7.9
51.451680983,7.9
51.451680983,7.9
51.4516995,7.4
51.4516995,7.4
51.4516995,7.4
51.4516995,7.4
51.4516995,7.4
51.4516995,7.4
51.4516995,7.4
51.4516995,7.4
51.4516995,7.4
51.4516995,7.4
51.451711983,5.3
51.451711983,5.3
51.451711983,5.3
51.451711983,5.3
51.451711983,5.3
51.451711983,5.3
51.451711983,5.3
51.451711983,5.3
51.451711983,5.3
51.451711983,5.3
51.451723517,4.7
51.451723517,4.7
51.451723517,4.7
51.451723517,4.7
51.451723517,4.7
51.451723517,4.7
51.451723517,4.7
51.451723517,4.7
51.451723517,4.7
51.451723517,4.7
51.451733217,4.2
51.451733217,4.2
51.451733217,4.2
51.451733217,4.2
51.451733217,4.2
51.451733217,4.2
51.451733217,4.2
51.451733217,4.2
51.451733217,4.2
51.451733217,4.2
51.451741367,3.7
51.451741367,3.7
51.451741367,3.7
51.451741367,3.7
51.451741367,3.7
51.451741367,3.7
51.451741367,3.7
51.451741367,3.7
51.451741367,3.7
51.451741367,3.7
51.451743633,1.8
51.451743633,1.8
51.451743633,1.8
51.451743633,1.8
51.451743633,1.8
51.451743633,1.8
51.451743633,1.8
51.451743633,1.8
51.451743633,1.8
51.451743633,1.8
51.4517451,1.3
51.4517451,1.3
51.4517451,1.3
51.4517451,1.3
51.4517451,1.3
51.4517451,1.3
51.4517451,1.3
51.4517451,1.3
51.4517451,1.3
51.4517451,1.3
51.45174585,1.0
51.45174585,1.0
51.45174585,1.0
51.45174585,1.0
51.45174585,1.0
51.45174585,1.0
51.45174585,1.0
51.45174585,1.0
51.45174585,1.0
51.45174585,1.0
51.451725667,1.6
51.451725667,1.6
51.451725667,1.6
51.451725667,1.6
51.451725667,1.6
51.451725667,1.6
51.451725667,1.6
51.451725667,1.6
51.451725667,1.6
51.451725667,1.6
51.451717483,2.5
51.451717483,2.5
51.451717483,2.5
51.451717483,2.5
51.451717483,2.5
51.451717483,2.5
51.451717483,2.5
51.451717483,2.5
51.451717483,2.5
51.451717483,2.5
51.451742417,1.1
51.451742417,1.1
51.451742417,1.1
51.451742417,1.1
51.451742417,1.1
51.451742417,1.1
51.451742417,1.1
51.451742417,1.1
51.451742417,1.1
51.451742417,1.1
51.45174685,1.6
51.45174685,1.6
51.45174685,1.6
51.45174685,1.6
51.45174685,1.6
51.45174685,1.6
51.45174685,1.6
51.45174685,1.6
51.45174685,1.6
51.45174685,1.6
51.451753267,2.1
51.451753267,2.1
51.451753267,2.1
51.451753267,2.1
51.451753267,2.1
51.451753267,2.1
51.451753267,2.1
51.451753267,2.1
51.451753267,2.1
51.451753267,2.1
51.4517606,2.4
51.4517606,2.4
51.4517606,2.4
51.4517606,2.4
51.4517606,2.4
51.4517606,2.4
51.4517606,2.4
51.4517606,2.4
51.4517606,2.4
51.4517606,2.4
51.45176715,2.4
51.45176715,2.4
51.45176715,2.4
51.45176715,2.4
51.45176715,2.4
51.45176715,2.4
51.45176715,2.4
51.45176715,2.4
51.45176715,2.4
51.45176715,2.4
51.45177625,2.4
51.45177625,2.4
51.45177625,2.4
51.45177625,2.4
51.45177625,2.4
51.45177625,2.4
51.45177625,2.4
51.45177625,2.4
51.45177625,2.4
51.45177625,2.4
51.451787317,1.1
51.451787317,1.1
51.451787317,1.1
51.451787317,1.1
51.451787317,1.1
51.451787317,1.1
51.451787317,1.1
51.451787317,1.1
51.451787317,1.1
51.451787317,1.1
51.451792867,1.8
51.451792867,1.8
51.451792867,1.8
51.451792867,1.8
51.451792867,1.8
51.451792867,1.8
51.451792867,1.8
51.451792867,1.8
51.451792867,1.8
51.451792867,1.8
51.45180065,2.4
51.45180065,2.4
51.45180065,2.4
51.45180065,2.4
51.45180065,2.4
51.45180065,2.4
51.45180065,2.4
51.45180065,2.4
51.45180065,2.4
51.45180065,2.4
51.451810333,2.9
51.451810333,2.9
51.451810333,2.9
51.451810333,2.9
51.451810333,2.9
51.451810333,2.9
51.451810333,2.9
51.451810333,2.9
51.451810333,2.9
51.451810333,2.9
51.4518224,3.3
51.4518224,3.3
51.4518224,3.3
51.4518224,3.3
51.4518224,3.3
51.4518224,3.3
51.4518224,3.3
51.4518224,3.3
51.4518224,3.3
51.4518224,3.3
51.451835133,3.6
51.451835133,3.6
51.451835133,3.6
51.451835133,3.6
51.451835133,3.6
51.451835133,3.6
51.451835133,3.6
51.451835133,3.6
51.451835133,3.6
51.451835133,3.6
51.45184715,3.8
51.45184715,3.8
51.45184715,3.8
51.45184715,3.8
51.45184715,3.8
51.45184715,3.8
51.45184715,3.8
51.45184715,3.8
51.45184715,3.8
51.45184715,3.8
51.45185565,3.8
51.45185565,3.8
51.45185565,3.8
51.45185565,3.8
51.45185565,3.8
51.45185565,3.8
51.45185565,3.8
51.45185565,3.8
51.45185565,3.8
51.45185565,3.8
51.451871617,4.2
51.451871617,4.2
51.451871617,4.2
51.451871617,4.2
51.451871617,4.2
51.451871617,4.2
51.451871617,4.2
51.451871617,4.2
51.451871617,4.2
51.451871617,4.2
51.45187975,4.2
51.45187975,4.2
51.45187975,4.2
51.45187975,4.2
51.45187975,4.2
51.45187975,4.2
51.45187975,4.2
51.45187975,4.2
51.45187975,4.2
51.45187975,4.2
51.451892667,4.4
51.451892667,4.4
51.451892667,4.4
51.451892667,4.4
51.451892667,4.4
51.451892667,4.4
51.451892667,4.4
51.451892667,4.4
51.451892667,4.4
51.451892667,4.4
51.451903683,4.5
51.451903683,4.5
51.451903683,4.5
51.451903683,4.5
51.451903683,4.5
51.451903683,4.5
51.451903683,4.5
51.451903683,4.5
51.451903683,4.5
51.451903683,4.5
51.451919933,5.0
51.451919933,5.0
51.451919933,5.0
51.451919933,5.0
51.451919933,5.0
51.451919933,5.0
51.451919933,5.0
51.451919933,5.0
51.451919933,5.0
51.451919933,5.0
51.451931517,5.2
51.451931517,5.2
51.451931517,5.2
51.451931517,5.2
51.451931517,5.2
51.451931517,5.2
51.451931517,5.2
51.451931517,5.2
51.451931517,5.2
51.451931517,5.2
51.45194385,5.4
51.45194385,5.4
51.45194385,5.4
51.45194385,5.4
51.45194385,5.4
51.45194385,5.4
51.45194385,5.4
51.45194385,5.4
51.45194385,5.4
51.45194385,5.4
51.4519514,5.4
51.4519514,5.4
51.4519514,5.4
51.4519514,5.4
51.4519514,5.4
51.4519514,5.4
51.4519514,5.4
51.4519514,5.4
51.4519514,5.4
51.4519514,5.4
51.4519664,7.7
51.4519664,7.7
51.4519664,7.7
51.4519664,7.7
51.4519664,7.7
51.4519664,7.7
51.4519664,7.7
51.4519664,7.7
51.4519664,7.7
51.4519664,7.7
51.451978367,8.1
51.451978367,8.1
51.451978367,8.1
51.451978367,8.1
51.451978367,8.1
51.451978367,8.1
51.451978367,8.1
51.451978367,8.1
51.451978367,8.1
51.451978367,8.1
51.45199,8.3
51.45199,8.3
51.45199,8.3
51.45199,8.3
51.45199,8.3
51.45199,8.3
51.45199,8.3
51.45199,8.3
51.45199,8.3
51.45199,8.3
51.4520023,8.7
51.4520023,8.7
51.4520023,8.7
51.4520023,8.7
51.4520023,8.7
51.4520023,8.7
51.4520023,8.7
51.4520023,8.7
51.4520023,8.7
51.4520023,8.7
51.452013233,9.0
51.452013233,9.0
51.452013233,9.0
51.452013233,9.0
51.452013233,9.0
51.452013233,9.0
51.452013233,9.0
51.452013233,9.0
51.452013233,9.0
51.452013233,9.0
51.452024283,9.2
51.452024283,9.2
51.452024283,9.2
51.452024283,9.2
51.452024283,9.2
51.452024283,9.2
51.452024283,9.2
51.452024283,9.2
51.452024283,9.2
51.452024283,9.2
51.452035,9.3
51.452035,9.3
51.452035,9.3
51.452035,9.3
51.452035,9.3
51.452035,9.3
51.452035,9.3
51.452035,9.3
51.452035,9.3
51.452035,9.3
51.45204725,9.4
51.45204725,9.4
51.45204725,9.4
51.45204725,9.4
51.45204725,9.4
51.45204725,9.4
51.45204725,9.4
51.45204725,9.4
51.45204725,9.4
51.45204725,9.4
51.452059133,9.5
51.452059133,9.5
51.452059133,9.5
51.452059133,9.5
51.452059133,9.5
51.452059133,9.5
51.452059133,9.5
51.452059133,9.5
51.452059133,9.5
51.452059133,9.5
51.452071917,9.6
51.452071917,9.6
51.452071917,9.6
51.452071917,9.6
51.452071917,9.6
51.452071917,9.6
51.452071917,9.6
51.452071917,9.6
51.452071917,9.6
51.452071917,9.6
51.4520844,9.7
51.4520844,9.7
51.4520844,9.7
51.4520844,9.7
51.4520844,9.7
51.4520844,9.7
51.4520844,9.7
51.4520844,9.7
51.4520844,9.7
51.4520844,9.7
51.4520974,9.7
51.4520974,9.7
51.4520974,9.7
51.4520974,9.7
51.4520974,9.7
51.4520974,9.7
51.4520974,9.7
51.4520974,9.7
51.4520974,9.7
51.4520974,9.7
51.452110367,9.9
51.452110367,9.9
51.452110367,9.9
51.452110367,9.9
51.452110367,9.9
51.452110367,9.9
51.452110367,9.9
51.452110367,9.9
51.452110367,9.9
51.452110367,9.9
51.452123133,9.9
51.452123133,9.9
51.452123133,9.9
51.452123133,9.9
51.452123133,9.9
51.452123133,9.9
51.452123133,9.9
51.452123133,9.9
51.452123133,9.9
51.452123133,9.9
51.45213765,9.9
51.45213765,9.9
51.45213765,9.9
51.45213765,9.9
51.45213765,9.9
51.45213765,9.9
51.45213765,9.9
51.45213765,9.9
51.45213765,9.9
51.45213765,9.9
51.452152333,9.9
51.452152333,9.9
51.452152333,9.9
51.452152333,9.9
51.452152333,9.9
51.452152333,9.9
51.452152333,9.9
51.452152333,9.9
51.452152333,9.9
51.452152333,9.9
51.452167,9.9
51.452167,9.9
51.452167,9.9
51.452167,9.9
51.452167,9.9
51.452167,9.9
51.452167,9.9
51.452167,9.9
51.452167,9.9
51.452167,9.9
51.452182667,10.0
51.452182667,10.0
51.452182667,10.0
51.452182667,10.0
51.452182667,10.0
51.452182667,10.0
51.452182667,10.0
51.452182667,10.0
51.452182667,10.0
51.452182667,10.0
51.4521992,10.1
51.4521992,10.1
51.4521992,10.1
51.4521992,10.1
51.4521992,10.1
51.4521992,10.1
51.4521992,10.1
51.4521992,10.1
51.4521992,10.1
51.4521992,10.1
51.45221725,10.2
51.45221725,10.2
51.45221725,10.2
51.45221725,10.2
51.45221725,10.2
51.45221725,10.2
51.45221725,10.2
51.45221725,10.2
51.45221725,10.2
51.45221725,10.2
51.45223675,10.4
51.45223675,10.4
51.45223675,10.4
51.45223675,10.4
51.45223675,10.4
51.45223675,10.4
51.45223675,10.4
51.45223675,10.4
51.45223675,10.4
51.45223675,10.4
51.452259267,11.9
51.452259267,11.9
51.452259267,11.9
51.452259267,11.9
51.452259267,11.9
51.452259267,11.9
51.452259267,11.9
51.452259267,11.9
51.452259267,11.9
51.452259267,11.9
51.4522822,12.1
51.4522822,12.1
51.4522822,12.1
51.4522822,12.1
51.4522822,12.1
51.4522822,12.1
51.4522822,12.1
51.4522822,12.1
51.4522822,12.1
51.4522822,12.1
51.452305583,12.3
51.452305583,12.3
51.452305583,12.3
51.452305583,12.3
51.452305583,12.3
51.452305583,12.3
51.452305583,12.3
51.452305583,12.3
51.452305583,12.3
51.452305583,12.3
51.452329883,12.4
51.452329883,12.4
51.452329883,12.4
51.452329883,12.4
51.452329883,12.4
51.452329883,12.4
51.452329883,12.4
51.452329883,12.4
51.452329883,12.4
51.452329883,12.4
51.45235495,12.6
51.45235495,12.6
51.45235495,12.6
51.45235495,12.6
51.45235495,12.6
51.45235495,12.6
51.45235495,12.6
51.45235495,12.6
51.45235495,12.6
51.45235495,12.6
51.452381817,12.6
51.452381817,12.6
51.452381817,12.6
51.452381817,12.6
51.452381817,12.6
51.452381817,12.6
51.452381817,12.6
51.452381817,12.6
51.452381817,12.6
51.452381817,12.6
51.452409333,12.6
51.452409333,12.6
51.452409333,12.6
51.452409333,12.6
51.452409333,12.6
51.452409333,12.6
51.452409333,12.6
51.452409333,12.6
51.452409333,12.6
51.452409333,12.6
51.4524374,12.6
51.4524374,12.6
51.4524374,12.6
51.4524374,12.6
51.4524374,12.6
51.4524374,12.6
51.4524374,12.6
51.4524374,12.6
51.4524374,12.6
51.4524374,12.6
51.4524659,12.7
51.4524659,12.7
51.4524659,12.7
51.4524659,12.7
51.4524659,12.7
51.4524659,12.7
51.4524659,12.7
51.4524659,12.7
51.4524659,12.7
51.4524659,12.7
51.4524947,12.7
51.4524947,12.7
51.4524947,12.7
51.4524947,12.7
51.4524947,12.7
51.4524947,12.7
51.4524947,12.7
51.4524947,12.7
51.4524947,12.7
51.4524947,12.7
51.452524067,12.7
51.452524067,12.7
51.452524067,12.7
51.452524067,12.7
51.452524067,12.7
51.452524067,12.7
51.452524067,12.7
51.452524067,12.7
51.452524067,12.7
51.452524067,12.7
51.452554283,12.8
51.452554283,12.8
51.452554283,12.8
51.452554283,12.8
51.452554283,12.8
51.452554283,12.8
51.452554283,12.8
51.452554283,12.8
51.452554283,12.8
51.452554283,12.8
51.45258175,12.8
51.45258175,12.8
51.45258175,12.8
51.45258175,12.8
51.45258175,12.8
51.45258175,12.8
51.45258175,12.8
51.45258175,12.8
51.45258175,12.8
51.45258175,12.8
51.452613433,12.9
51.452613433,12.9
51.452613433,12.9
51.452613433,12.9
51.452613433,12.9
51.452613433,12.9
51.452613433,12.9
51.452613433,12.9
51.452613433,12.9
51.452613433,12.9
51.452650417,13.0
51.452650417,13.0
51.452650417,13.0
51.452650417,13.0
51.452650417,13.0
51.452650417,13.0
51.452650417,13.0
51.452650417,13.0
51.452650417,13.0
51.452650417,13.0
51.452683,13.1
51.452683,13.1
51.452683,13.1
51.452683,13.1
51.452683,13.1
51.452683,13.1
51.452683,13.1
51.452683,13.1
51.452683,13.1
51.452683,13.1
51.452715883,13.2
51.452715883,13.2
51.452715883,13.2
51.452715883,13.2
51.452715883,13.2
51.452715883,13.2
51.452715883,13.2
51.452715883,13.2
51.452715883,13.2
51.452715883,13.2
51.452743983,13.2
51.452743983,13.2
51.452743983,13.2
51.452743983,13.2
51.452743983,13.2
51.452743983,13.2
51.452743983,13.2
51.452743983,13.2
51.452743983,13.2
51.452743983,13.2
51.452797717,16.6
51.452797717,16.6
51.452797717,16.6
51.452797717,16.6
51.452797717,16.6
51.452797717,16.6
51.452797717,16.6
51.452797717,16.6
51.452797717,16.6
51.452797717,16.6
51.452834983,16.6
51.452834983,16.6
51.452834983,16.6
51.452834983,16.6
51.452834983,16.6
51.452834983,16.6
51.452834983,16.6
51.452834983,16.6
51.452834983,16.6
51.452834983,16.6
51.452886117,17.0
51.452886117,17.0
51.452886117,17.0
51.452886117,17.0
51.452886117,17.0
51.452886117,17.0
51.452886117,17.0
51.452886117,17.0
51.452886117,17.0
51.452886117,17.0
51.4529266,17.0
51.4529266,17.0
51.4529266,17.0
51.4529266,17.0
51.4529266,17.0
51.4529266,17.0
51.4529266,17.0
51.4529266,17.0
51.4529266,17.0
51.4529266,17.0
51.452972733,16.9
51.452972733,16.9
51.452972733,16.9
51.452972733,16.9
51.452972733,16.9
51.452972733,16.9
51.452972733,16.9
51.452972733,16.9
51.452972733,16.9
51.452972733,16.9
51.453016117,16.9
51.453016117,16.9
51.453016117,16.9
51.453016117,16.9
51.453016117,16.9
51.453016117,16.9
51.453016117,16.9
51.453016117,16.9
51.453016117,16.9
51.453016117,16.9
51.453059417,17.0
51.453059417,17.0
51.453059417,17.0
51.453059417,17.0
51.453059417,17.0
51.453059417,17.0
51.453059417,17.0
51.453059417,17.0
51.453059417,17.0
51.453059417,17.0
51.453103383,17.0
51.453103383,17.0
51.453103383,17.0
51.453103383,17.0
51.453103383,17.0
51.453103383,17.0
51.453103383,17.0
51.453103383,17.0
51.453103383,17.0
51.453103383,17.0
51.453147667,17.0
51.453147667,17.0
51.453147667,17.0
51.453147667,17.0
51.453147667,17.0
51.453147667,17.0
51.453147667,17.0
51.453147667,17.0
51.453147667,17.0
51.453147667,17.0
51.45321035,18.7
51.45321035,18.7
51.45321035,18.7
51.45321035,18.7
51.45321035,18.7
51.45321035,18.7
51.45321035,18.7
51.45321035,18.7
51.45321035,18.7
51.45321035,18.7
51.45326085,19.1
51.45326085,19.1
51.45326085,19.1
51.45326085,19.1
51.45326085,19.1
51.45326085,19.1
51.45326085,19.1
51.45326085,19.1
51.45326085,19.1
51.45326085,19.1
51.4533081,19.3
51.4533081,19.3
51.4533081,19.3
51.4533081,19.3
51.4533081,19.3
51.4533081,19.3
51.4533081,19.3
51.4533081,19.3
51.4533081,19.3
51.4533081,19.3
51.453355633,19.2
51.453355633,19.2
51.453355633,19.2
51.453355633,19.2
51.453355633,19.2
51.453355633,19.2
51.453355633,19.2
51.453355633,19.2
51.453355633,19.2
51.453355633,19.2
51.453404067,19.0
51.453404067,19.0
51.453404067,19.0
51.453404067,19.0
51.453404067,19.0
51.453404067,19.0
51.453404067,19.0
51.453404067,19.0
51.453404067,19.0
51.453404067,19.0
51.453454783,19.2
51.453454783,19.2
51.453454783,19.2
51.453454783,19.2
51.453454783,19.2
51.453454783,19.2
51.453454783,19.2
51.453454783,19.2
51.453454783,19.2
51.453454783,19.2
51.453504483,19.6
51.453504483,19.6
51.453504483,19.6
51.453504483,19.6
51.453504483,19.6
51.453504483,19.6
51.453504483,19.6
51.453504483,19.6
51.453504483,19.6
51.453504483,19.6
51.453556433,20.0
51.453556433,20.0
51.453556433,20.0
51.453556433,20.0
51.453556433,20.0
51.453556433,20.0
51.453556433,20.0
51.453556433,20.0
51.453556433,20.0
51.453556433,20.0
51.453597317,20.2
51.453597317,20.2
51.453597317,20.2
51.453597317,20.2
51.453597317,20.2
51.453597317,20.2
51.453597317,20.2
51.453597317,20.2
51.453597317,20.2
51.453597317,20.2
51.45364535,20.6
51.45364535,20.6
51.45364535,20.6
51.45364535,20.6
51.45364535,20.6
51.45364535,20.6
51.45364535,20.6
51.45364535,20.6
51.45364535,20.6
51.45364535,20.6
51.453696,21.0
51.453696,21.0
51.453696,21.0
51.453696,21.0
51.453696,21.0
51.453696,21.0
51.453696,21.0
51.453696,21.0
51.453696,21.0
51.453696,21.0
51.453748317,21.3
51.453748317,21.3
51.453748317,21.3
51.453748317,21.3
51.453748317,21.3
51.453748317,21.3
51.453748317,21.3
51.453748317,21.3
51.453748317,21.3
51.453748317,21.3
51.453802217,21.5
51.453802217,21.5
51.453802217,21.5
51.453802217,21.5
51.453802217,21.5
51.453802217,21.5
51.453802217,21.5
51.453802217,21.5
51.453802217,21.5
51.453802217,21.5
51.45386005,21.8
51.45386005,21.8
51.45386005,21.8
51.45386005,21.8
51.45386005,21.8
51.45386005,21.8
51.45386005,21.8
51.45386005,21.8
51.45386005,21.8
51.45386005,21.8
51.453920567,22.0
51.453920567,22.0
51.453920567,22.0
51.453920567,22.0
51.453920567,22.0
51.453920567,22.0
51.453920567,22.0
51.453920567,22.0
51.453920567,22.0
51.453920567,22.0
51.453986183,22.2
51.453986183,22.2
51.453986183,22.2
51.453986183,22.2
51.453986183,22.2
51.453986183,22.2
51.453986183,22.2
51.453986183,22.2
51.453986183,22.2
51.453986183,22.2
51.454045467,22.4
51.454045467,22.4
51.454045467,22.4
51.454045467,22.4
51.454045467,22.4
51.454045467,22.4
51.454045467,22.4
51.454045467,22.4
51.454045467,22.4
51.454045467,22.4
51.45410895,22.6
51.45410895,22.6
51.45410895,22.6
51.45410895,22.6
51.45410895,22.6
51.45410895,22.6
51.45410895,22.6
51.45410895,22.6
51.45410895,22.6
51.45410895,22.6
51.45410895,22.6
51.45417375,22.8
51.45417375,22.8
51.45417375,22.8
51.45417375,22.8
51.45417375,22.8
51.45417375,22.8
51.45417375,22.8
51.45417375,22.8
51.45417375,22.8
51.45423685,22.6
51.45423685,22.6
51.45423685,22.6
51.45423685,22.6
51.45423685,22.6
51.45423685,22.6
51.45423685,22.6
51.45423685,22.6
51.45423685,22.6
51.45423685,22.6
51.45423685,22.6
51.454299267,22.1
51.454299267,22.1
51.454299267,22.1
51.454299267,22.1
51.454299267,22.1
51.454299267,22.1
51.454299267,22.1
51.454299267,22.1
51.454299267,22.1
51.454299267,22.1
51.454358417,21.6
51.454358417,21.6
51.454358417,21.6
51.454358417,21.6
51.454358417,21.6
51.454358417,21.6
51.454358417,21.6
51.454358417,21.6
51.454358417,21.6
51.454358417,21.6
51.454417033,21.2
51.454417033,21.2
51.454417033,21.2
51.454417033,21.2
51.454417033,21.2
51.454417033,21.2
51.454417033,21.2
51.454417033,21.2
51.454417033,21.2
51.454417033,21.2
51.4544703,20.8
51.4544703,20.8
51.4544703,20.8
51.4544703,20.8
51.4544703,20.8
51.4544703,20.8
51.4544703,20.8
51.4544703,20.8
51.4544703,20.8
51.4544703,20.8
51.4545292,20.8
51.4545292,20.8
51.4545292,20.8
51.4545292,20.8
51.4545292,20.8
51.4545292,20.8
51.4545292,20.8
51.4545292,20.8
51.4545292,20.8
51.4545292,20.8
51.454579883,20.8
51.454579883,20.8
51.454579883,20.8
51.454579883,20.8
51.454579883,20.8
51.454579883,20.8
51.454579883,20.8
51.454579883,20.8
51.454579883,20.8
51.454579883,20.8
51.454641167,20.8
51.454641167,20.8
51.454641167,20.8
51.454641167,20.8
51.454641167,20.8
51.454641167,20.8
51.454641167,20.8
51.454641167,20.8
51.454641167,20.8
51.454641167,20.8
51.454697267,20.7
51.454697267,20.7
51.454697267,20.7
51.454697267,20.7
51.454697267,20.7
51.454697267,20.7
51.454697267,20.7
51.454697267,20.7
51.454697267,20.7
51.454697267,20.7
51.454750383,20.7
51.454750383,20.7
51.454750383,20.7
51.454750383,20.7
51.454750383,20.7
51.454750383,20.7
51.454750383,20.7
51.454750383,20.7
51.454750383,20.7
51.454750383,20.7
51.454814,20.9
51.454814,20.9
51.454814,20.9
51.454814,20.9
51.454814,20.9
51.454814,20.9
51.454814,20.9
51.454814,20.9
51.454814,20.9
51.454814,20.9
51.454873133,20.9
51.454873133,20.9
51.454873133,20.9
51.454873133,20.9
51.454873133,20.9
51.454873133,20.9
51.454873133,20.9
51.454873133,20.9
51.454873133,20.9
51.454873133,20.9
51.454927333,20.7
51.454927333,20.7
51.454927333,20.7
51.454927333,20.7
51.454927333,20.7
51.454927333,20.7
51.454927333,20.7
51.454927333,20.7
51.454927333,20.7
51.454927333,20.7
51.454980317,20.8
51.454980317,20.8
51.454980317,20.8
51.454980317,20.8
51.454980317,20.8
51.454980317,20.8
51.454980317,20.8
51.454980317,20.8
51.454980317,20.8
51.454980317,20.8
51.455038733,20.9
51.455038733,20.9
51.455038733,20.9
51.455038733,20.9
51.455038733,20.9
51.455038733,20.9
51.455038733,20.9
51.455038733,20.9
51.455038733,20.9
51.455038733,20.9
51.455095733,20.8
51.455095733,20.8
51.455095733,20.8
51.455095733,20.8
51.455095733,20.8
51.455095733,20.8
51.455095733,20.8
51.455095733,20.8
51.455095733,20.8
51.455095733,20.8
51.455157533,20.9
51.455157533,20.9
51.455157533,20.9
51.455157533,20.9
51.455157533,20.9
51.455157533,20.9
51.455157533,20.9
51.455157533,20.9
51.455157533,20.9
51.455157533,20.9
51.455217983,21.0
51.455217983,21.0
51.455217983,21.0
51.455217983,21.0
51.455217983,21.0
51.455217983,21.0
51.455217983,21.0
51.455217983,21.0
51.455217983,21.0
51.455217983,21.0
51.455271367,20.9
51.455271367,20.9
51.455271367,20.9
51.455271367,20.9
51.455271367,20.9
51.455271367,20.9
51.455271367,20.9
51.455271367,20.9
51.455271367,20.9
51.455271367,20.9
51.4553332,20.8
51.4553332,20.8
51.4553332,20.8
51.4553332,20.8
51.4553332,20.8
51.4553332,20.8
51.4553332,20.8
51.4553332,20.8
51.4553332,20.8
51.4553332,20.8
51.4553926,20.7
51.4553926,20.7
51.4553926,20.7
51.4553926,20.7
51.4553926,20.7
51.4553926,20.7
51.4553926,20.7
51.4553926,20.7
51.4553926,20.7
51.4553926,20.7
51.4554496,20.7
51.4554496,20.7
51.4554496,20.7
51.4554496,20.7
51.4554496,20.7
51.4554496,20.7
51.4554496,20.7
51.4554496,20.7
51.4554496,20.7
51.4554496,20.7
51.455507783,20.8
51.455507783,20.8
51.455507783,20.8
51.455507783,20.8
51.455507783,20.8
51.455507783,20.8
51.455507783,20.8
51.455507783,20.8
51.455507783,20.8
51.455507783,20.8
51.455565733,20.8
51.455565733,20.8
51.455565733,20.8
51.455565733,20.8
51.455565733,20.8
51.455565733,20.8
51.455565733,20.8
51.455565733,20.8
51.455565733,20.8
51.455565733,20.8
51.455622883,20.8
51.455622883,20.8
51.455622883,20.8
51.455622883,20.8
51.455622883,20.8
51.455622883,20.8
51.455622883,20.8
51.455622883,20.8
51.455622883,20.8
51.455622883,20.8
51.45568365,20.9
51.45568365,20.9
51.45568365,20.9
51.45568365,20.9
51.45568365,20.9
51.45568365,20.9
51.45568365,20.9
51.45568365,20.9
51.45568365,20.9
51.45568365,20.9
51.455738283,20.9
51.455738283,20.9
51.455738283,20.9
51.455738283,20.9
51.455738283,20.9
51.455738283,20.9
51.455738283,20.9
51.455738283,20.9
51.455738283,20.9
51.455738283,20.9
51.455798083,20.8
51.455798083,20.8
51.455798083,20.8
51.455798083,20.8
51.455798083,20.8
51.455798083,20.8
51.455798083,20.8
51.455798083,20.8
51.455798083,20.8
51.455798083,20.8
51.45585085,20.8
51.45585085,20.8
51.45585085,20.8
51.45585085,20.8
51.45585085,20.8
51.45585085,20.8
51.45585085,20.8
51.45585085,20.8
51.45585085,20.8
51.45585085,20.8
51.455911583,20.8
51.455911583,20.8
51.455911583,20.8
51.455911583,20.8
51.455911583,20.8
51.455911583,20.8
51.455911583,20.8
51.455911583,20.8
51.455911583,20.8
51.455911583,20.8
51.455967683,20.8
51.455967683,20.8
51.455967683,20.8
51.455967683,20.8
51.455967683,20.8
51.455967683,20.8
51.455967683,20.8
51.455967683,20.8
51.455967683,20.8
51.455967683,20.8
51.4560224,20.6
51.4560224,20.6
51.4560224,20.6
51.4560224,20.6
51.4560224,20.6
51.4560224,20.6
51.4560224,20.6
51.4560224,20.6
51.4560224,20.6
51.4560224,20.6
51.456079267,20.8
51.456079267,20.8
51.456079267,20.8
51.456079267,20.8
51.456079267,20.8
51.456079267,20.8
51.456079267,20.8
51.456079267,20.8
51.456079267,20.8
51.456079267,20.8
51.456136833,20.8
51.456136833,20.8
51.456136833,20.8
51.456136833,20.8
51.456136833,20.8
51.456136833,20.8
51.456136833,20.8
51.456136833,20.8
51.456136833,20.8
51.456136833,20.8
51.456196067,21.0
51.456196067,21.0
51.456196067,21.0
51.456196067,21.0
51.456196067,21.0
51.456196067,21.0
51.456196067,21.0
51.456196067,21.0
51.456196067,21.0
51.456196067,21.0
51.45625205,20.8
51.45625205,20.8
51.45625205,20.8
51.45625205,20.8
51.45625205,20.8
51.45625205,20.8
51.45625205,20.8
51.45625205,20.8
51.45625205,20.8
51.45625205,20.8
51.45631405,20.9
51.45631405,20.9
51.45631405,20.9
51.45631405,20.9
51.45631405,20.9
51.45631405,20.9
51.45631405,20.9
51.45631405,20.9
51.45631405,20.9
51.45631405,20.9
51.4563713,21.2
51.4563713,21.2
51.4563713,21.2
51.4563713,21.2
51.4563713,21.2
51.4563713,21.2
51.4563713,21.2
51.4563713,21.2
51.4563713,21.2
51.4563713,21.2
51.45642845,21.1
51.45642845,21.1
51.45642845,21.1
51.45642845,21.1
51.45642845,21.1
51.45642845,21.1
51.45642845,21.1
51.45642845,21.1
51.45642845,21.1
51.45642845,21.1
51.456485267,21.0
51.456485267,21.0
51.456485267,21.0
51.456485267,21.0
51.456485267,21.0
51.456485267,21.0
51.456485267,21.0
51.456485267,21.0
51.456485267,21.0
51.456485267,21.0
51.456540017,21.1
51.456540017,21.1
51.456540017,21.1
51.456540017,21.1
51.456540017,21.1
51.456540017,21.1
51.456540017,21.1
51.456540017,21.1
51.456540017,21.1
51.456540017,21.1
51.456589633,21.1
51.456589633,21.1
51.456589633,21.1
51.456589633,21.1
51.456589633,21.1
51.456589633,21.1
51.456589633,21.1
51.456589633,21.1
51.456589633,21.1
51.456589633,21.1
51.45665245,21.2
51.45665245,21.2
51.45665245,21.2
51.45665245,21.2
51.45665245,21.2
51.45665245,21.2
51.45665245,21.2
51.45665245,21.2
51.45665245,21.2
51.45665245,21.2
51.456714017,21.2
51.456714017,21.2
51.456714017,21.2
51.456714017,21.2
51.456714017,21.2
51.456714017,21.2
51.456714017,21.2
51.456714017,21.2
51.456714017,21.2
51.456714017,21.2
51.45677425,21.1
51.45677425,21.1
51.45677425,21.1
51.45677425,21.1
51.45677425,21.1
51.45677425,21.1
51.45677425,21.1
51.45677425,21.1
51.45677425,21.1
51.45677425,21.1
51.4568328,21.1
51.4568328,21.1
51.4568328,21.1
51.4568328,21.1
51.4568328,21.1
51.4568328,21.1
51.4568328,21.1
51.4568328,21.1
51.4568328,21.1
51.4568328,21.1
51.456894283,21.1
51.456894283,21.1
51.456894283,21.1
51.456894283,21.1
51.456894283,21.1
51.456894283,21.1
51.456894283,21.1
51.456894283,21.1
51.456894283,21.1
51.456894283,21.1
51.456953717,21.0
51.456953717,21.0
51.456953717,21.0
51.456953717,21.0
51.456953717,21.0
51.456953717,21.0
51.456953717,21.0
51.456953717,21.0
51.456953717,21.0
51.456953717,21.0
51.45701275,21.1
51.45701275,21.1
51.45701275,21.1
51.45701275,21.1
51.45701275,21.1
51.45701275,21.1
51.45701275,21.1
51.45701275,21.1
51.45701275,21.1
51.45701275,21.1
51.457074067,21.2
51.457074067,21.2
51.457074067,21.2
51.457074067,21.2
51.457074067,21.2
51.457074067,21.2
51.457074067,21.2
51.457074067,21.2
51.457074067,21.2
51.457074067,21.2
51.457132733,21.4
51.457132733,21.4
51.457132733,21.4
51.457132733,21.4
51.457132733,21.4
51.457132733,21.4
51.457132733,21.4
51.457132733,21.4
51.457132733,21.4
51.457132733,21.4
51.457191533,21.4
51.457191533,21.4
51.457191533,21.4
51.457191533,21.4
51.457191533,21.4
51.457191533,21.4
51.457191533,21.4
51.457191533,21.4
51.457191533,21.4
51.457191533,21.4
51.457242567,21.2
51.457242567,21.2
51.457242567,21.2
51.457242567,21.2
51.457242567,21.2
51.457242567,21.2
51.457242567,21.2
51.457242567,21.2
51.457242567,21.2
51.457242567,21.2
51.457298,21.6
51.457298,21.6
51.457298,21.6
51.457298,21.6
51.457298,21.6
51.457298,21.6
51.457298,21.6
51.457298,21.6
51.457298,21.6
51.457298,21.6
51.45735895,22.3
51.45735895,22.3
51.45735895,22.3
51.45735895,22.3
51.45735895,22.3
51.45735895,22.3
51.45735895,22.3
51.45735895,22.3
51.45735895,22.3
51.45735895,22.3
51.4574218,22.5
51.4574218,22.5
51.4574218,22.5
51.4574218,22.5
51.4574218,22.5
51.4574218,22.5
51.4574218,22.5
51.4574218,22.5
51.4574218,22.5
51.4574218,22.5
51.457480267,22.6
51.457480267,22.6
51.457480267,22.6
51.457480267,22.6
51.457480267,22.6
51.457480267,22.6
51.457480267,22.6
51.457480267,22.6
51.457480267,22.6
51.457480267,22.6
51.4575442,22.7
51.4575442,22.7
51.4575442,22.7
51.4575442,22.7
51.4575442,22.7
51.4575442,22.7
51.4575442,22.7
51.4575442,22.7
51.4575442,22.7
51.4575442,22.7
51.457601217,22.8
51.457601217,22.8
51.457601217,22.8
51.457601217,22.8
51.457601217,22.8
51.457601217,22.8
51.457601217,22.8
51.457601217,22.8
51.457601217,22.8
51.457601217,22.8
51.457663567,22.8
51.457663567,22.8
51.457663567,22.8
51.457663567,22.8
51.457663567,22.8
51.457663567,22.8
51.457663567,22.8
51.457663567,22.8
51.457663567,22.8
51.457663567,22.8
51.457728033,23.0
51.457728033,23.0
51.457728033,23.0
51.457728033,23.0
51.457728033,23.0
51.457728033,23.0
51.457728033,23.0
51.457728033,23.0
51.457728033,23.0
51.457728033,23.0
51.457795883,22.9
51.457795883,22.9
51.457795883,22.9
51.457795883,22.9
51.457795883,22.9
51.457795883,22.9
51.457795883,22.9
51.457795883,22.9
51.457795883,22.9
51.457795883,22.9
51.45786015,23.0
51.45786015,23.0
51.45786015,23.0
51.45786015,23.0
51.45786015,23.0
51.45786015,23.0
51.45786015,23.0
51.45786015,23.0
51.45786015,23.0
51.45786015,23.0
51.45792725,23.1
51.45792725,23.1
51.45792725,23.1
51.45792725,23.1
51.45792725,23.1
51.45792725,23.1
51.45792725,23.1
51.45792725,23.1
51.45792725,23.1
51.45792725,23.1
51.4579944,22.9
51.4579944,22.9
51.4579944,22.9
51.4579944,22.9
51.4579944,22.9
51.4579944,22.9
51.4579944,22.9
51.4579944,22.9
51.4579944,22.9
51.4579944,22.9
51.45805615,23.0
51.45805615,23.0
51.45805615,23.0
51.45805615,23.0
51.45805615,23.0
51.45805615,23.0
51.45805615,23.0
51.45805615,23.0
51.45805615,23.0
51.45805615,23.0
51.458126133,23.0
51.458126133,23.0
51.458126133,23.0
51.458126133,23.0
51.458126133,23.0
51.458126133,23.0
51.458126133,23.0
51.458126133,23.0
51.458126133,23.0
51.458126133,23.0
51.458187983,23.0
51.458187983,23.0
51.458187983,23.0
51.458187983,23.0
51.458187983,23.0
51.458187983,23.0
51.458187983,23.0
51.458187983,23.0
51.458187983,23.0
51.458187983,23.0
51.45825365,23.1
51.45825365,23.1
51.45825365,23.1
51.45825365,23.1
51.45825365,23.1
51.45825365,23.1
51.45825365,23.1
51.45825365,23.1
51.45825365,23.1
51.45825365,23.1
51.4583205,23.2
51.4583205,23.2
51.4583205,23.2
51.4583205,23.2
51.4583205,23.2
51.4583205,23.2
51.4583205,23.2
51.4583205,23.2
51.4583205,23.2
51.4583205,23.2
51.4583814,23.1
51.4583814,23.1
51.4583814,23.1
51.4583814,23.1
51.4583814,23.1
51.4583814,23.1
51.4583814,23.1
51.4583814,23.1
51.4583814,23.1
51.4583814,23.1
51.4584433,23.1
51.4584433,23.1
51.4584433,23.1
51.4584433,23.1
51.4584433,23.1
51.4584433,23.1
51.4584433,23.1
51.4584433,23.1
51.4584433,23.1
51.4584433,23.1
51.458507083,23.1
51.458507083,23.1
51.458507083,23.1
51.458507083,23.1
51.458507083,23.1
51.458507083,23.1
51.458507083,23.1
51.458507083,23.1
51.458507083,23.1
51.458507083,23.1
51.45856305,23.1
51.45856305,23.1
51.45856305,23.1
51.45856305,23.1
51.45856305,23.1
51.45856305,23.1
51.45856305,23.1
51.45856305,23.1
51.45856305,23.1
51.45856305,23.1
51.45862645,23.2
51.45862645,23.2
51.45862645,23.2
51.45862645,23.2
51.45862645,23.2
51.45862645,23.2
51.45862645,23.2
51.45862645,23.2
51.45862645,23.2
51.45862645,23.2
51.458686267,23.3
51.458686267,23.3
51.458686267,23.3
51.458686267,23.3
51.458686267,23.3
51.458686267,23.3
51.458686267,23.3
51.458686267,23.3
51.458686267,23.3
51.458686267,23.3
51.458750267,23.5
51.458750267,23.5
51.458750267,23.5
51.458750267,23.5
51.458750267,23.5
51.458750267,23.5
51.458750267,23.5
51.458750267,23.5
51.458750267,23.5
51.458750267,23.5
51.45881395,23.5
51.45881395,23.5
51.45881395,23.5
51.45881395,23.5
51.45881395,23.5
51.45881395,23.5
51.45881395,23.5
51.45881395,23.5
51.45881395,23.5
51.45881395,23.5
51.458876267,23.6
51.458876267,23.6
51.458876267,23.6
51.458876267,23.6
51.458876267,23.6
51.458876267,23.6
51.458876267,23.6
51.458876267,23.6
51.458876267,23.6
51.458876267,23.6
51.458939267,23.7
51.458939267,23.7
51.458939267,23.7
51.458939267,23.7
51.458939267,23.7
51.458939267,23.7
51.458939267,23.7
51.458939267,23.7
51.458939267,23.7
51.458939267,23.7
51.458998333,23.6
51.458998333,23.6
51.458998333,23.6
51.458998333,23.6
51.458998333,23.6
51.458998333,23.6
51.458998333,23.6
51.458998333,23.6
51.458998333,23.6
51.458998333,23.6
51.459053267,23.6
51.459053267,23.6
51.459053267,23.6
51.459053267,23.6
51.459053267,23.6
51.459053267,23.6
51.459053267,23.6
51.459053267,23.6
51.459053267,23.6
51.459053267,23.6
51.459108383,23.6
51.459108383,23.6
51.459108383,23.6
51.459108383,23.6
51.459108383,23.6
51.459108383,23.6
51.459108383,23.6
51.459108383,23.6
51.459108383,23.6
51.459108383,23.6
51.459165517,23.8
51.459165517,23.8
51.459165517,23.8
51.459165517,23.8
51.459165517,23.8
51.459165517,23.8
51.459165517,23.8
51.459165517,23.8
51.459165517,23.8
51.459165517,23.8
51.459218533,23.9
51.459218533,23.9
51.459218533,23.9
51.459218533,23.9
51.459218533,23.9
51.459218533,23.9
51.459218533,23.9
51.459218533,23.9
51.459218533,23.9
51.459218533,23.9
51.459266733,24.0
51.459266733,24.0
51.459266733,24.0
51.459266733,24.0
51.459266733,24.0
51.459266733,24.0
51.459266733,24.0
51.459266733,24.0
51.459266733,24.0
51.459266733,24.0
51.459314183,24.1
51.459314183,24.1
51.459314183,24.1
51.459314183,24.1
51.459314183,24.1
51.459314183,24.1
51.459314183,24.1
51.459314183,24.1
51.459314183,24.1
51.459314183,24.1
51.4593529,24.2
51.4593529,24.2
51.4593529,24.2
51.4593529,24.2
51.4593529,24.2
51.4593529,24.2
51.4593529,24.2
51.4593529,24.2
51.4593529,24.2
51.4593529,24.2
51.459392183,24.2
51.459392183,24.2
51.459392183,24.2
51.459392183,24.2
51.459392183,24.2
51.459392183,24.2
51.459392183,24.2
51.459392183,24.2
51.459392183,24.2
51.459392183,24.2
51.45942885,24.5
51.45942885,24.5
51.45942885,24.5
51.45942885,24.5
51.45942885,24.5
51.45942885,24.5
51.45942885,24.5
51.45942885,24.5
51.45942885,24.5
51.45942885,24.5
51.459467333,24.3
51.459467333,24.3
51.459467333,24.3
51.459467333,24.3
51.459467333,24.3
51.459467333,24.3
51.459467333,24.3
51.459467333,24.3
51.459467333,24.3
51.459467333,24.3
51.459467333,24.3
51.459498967,24.0
51.459498967,24.0
51.459498967,24.0
51.459498967,24.0
51.459498967,24.0
51.459498967,24.0
51.459498967,24.0
51.459498967,24.0
51.459498967,24.0
51.459498967,24.0
51.4595307,23.8
51.4595307,23.8
51.4595307,23.8
51.4595307,23.8
51.4595307,23.8
51.4595307,23.8
51.4595307,23.8
51.4595307,23.8
51.4595307,23.8
51.4595307,23.8
51.459561583,23.5
51.459561583,23.5
51.459561583,23.5
51.459561583,23.5
51.459561583,23.5
51.459561583,23.5
51.459561583,23.5
51.459561583,23.5
51.459561583,23.5
51.459561583,23.5
51.459589667,23.3
51.459589667,23.3
51.459589667,23.3
51.459589667,23.3
51.459589667,23.3
51.459589667,23.3
51.459589667,23.3
51.459589667,23.3
51.459589667,23.3
51.459589667,23.3
51.459619933,23.1
51.459619933,23.1
51.459619933,23.1
51.459619933,23.1
51.459619933,23.1
51.459619933,23.1
51.459619933,23.1
51.459619933,23.1
51.459619933,23.1
51.459619933,23.1
51.45964545,22.8
51.45964545,22.8
51.45964545,22.8
51.45964545,22.8
51.45964545,22.8
51.45964545,22.8
51.45964545,22.8
51.45964545,22.8
51.45964545,22.8
51.45964545,22.8
51.4596948,22.1
51.4596948,22.1
51.4596948,22.1
51.4596948,22.1
51.4596948,22.1
51.4596948,22.1
51.4596948,22.1
51.4596948,22.1
51.4596948,22.1
51.4596948,22.1
51.4596948,22.1
51.4596948,22.1
51.4596948,22.1
51.4596948,22.1
51.4596948,22.1
51.4596948,22.1
51.4596948,22.1
51.4596948,22.1
51.4596948,22.1
51.4596948,22.1
51.45973255,21.9
51.45973255,21.9
51.45973255,21.9
51.45973255,21.9
51.45973255,21.9
51.45973255,21.9
51.45973255,21.9
51.45973255,21.9
51.45973255,21.9
51.45973255,21.9
51.459758067,21.7
51.459758067,21.7
51.459758067,21.7
51.459758067,21.7
51.459758067,21.7
51.459758067,21.7
51.459758067,21.7
51.459758067,21.7
51.459758067,21.7
51.459758067,21.7
51.45981415,21.4
51.45981415,21.4
51.45981415,21.4
51.45981415,21.4
51.45981415,21.4
51.45981415,21.4
51.45981415,21.4
51.45981415,21.4
51.45981415,21.4
51.45981415,21.4
51.459852783,21.2
51.459852783,21.2
51.459852783,21.2
51.459852783,21.2
51.459852783,21.2
51.459852783,21.2
51.459852783,21.2
51.459852783,21.2
51.459852783,21.2
51.459852783,21.2
51.459884,21.1
51.459884,21.1
51.459884,21.1
51.459884,21.1
51.459884,21.1
51.459884,21.1
51.459884,21.1
51.459884,21.1
51.459884,21.1
51.459884,21.1
51.459909383,21.1
51.459909383,21.1
51.459909383,21.1
51.459909383,21.1
51.459909383,21.1
51.459909383,21.1
51.459909383,21.1
51.459909383,21.1
51.459909383,21.1
51.459909383,21.1
51.459930833,21.1
51.459930833,21.1
51.459930833,21.1
51.459930833,21.1
51.459930833,21.1
51.459930833,21.1
51.459930833,21.1
51.459930833,21.1
51.459930833,21.1
51.459930833,21.1
51.4599452,21.2
51.4599452,21.2
51.4599452,21.2
51.4599452,21.2
51.4599452,21.2
51.4599452,21.2
51.4599452,21.2
51.4599452,21.2
51.4599452,21.2
51.4599452,21.2
51.45995455,21.2
51.45995455,21.2
51.45995455,21.2
51.45995455,21.2
51.45995455,21.2
51.45995455,21.2
51.45995455,21.2
51.45995455,21.2
51.45995455,21.2
51.45995455,21.2
51.459958183,21.4
51.459958183,21.4
51.459958183,21.4
51.459958183,21.4
51.459958183,21.4
51.459958183,21.4
51.459958183,21.4
51.459958183,21.4
51.459958183,21.4
51.459958183,21.4
51.459959117,21.7
51.459959117,21.7
51.459959117,21.7
51.459959117,21.7
51.459959117,21.7
51.459959117,21.7
51.459959117,21.7
51.459959117,21.7
51.459959117,21.7
51.459959117,21.7
51.459950833,22.1
51.459950833,22.1
51.459950833,22.1
51.459950833,22.1
51.459950833,22.1
51.459950833,22.1
51.459950833,22.1
51.459950833,22.1
51.459950833,22.1
51.459950833,22.1
51.459937683,22.5
51.459937683,22.5
51.459937683,22.5
51.459937683,22.5
51.459937683,22.5
51.459937683,22.5
51.459937683,22.5
51.459937683,22.5
51.459937683,22.5
51.459937683,22.5
51.45992025,22.8
51.45992025,22.8
51.45992025,22.8
51.45992025,22.8
51.45992025,22.8
51.45992025,22.8
51.45992025,22.8
51.45992025,22.8
51.45992025,22.8
51.45992025,22.8
51.459899867,23.0
51.459899867,23.0
51.459899867,23.0
51.459899867,23.0
51.459899867,23.0
51.459899867,23.0
51.459899867,23.0
51.459899867,23.0
51.459899867,23.0
51.459899867,23.0
51.459875467,23.0
51.459875467,23.0
51.459875467,23.0
51.459875467,23.0
51.459875467,23.0
51.459875467,23.0
51.459875467,23.0
51.459875467,23.0
51.459875467,23.0
51.459875467,23.0
51.459846517,22.8
51.459846517,22.8
51.459846517,22.8
51.459846517,22.8
51.459846517,22.8
51.459846517,22.8
51.459846517,22.8
51.459846517,22.8
51.459846517,22.8
51.459846517,22.8
51.459818717,22.8
51.459818717,22.8
51.459818717,22.8
51.459818717,22.8
51.459818717,22.8
51.459818717,22.8
51.459818717,22.8
51.459818717,22.8
51.459818717,22.8
51.459818717,22.8
51.459786767,23.0
51.459786767,23.0
51.459786767,23.0
51.459786767,23.0
51.459786767,23.0
51.459786767,23.0
51.459786767,23.0
51.459786767,23.0
51.459786767,23.0
51.459786767,23.0
51.459756267,23.0
51.459756267,23.0
51.459756267,23.0
51.459756267,23.0
51.459756267,23.0
51.459756267,23.0
51.459756267,23.0
51.459756267,23.0
51.459756267,23.0
51.459756267,23.0
51.459723067,23.1
51.459723067,23.1
51.459723067,23.1
51.459723067,23.1
51.459723067,23.1
51.459723067,23.1
51.459723067,23.1
51.459723067,23.1
51.459723067,23.1
51.459723067,23.1
51.4596893,23.2
51.4596893,23.2
51.4596893,23.2
51.4596893,23.2
51.4596893,23.2
51.4596893,23.2
51.4596893,23.2
51.4596893,23.2
51.4596893,23.2
51.4596893,23.2
51.4596538,23.3
51.4596538,23.3
51.4596538,23.3
51.4596538,23.3
51.4596538,23.3
51.4596538,23.3
51.4596538,23.3
51.4596538,23.3
51.4596538,23.3
51.4596538,23.3
51.45961395,23.4
51.45961395,23.4
51.45961395,23.4
51.45961395,23.4
51.45961395,23.4
51.45961395,23.4
51.45961395,23.4
51.45961395,23.4
51.45961395,23.4
51.45961395,23.4
51.459578517,23.5
51.459578517,23.5
51.459578517,23.5
51.459578517,23.5
51.459578517,23.5
51.459578517,23.5
51.459578517,23.5
51.459578517,23.5
51.459578517,23.5
51.459578517,23.5
51.459538567,23.6
51.459538567,23.6
51.459538567,23.6
51.459538567,23.6
51.459538567,23.6
51.459538567,23.6
51.459538567,23.6
51.459538567,23.6
51.459538567,23.6
51.459538567,23.6
51.459497433,23.7
51.459497433,23.7
51.459497433,23.7
51.459497433,23.7
51.459497433,23.7
51.459497433,23.7
51.459497433,23.7
51.459497433,23.7
51.459497433,23.7
51.459497433,23.7
51.459461317,23.7
51.459461317,23.7
51.459461317,23.7
51.459461317,23.7
51.459461317,23.7
51.459461317,23.7
51.459461317,23.7
51.459461317,23.7
51.459461317,23.7
51.459461317,23.7
51.459426633,22.9
51.459426633,22.9
51.459426633,22.9
51.459426633,22.9
51.459426633,22.9
51.459426633,22.9
51.459426633,22.9
51.459426633,22.9
51.459426633,22.9
51.459426633,22.9
51.4593933,23.1
51.4593933,23.1
51.4593933,23.1
51.4593933,23.1
51.4593933,23.1
51.4593933,23.1
51.4593933,23.1
51.4593933,23.1
51.4593933,23.1
51.4593933,23.1
51.459357767,23.5
51.459357767,23.5
51.459357767,23.5
51.459357767,23.5
51.459357767,23.5
51.459357767,23.5
51.459357767,23.5
51.459357767,23.5
51.459357767,23.5
51.459357767,23.5
51.459327617,23.3
51.459327617,23.3
51.459327617,23.3
51.459327617,23.3
51.459327617,23.3
51.459327617,23.3
51.459327617,23.3
51.459327617,23.3
51.459327617,23.3
51.459327617,23.3
51.459295033,23.2
51.459295033,23.2
51.459295033,23.2
51.459295033,23.2
51.459295033,23.2
51.459295033,23.2
51.459295033,23.2
51.459295033,23.2
51.459295033,23.2
51.459295033,23.2
51.459265833,23.2
51.459265833,23.2
51.459265833,23.2
51.459265833,23.2
51.459265833,23.2
51.459265833,23.2
51.459265833,23.2
51.459265833,23.2
51.459265833,23.2
51.459265833,23.2
51.459229933,23.6
51.459229933,23.6
51.459229933,23.6
51.459229933,23.6
51.459229933,23.6
51.459229933,23.6
51.459229933,23.6
51.459229933,23.6
51.459229933,23.6
51.459229933,23.6
51.45919245,23.8
51.45919245,23.8
51.45919245,23.8
51.45919245,23.8
51.45919245,23.8
51.45919245,23.8
51.45919245,23.8
51.45919245,23.8
51.45919245,23.8
51.45919245,23.8
51.45915275,24.4
51.45915275,24.4
51.45915275,24.4
51.45915275,24.4
51.45915275,24.4
51.45915275,24.4
51.45915275,24.4
51.45915275,24.4
51.45915275,24.4
51.45915275,24.4
51.459109783,24.9
51.459109783,24.9
51.459109783,24.9
51.459109783,24.9
51.459109783,24.9
51.459109783,24.9
51.459109783,24.9
51.459109783,24.9
51.459109783,24.9
51.459109783,24.9
51.45906645,25.3
51.45906645,25.3
51.45906645,25.3
51.45906645,25.3
51.45906645,25.3
51.45906645,25.3
51.45906645,25.3
51.45906645,25.3
51.45906645,25.3
51.45906645,25.3
51.459016433,25.6
51.459016433,25.6
51.459016433,25.6
51.459016433,25.6
51.459016433,25.6
51.459016433,25.6
51.459016433,25.6
51.459016433,25.6
51.459016433,25.6
51.459016433,25.6
51.459016433,25.6
51.458962933,26.2
51.458962933,26.2
51.458962933,26.2
51.458962933,26.2
51.458962933,26.2
51.458962933,26.2
51.458962933,26.2
51.458962933,26.2
51.458962933,26.2
51.458902867,26.7
51.458902867,26.7
51.458902867,26.7
51.458902867,26.7
51.458902867,26.7
51.458902867,26.7
51.458902867,26.7
51.458902867,26.7
51.458902867,26.7
51.458902867,26.7
51.458902867,26.7
51.458838667,27.1
51.458838667,27.1
51.458838667,27.1
51.458838667,27.1
51.458838667,27.1
51.458838667,27.1
51.458838667,27.1
51.458838667,27.1
51.458838667,27.1
51.458838667,27.1
51.458761683,27.6
51.458761683,27.6
51.458761683,27.6
51.458761683,27.6
51.458761683,27.6
51.458761683,27.6
51.458761683,27.6
51.458761683,27.6
51.458761683,27.6
51.458761683,27.6
51.458683317,28.1
51.458683317,28.1
51.458683317,28.1
51.458683317,28.1
51.458683317,28.1
51.458683317,28.1
51.458683317,28.1
51.458683317,28.1
51.458683317,28.1
51.458683317,28.1
51.4586086,28.3
51.4586086,28.3
51.4586086,28.3
51.4586086,28.3
51.4586086,28.3
51.4586086,28.3
51.4586086,28.3
51.4586086,28.3
51.4586086,28.3
51.4586086,28.3
51.45852985,28.5
51.45852985,28.5
51.45852985,28.5
51.45852985,28.5
51.45852985,28.5
51.45852985,28.5
51.45852985,28.5
51.45852985,28.5
51.45852985,28.5
51.45852985,28.5
51.458451483,28.8
51.458451483,28.8
51.458451483,28.8
51.458451483,28.8
51.458451483,28.8
51.458451483,28.8
51.458451483,28.8
51.458451483,28.8
51.458451483,28.8
51.458451483,28.8
51.45837025,29.0
51.45837025,29.0
51.45837025,29.0
51.45837025,29.0
51.45837025,29.0
51.45837025,29.0
51.45837025,29.0
51.45837025,29.0
51.45837025,29.0
51.45837025,29.0
51.458290267,29.2
51.458290267,29.2
51.458290267,29.2
51.458290267,29.2
51.458290267,29.2
51.458290267,29.2
51.458290267,29.2
51.458290267,29.2
51.458290267,29.2
51.458290267,29.2
51.458211083,29.2
51.458211083,29.2
51.458211083,29.2
51.458211083,29.2
51.458211083,29.2
51.458211083,29.2
51.458211083,29.2
51.458211083,29.2
51.458211083,29.2
51.458211083,29.2
51.45812775,29.6
51.45812775,29.6
51.45812775,29.6
51.45812775,29.6
51.45812775,29.6
51.45812775,29.6
51.45812775,29.6
51.45812775,29.6
51.45812775,29.6
51.45812775,29.6
51.458049117,29.6
51.458049117,29.6
51.458049117,29.6
51.458049117,29.6
51.458049117,29.6
51.458049117,29.6
51.458049117,29.6
51.458049117,29.6
51.458049117,29.6
51.458049117,29.6
51.457964983,30.8
51.457964983,30.8
51.457964983,30.8
51.457964983,30.8
51.457964983,30.8
51.457964983,30.8
51.457964983,30.8
51.457964983,30.8
51.457964983,30.8
51.457964983,30.8
51.457872933,31.4
51.457872933,31.4
51.457872933,31.4
51.457872933,31.4
51.457872933,31.4
51.457872933,31.4
51.457872933,31.4
51.457872933,31.4
51.457872933,31.4
51.457872933,31.4
51.4577797,32.2
51.4577797,32.2
51.4577797,32.2
51.4577797,32.2
51.4577797,32.2
51.4577797,32.2
51.4577797,32.2
51.4577797,32.2
51.4577797,32.2
51.4577797,32.2
51.457693417,32.6
51.457693417,32.6
51.457693417,32.6
51.457693417,32.6
51.457693417,32.6
51.457693417,32.6
51.457693417,32.6
51.457693417,32.6
51.457693417,32.6
51.457693417,32.6
51.457605717,33.3
51.457605717,33.3
51.457605717,33.3
51.457605717,33.3
51.457605717,33.3
51.457605717,33.3
51.457605717,33.3
51.457605717,33.3
51.457605717,33.3
51.457605717,33.3
51.45751275,33.7
51.45751275,33.7
51.45751275,33.7
51.45751275,33.7
51.45751275,33.7
51.45751275,33.7
51.45751275,33.7
51.45751275,33.7
51.45751275,33.7
51.45751275,33.7
51.457421283,33.7
51.457421283,33.7
51.457421283,33.7
51.457421283,33.7
51.457421283,33.7
51.457421283,33.7
51.457421283,33.7
51.457421283,33.7
51.457421283,33.7
51.457421283,33.7
51.457335117,34.0
51.457335117,34.0
51.457335117,34.0
51.457335117,34.0
51.457335117,34.0
51.457335117,34.0
51.457335117,34.0
51.457335117,34.0
51.457335117,34.0
51.457335117,34.0
51.457241017,34.8
51.457241017,34.8
51.457241017,34.8
51.457241017,34.8
51.457241017,34.8
51.457241017,34.8
51.457241017,34.8
51.457241017,34.8
51.457241017,34.8
51.457241017,34.8
51.457146667,34.8
51.457146667,34.8
51.457146667,34.8
51.457146667,34.8
51.457146667,34.8
51.457146667,34.8
51.457146667,34.8
51.457146667,34.8
51.457146667,34.8
51.457146667,34.8
51.4570404,35.2
51.4570404,35.2
51.4570404,35.2
51.4570404,35.2
51.4570404,35.2
51.4570404,35.2
51.4570404,35.2
51.4570404,35.2
51.4570404,35.2
51.4570404,35.2
51.456948733,34.9
51.456948733,34.9
51.456948733,34.9
51.456948733,34.9
51.456948733,34.9
51.456948733,34.9
51.456948733,34.9
51.456948733,34.9
51.456948733,34.9
51.456948733,34.9
51.456854233,34.8
51.456854233,34.8
51.456854233,34.8
51.456854233,34.8
51.456854233,34.8
51.456854233,34.8
51.456854233,34.8
51.456854233,34.8
51.456854233,34.8
51.456854233,34.8
51.45676435,35.2
51.45676435,35.2
51.45676435,35.2
51.45676435,35.2
51.45676435,35.2
51.45676435,35.2
51.45676435,35.2
51.45676435,35.2
51.45676435,35.2
51.45676435,35.2
51.45666925,35.2
51.45666925,35.2
51.45666925,35.2
51.45666925,35.2
51.45666925,35.2
51.45666925,35.2
51.45666925,35.2
51.45666925,35.2
51.45666925,35.2
51.45666925,35.2
51.45657315,35.1
51.45657315,35.1
51.45657315,35.1
51.45657315,35.1
51.45657315,35.1
51.45657315,35.1
51.45657315,35.1
51.45657315,35.1
51.45657315,35.1
51.45657315,35.1
51.4564845,35.0
51.4564845,35.0
51.4564845,35.0
51.4564845,35.0
51.4564845,35.0
51.4564845,35.0
51.4564845,35.0
51.4564845,35.0
51.4564845,35.0
51.4564845,35.0
51.456387167,35.2
51.456387167,35.2
51.456387167,35.2
51.456387167,35.2
51.456387167,35.2
51.456387167,35.2
51.456387167,35.2
51.456387167,35.2
51.456387167,35.2
51.456387167,35.2
51.456291867,35.2
51.456291867,35.2
51.456291867,35.2
51.456291867,35.2
51.456291867,35.2
51.456291867,35.2
51.456291867,35.2
51.456291867,35.2
51.456291867,35.2
51.456291867,35.2
51.456193,35.4
51.456193,35.4
51.456193,35.4
51.456193,35.4
51.456193,35.4
51.456193,35.4
51.456193,35.4
51.456193,35.4
51.456193,35.4
51.456193,35.4
51.456096367,35.4
51.456096367,35.4
51.456096367,35.4
51.456096367,35.4
51.456096367,35.4
51.456096367,35.4
51.456096367,35.4
51.456096367,35.4
51.456096367,35.4
51.456096367,35.4
51.455997617,35.5
51.455997617,35.5
51.455997617,35.5
51.455997617,35.5
51.455997617,35.5
51.455997617,35.5
51.455997617,35.5
51.455997617,35.5
51.455997617,35.5
51.455997617,35.5
51.455895083,35.8
51.455895083,35.8
51.455895083,35.8
51.455895083,35.8
51.455895083,35.8
51.455895083,35.8
51.455895083,35.8
51.455895083,35.8
51.455895083,35.8
51.455895083,35.8
51.455805867,35.6
51.455805867,35.6
51.455805867,35.6
51.455805867,35.6
51.455805867,35.6
51.455805867,35.6
51.455805867,35.6
51.455805867,35.6
51.455805867,35.6
51.455805867,35.6
51.455708383,36.3
51.455708383,36.3
51.455708383,36.3
51.455708383,36.3
51.455708383,36.3
51.455708383,36.3
51.455708383,36.3
51.455708383,36.3
51.455708383,36.3
51.455708383,36.3
51.4556181,36.9
51.4556181,36.9
51.4556181,36.9
51.4556181,36.9
51.4556181,36.9
51.4556181,36.9
51.4556181,36.9
51.4556181,36.9
51.4556181,36.9
51.4556181,36.9
51.4555375,36.7
51.4555375,36.7
51.4555375,36.7
51.4555375,36.7
51.4555375,36.7
51.4555375,36.7
51.4555375,36.7
51.4555375,36.7
51.4555375,36.7
51.4555375,36.7
51.4554761,37.1
51.4554761,37.1
51.4554761,37.1
51.4554761,37.1
51.4554761,37.1
51.4554761,37.1
51.4554761,37.1
51.4554761,37.1
51.4554761,37.1
51.4554761,37.1
51.455421317,37.4
51.455421317,37.4
51.455421317,37.4
51.455421317,37.4
51.455421317,37.4
51.455421317,37.4
51.455421317,37.4
51.455421317,37.4
51.455421317,37.4
51.455421317,37.4
51.455368233,37.6
51.455368233,37.6
51.455368233,37.6
51.455368233,37.6
51.455368233,37.6
51.455368233,37.6
51.455368233,37.6
51.455368233,37.6
51.455368233,37.6
51.455368233,37.6
51.45532025,37.8
51.45532025,37.8
51.45532025,37.8
51.45532025,37.8
51.45532025,37.8
51.45532025,37.8
51.45532025,37.8
51.45532025,37.8
51.45532025,37.8
51.45532025,37.8
51.455272717,38.2
51.455272717,38.2
51.455272717,38.2
51.455272717,38.2
51.455272717,38.2
51.455272717,38.2
51.455272717,38.2
51.455272717,38.2
51.455272717,38.2
51.455272717,38.2
51.455226283,38.3
51.455226283,38.3
51.455226283,38.3
51.455226283,38.3
51.455226283,38.3
51.455226283,38.3
51.455226283,38.3
51.455226283,38.3
51.455226283,38.3
51.455226283,38.3
51.455178433,38.4
51.455178433,38.4
51.455178433,38.4
51.455178433,38.4
51.455178433,38.4
51.455178433,38.4
51.455178433,38.4
51.455178433,38.4
51.455178433,38.4
51.455178433,38.4
51.4551294,38.6
51.4551294,38.6
51.4551294,38.6
51.4551294,38.6
51.4551294,38.6
51.4551294,38.6
51.4551294,38.6
51.4551294,38.6
51.4551294,38.6
51.4551294,38.6
51.455082933,38.7
51.455082933,38.7
51.455082933,38.7
51.455082933,38.7
51.455082933,38.7
51.455082933,38.7
51.455082933,38.7
51.455082933,38.7
51.455082933,38.7
51.455082933,38.7
51.455030017,38.9
51.455030017,38.9
51.455030017,38.9
51.455030017,38.9
51.455030017,38.9
51.455030017,38.9
51.455030017,38.9
51.455030017,38.9
51.455030017,38.9
51.455030017,38.9
51.4549829,39.1
51.4549829,39.1
51.4549829,39.1
51.4549829,39.1
51.4549829,39.1
51.4549829,39.1
51.4549829,39.1
51.4549829,39.1
51.4549829,39.1
51.4549829,39.1
51.45493395,39.1
51.45493395,39.1
51.45493395,39.1
51.45493395,39.1
51.45493395,39.1
51.45493395,39.1
51.45493395,39.1
51.45493395,39.1
51.45493395,39.1
51.45493395,39.1
51.454886767,39.3
51.454886767,39.3
51.454886767,39.3
51.454886767,39.3
51.454886767,39.3
51.454886767,39.3
51.454886767,39.3
51.454886767,39.3
51.454886767,39.3
51.454886767,39.3
51.454837267,39.4
51.454837267,39.4
51.454837267,39.4
51.454837267,39.4
51.454837267,39.4
51.454837267,39.4
51.454837267,39.4
51.454837267,39.4
51.454837267,39.4
51.454837267,39.4
51.454792817,39.5
51.454792817,39.5
51.454792817,39.5
51.454792817,39.5
51.454792817,39.5
51.454792817,39.5
51.454792817,39.5
51.454792817,39.5
51.454792817,39.5
51.454792817,39.5
51.4547452,39.5
51.4547452,39.5
51.4547452,39.5
51.4547452,39.5
51.4547452,39.5
51.4547452,39.5
51.4547452,39.5
51.4547452,39.5
51.4547452,39.5
51.4547452,39.5
51.4546951,39.8
51.4546951,39.8
51.4546951,39.8
51.4546951,39.8
51.4546951,39.8
51.4546951,39.8
51.4546951,39.8
51.4546951,39.8
51.4546951,39.8
51.4546951,39.8
51.45465115,39.4
51.45465115,39.4
51.45465115,39.4
51.45465115,39.4
51.45465115,39.4
51.45465115,39.4
51.45465115,39.4
51.45465115,39.4
51.45465115,39.4
51.45465115,39.4
51.45460365,39.4
51.45460365,39.4
51.45460365,39.4
51.45460365,39.4
51.45460365,39.4
51.45460365,39.4
51.45460365,39.4
51.45460365,39.4
51.45460365,39.4
51.45460365,39.4
51.454555533,39.4
51.454555533,39.4
51.454555533,39.4
51.454555533,39.4
51.454555533,39.4
51.454555533,39.4
51.454555533,39.4
51.454555533,39.4
51.454555533,39.4
51.454555533,39.4
51.454510933,39.3
51.454510933,39.3
51.454510933,39.3
51.454510933,39.3
51.454510933,39.3
51.454510933,39.3
51.454510933,39.3
51.454510933,39.3
51.454510933,39.3
51.454510933,39.3
51.4544628,39.3
51.4544628,39.3
51.4544628,39.3
51.4544628,39.3
51.4544628,39.3
51.4544628,39.3
51.4544628,39.3
51.4544628,39.3
51.4544628,39.3
51.4544628,39.3
51.454410417,39.2
51.454410417,39.2
51.454410417,39.2
51.454410417,39.2
51.454410417,39.2
51.454410417,39.2
51.454410417,39.2
51.454410417,39.2
51.454410417,39.2
51.454410417,39.2
51.4543566,38.9
51.4543566,38.9
51.4543566,38.9
51.4543566,38.9
51.4543566,38.9
51.4543566,38.9
51.4543566,38.9
51.4543566,38.9
51.4543566,38.9
51.4543566,38.9
51.454309833,39.0
51.454309833,39.0
51.454309833,39.0
51.454309833,39.0
51.454309833,39.0
51.454309833,39.0
51.454309833,39.0
51.454309833,39.0
51.454309833,39.0
51.454309833,39.0
51.454260233,39.6
51.454260233,39.6
51.454260233,39.6
51.454260233,39.6
51.454260233,39.6
51.454260233,39.6
51.454260233,39.6
51.454260233,39.6
51.454260233,39.6
51.454260233,39.6
51.454209333,39.7
51.454209333,39.7
51.454209333,39.7
51.454209333,39.7
51.454209333,39.7
51.454209333,39.7
51.454209333,39.7
51.454209333,39.7
51.454209333,39.7
51.454209333,39.7
51.454153433,40.0
51.454153433,40.0
51.454153433,40.0
51.454153433,40.0
51.454153433,40.0
51.454153433,40.0
51.454153433,40.0
51.454153433,40.0
51.454153433,40.0
51.454153433,40.0
51.45411085,40.4
51.45411085,40.4
51.45411085,40.4
51.45411085,40.4
51.45411085,40.4
51.45411085,40.4
51.45411085,40.4
51.45411085,40.4
51.45411085,40.4
51.45411085,40.4
51.454060967,40.8
51.454060967,40.8
51.454060967,40.8
51.454060967,40.8
51.454060967,40.8
51.454060967,40.8
51.454060967,40.8
51.454060967,40.8
51.454060967,40.8
51.454060967,40.8
51.454010167,40.7
51.454010167,40.7
51.454010167,40.7
51.454010167,40.7
51.454010167,40.7
51.454010167,40.7
51.454010167,40.7
51.454010167,40.7
51.454010167,40.7
51.454010167,40.7
51.4539597,40.7
51.4539597,40.7
51.4539597,40.7
51.4539597,40.7
51.4539597,40.7
51.4539597,40.7
51.4539597,40.7
51.4539597,40.7
51.4539597,40.7
51.4539597,40.7
51.4539053,40.8
51.4539053,40.8
51.4539053,40.8
51.4539053,40.8
51.4539053,40.8
51.4539053,40.8
51.4539053,40.8
51.4539053,40.8
51.4539053,40.8
51.4539053,40.8
51.453849667,40.8
51.453849667,40.8
51.453849667,40.8
51.453849667,40.8
51.453849667,40.8
51.453849667,40.8
51.453849667,40.8
51.453849667,40.8
51.453849667,40.8
51.453849667,40.8
51.45378365,40.6
51.45378365,40.6
51.45378365,40.6
51.45378365,40.6
51.45378365,40.6
51.45378365,40.6
51.45378365,40.6
51.45378365,40.6
51.45378365,40.6
51.45378365,40.6
51.4537049,40.5
51.4537049,40.5
51.4537049,40.5
51.4537049,40.5
51.4537049,40.5
51.4537049,40.5
51.4537049,40.5
51.4537049,40.5
51.4537049,40.5
51.4537049,40.5
51.453621033,40.4
51.453621033,40.4
51.453621033,40.4
51.453621033,40.4
51.453621033,40.4
51.453621033,40.4
51.453621033,40.4
51.453621033,40.4
51.453621033,40.4
51.453621033,40.4
51.453522217,40.6
51.453522217,40.6
51.453522217,40.6
51.453522217,40.6
51.453522217,40.6
51.453522217,40.6
51.453522217,40.6
51.453522217,40.6
51.453522217,40.6
51.453522217,40.6
51.45340435,40.6
51.45340435,40.6
51.45340435,40.6
51.45340435,40.6
51.45340435,40.6
51.45340435,40.6
51.45340435,40.6
51.45340435,40.6
51.45340435,40.6
51.45340435,40.6
51.4532973,40.6
51.4532973,40.6
51.4532973,40.6
51.4532973,40.6
51.4532973,40.6
51.4532973,40.6
51.4532973,40.6
51.4532973,40.6
51.4532973,40.6
51.4532973,40.6
51.4531783,40.5
51.4531783,40.5
51.4531783,40.5
51.4531783,40.5
51.4531783,40.5
51.4531783,40.5
51.4531783,40.5
51.4531783,40.5
51.4531783,40.5
51.4531783,40.5
51.453070417,40.1
51.453070417,40.1
51.453070417,40.1
51.453070417,40.1
51.453070417,40.1
51.453070417,40.1
51.453070417,40.1
51.453070417,40.1
51.453070417,40.1
51.453070417,40.1
51.452967717,39.4
51.452967717,39.4
51.452967717,39.4
51.452967717,39.4
51.452967717,39.4
51.452967717,39.4
51.452967717,39.4
51.452967717,39.4
51.452967717,39.4
51.452967717,39.4
51.452874183,39.2
51.452874183,39.2
51.452874183,39.2
51.452874183,39.2
51.452874183,39.2
51.452874183,39.2
51.452874183,39.2
51.452874183,39.2
51.452874183,39.2
51.452874183,39.2
51.4527978,38.9
51.4527978,38.9
51.4527978,38.9
51.4527978,38.9
51.4527978,38.9
51.4527978,38.9
51.4527978,38.9
51.4527978,38.9
51.4527978,38.9
51.4527978,38.9
51.452728267,38.6
51.452728267,38.6
51.452728267,38.6
51.452728267,38.6
51.452728267,38.6
51.452728267,38.6
51.452728267,38.6
51.452728267,38.6
51.452728267,38.6
51.452728267,38.6
51.45266525,38.6
51.45266525,38.6
51.45266525,38.6
51.45266525,38.6
51.45266525,38.6
51.45266525,38.6
51.45266525,38.6
51.45266525,38.6
51.45266525,38.6
51.45266525,38.6
51.452618783,38.5
51.452618783,38.5
51.452618783,38.5
51.452618783,38.5
51.452618783,38.5
51.452618783,38.5
51.452618783,38.5
51.452618783,38.5
51.452618783,38.5
51.452618783,38.5
51.452572567,38.1
51.452572567,38.1
51.452572567,38.1
51.452572567,38.1
51.452572567,38.1
51.452572567,38.1
51.452572567,38.1
51.452572567,38.1
51.452572567,38.1
51.452572567,38.1
51.452518267,38.1
51.452518267,38.1
51.452518267,38.1
51.452518267,38.1
51.452518267,38.1
51.452518267,38.1
51.452518267,38.1
51.452518267,38.1
51.452518267,38.1
51.452518267,38.1
51.452467767,37.9
51.452467767,37.9
51.452467767,37.9
51.452467767,37.9
51.452467767,37.9
51.452467767,37.9
51.452467767,37.9
51.452467767,37.9
51.452467767,37.9
51.452467767,37.9
51.45241595,37.7
51.45241595,37.7
51.45241595,37.7
51.45241595,37.7
51.45241595,37.7
51.45241595,37.7
51.45241595,37.7
51.45241595,37.7
51.45241595,37.7
51.45241595,37.7
51.452367333,37.7
51.452367333,37.7
51.452367333,37.7
51.452367333,37.7
51.452367333,37.7
51.452367333,37.7
51.452367333,37.7
51.452367333,37.7
51.452367333,37.7
51.452367333,37.7
51.452320083,37.9
51.452320083,37.9
51.452320083,37.9
51.452320083,37.9
51.452320083,37.9
51.452320083,37.9
51.452320083,37.9
51.452320083,37.9
51.452320083,37.9
51.452320083,37.9
51.452268467,38.0
51.452268467,38.0
51.452268467,38.0
51.452268467,38.0
51.452268467,38.0
51.452268467,38.0
51.452268467,38.0
51.452268467,38.0
51.452268467,38.0
51.452268467,38.0
51.45221625,38.2
51.45221625,38.2
51.45221625,38.2
51.45221625,38.2
51.45221625,38.2
51.45221625,38.2
51.45221625,38.2
51.45221625,38.2
51.45221625,38.2
51.45221625,38.2
51.45221625,38.2
51.452166,38.3
51.452166,38.3
51.452166,38.3
51.452166,38.3
51.452166,38.3
51.452166,38.3
51.452166,38.3
51.452166,38.3
51.452166,38.3
51.452166,38.3
51.452119483,38.5
51.452119483,38.5
51.452119483,38.5
51.452119483,38.5
51.452119483,38.5
51.452119483,38.5
51.452119483,38.5
51.452119483,38.5
51.452119483,38.5
51.452119483,38.5
51.4520666,38.6
51.4520666,38.6
51.4520666,38.6
51.4520666,38.6
51.4520666,38.6
51.4520666,38.6
51.4520666,38.6
51.4520666,38.6
51.4520666,38.6
51.4520666,38.6
51.452013283,38.7
51.452013283,38.7
51.452013283,38.7
51.452013283,38.7
51.452013283,38.7
51.452013283,38.7
51.452013283,38.7
51.452013283,38.7
51.452013283,38.7
51.452013283,38.7
51.45196435,38.8
51.45196435,38.8
51.45196435,38.8
51.45196435,38.8
51.45196435,38.8
51.45196435,38.8
51.45196435,38.8
51.45196435,38.8
51.45196435,38.8
51.45196435,38.8
51.4519178,38.9
51.4519178,38.9
51.4519178,38.9
51.4519178,38.9
51.4519178,38.9
51.4519178,38.9
51.4519178,38.9
51.4519178,38.9
51.4519178,38.9
51.4519178,38.9
51.45186505,38.9
51.45186505,38.9
51.45186505,38.9
51.45186505,38.9
51.45186505,38.9
51.45186505,38.9
51.45186505,38.9
51.45186505,38.9
51.45186505,38.9
51.45186505,38.9
51.451813667,38.9
51.451813667,38.9
51.451813667,38.9
51.451813667,38.9
51.451813667,38.9
51.451813667,38.9
51.451813667,38.9
51.451813667,38.9
51.451813667,38.9
51.451813667,38.9
51.451760867,39.0
51.451760867,39.0
51.451760867,39.0
51.451760867,39.0
51.451760867,39.0
51.451760867,39.0
51.451760867,39.0
51.451760867,39.0
51.451760867,39.0
51.451760867,39.0
51.451708683,39.1
51.451708683,39.1
51.451708683,39.1
51.451708683,39.1
51.451708683,39.1
51.451708683,39.1
51.451708683,39.1
51.451708683,39.1
51.451708683,39.1
51.451708683,39.1
51.451661117,39.2
51.451661117,39.2
51.451661117,39.2
51.451661117,39.2
51.451661117,39.2
51.451661117,39.2
51.451661117,39.2
51.451661117,39.2
51.451661117,39.2
51.451661117,39.2
51.45160905,39.0
51.45160905,39.0
51.45160905,39.0
51.45160905,39.0
51.45160905,39.0
51.45160905,39.0
51.45160905,39.0
51.45160905,39.0
51.45160905,39.0
51.45160905,39.0
51.45155435,39.0
51.45155435,39.0
51.45155435,39.0
51.45155435,39.0
51.45155435,39.0
51.45155435,39.0
51.45155435,39.0
51.45155435,39.0
51.45155435,39.0
51.45155435,39.0
51.4515047,39.0
51.4515047,39.0
51.4515047,39.0
51.4515047,39.0
51.4515047,39.0
51.4515047,39.0
51.4515047,39.0
51.4515047,39.0
51.4515047,39.0
51.4515047,39.0
51.4514531,38.9
51.4514531,38.9
51.4514531,38.9
51.4514531,38.9
51.4514531,38.9
51.4514531,38.9
51.4514531,38.9
51.4514531,38.9
51.4514531,38.9
51.4514531,38.9
51.451402967,38.9
51.451402967,38.9
51.451402967,38.9
51.451402967,38.9
51.451402967,38.9
51.451402967,38.9
51.451402967,38.9
51.451402967,38.9
51.451402967,38.9
51.451402967,38.9
51.45135675,38.9
51.45135675,38.9
51.45135675,38.9
51.45135675,38.9
51.45135675,38.9
51.45135675,38.9
51.45135675,38.9
51.45135675,38.9
51.45135675,38.9
51.45135675,38.9
51.4513085,38.7
51.4513085,38.7
51.4513085,38.7
51.4513085,38.7
51.4513085,38.7
51.4513085,38.7
51.4513085,38.7
51.4513085,38.7
51.4513085,38.7
51.4513085,38.7
51.451256267,38.7
51.451256267,38.7
51.451256267,38.7
51.451256267,38.7
51.451256267,38.7
51.451256267,38.7
51.451256267,38.7
51.451256267,38.7
51.451256267,38.7
51.451256267,38.7
51.451203783,38.6
51.451203783,38.6
51.451203783,38.6
51.451203783,38.6
51.451203783,38.6
51.451203783,38.6
51.451203783,38.6
51.451203783,38.6
51.451203783,38.6
51.451203783,38.6
51.451152967,37.7
51.451152967,37.7
51.451152967,37.7
51.451152967,37.7
51.451152967,37.7
51.451152967,37.7
51.451152967,37.7
51.451152967,37.7
51.451152967,37.7
51.451152967,37.7
51.451106367,36.2
51.451106367,36.2
51.451106367,36.2
51.451106367,36.2
51.451106367,36.2
51.451106367,36.2
51.451106367,36.2
51.451106367,36.2
51.451106367,36.2
51.451106367,36.2
51.45106215,35.0
51.45106215,35.0
51.45106215,35.0
51.45106215,35.0
51.45106215,35.0
51.45106215,35.0
51.45106215,35.0
51.45106215,35.0
51.45106215,35.0
51.45106215,35.0
51.451015417,34.0
51.451015417,34.0
51.451015417,34.0
51.451015417,34.0
51.451015417,34.0
51.451015417,34.0
51.451015417,34.0
51.451015417,34.0
51.451015417,34.0
51.451015417,34.0
51.450971067,32.8
51.450971067,32.8
51.450971067,32.8
51.450971067,32.8
51.450971067,32.8
51.450971067,32.8
51.450971067,32.8
51.450971067,32.8
51.450971067,32.8
51.450971067,32.8
51.450930917,31.4
51.450930917,31.4
51.450930917,31.4
51.450930917,31.4
51.450930917,31.4
51.450930917,31.4
51.450930917,31.4
51.450930917,31.4
51.450930917,31.4
51.450930917,31.4
51.450892017,29.9
51.450892017,29.9
51.450892017,29.9
51.450892017,29.9
51.450892017,29.9
51.450892017,29.9
51.450892017,29.9
51.450892017,29.9
51.450892017,29.9
51.450892017,29.9
51.4508533,28.4
51.4508533,28.4
51.4508533,28.4
51.4508533,28.4
51.4508533,28.4
51.4508533,28.4
51.4508533,28.4
51.4508533,28.4
51.4508533,28.4
51.4508533,28.4
51.450814333,27.1
51.450814333,27.1
51.450814333,27.1
51.450814333,27.1
51.450814333,27.1
51.450814333,27.1
51.450814333,27.1
51.450814333,27.1
51.450814333,27.1
51.450814333,27.1
51.450775983,26.0
51.450775983,26.0
51.450775983,26.0
51.450775983,26.0
51.450775983,26.0
51.450775983,26.0
51.450775983,26.0
51.450775983,26.0
51.450775983,26.0
51.450775983,26.0
51.450743033,25.4
51.450743033,25.4
51.450743033,25.4
51.450743033,25.4
51.450743033,25.4
51.450743033,25.4
51.450743033,25.4
51.450743033,25.4
51.450743033,25.4
51.450743033,25.4
51.450710133,25.2
51.450710133,25.2
51.450710133,25.2
51.450710133,25.2
51.450710133,25.2
51.450710133,25.2
51.450710133,25.2
51.450710133,25.2
51.450710133,25.2
51.450710133,25.2
51.450678267,24.7
51.450678267,24.7
51.450678267,24.7
51.450678267,24.7
51.450678267,24.7
51.450678267,24.7
51.450678267,24.7
51.450678267,24.7
51.450678267,24.7
51.450678267,24.7
51.45064525,24.3
51.45064525,24.3
51.45064525,24.3
51.45064525,24.3
51.45064525,24.3
51.45064525,24.3
51.45064525,24.3
51.45064525,24.3
51.45064525,24.3
51.45064525,24.3
51.45061165,23.8
51.45061165,23.8
51.45061165,23.8
51.45061165,23.8
51.45061165,23.8
51.45061165,23.8
51.45061165,23.8
51.45061165,23.8
51.45061165,23.8
51.45061165,23.8
51.45058255,23.4
51.45058255,23.4
51.45058255,23.4
51.45058255,23.4
51.45058255,23.4
51.45058255,23.4
51.45058255,23.4
51.45058255,23.4
51.45058255,23.4
51.45058255,23.4
51.450552983,23.2
51.450552983,23.2
51.450552983,23.2
51.450552983,23.2
51.450552983,23.2
51.450552983,23.2
51.450552983,23.2
51.450552983,23.2
51.450552983,23.2
51.450552983,23.2
51.450517533,23.1
51.450517533,23.1
51.450517533,23.1
51.450517533,23.1
51.450517533,23.1
51.450517533,23.1
51.450517533,23.1
51.450517533,23.1
51.450517533,23.1
51.450517533,23.1
51.4504891,22.8
51.4504891,22.8
51.4504891,22.8
51.4504891,22.8
51.4504891,22.8
51.4504891,22.8
51.4504891,22.8
51.4504891,22.8
51.4504891,22.8
51.4504891,22.8
51.450460617,22.4
51.450460617,22.4
51.450460617,22.4
51.450460617,22.4
51.450460617,22.4
51.450460617,22.4
51.450460617,22.4
51.450460617,22.4
51.450460617,22.4
51.450460617,22.4
51.450430983,22.0
51.450430983,22.0
51.450430983,22.0
51.450430983,22.0
51.450430983,22.0
51.450430983,22.0
51.450430983,22.0
51.450430983,22.0
51.450430983,22.0
51.450430983,22.0
51.45039915,20.9
51.45039915,20.9
51.45039915,20.9
51.45039915,20.9
51.45039915,20.9
51.45039915,20.9
51.45039915,20.9
51.45039915,20.9
51.45039915,20.9
51.45039915,20.9
51.450381617,18.6
51.450381617,18.6
51.450381617,18.6
51.450381617,18.6
51.450381617,18.6
51.450381617,18.6
51.450381617,18.6
51.450381617,18.6
51.450381617,18.6
51.450381617,18.6
51.450361283,16.7
51.450361283,16.7
51.450361283,16.7
51.450361283,16.7
51.450361283,16.7
51.450361283,16.7
51.450361283,16.7
51.450361283,16.7
51.450361283,16.7
51.450361283,16.7
51.450338967,15.0
51.450338967,15.0
51.450338967,15.0
51.450338967,15.0
51.450338967,15.0
51.450338967,15.0
51.450338967,15.0
51.450338967,15.0
51.450338967,15.0
51.450338967,15.0
51.450320167,13.3
51.450320167,13.3
51.450320167,13.3
51.450320167,13.3
51.450320167,13.3
51.450320167,13.3
51.450320167,13.3
51.450320167,13.3
51.450320167,13.3
51.450320167,13.3
51.450303917,11.7
51.450303917,11.7
51.450303917,11.7
51.450303917,11.7
51.450303917,11.7
51.450303917,11.7
51.450303917,11.7
51.450303917,11.7
51.450303917,11.7
51.450303917,11.7
51.45029185,10.4
51.45029185,10.4
51.45029185,10.4
51.45029185,10.4
51.45029185,10.4
51.45029185,10.4
51.45029185,10.4
51.45029185,10.4
51.45029185,10.4
51.45029185,10.4
51.450278067,9.7
51.450278067,9.7
51.450278067,9.7
51.450278067,9.7
51.450278067,9.7
51.450278067,9.7
51.450278067,9.7
51.450278067,9.7
51.450278067,9.7
51.450278067,9.7
51.450265867,9.1
51.450265867,9.1
51.450265867,9.1
51.450265867,9.1
51.450265867,9.1
51.450265867,9.1
51.450265867,9.1
51.450265867,9.1
51.450265867,9.1
51.450265867,9.1
51.450254067,8.4
51.450254067,8.4
51.450254067,8.4
51.450254067,8.4
51.450254067,8.4
51.450254067,8.4
51.450254067,8.4
51.450254067,8.4
51.450254067,8.4
51.450254067,8.4
51.450243217,7.8
51.450243217,7.8
51.450243217,7.8
51.450243217,7.8
51.450243217,7.8
51.450243217,7.8
51.450243217,7.8
51.450243217,7.8
51.450243217,7.8
51.450243217,7.8
51.450236117,7.1
51.450236117,7.1
51.450236117,7.1
51.450236117,7.1
51.450236117,7.1
51.450236117,7.1
51.450236117,7.1
51.450236117,7.1
51.450236117,7.1
51.450236117,7.1
51.450231517,6.2
51.450231517,6.2
51.450231517,6.2
51.450231517,6.2
51.450231517,6.2
51.450231517,6.2
51.450231517,6.2
51.450231517,6.2
51.450231517,6.2
51.450231517,6.2
51.450230533,4.4
51.450230533,4.4
51.450230533,4.4
51.450230533,4.4
51.450230533,4.4
51.450230533,4.4
51.450230533,4.4
51.450230533,4.4
51.450230533,4.4
51.450230533,4.4
51.45022975,3.3
51.45022975,3.3
51.45022975,3.3
51.45022975,3.3
51.45022975,3.3
51.45022975,3.3
51.45022975,3.3
51.45022975,3.3
51.45022975,3.3
51.45022975,3.3
51.450233867,0.7
51.450233867,0.7
51.450233867,0.7
51.450233867,0.7
51.450233867,0.7
51.450233867,0.7
51.450233867,0.7
51.450233867,0.7
51.450233867,0.7
51.450233867,0.7
51.450233483,1.1
51.450233483,1.1
51.450233483,1.1
51.450233483,1.1
51.450233483,1.1
51.450233483,1.1
51.450233483,1.1
51.450233483,1.1
51.450233483,1.1
51.450233483,1.1
51.450232667,1.4
51.450232667,1.4
51.450232667,1.4
51.450232667,1.4
51.450232667,1.4
51.450232667,1.4
51.450232667,1.4
51.450232667,1.4
51.450232667,1.4
51.450232667,1.4
51.45023175,2.8
51.45023175,2.8
51.45023175,2.8
51.45023175,2.8
51.45023175,2.8
51.45023175,2.8
51.45023175,2.8
51.45023175,2.8
51.45023175,2.8
51.45023175,2.8
51.4502312,3.0
51.4502312,3.0
51.4502312,3.0
51.4502312,3.0
51.4502312,3.0
51.4502312,3.0
51.4502312,3.0
51.4502312,3.0
51.4502312,3.0
51.4502312,3.0
51.450230583,3.1
51.450230583,3.1
51.450230583,3.1
51.450230583,3.1
51.450230583,3.1
51.450230583,3.1
51.450230583,3.1
51.450230583,3.1
51.450230583,3.1
51.450230583,3.1
51.45023045,3.1
51.45023045,3.1
51.45023045,3.1
51.45023045,3.1
51.45023045,3.1
51.45023045,3.1
51.45023045,3.1
51.45023045,3.1
51.45023045,3.1
51.45023045,3.1
51.450231567,3.1
51.450231567,3.1
51.450231567,3.1
51.450231567,3.1
51.450231567,3.1
51.450231567,3.1
51.450231567,3.1
51.450231567,3.1
51.450231567,3.1
51.450231567,3.1
51.4502336,3.1
51.4502336,3.1
51.4502336,3.1
51.4502336,3.1
51.4502336,3.1
51.4502336,3.1
51.4502336,3.1
51.4502336,3.1
51.4502336,3.1
51.4502336,3.1
51.450236767,3.1
51.450236767,3.1
51.450236767,3.1
51.450236767,3.1
51.450236767,3.1
51.450236767,3.1
51.450236767,3.1
51.450236767,3.1
51.450236767,3.1
51.450236767,3.1
51.450240833,3.1
51.450240833,3.1
51.450240833,3.1
51.450240833,3.1
51.450240833,3.1
51.450240833,3.1
51.450240833,3.1
51.450240833,3.1
51.450240833,3.1
51.450240833,3.1
51.450245683,3.2
51.450245683,3.2
51.450245683,3.2
51.450245683,3.2
51.450245683,3.2
51.450245683,3.2
51.450245683,3.2
51.450245683,3.2
51.450245683,3.2
51.450245683,3.2
51.450251383,3.1
51.450251383,3.1
51.450251383,3.1
51.450251383,3.1
51.450251383,3.1
51.450251383,3.1
51.450251383,3.1
51.450251383,3.1
51.450251383,3.1
51.450251383,3.1
51.450257667,3.1
51.450257667,3.1
51.450257667,3.1
51.450257667,3.1
51.450257667,3.1
51.450257667,3.1
51.450257667,3.1
51.450257667,3.1
51.450257667,3.1
51.450257667,3.1
51.450263267,3.1
51.450263267,3.1
51.450263267,3.1
51.450263267,3.1
51.450263267,3.1
51.450263267,3.1
51.450263267,3.1
51.450263267,3.1
51.450263267,3.1
51.450263267,3.1
51.450268167,3.0
51.450268167,3.0
51.450268167,3.0
51.450268167,3.0
51.450268167,3.0
51.450268167,3.0
51.450268167,3.0
51.450268167,3.0
51.450268167,3.0
51.450268167,3.0
51.45027225,2.9
51.45027225,2.9
51.45027225,2.9
51.45027225,2.9
51.45027225,2.9
51.45027225,2.9
51.45027225,2.9
51.45027225,2.9
51.45027225,2.9
51.45027225,2.9
51.4502757,2.9
51.4502757,2.9
51.4502757,2.9
51.4502757,2.9
51.4502757,2.9
51.4502757,2.9
51.4502757,2.9
51.4502757,2.9
51.4502757,2.9
51.4502757,2.9
51.450278617,2.9
51.450278617,2.9
51.450278617,2.9
51.450278617,2.9
51.450278617,2.9
51.450278617,2.9
51.450278617,2.9
51.450278617,2.9
51.450278617,2.9
51.450278617,2.9
51.450280883,2.9
51.450280883,2.9
51.450280883,2.9
51.450280883,2.9
51.450280883,2.9
51.450280883,2.9
51.450280883,2.9
51.450280883,2.9
51.450280883,2.9
51.450280883,2.9
51.450282233,2.9
51.450282233,2.9
51.450282233,2.9
51.450282233,2.9
51.450282233,2.9
51.450282233,2.9
51.450282233,2.9
51.450282233,2.9
51.450282233,2.9
51.450282233,2.9
51.450282683,2.9
51.450282683,2.9
51.450282683,2.9
51.450282683,2.9
51.450282683,2.9
51.450282683,2.9
51.450282683,2.9
51.450282683,2.9
51.450282683,2.9
51.450282683,2.9
51.45028165,3.0
51.45028165,3.0
51.45028165,3.0
51.45028165,3.0
51.45028165,3.0
51.45028165,3.0
51.45028165,3.0
51.45028165,3.0
51.45028165,3.0
51.45028165,3.0
51.450279333,3.0
51.450279333,3.0
51.450279333,3.0
51.450279333,3.0
51.450279333,3.0
51.450279333,3.0
51.450279333,3.0
51.450279333,3.0
51.450279333,3.0
51.450279333,3.0
51.4502756,3.0
51.4502756,3.0
51.4502756,3.0
51.4502756,3.0
51.4502756,3.0
51.4502756,3.0
51.4502756,3.0
51.4502756,3.0
51.4502756,3.0
51.4502756,3.0
51.450270767,3.1
51.450270767,3.1
51.450270767,3.1
51.450270767,3.1
51.450270767,3.1
51.450270767,3.1
51.450270767,3.1
51.450270767,3.1
51.450270767,3.1
51.450270767,3.1
51.450265233,3.1
51.450265233,3.1
51.450265233,3.1
51.450265233,3.1
51.450265233,3.1
51.450265233,3.1
51.450265233,3.1
51.450265233,3.1
51.450265233,3.1
51.450265233,3.1
51.4502596,3.2
51.4502596,3.2
51.4502596,3.2
51.4502596,3.2
51.4502596,3.2
51.4502596,3.2
51.4502596,3.2
51.4502596,3.2
51.4502596,3.2
51.4502596,3.2
51.450253883,3.2
51.450253883,3.2
51.450253883,3.2
51.450253883,3.2
51.450253883,3.2
51.450253883,3.2
51.450253883,3.2
51.450253883,3.2
51.450253883,3.2
51.450253883,3.2
51.4502481,3.3
51.4502481,3.3
51.4502481,3.3
51.4502481,3.3
51.4502481,3.3
51.4502481,3.3
51.4502481,3.3
51.4502481,3.3
51.4502481,3.3
51.4502481,3.3
51.450242183,3.3
51.450242183,3.3
51.450242183,3.3
51.450242183,3.3
51.450242183,3.3
51.450242183,3.3
51.450242183,3.3
51.450242183,3.3
51.450242183,3.3
51.450242183,3.3
51.450236317,3.3
51.450236317,3.3
51.450236317,3.3
51.450236317,3.3
51.450236317,3.3
51.450236317,3.3
51.450236317,3.3
51.450236317,3.3
51.450236317,3.3
51.450236317,3.3
51.4502312,3.3
51.4502312,3.3
51.4502312,3.3
51.4502312,3.3
51.4502312,3.3
51.4502312,3.3
51.4502312,3.3
51.4502312,3.3
51.4502312,3.3
51.4502312,3.3
51.450226183,3.3
51.450226183,3.3
51.450226183,3.3
51.450226183,3.3
51.450226183,3.3
51.450226183,3.3
51.450226183,3.3
51.450226183,3.3
51.450226183,3.3
51.450226183,3.3
51.450221167,3.3
51.450221167,3.3
51.450221167,3.3
51.450221167,3.3
51.450221167,3.3
51.450221167,3.3
51.450221167,3.3
51.450221167,3.3
51.450221167,3.3
51.450221167,3.3
51.450216467,3.1
51.450216467,3.1
51.450216467,3.1
51.450216467,3.1
51.450216467,3.1
51.450216467,3.1
51.450216467,3.1
51.450216467,3.1
51.450216467,3.1
51.450216467,3.1
51.45021105,0.6
51.45021105,0.6
51.45021105,0.6
51.45021105,0.6
51.45021105,0.6
51.45021105,0.6
51.45021105,0.6
51.45021105,0.6
51.45021105,0.6
51.45021105,0.6
51.450208983,1.0
51.450208983,1.0
51.450208983,1.0
51.450208983,1.0
51.450208983,1.0
51.450208983,1.0
51.450208983,1.0
51.450208983,1.0
51.450208983,1.0
51.450208983,1.0
51.4502064,1.2
51.4502064,1.2
51.4502064,1.2
51.4502064,1.2
51.4502064,1.2
51.4502064,1.2
51.4502064,1.2
51.4502064,1.2
51.4502064,1.2
51.4502064,1.2
51.45020335,1.4
51.45020335,1.4
51.45020335,1.4
51.45020335,1.4
51.45020335,1.4
51.45020335,1.4
51.45020335,1.4
51.45020335,1.4
51.45020335,1.4
51.45020335,1.4
51.450199667,1.6
51.450199667,1.6
51.450199667,1.6
51.450199667,1.6
51.450199667,1.6
51.450199667,1.6
51.450199667,1.6
51.450199667,1.6
51.450199667,1.6
51.450199667,1.6
51.4501957,1.7
51.4501957,1.7
51.4501957,1.7
51.4501957,1.7
51.4501957,1.7
51.4501957,1.7
51.4501957,1.7
51.4501957,1.7
51.4501957,1.7
51.4501957,1.7
51.45019235,1.8
51.45019235,1.8
51.45019235,1.8
51.45019235,1.8
51.45019235,1.8
51.45019235,1.8
51.45019235,1.8
51.45019235,1.8
51.45019235,1.8
51.45019235,1.8
51.4501889,1.8
51.4501889,1.8
51.4501889,1.8
51.4501889,1.8
51.4501889,1.8
51.4501889,1.8
51.4501889,1.8
51.4501889,1.8
51.4501889,1.8
51.4501889,1.8
51.45018515,1.9
51.45018515,1.9
51.45018515,1.9
51.45018515,1.9
51.45018515,1.9
51.45018515,1.9
51.45018515,1.9
51.45018515,1.9
51.45018515,1.9
51.45018515,1.9
51.450180783,2.0
51.450180783,2.0
51.450180783,2.0
51.450180783,2.0
51.450180783,2.0
51.450180783,2.0
51.450180783,2.0
51.450180783,2.0
51.450180783,2.0
51.450180783,2.0
51.45017625,2.1
51.45017625,2.1
51.45017625,2.1
51.45017625,2.1
51.45017625,2.1
51.45017625,2.1
51.45017625,2.1
51.45017625,2.1
51.45017625,2.1
51.45017625,2.1
51.450170433,3.1
51.450170433,3.1
51.450170433,3.1
51.450170433,3.1
51.450170433,3.1
51.450170433,3.1
51.450170433,3.1
51.450170433,3.1
51.450170433,3.1
51.450170433,3.1
51.450165,3.1
51.450165,3.1
51.450165,3.1
51.450165,3.1
51.450165,3.1
51.450165,3.1
51.450165,3.1
51.450165,3.1
51.450165,3.1
51.450165,3.1
51.45016,3.1
51.45016,3.1
51.45016,3.1
51.45016,3.1
51.45016,3.1
51.45016,3.1
51.45016,3.1
51.45016,3.1
51.45016,3.1
51.45016,3.1
51.45015555,3.1
51.45015555,3.1
51.45015555,3.1
51.45015555,3.1
51.45015555,3.1
51.45015555,3.1
51.45015555,3.1
51.45015555,3.1
51.45015555,3.1
51.45015555,3.1
51.450151367,3.1
51.450151367,3.1
51.450151367,3.1
51.450151367,3.1
51.450151367,3.1
51.450151367,3.1
51.450151367,3.1
51.450151367,3.1
51.450151367,3.1
51.450151367,3.1
51.450146983,3.1
51.450146983,3.1
51.450146983,3.1
51.450146983,3.1
51.450146983,3.1
51.450146983,3.1
51.450146983,3.1
51.450146983,3.1
gps_longitude,gps_speed
51.4501824,2.8
51.4501824,2.8
51.4501824,2.8
51.4501824,2.8
51.4501824,2.8
51.4501824,2.8
51.4501824,2.8
51.4501824,2.8
51.4501824,2.8
51.4501824,2.8
51.450174983,2.7
51.450174983,2.7
51.450174983,2.7
51.450174983,2.7
51.450174983,2.7
51.450174983,2.7
51.450174983,2.7
51.450174983,2.7
51.450174983,2.7
51.450174983,2.7
51.4501689,2.5
51.4501689,2.5
51.4501689,2.5
51.4501689,2.5
51.4501689,2.5
51.4501689,2.5
51.4501689,2.5
51.4501689,2.5
51.4501689,2.5
51.4501689,2.5
51.450173583,0.7
51.450173583,0.7
51.450173583,0.7
51.450173583,0.7
51.450173583,0.7
51.450173583,0.7
51.450173583,0.7
51.450173583,0.7
51.450173583,0.7
51.450173583,0.7
51.450171233,1.1
51.450171233,1.1
51.450171233,1.1
51.450171233,1.1
51.450171233,1.1
51.450171233,1.1
51.450171233,1.1
51.450171233,1.1
51.450171233,1.1
51.450171233,1.1
51.450167717,1.3
51.450167717,1.3
51.450167717,1.3
51.450167717,1.3
51.450167717,1.3
51.450167717,1.3
51.450167717,1.3
51.450167717,1.3
51.450167717,1.3
51.450167717,1.3
51.450163083,1.6
51.450163083,1.6
51.450163083,1.6
51.450163083,1.6
51.450163083,1.6
51.450163083,1.6
51.450163083,1.6
51.450163083,1.6
51.450163083,1.6
51.450163083,1.6
51.450157967,1.7
51.450157967,1.7
51.450157967,1.7
51.450157967,1.7
51.450157967,1.7
51.450157967,1.7
51.450157967,1.7
51.450157967,1.7
51.450157967,1.7
51.450157967,1.7
51.450152983,1.9
51.450152983,1.9
51.450152983,1.9
51.450152983,1.9
51.450152983,1.9
51.450152983,1.9
51.450152983,1.9
51.450152983,1.9
51.450152983,1.9
51.450152983,1.9
51.450148083,2.0
51.450148083,2.0
51.450148083,2.0
51.450148083,2.0
51.450148083,2.0
51.450148083,2.0
51.450148083,2.0
51.450148083,2.0
51.450148083,2.0
51.450148083,2.0
51.450142867,2.1
51.450142867,2.1
51.450142867,2.1
51.450142867,2.1
51.450142867,2.1
51.450142867,2.1
51.450142867,2.1
51.450142867,2.1
51.450142867,2.1
51.450138267,2.1
51.450138267,2.1
51.450138267,2.1
51.450138267,2.1
51.450138267,2.1
51.450138267,2.1
51.450138267,2.1
51.450138267,2.1
51.450138267,2.1
51.450138267,2.1
51.4501346,2.0
51.4501346,2.0
51.4501346,2.0
51.4501346,2.0
51.4501346,2.0
51.4501346,2.0
51.4501346,2.0
51.4501346,2.0
51.4501346,2.0
51.4501346,2.0
51.4501316,1.9
51.4501316,1.9
51.4501316,1.9
51.4501316,1.9
51.4501316,1.9
51.4501316,1.9
51.4501316,1.9
51.4501316,1.9
51.4501316,1.9
51.4501316,1.9
51.4501289,1.9
51.4501289,1.9
51.4501289,1.9
51.4501289,1.9
51.4501289,1.9
51.4501289,1.9
51.4501289,1.9
51.4501289,1.9
51.4501289,1.9
51.4501289,1.9
51.450125883,1.9
51.450125883,1.9
51.450125883,1.9
51.450125883,1.9
51.450125883,1.9
51.450125883,1.9
51.450125883,1.9
51.450125883,1.9
51.450125883,1.9
51.450125883,1.9
51.4501219,2.0
51.4501219,2.0
51.4501219,2.0
51.4501219,2.0
51.4501219,2.0
51.4501219,2.0
51.4501219,2.0
51.4501219,2.0
51.4501219,2.0
51.4501219,2.0
51.450117633,2.0
51.450117633,2.0
51.450117633,2.0
51.450117633,2.0
51.450117633,2.0
51.450117633,2.0
51.450117633,2.0
51.450117633,2.0
51.450117633,2.0
51.450117633,2.0
51.450113567,2.1
51.450113567,2.1
51.450113567,2.1
51.450113567,2.1
51.450113567,2.1
51.450113567,2.1
51.450113567,2.1
51.450113567,2.1
51.450113567,2.1
51.450113567,2.1
51.45010915,2.1
51.45010915,2.1
51.45010915,2.1
51.45010915,2.1
51.45010915,2.1
51.45010915,2.1
51.45010915,2.1
51.45010915,2.1
51.45010915,2.1
51.45010915,2.1
51.450105,2.1
51.450105,2.1
51.450105,2.1
51.450105,2.1
51.450105,2.1
51.450105,2.1
51.450105,2.1
51.450105,2.1
51.450105,2.1
51.450105,2.1
51.45010125,2.2
51.45010125,2.2
51.45010125,2.2
51.45010125,2.2
51.45010125,2.2
51.45010125,2.2
51.45010125,2.2
51.45010125,2.2
51.45010125,2.2
51.45010125,2.2
51.450098,2.2
51.450098,2.2
51.450098,2.2
51.450098,2.2
51.450098,2.2
51.450098,2.2
51.450098,2.2
51.450098,2.2
51.450098,2.2
51.450098,2.2
51.4500946,2.2
51.4500946,2.2
51.4500946,2.2
51.4500946,2.2
51.4500946,2.2
51.4500946,2.2
51.4500946,2.2
51.4500946,2.2
51.4500946,2.2
51.4500946,2.2
51.4500915,2.2
51.4500915,2.2
51.4500915,2.2
51.4500915,2.2
51.4500915,2.2
51.4500915,2.2
51.4500915,2.2
51.4500915,2.2
51.4500915,2.2
51.4500915,2.2
51.450088817,2.1
51.450088817,2.1
51.450088817,2.1
51.450088817,2.1
51.450088817,2.1
51.450088817,2.1
51.450088817,2.1
51.450088817,2.1
51.450088817,2.1
51.450088817,2.1
51.450086433,2.0
51.450086433,2.0
51.450086433,2.0
51.450086433,2.0
51.450086433,2.0
51.450086433,2.0
51.450086433,2.0
51.450086433,2.0
51.450086433,2.0
51.450086433,2.0
51.450084283,1.0
51.450084283,1.0
51.450084283,1.0
51.450084283,1.0
51.450084283,1.0
51.450084283,1.0
51.450084283,1.0
51.450084283,1.0
51.450084283,1.0
51.450084283,1.0
51.450080367,1.9
51.450080367,1.9
51.450080367,1.9
51.450080367,1.9
51.450080367,1.9
51.450080367,1.9
51.450080367,1.9
51.450080367,1.9
51.450080367,1.9
51.450080367,1.9
51.45007055,5.4
51.45007055,5.4
51.45007055,5.4
51.45007055,5.4
51.45007055,5.4
51.45007055,5.4
51.45007055,5.4
51.45007055,5.4
51.45007055,5.4
51.45007055,5.4
51.450058883,7.1
51.450058883,7.1
51.450058883,7.1
51.450058883,7.1
51.450058883,7.1
51.450058883,7.1
51.450058883,7.1
51.450058883,7.1
51.450058883,7.1
51.450058883,7.1
51.450047467,7.7
51.450047467,7.7
51.450047467,7.7
51.450047467,7.7
51.450047467,7.7
51.450047467,7.7
51.450047467,7.7
51.450047467,7.7
51.450047467,7.7
51.450047467,7.7
51.45003555,8.3
51.45003555,8.3
51.45003555,8.3
51.45003555,8.3
51.45003555,8.3
51.45003555,8.3
51.45003555,8.3
51.45003555,8.3
51.45003555,8.3
51.45003555,8.3
51.45002275,8.8
51.45002275,8.8
51.45002275,8.8
51.45002275,8.8
51.45002275,8.8
51.45002275,8.8
51.45002275,8.8
51.45002275,8.8
51.45002275,8.8
51.45002275,8.8
51.450006367,11.0
51.450006367,11.0
51.450006367,11.0
51.450006367,11.0
51.450006367,11.0
51.450006367,11.0
51.450006367,11.0
51.450006367,11.0
51.450006367,11.0
51.450006367,11.0
51.449989417,11.5
51.449989417,11.5
51.449989417,11.5
51.449989417,11.5
51.449989417,11.5
51.449989417,11.5
51.449989417,11.5
51.449989417,11.5
51.449989417,11.5
51.449989417,11.5
51.449971117,11.9
51.449971117,11.9
51.449971117,11.9
51.449971117,11.9
51.449971117,11.9
51.449971117,11.9
51.449971117,11.9
51.449971117,11.9
51.449971117,11.9
51.449971117,11.9
51.44995205,12.2
51.44995205,12.2
51.44995205,12.2
51.44995205,12.2
51.44995205,12.2
51.44995205,12.2
51.44995205,12.2
51.44995205,12.2
51.44995205,12.2
51.44995205,12.2
51.4499323,12.5
51.4499323,12.5
51.4499323,12.5
51.4499323,12.5
51.4499323,12.5
51.4499323,12.5
51.4499323,12.5
51.4499323,12.5
51.4499323,12.5
51.4499323,12.5
51.449910733,13.7
51.449910733,13.7
51.449910733,13.7
51.449910733,13.7
51.449910733,13.7
51.449910733,13.7
51.449910733,13.7
51.449910733,13.7
51.449910733,13.7
51.449910733,13.7
51.44988955,13.9
51.44988955,13.9
51.44988955,13.9
51.44988955,13.9
51.44988955,13.9
51.44988955,13.9
51.44988955,13.9
51.44988955,13.9
51.44988955,13.9
51.44988955,13.9
51.449868317,14.1
51.449868317,14.1
51.449868317,14.1
51.449868317,14.1
51.449868317,14.1
51.449868317,14.1
51.449868317,14.1
51.449868317,14.1
51.449868317,14.1
51.449868317,14.1
51.4498471,14.2
51.4498471,14.2
51.4498471,14.2
51.4498471,14.2
51.4498471,14.2
51.4498471,14.2
51.4498471,14.2
51.4498471,14.2
51.4498471,14.2
51.4498471,14.2
51.449825767,14.3
51.449825767,14.3
51.449825767,14.3
51.449825767,14.3
51.449825767,14.3
51.449825767,14.3
51.449825767,14.3
51.449825767,14.3
51.449825767,14.3
51.449825767,14.3
51.4498041,14.5
51.4498041,14.5
51.4498041,14.5
51.4498041,14.5
51.4498041,14.5
51.4498041,14.5
51.4498041,14.5
51.4498041,14.5
51.4498041,14.5
51.4498041,14.5
51.4497827,14.6
51.4497827,14.6
51.4497827,14.6
51.4497827,14.6
51.4497827,14.6
51.4497827,14.6
51.4497827,14.6
51.4497827,14.6
51.4497827,14.6
51.4497827,14.6
51.449761433,14.7
51.449761433,14.7
51.449761433,14.7
51.449761433,14.7
51.449761433,14.7
51.449761433,14.7
51.449761433,14.7
51.449761433,14.7
51.449761433,14.7
51.449761433,14.7
51.449740117,14.8
51.449740117,14.8
51.449740117,14.8
51.449740117,14.8
51.449740117,14.8
51.449740117,14.8
51.449740117,14.8
51.449740117,14.8
51.449740117,14.8
51.449740117,14.8
51.449717883,14.9
51.449717883,14.9
51.449717883,14.9
51.449717883,14.9
51.449717883,14.9
51.449717883,14.9
51.449717883,14.9
51.449717883,14.9
51.449717883,14.9
51.449717883,14.9
51.449695467,15.0
51.449695467,15.0
51.449695467,15.0
51.449695467,15.0
51.449695467,15.0
51.449695467,15.0
51.449695467,15.0
51.449695467,15.0
51.449695467,15.0
51.449695467,15.0
51.44967265,15.1
51.44967265,15.1
51.44967265,15.1
51.44967265,15.1
51.44967265,15.1
51.44967265,15.1
51.44967265,15.1
51.44967265,15.1
51.44967265,15.1
51.44967265,15.1
51.449647733,16.3
51.449647733,16.3
51.449647733,16.3
51.449647733,16.3
51.449647733,16.3
51.449647733,16.3
51.449647733,16.3
51.449647733,16.3
51.449647733,16.3
51.449647733,16.3
51.4496229,16.5
51.4496229,16.5
51.4496229,16.5
51.4496229,16.5
51.4496229,16.5
51.4496229,16.5
51.4496229,16.5
51.4496229,16.5
51.4496229,16.5
51.4496229,16.5
51.449598333,16.6
51.449598333,16.6
51.449598333,16.6
51.449598333,16.6
51.449598333,16.6
51.449598333,16.6
51.449598333,16.6
51.449598333,16.6
51.449598333,16.6
51.449598333,16.6
51.449573883,16.6
51.449573883,16.6
51.449573883,16.6
51.449573883,16.6
51.449573883,16.6
51.449573883,16.6
51.449573883,16.6
51.449573883,16.6
51.449573883,16.6
51.449573883,16.6
51.449550083,16.7
51.449550083,16.7
51.449550083,16.7
51.449550083,16.7
51.449550083,16.7
51.449550083,16.7
51.449550083,16.7
51.449550083,16.7
51.449550083,16.7
51.449550083,16.7
51.449525067,16.8
51.449525067,16.8
51.449525067,16.8
51.449525067,16.8
51.449525067,16.8
51.449525067,16.8
51.449525067,16.8
51.449525067,16.8
51.449525067,16.8
51.449525067,16.8
51.449500333,16.9
51.449500333,16.9
51.449500333,16.9
51.449500333,16.9
51.449500333,16.9
51.449500333,16.9
51.449500333,16.9
51.449500333,16.9
51.449500333,16.9
51.449500333,16.9
51.449475583,17.0
51.449475583,17.0
51.449475583,17.0
51.449475583,17.0
51.449475583,17.0
51.449475583,17.0
51.449475583,17.0
51.449475583,17.0
51.449475583,17.0
51.449475583,17.0
51.449451317,17.1
51.449451317,17.1
51.449451317,17.1
51.449451317,17.1
51.449451317,17.1
51.449451317,17.1
51.449451317,17.1
51.449451317,17.1
51.449451317,17.1
51.449451317,17.1
51.44942315,18.2
51.44942315,18.2
51.44942315,18.2
51.44942315,18.2
51.44942315,18.2
51.44942315,18.2
51.44942315,18.2
51.44942315,18.2
51.44942315,18.2
51.44942315,18.2
51.449397467,18.3
51.449397467,18.3
51.449397467,18.3
51.449397467,18.3
51.449397467,18.3
51.449397467,18.3
51.449397467,18.3
51.449397467,18.3
51.449397467,18.3
51.449397467,18.3
51.449372933,18.6
51.449372933,18.6
51.449372933,18.6
51.449372933,18.6
51.449372933,18.6
51.449372933,18.6
51.449372933,18.6
51.449372933,18.6
51.449372933,18.6
51.449372933,18.6
51.449348433,18.9
51.449348433,18.9
51.449348433,18.9
51.449348433,18.9
51.449348433,18.9
51.449348433,18.9
51.449348433,18.9
51.449348433,18.9
51.449348433,18.9
51.449348433,18.9
51.449322033,19.1
51.449322033,19.1
51.449322033,19.1
51.449322033,19.1
51.449322033,19.1
51.449322033,19.1
51.449322033,19.1
51.449322033,19.1
51.449322033,19.1
51.449322033,19.1
51.44929365,19.3
51.44929365,19.3
51.44929365,19.3
51.44929365,19.3
51.44929365,19.3
51.44929365,19.3
51.44929365,19.3
51.44929365,19.3
51.44929365,19.3
51.44929365,19.3
51.4492641,19.4
51.4492641,19.4
51.4492641,19.4
51.4492641,19.4
51.4492641,19.4
51.4492641,19.4
51.4492641,19.4
51.4492641,19.4
51.4492641,19.4
51.4492641,19.4
51.4492379,19.6
51.4492379,19.6
51.4492379,19.6
51.4492379,19.6
51.4492379,19.6
51.4492379,19.6
51.4492379,19.6
51.4492379,19.6
51.4492379,19.6
51.4492379,19.6
51.44921035,19.7
51.44921035,19.7
51.44921035,19.7
51.44921035,19.7
51.44921035,19.7
51.44921035,19.7
51.44921035,19.7
51.44921035,19.7
51.44921035,19.7
51.44921035,19.7
51.44918445,19.8
51.44918445,19.8
51.44918445,19.8
51.44918445,19.8
51.44918445,19.8
51.44918445,19.8
51.44918445,19.8
51.44918445,19.8
51.44918445,19.8
51.44918445,19.8
51.4491545,19.9
51.4491545,19.9
51.4491545,19.9
51.4491545,19.9
51.4491545,19.9
51.4491545,19.9
51.4491545,19.9
51.4491545,19.9
51.4491545,19.9
51.4491545,19.9
51.449127583,20.0
51.449127583,20.0
51.449127583,20.0
51.449127583,20.0
51.449127583,20.0
51.449127583,20.0
51.449127583,20.0
51.449127583,20.0
51.449127583,20.0
51.449127583,20.0
51.44910185,20.0
51.44910185,20.0
51.44910185,20.0
51.44910185,20.0
51.44910185,20.0
51.44910185,20.0
51.44910185,20.0
51.44910185,20.0
51.44910185,20.0
51.44910185,20.0
51.449071767,20.1
51.449071767,20.1
51.449071767,20.1
51.449071767,20.1
51.449071767,20.1
51.449071767,20.1
51.449071767,20.1
51.449071767,20.1
51.449071767,20.1
51.449071767,20.1
51.44904405,20.1
51.44904405,20.1
51.44904405,20.1
51.44904405,20.1
51.44904405,20.1
51.44904405,20.1
51.44904405,20.1
51.44904405,20.1
51.44904405,20.1
51.44904405,20.1
51.4490148,20.1
51.4490148,20.1
51.4490148,20.1
51.4490148,20.1
51.4490148,20.1
51.4490148,20.1
51.4490148,20.1
51.4490148,20.1
51.4490148,20.1
51.4490148,20.1
51.448990433,20.1
51.448990433,20.1
51.448990433,20.1
51.448990433,20.1
51.448990433,20.1
51.448990433,20.1
51.448990433,20.1
51.448990433,20.1
51.448990433,20.1
51.448990433,20.1
51.44896185,20.2
51.44896185,20.2
51.44896185,20.2
51.44896185,20.2
51.44896185,20.2
51.44896185,20.2
51.44896185,20.2
51.44896185,20.2
51.44896185,20.2
51.44896185,20.2
51.44893475,20.3
51.44893475,20.3
51.44893475,20.3
51.44893475,20.3
51.44893475,20.3
51.44893475,20.3
51.44893475,20.3
51.44893475,20.3
51.44893475,20.3
51.44893475,20.3
51.4489061,20.4
51.4489061,20.4
51.4489061,20.4
51.4489061,20.4
51.4489061,20.4
51.4489061,20.4
51.4489061,20.4
51.4489061,20.4
51.4489061,20.4
51.4489061,20.4
51.448877417,20.4
51.448877417,20.4
51.448877417,20.4
51.448877417,20.4
51.448877417,20.4
51.448877417,20.4
51.448877417,20.4
51.448877417,20.4
51.448877417,20.4
51.448877417,20.4
51.448844767,20.5
51.448844767,20.5
51.448844767,20.5
51.448844767,20.5
51.448844767,20.5
51.448844767,20.5
51.448844767,20.5
51.448844767,20.5
51.448844767,20.5
51.448844767,20.5
51.448816767,20.5
51.448816767,20.5
51.448816767,20.5
51.448816767,20.5
51.448816767,20.5
51.448816767,20.5
51.448816767,20.5
51.448816767,20.5
51.448816767,20.5
51.448816767,20.5
51.448790583,20.5
51.448790583,20.5
51.448790583,20.5
51.448790583,20.5
51.448790583,20.5
51.448790583,20.5
51.448790583,20.5
51.448790583,20.5
51.448790583,20.5
51.448790583,20.5
51.44876155,20.6
51.44876155,20.6
51.44876155,20.6
51.44876155,20.6
51.44876155,20.6
51.44876155,20.6
51.44876155,20.6
51.44876155,20.6
51.44876155,20.6
51.44876155,20.6
51.448730183,20.6
51.448730183,20.6
51.448730183,20.6
51.448730183,20.6
51.448730183,20.6
51.448730183,20.6
51.448730183,20.6
51.448730183,20.6
51.448730183,20.6
51.448730183,20.6
51.44870165,20.6
51.44870165,20.6
51.44870165,20.6
51.44870165,20.6
51.44870165,20.6
51.44870165,20.6
51.44870165,20.6
51.44870165,20.6
51.44870165,20.6
51.44870165,20.6
51.448674067,20.8
51.448674067,20.8
51.448674067,20.8
51.448674067,20.8
51.448674067,20.8
51.448674067,20.8
51.448674067,20.8
51.448674067,20.8
51.448674067,20.8
51.448674067,20.8
51.448646833,20.8
51.448646833,20.8
51.448646833,20.8
51.448646833,20.8
51.448646833,20.8
51.448646833,20.8
51.448646833,20.8
51.448646833,20.8
51.448646833,20.8
51.448646833,20.8
51.448619617,20.8
51.448619617,20.8
51.448619617,20.8
51.448619617,20.8
51.448619617,20.8
51.448619617,20.8
51.448619617,20.8
51.448619617,20.8
51.448619617,20.8
51.448619617,20.8
51.448591217,20.9
51.448591217,20.9
51.448591217,20.9
51.448591217,20.9
51.448591217,20.9
51.448591217,20.9
51.448591217,20.9
51.448591217,20.9
51.448591217,20.9
51.448591217,20.9
51.448564117,20.9
51.448564117,20.9
51.448564117,20.9
51.448564117,20.9
51.448564117,20.9
51.448564117,20.9
51.448564117,20.9
51.448564117,20.9
51.448564117,20.9
51.448564117,20.9
51.448537433,20.9
51.448537433,20.9
51.448537433,20.9
51.448537433,20.9
51.448537433,20.9
51.448537433,20.9
51.448537433,20.9
51.448537433,20.9
51.448537433,20.9
51.448537433,20.9
51.448510767,20.8
51.448510767,20.8
51.448510767,20.8
51.448510767,20.8
51.448510767,20.8
51.448510767,20.8
51.448510767,20.8
51.448510767,20.8
51.448510767,20.8
51.448510767,20.8
51.448483133,20.8
51.448483133,20.8
51.448483133,20.8
51.448483133,20.8
51.448483133,20.8
51.448483133,20.8
51.448483133,20.8
51.448483133,20.8
51.448483133,20.8
51.448483133,20.8
51.448454067,20.9
51.448454067,20.9
51.448454067,20.9
51.448454067,20.9
51.448454067,20.9
51.448454067,20.9
51.448454067,20.9
51.448454067,20.9
51.448454067,20.9
51.448454067,20.9
51.448427217,20.9
51.448427217,20.9
51.448427217,20.9
51.448427217,20.9
51.448427217,20.9
51.448427217,20.9
51.448427217,20.9
51.448427217,20.9
51.448427217,20.9
51.448427217,20.9
51.448399967,20.9
51.448399967,20.9
51.448399967,20.9
51.448399967,20.9
51.448399967,20.9
51.448399967,20.9
51.448399967,20.9
51.448399967,20.9
51.448399967,20.9
51.448399967,20.9
51.448371683,20.9
51.448371683,20.9
51.448371683,20.9
51.448371683,20.9
51.448371683,20.9
51.448371683,20.9
51.448371683,20.9
51.448371683,20.9
51.448371683,20.9
51.448371683,20.9
51.448342083,20.7
51.448342083,20.7
51.448342083,20.7
51.448342083,20.7
51.448342083,20.7
51.448342083,20.7
51.448342083,20.7
51.448342083,20.7
51.448342083,20.7
51.448342083,20.7
51.448316133,20.6
51.448316133,20.6
51.448316133,20.6
51.448316133,20.6
51.448316133,20.6
51.448316133,20.6
51.448316133,20.6
51.448316133,20.6
51.448316133,20.6
51.448316133,20.6
51.448286433,20.6
51.448286433,20.6
51.448286433,20.6
51.448286433,20.6
51.448286433,20.6
51.448286433,20.6
51.448286433,20.6
51.448286433,20.6
51.448286433,20.6
51.448286433,20.6
51.448286433,20.6
51.4482567,20.7
51.4482567,20.7
51.4482567,20.7
51.4482567,20.7
51.4482567,20.7
51.4482567,20.7
51.4482567,20.7
51.4482567,20.7
51.4482567,20.7
51.4482567,20.7
51.448225833,20.8
51.448225833,20.8
51.448225833,20.8
51.448225833,20.8
51.448225833,20.8
51.448225833,20.8
51.448225833,20.8
51.448225833,20.8
51.448225833,20.8
51.448225833,20.8
51.4481981,21.4
51.4481981,21.4
51.4481981,21.4
51.4481981,21.4
51.4481981,21.4
51.4481981,21.4
51.4481981,21.4
51.4481981,21.4
51.4481981,21.4
51.4481981,21.4
51.448169167,22.2
51.448169167,22.2
51.448169167,22.2
51.448169167,22.2
51.448169167,22.2
51.448169167,22.2
51.448169167,22.2
51.448169167,22.2
51.448169167,22.2
51.448169167,22.2
51.448141033,22.6
51.448141033,22.6
51.448141033,22.6
51.448141033,22.6
51.448141033,22.6
51.448141033,22.6
51.448141033,22.6
51.448141033,22.6
51.448141033,22.6
51.448141033,22.6
51.44811195,23.0
51.44811195,23.0
51.44811195,23.0
51.44811195,23.0
51.44811195,23.0
51.44811195,23.0
51.44811195,23.0
51.44811195,23.0
51.44811195,23.0
51.44811195,23.0
51.448080167,23.3
51.448080167,23.3
51.448080167,23.3
51.448080167,23.3
51.448080167,23.3
51.448080167,23.3
51.448080167,23.3
51.448080167,23.3
51.448080167,23.3
51.448080167,23.3
51.4480519,23.4
51.4480519,23.4
51.4480519,23.4
51.4480519,23.4
51.4480519,23.4
51.4480519,23.4
51.4480519,23.4
51.4480519,23.4
51.4480519,23.4
51.4480519,23.4
51.448019617,23.6
51.448019617,23.6
51.448019617,23.6
51.448019617,23.6
51.448019617,23.6
51.448019617,23.6
51.448019617,23.6
51.448019617,23.6
51.448019617,23.6
51.448019617,23.6
51.447987383,23.7
51.447987383,23.7
51.447987383,23.7
51.447987383,23.7
51.447987383,23.7
51.447987383,23.7
51.447987383,23.7
51.447987383,23.7
51.447987383,23.7
51.447987383,23.7
51.447955033,24.2
51.447955033,24.2
51.447955033,24.2
51.447955033,24.2
51.447955033,24.2
51.447955033,24.2
51.447955033,24.2
51.447955033,24.2
51.447955033,24.2
51.447955033,24.2
51.447925417,24.9
51.447925417,24.9
51.447925417,24.9
51.447925417,24.9
51.447925417,24.9
51.447925417,24.9
51.447925417,24.9
51.447925417,24.9
51.447925417,24.9
51.447925417,24.9
51.4478887,25.6
51.4478887,25.6
51.4478887,25.6
51.4478887,25.6
51.4478887,25.6
51.4478887,25.6
51.4478887,25.6
51.4478887,25.6
51.4478887,25.6
51.4478887,25.6
51.447853283,26.1
51.447853283,26.1
51.447853283,26.1
51.447853283,26.1
51.447853283,26.1
51.447853283,26.1
51.447853283,26.1
51.447853283,26.1
51.447853283,26.1
51.447853283,26.1
51.447819783,26.5
51.447819783,26.5
51.447819783,26.5
51.447819783,26.5
51.447819783,26.5
51.447819783,26.5
51.447819783,26.5
51.447819783,26.5
51.447819783,26.5
51.447819783,26.5
51.447783233,26.9
51.447783233,26.9
51.447783233,26.9
51.447783233,26.9
51.447783233,26.9
51.447783233,26.9
51.447783233,26.9
51.447783233,26.9
51.447783233,26.9
51.447783233,26.9
51.447748067,27.2
51.447748067,27.2
51.447748067,27.2
51.447748067,27.2
51.447748067,27.2
51.447748067,27.2
51.447748067,27.2
51.447748067,27.2
51.447748067,27.2
51.447748067,27.2
51.447713183,27.3
51.447713183,27.3
51.447713183,27.3
51.447713183,27.3
51.447713183,27.3
51.447713183,27.3
51.447713183,27.3
51.447713183,27.3
51.447713183,27.3
51.447713183,27.3
51.447677967,27.5
51.447677967,27.5
51.447677967,27.5
51.447677967,27.5
51.447677967,27.5
51.447677967,27.5
51.447677967,27.5
51.447677967,27.5
51.447677967,27.5
51.447677967,27.5
51.447641883,27.5
51.447641883,27.5
51.447641883,27.5
51.447641883,27.5
51.447641883,27.5
51.447641883,27.5
51.447641883,27.5
51.447641883,27.5
51.447641883,27.5
51.447641883,27.5
51.447605267,27.4
51.447605267,27.4
51.447605267,27.4
51.447605267,27.4
51.447605267,27.4
51.447605267,27.4
51.447605267,27.4
51.447605267,27.4
51.447605267,27.4
51.447605267,27.4
51.44756495,27.3
51.44756495,27.3
51.44756495,27.3
51.44756495,27.3
51.44756495,27.3
51.44756495,27.3
51.44756495,27.3
51.44756495,27.3
51.44756495,27.3
51.44756495,27.3
51.447534667,27.3
51.447534667,27.3
51.447534667,27.3
51.447534667,27.3
51.447534667,27.3
51.447534667,27.3
51.447534667,27.3
51.447534667,27.3
51.447534667,27.3
51.447534667,27.3
51.447508967,27.5
51.447508967,27.5
51.447508967,27.5
51.447508967,27.5
51.447508967,27.5
51.447508967,27.5
51.447508967,27.5
51.447508967,27.5
51.447508967,27.5
51.447508967,27.5
51.447493083,27.4
51.447493083,27.4
51.447493083,27.4
51.447493083,27.4
51.447493083,27.4
51.447493083,27.4
51.447493083,27.4
51.447493083,27.4
51.447493083,27.4
51.447493083,27.4
51.447486717,27.7
51.447486717,27.7
51.447486717,27.7
51.447486717,27.7
51.447486717,27.7
51.447486717,27.7
51.447486717,27.7
51.447486717,27.7
51.447486717,27.7
51.447486717,27.7
51.447485267,28.0
51.447485267,28.0
51.447485267,28.0
51.447485267,28.0
51.447485267,28.0
51.447485267,28.0
51.447485267,28.0
51.447485267,28.0
51.447485267,28.0
51.447485267,28.0
51.4474938,28.3
51.4474938,28.3
51.4474938,28.3
51.4474938,28.3
51.4474938,28.3
51.4474938,28.3
51.4474938,28.3
51.4474938,28.3
51.4474938,28.3
51.4474938,28.3
51.447513633,28.4
51.447513633,28.4
51.447513633,28.4
51.447513633,28.4
51.447513633,28.4
51.447513633,28.4
51.447513633,28.4
51.447513633,28.4
51.447513633,28.4
51.447513633,28.4
51.447543783,28.5
51.447543783,28.5
51.447543783,28.5
51.447543783,28.5
51.447543783,28.5
51.447543783,28.5
51.447543783,28.5
51.447543783,28.5
51.447543783,28.5
51.447543783,28.5
51.44757875,28.5
51.44757875,28.5
51.44757875,28.5
51.44757875,28.5
51.44757875,28.5
51.44757875,28.5
51.44757875,28.5
51.44757875,28.5
51.44757875,28.5
51.44757875,28.5
51.44762455,28.5
51.44762455,28.5
51.44762455,28.5
51.44762455,28.5
51.44762455,28.5
51.44762455,28.5
51.44762455,28.5
51.44762455,28.5
51.44762455,28.5
51.44762455,28.5
51.447677517,28.6
51.447677517,28.6
51.447677517,28.6
51.447677517,28.6
51.447677517,28.6
51.447677517,28.6
51.447677517,28.6
51.447677517,28.6
51.447677517,28.6
51.447677517,28.6
51.447736567,28.6
51.447736567,28.6
51.447736567,28.6
51.447736567,28.6
51.447736567,28.6
51.447736567,28.6
51.447736567,28.6
51.447736567,28.6
51.447736567,28.6
51.447736567,28.6
51.447801733,28.5
51.447801733,28.5
51.447801733,28.5
51.447801733,28.5
51.447801733,28.5
51.447801733,28.5
51.447801733,28.5
51.447801733,28.5
51.447801733,28.5
51.447801733,28.5
51.447874933,28.5
51.447874933,28.5
51.447874933,28.5
51.447874933,28.5
51.447874933,28.5
51.447874933,28.5
51.447874933,28.5
51.447874933,28.5
51.447874933,28.5
51.447874933,28.5
51.44794785,28.7
51.44794785,28.7
51.44794785,28.7
51.44794785,28.7
51.44794785,28.7
51.44794785,28.7
51.44794785,28.7
51.44794785,28.7
51.44794785,28.7
51.44794785,28.7
51.448026417,28.9
51.448026417,28.9
51.448026417,28.9
51.448026417,28.9
51.448026417,28.9
51.448026417,28.9
51.448026417,28.9
51.448026417,28.9
51.448026417,28.9
51.448026417,28.9
51.448106417,29.0
51.448106417,29.0
51.448106417,29.0
51.448106417,29.0
51.448106417,29.0
51.448106417,29.0
51.448106417,29.0
51.448106417,29.0
51.448106417,29.0
51.448106417,29.0
51.448186317,29.1
51.448186317,29.1
51.448186317,29.1
51.448186317,29.1
51.448186317,29.1
51.448186317,29.1
51.448186317,29.1
51.448186317,29.1
51.448186317,29.1
51.448186317,29.1
51.4482653,29.3
51.4482653,29.3
51.4482653,29.3
51.4482653,29.3
51.4482653,29.3
51.4482653,29.3
51.4482653,29.3
51.4482653,29.3
51.4482653,29.3
51.4482653,29.3
51.448345467,29.5
51.448345467,29.5
51.448345467,29.5
51.448345467,29.5
51.448345467,29.5
51.448345467,29.5
51.448345467,29.5
51.448345467,29.5
51.448345467,29.5
51.448345467,29.5
51.4484193,29.6
51.4484193,29.6
51.4484193,29.6
51.4484193,29.6
51.4484193,29.6
51.4484193,29.6
51.4484193,29.6
51.4484193,29.6
51.4484193,29.6
51.4484193,29.6
51.448488983,29.8
51.448488983,29.8
51.448488983,29.8
51.448488983,29.8
51.448488983,29.8
51.448488983,29.8
51.448488983,29.8
51.448488983,29.8
51.448488983,29.8
51.448488983,29.8
51.448560267,30.0
51.448560267,30.0
51.448560267,30.0
51.448560267,30.0
51.448560267,30.0
51.448560267,30.0
51.448560267,30.0
51.448560267,30.0
51.448560267,30.0
51.448560267,30.0
51.4486311,30.2
51.4486311,30.2
51.4486311,30.2
51.4486311,30.2
51.4486311,30.2
51.4486311,30.2
51.4486311,30.2
51.4486311,30.2
51.4486311,30.2
51.4486311,30.2
51.448700467,30.5
51.448700467,30.5
51.448700467,30.5
51.448700467,30.5
51.448700467,30.5
51.448700467,30.5
51.448700467,30.5
51.448700467,30.5
51.448700467,30.5
51.448700467,30.5
51.448770267,30.7
51.448770267,30.7
51.448770267,30.7
51.448770267,30.7
51.448770267,30.7
51.448770267,30.7
51.448770267,30.7
51.448770267,30.7
51.448770267,30.7
51.448770267,30.7
51.448841817,31.0
51.448841817,31.0
51.448841817,31.0
51.448841817,31.0
51.448841817,31.0
51.448841817,31.0
51.448841817,31.0
51.448841817,31.0
51.448841817,31.0
51.448841817,31.0
51.4489117,31.3
51.4489117,31.3
51.4489117,31.3
51.4489117,31.3
51.4489117,31.3
51.4489117,31.3
51.4489117,31.3
51.4489117,31.3
51.4489117,31.3
51.4489117,31.3
51.44897745,31.4
51.44897745,31.4
51.44897745,31.4
51.44897745,31.4
51.44897745,31.4
51.44897745,31.4
51.44897745,31.4
51.44897745,31.4
51.44897745,31.4
51.44897745,31.4
51.44904505,31.4
51.44904505,31.4
51.44904505,31.4
51.44904505,31.4
51.44904505,31.4
51.44904505,31.4
51.44904505,31.4
51.44904505,31.4
51.44904505,31.4
51.44904505,31.4
51.449109917,31.4
51.449109917,31.4
51.449109917,31.4
51.449109917,31.4
51.449109917,31.4
51.449109917,31.4
51.449109917,31.4
51.449109917,31.4
51.449109917,31.4
51.449109917,31.4
51.449170633,31.3
51.449170633,31.3
51.449170633,31.3
51.449170633,31.3
51.449170633,31.3
51.449170633,31.3
51.449170633,31.3
51.449170633,31.3
51.449170633,31.3
51.449170633,31.3
51.449232017,31.2
51.449232017,31.2
51.449232017,31.2
51.449232017,31.2
51.449232017,31.2
51.449232017,31.2
51.449232017,31.2
51.449232017,31.2
51.449232017,31.2
51.449232017,31.2
51.44929015,31.0
51.44929015,31.0
51.44929015,31.0
51.44929015,31.0
51.44929015,31.0
51.44929015,31.0
51.44929015,31.0
51.44929015,31.0
51.44929015,31.0
51.44929015,31.0
51.4493548,30.7
51.4493548,30.7
51.4493548,30.7
51.4493548,30.7
51.4493548,30.7
51.4493548,30.7
51.4493548,30.7
51.4493548,30.7
51.4493548,30.7
51.4493548,30.7
51.449422667,30.4
51.449422667,30.4
51.449422667,30.4
51.449422667,30.4
51.449422667,30.4
51.449422667,30.4
51.449422667,30.4
51.449422667,30.4
51.449422667,30.4
51.449422667,30.4
51.449489867,30.1
51.449489867,30.1
51.449489867,30.1
51.449489867,30.1
51.449489867,30.1
51.449489867,30.1
51.449489867,30.1
51.449489867,30.1
51.449489867,30.1
51.449489867,30.1
51.44955725,29.9
51.44955725,29.9
51.44955725,29.9
51.44955725,29.9
51.44955725,29.9
51.44955725,29.9
51.44955725,29.9
51.44955725,29.9
51.44955725,29.9
51.44955725,29.9
51.449623867,29.7
51.449623867,29.7
51.449623867,29.7
51.449623867,29.7
51.449623867,29.7
51.449623867,29.7
51.449623867,29.7
51.449623867,29.7
51.449623867,29.7
51.449623867,29.7
51.449693033,29.7
51.449693033,29.7
51.449693033,29.7
51.449693033,29.7
51.449693033,29.7
51.449693033,29.7
51.449693033,29.7
51.449693033,29.7
51.449693033,29.7
51.449693033,29.7
51.449761617,29.6
51.449761617,29.6
51.449761617,29.6
51.449761617,29.6
51.449761617,29.6
51.449761617,29.6
51.449761617,29.6
51.449761617,29.6
51.449761617,29.6
51.449761617,29.6
51.4498299,29.6
51.4498299,29.6
51.4498299,29.6
51.4498299,29.6
51.4498299,29.6
51.4498299,29.6
51.4498299,29.6
51.4498299,29.6
51.4498299,29.6
51.4498299,29.6
51.44989755,29.7
51.44989755,29.7
51.44989755,29.7
51.44989755,29.7
51.44989755,29.7
51.44989755,29.7
51.44989755,29.7
51.44989755,29.7
51.44989755,29.7
51.44989755,29.7
51.449967667,29.8
51.449967667,29.8
51.449967667,29.8
51.449967667,29.8
51.449967667,29.8
51.449967667,29.8
51.449967667,29.8
51.449967667,29.8
51.449967667,29.8
51.449967667,29.8
51.4500382,29.5
51.4500382,29.5
51.4500382,29.5
51.4500382,29.5
51.4500382,29.5
51.4500382,29.5
51.4500382,29.5
51.4500382,29.5
51.4500382,29.5
51.4500382,29.5
51.4501035,29.2
51.4501035,29.2
51.4501035,29.2
51.4501035,29.2
51.4501035,29.2
51.4501035,29.2
51.4501035,29.2
51.4501035,29.2
51.4501035,29.2
51.4501035,29.2
51.450173167,29.1
51.450173167,29.1
51.450173167,29.1
51.450173167,29.1
51.450173167,29.1
51.450173167,29.1
51.450173167,29.1
51.450173167,29.1
51.450173167,29.1
51.450173167,29.1
51.450239167,28.9
51.450239167,28.9
51.450239167,28.9
51.450239167,28.9
51.450239167,28.9
51.450239167,28.9
51.450239167,28.9
51.450239167,28.9
51.450239167,28.9
51.450239167,28.9
51.450306583,28.0
51.450306583,28.0
51.450306583,28.0
51.450306583,28.0
51.450306583,28.0
51.450306583,28.0
51.450306583,28.0
51.450306583,28.0
51.450306583,28.0
51.450306583,28.0
51.450371167,26.9
51.450371167,26.9
51.450371167,26.9
51.450371167,26.9
51.450371167,26.9
51.450371167,26.9
51.450371167,26.9
51.450371167,26.9
51.450371167,26.9
51.450371167,26.9
51.450433233,26.0
51.450433233,26.0
51.450433233,26.0
51.450433233,26.0
51.450433233,26.0
51.450433233,26.0
51.450433233,26.0
51.450433233,26.0
51.450433233,26.0
51.450433233,26.0
51.450490033,25.0
51.450490033,25.0
51.450490033,25.0
51.450490033,25.0
51.450490033,25.0
51.450490033,25.0
51.450490033,25.0
51.450490033,25.0
51.450490033,25.0
51.450490033,25.0
51.450545,24.0
51.450545,24.0
51.450545,24.0
51.450545,24.0
51.450545,24.0
51.450545,24.0
51.450545,24.0
51.450545,24.0
51.450545,24.0
51.450545,24.0
51.45060115,23.0
51.45060115,23.0
51.45060115,23.0
51.45060115,23.0
51.45060115,23.0
51.45060115,23.0
51.45060115,23.0
51.45060115,23.0
51.45060115,23.0
51.45060115,23.0
51.450650367,21.9
51.450650367,21.9
51.450650367,21.9
51.450650367,21.9
51.450650367,21.9
51.450650367,21.9
51.450650367,21.9
51.450650367,21.9
51.450650367,21.9
51.450650367,21.9
51.450694667,19.8
51.450694667,19.8
51.450694667,19.8
51.450694667,19.8
51.450694667,19.8
51.450694667,19.8
51.450694667,19.8
51.450694667,19.8
51.450694667,19.8
51.450694667,19.8
51.450734417,17.0
51.450734417,17.0
51.450734417,17.0
51.450734417,17.0
51.450734417,17.0
51.450734417,17.0
51.450734417,17.0
51.450734417,17.0
51.450734417,17.0
51.450734417,17.0
51.450762783,13.4
51.450762783,13.4
51.450762783,13.4
51.450762783,13.4
51.450762783,13.4
51.450762783,13.4
51.450762783,13.4
51.450762783,13.4
51.450762783,13.4
51.450762783,13.4
51.45078415,9.6
51.45078415,9.6
51.45078415,9.6
51.45078415,9.6
51.45078415,9.6
51.45078415,9.6
51.45078415,9.6
51.45078415,9.6
51.45078415,9.6
51.45078415,9.6
51.450794933,5.7
51.450794933,5.7
51.450794933,5.7
51.450794933,5.7
51.450794933,5.7
51.450794933,5.7
51.450794933,5.7
51.450794933,5.7
51.450794933,5.7
51.450794933,5.7
51.450799233,1.5
51.450799233,1.5
51.450799233,1.5
51.450799233,1.5
51.450799233,1.5
51.450799233,1.5
51.450799233,1.5
51.450799233,1.5
51.450799233,1.5
51.450799233,1.5
51.450803267,1.2
51.450803267,1.2
51.450803267,1.2
51.450803267,1.2
51.450803267,1.2
51.450803267,1.2
51.450803267,1.2
51.450803267,1.2
51.450803267,1.2
51.450803267,1.2
51.450814967,3.5
51.450814967,3.5
51.450814967,3.5
51.450814967,3.5
51.450814967,3.5
51.450814967,3.5
51.450814967,3.5
51.450814967,3.5
51.450814967,3.5
51.450814967,3.5
51.4508268,5.8
51.4508268,5.8
51.4508268,5.8
51.4508268,5.8
51.4508268,5.8
51.4508268,5.8
51.4508268,5.8
51.4508268,5.8
51.4508268,5.8
51.4508268,5.8
51.45084655,7.8
51.45084655,7.8
51.45084655,7.8
51.45084655,7.8
51.45084655,7.8
51.45084655,7.8
51.45084655,7.8
51.45084655,7.8
51.45084655,7.8
51.45084655,7.8
51.450866767,8.7
51.450866767,8.7
51.450866767,8.7
51.450866767,8.7
51.450866767,8.7
51.450866767,8.7
51.450866767,8.7
51.450866767,8.7
51.450866767,8.7
51.450866767,8.7
51.450866767,8.7
51.4508896,9.5
51.4508896,9.5
51.4508896,9.5
51.4508896,9.5
51.4508896,9.5
51.4508896,9.5
51.4508896,9.5
51.4508896,9.5
51.4508896,9.5
51.450914417,10.3
51.450914417,10.3
51.450914417,10.3
51.450914417,10.3
51.450914417,10.3
51.450914417,10.3
51.450914417,10.3
51.450914417,10.3
51.450914417,10.3
51.450914417,10.3
51.450914417,10.3
51.450946117,13.3
51.450946117,13.3
51.450946117,13.3
51.450946117,13.3
51.450946117,13.3
51.450946117,13.3
51.450946117,13.3
51.450946117,13.3
51.450946117,13.3
51.45097875,13.9
51.45097875,13.9
51.45097875,13.9
51.45097875,13.9
51.45097875,13.9
51.45097875,13.9
51.45097875,13.9
51.45097875,13.9
51.45097875,13.9
51.45097875,13.9
51.45097875,13.9
51.451013683,14.4
51.451013683,14.4
51.451013683,14.4
51.451013683,14.4
51.451013683,14.4
51.451013683,14.4
51.451013683,14.4
51.451013683,14.4
51.451013683,14.4
51.451013683,14.4
51.451051567,14.8
51.451051567,14.8
51.451051567,14.8
51.451051567,14.8
51.451051567,14.8
51.451051567,14.8
51.451051567,14.8
51.451051567,14.8
51.451051567,14.8
51.451051567,14.8
51.451095883,16.6
51.451095883,16.6
51.451095883,16.6
51.451095883,16.6
51.451095883,16.6
51.451095883,16.6
51.451095883,16.6
51.451095883,16.6
51.451095883,16.6
51.451095883,16.6
51.45114275,17.0
51.45114275,17.0
51.45114275,17.0
51.45114275,17.0
51.45114275,17.0
51.45114275,17.0
51.45114275,17.0
51.45114275,17.0
51.45114275,17.0
51.45114275,17.0
51.4511903,17.2
51.4511903,17.2
51.4511903,17.2
51.4511903,17.2
51.4511903,17.2
51.4511903,17.2
51.4511903,17.2
51.4511903,17.2
51.4511903,17.2
51.4511903,17.2
51.451238833,17.5
51.451238833,17.5
51.451238833,17.5
51.451238833,17.5
51.451238833,17.5
51.451238833,17.5
51.451238833,17.5
51.451238833,17.5
51.451238833,17.5
51.451238833,17.5
51.451298433,18.5
51.451298433,18.5
51.451298433,18.5
51.451298433,18.5
51.451298433,18.5
51.451298433,18.5
51.451298433,18.5
51.451298433,18.5
51.451298433,18.5
51.451298433,18.5
51.451345533,18.7
51.451345533,18.7
51.451345533,18.7
51.451345533,18.7
51.451345533,18.7
51.451345533,18.7
51.451345533,18.7
51.451345533,18.7
51.451345533,18.7
51.451345533,18.7
51.451398283,18.9
51.451398283,18.9
51.451398283,18.9
51.451398283,18.9
51.451398283,18.9
51.451398283,18.9
51.451398283,18.9
51.451398283,18.9
51.451398283,18.9
51.451398283,18.9
51.45145185,18.9
51.45145185,18.9
51.45145185,18.9
51.45145185,18.9
51.45145185,18.9
51.45145185,18.9
51.45145185,18.9
51.45145185,18.9
51.45145185,18.9
51.45145185,18.9
51.451502583,19.0
51.451502583,19.0
51.451502583,19.0
51.451502583,19.0
51.451502583,19.0
51.451502583,19.0
51.451502583,19.0
51.451502583,19.0
51.451502583,19.0
51.451502583,19.0
51.451609983,19.1
51.451609983,19.1
51.451609983,19.1
51.451609983,19.1
51.451609983,19.1
51.451609983,19.1
51.451609983,19.1
51.451609983,19.1
51.451609983,19.1
51.451609983,19.1
51.451609983,19.1
51.451609983,19.1
51.451609983,19.1
51.451609983,19.1
51.451609983,19.1
51.451609983,19.1
51.451609983,19.1
51.451609983,19.1
51.451609983,19.1
51.451609983,19.1
51.451716467,19.5
51.451716467,19.5
51.451716467,19.5
51.451716467,19.5
51.451716467,19.5
51.451716467,19.5
51.451716467,19.5
51.451716467,19.5
51.451716467,19.5
51.451716467,19.5
51.451765517,19.8
51.451765517,19.8
51.451765517,19.8
51.451765517,19.8
51.451765517,19.8
51.451765517,19.8
51.451765517,19.8
51.451765517,19.8
51.451765517,19.8
51.451765517,19.8
51.4518084,20.0
51.4518084,20.0
51.4518084,20.0
51.4518084,20.0
51.4518084,20.0
51.4518084,20.0
51.4518084,20.0
51.4518084,20.0
51.4518084,20.0
51.4518084,20.0
51.4518489,20.3
51.4518489,20.3
51.4518489,20.3
51.4518489,20.3
51.4518489,20.3
51.4518489,20.3
51.4518489,20.3
51.4518489,20.3
51.4518489,20.3
51.4518489,20.3
51.45188555,20.5
51.45188555,20.5
51.45188555,20.5
51.45188555,20.5
51.45188555,20.5
51.45188555,20.5
51.45188555,20.5
51.45188555,20.5
51.45188555,20.5
51.45188555,20.5
51.451916383,20.6
51.451916383,20.6
51.451916383,20.6
51.451916383,20.6
51.451916383,20.6
51.451916383,20.6
51.451916383,20.6
51.451916383,20.6
51.451916383,20.6
51.451916383,20.6
51.45194445,20.7
51.45194445,20.7
51.45194445,20.7
51.45194445,20.7
51.45194445,20.7
51.45194445,20.7
51.45194445,20.7
51.45194445,20.7
51.45194445,20.7
51.45194445,20.7
51.451969117,20.7
51.451969117,20.7
51.451969117,20.7
51.451969117,20.7
51.451969117,20.7
51.451969117,20.7
51.451969117,20.7
51.451969117,20.7
51.451969117,20.7
51.451969117,20.7
51.45199605,20.7
51.45199605,20.7
51.45199605,20.7
51.45199605,20.7
51.45199605,20.7
51.45199605,20.7
51.45199605,20.7
51.45199605,20.7
51.45199605,20.7
51.45199605,20.7
51.45202435,20.8
51.45202435,20.8
51.45202435,20.8
51.45202435,20.8
51.45202435,20.8
51.45202435,20.8
51.45202435,20.8
51.45202435,20.8
51.45202435,20.8
51.45202435,20.8
51.4520555,21.0
51.4520555,21.0
51.4520555,21.0
51.4520555,21.0
51.4520555,21.0
51.4520555,21.0
51.4520555,21.0
51.4520555,21.0
51.4520555,21.0
51.4520555,21.0
51.45209165,21.2
51.45209165,21.2
51.45209165,21.2
51.45209165,21.2
51.45209165,21.2
51.45209165,21.2
51.45209165,21.2
51.45209165,21.2
51.45209165,21.2
51.45209165,21.2
51.452130317,21.5
51.452130317,21.5
51.452130317,21.5
51.452130317,21.5
51.452130317,21.5
51.452130317,21.5
51.452130317,21.5
51.452130317,21.5
51.452130317,21.5
51.452130317,21.5
51.45217245,21.8
51.45217245,21.8
51.45217245,21.8
51.45217245,21.8
51.45217245,21.8
51.45217245,21.8
51.45217245,21.8
51.45217245,21.8
51.45217245,21.8
51.45217245,21.8
51.452215233,22.2
51.452215233,22.2
51.452215233,22.2
51.452215233,22.2
51.452215233,22.2
51.452215233,22.2
51.452215233,22.2
51.452215233,22.2
51.452215233,22.2
51.452215233,22.2
51.45226135,22.7
51.45226135,22.7
51.45226135,22.7
51.45226135,22.7
51.45226135,22.7
51.45226135,22.7
51.45226135,22.7
51.45226135,22.7
51.45226135,22.7
51.45226135,22.7
51.45230915,23.2
51.45230915,23.2
51.45230915,23.2
51.45230915,23.2
51.45230915,23.2
51.45230915,23.2
51.45230915,23.2
51.45230915,23.2
51.45230915,23.2
51.45230915,23.2
51.452356183,23.7
51.452356183,23.7
51.452356183,23.7
51.452356183,23.7
51.452356183,23.7
51.452356183,23.7
51.452356183,23.7
51.452356183,23.7
51.452356183,23.7
51.452356183,23.7
51.45240635,24.2
51.45240635,24.2
51.45240635,24.2
51.45240635,24.2
51.45240635,24.2
51.45240635,24.2
51.45240635,24.2
51.45240635,24.2
51.45240635,24.2
51.45240635,24.2
51.4524587,24.6
51.4524587,24.6
51.4524587,24.6
51.4524587,24.6
51.4524587,24.6
51.4524587,24.6
51.4524587,24.6
51.4524587,24.6
51.4524587,24.6
51.4524587,24.6
51.452510633,24.9
51.452510633,24.9
51.452510633,24.9
51.452510633,24.9
51.452510633,24.9
51.452510633,24.9
51.452510633,24.9
51.452510633,24.9
51.452510633,24.9
51.452510633,24.9
51.452563267,25.1
51.452563267,25.1
51.452563267,25.1
51.452563267,25.1
51.452563267,25.1
51.452563267,25.1
51.452563267,25.1
51.452563267,25.1
51.452563267,25.1
51.452563267,25.1
51.4526154,25.3
51.4526154,25.3
51.4526154,25.3
51.4526154,25.3
51.4526154,25.3
51.4526154,25.3
51.4526154,25.3
51.4526154,25.3
51.4526154,25.3
51.4526154,25.3
51.452672517,25.5
51.452672517,25.5
51.452672517,25.5
51.452672517,25.5
51.452672517,25.5
51.452672517,25.5
51.452672517,25.5
51.452672517,25.5
51.452672517,25.5
51.452672517,25.5
51.45272745,25.7
51.45272745,25.7
51.45272745,25.7
51.45272745,25.7
51.45272745,25.7
51.45272745,25.7
51.45272745,25.7
51.45272745,25.7
51.45272745,25.7
51.45272745,25.7
51.452780717,25.9
51.452780717,25.9
51.452780717,25.9
51.452780717,25.9
51.452780717,25.9
51.452780717,25.9
51.452780717,25.9
51.452780717,25.9
51.452780717,25.9
51.452780717,25.9
51.452839817,26.1
51.452839817,26.1
51.452839817,26.1
51.452839817,26.1
51.452839817,26.1
51.452839817,26.1
51.452839817,26.1
51.452839817,26.1
51.452839817,26.1
51.452839817,26.1
51.452899967,26.4
51.452899967,26.4
51.452899967,26.4
51.452899967,26.4
51.452899967,26.4
51.452899967,26.4
51.452899967,26.4
51.452899967,26.4
51.452899967,26.4
51.452899967,26.4
51.452961633,26.7
51.452961633,26.7
51.452961633,26.7
51.452961633,26.7
51.452961633,26.7
51.452961633,26.7
51.452961633,26.7
51.452961633,26.7
51.452961633,26.7
51.452961633,26.7
51.45302405,27.2
51.45302405,27.2
51.45302405,27.2
51.45302405,27.2
51.45302405,27.2
51.45302405,27.2
51.45302405,27.2
51.45302405,27.2
51.45302405,27.2
51.45302405,27.2
51.4530893,27.6
51.4530893,27.6
51.4530893,27.6
51.4530893,27.6
51.4530893,27.6
51.4530893,27.6
51.4530893,27.6
51.4530893,27.6
51.4530893,27.6
51.4530893,27.6
51.453154067,28.3
51.453154067,28.3
51.453154067,28.3
51.453154067,28.3
51.453154067,28.3
51.453154067,28.3
51.453154067,28.3
51.453154067,28.3
51.453154067,28.3
51.453154067,28.3
51.4532244,28.8
51.4532244,28.8
51.4532244,28.8
51.4532244,28.8
51.4532244,28.8
51.4532244,28.8
51.4532244,28.8
51.4532244,28.8
51.4532244,28.8
51.4532244,28.8
51.453294533,29.2
51.453294533,29.2
51.453294533,29.2
51.453294533,29.2
51.453294533,29.2
51.453294533,29.2
51.453294533,29.2
51.453294533,29.2
51.453294533,29.2
51.453294533,29.2
51.4533651,29.5
51.4533651,29.5
51.4533651,29.5
51.4533651,29.5
51.4533651,29.5
51.4533651,29.5
51.4533651,29.5
51.4533651,29.5
51.4533651,29.5
51.4533651,29.5
51.453438217,29.8
51.453438217,29.8
51.453438217,29.8
51.453438217,29.8
51.453438217,29.8
51.453438217,29.8
51.453438217,29.8
51.453438217,29.8
51.453438217,29.8
51.453438217,29.8
51.453513383,30.1
51.453513383,30.1
51.453513383,30.1
51.453513383,30.1
51.453513383,30.1
51.453513383,30.1
51.453513383,30.1
51.453513383,30.1
51.453513383,30.1
51.453513383,30.1
51.453588917,30.3
51.453588917,30.3
51.453588917,30.3
51.453588917,30.3
51.453588917,30.3
51.453588917,30.3
51.453588917,30.3
51.453588917,30.3
51.453588917,30.3
51.453588917,30.3
51.453668517,30.5
51.453668517,30.5
51.453668517,30.5
51.453668517,30.5
51.453668517,30.5
51.453668517,30.5
51.453668517,30.5
51.453668517,30.5
51.453668517,30.5
51.453668517,30.5
51.45374945,30.7
51.45374945,30.7
51.45374945,30.7
51.45374945,30.7
51.45374945,30.7
51.45374945,30.7
51.45374945,30.7
51.45374945,30.7
51.45374945,30.7
51.45374945,30.7
51.453833517,30.9
51.453833517,30.9
51.453833517,30.9
51.453833517,30.9
51.453833517,30.9
51.453833517,30.9
51.453833517,30.9
51.453833517,30.9
51.453833517,30.9
51.453833517,30.9
51.453919067,31.0
51.453919067,31.0
51.453919067,31.0
51.453919067,31.0
51.453919067,31.0
51.453919067,31.0
51.453919067,31.0
51.453919067,31.0
51.453919067,31.0
51.453919067,31.0
51.454005433,31.2
51.454005433,31.2
51.454005433,31.2
51.454005433,31.2
51.454005433,31.2
51.454005433,31.2
51.454005433,31.2
51.454005433,31.2
51.454005433,31.2
51.454005433,31.2
51.45409375,31.3
51.45409375,31.3
51.45409375,31.3
51.45409375,31.3
51.45409375,31.3
51.45409375,31.3
51.45409375,31.3
51.45409375,31.3
51.45409375,31.3
51.45409375,31.3
51.454180717,31.3
51.454180717,31.3
51.454180717,31.3
51.454180717,31.3
51.454180717,31.3
51.454180717,31.3
51.454180717,31.3
51.454180717,31.3
51.454180717,31.3
51.454180717,31.3
51.454264917,31.1
51.454264917,31.1
51.454264917,31.1
51.454264917,31.1
51.454264917,31.1
51.454264917,31.1
51.454264917,31.1
51.454264917,31.1
51.454264917,31.1
51.454264917,31.1
51.454350967,31.0
51.454350967,31.0
51.454350967,31.0
51.454350967,31.0
51.454350967,31.0
51.454350967,31.0
51.454350967,31.0
51.454350967,31.0
51.454350967,31.0
51.454350967,31.0
51.454433217,30.8
51.454433217,30.8
51.454433217,30.8
51.454433217,30.8
51.454433217,30.8
51.454433217,30.8
51.454433217,30.8
51.454433217,30.8
51.454433217,30.8
51.454433217,30.8
51.454518483,30.6
51.454518483,30.6
51.454518483,30.6
51.454518483,30.6
51.454518483,30.6
51.454518483,30.6
51.454518483,30.6
51.454518483,30.6
51.454518483,30.6
51.454518483,30.6
51.454601083,30.5
51.454601083,30.5
51.454601083,30.5
51.454601083,30.5
51.454601083,30.5
51.454601083,30.5
51.454601083,30.5
51.454601083,30.5
51.454601083,30.5
51.454601083,30.5
51.454682033,30.5
51.454682033,30.5
51.454682033,30.5
51.454682033,30.5
51.454682033,30.5
51.454682033,30.5
51.454682033,30.5
51.454682033,30.5
51.454682033,30.5
51.454682033,30.5
51.4547668,30.5
51.4547668,30.5
51.4547668,30.5
51.4547668,30.5
51.4547668,30.5
51.4547668,30.5
51.4547668,30.5
51.4547668,30.5
51.4547668,30.5
51.4547668,30.5
51.45485035,30.7
51.45485035,30.7
51.45485035,30.7
51.45485035,30.7
51.45485035,30.7
51.45485035,30.7
51.45485035,30.7
51.45485035,30.7
51.45485035,30.7
51.45485035,30.7
51.454935517,30.9
51.454935517,30.9
51.454935517,30.9
51.454935517,30.9
51.454935517,30.9
51.454935517,30.9
51.454935517,30.9
51.454935517,30.9
51.454935517,30.9
51.454935517,30.9
51.455021133,31.4
51.455021133,31.4
51.455021133,31.4
51.455021133,31.4
51.455021133,31.4
51.455021133,31.4
51.455021133,31.4
51.455021133,31.4
51.455021133,31.4
51.455021133,31.4
51.455108183,31.9
51.455108183,31.9
51.455108183,31.9
51.455108183,31.9
51.455108183,31.9
51.455108183,31.9
51.455108183,31.9
51.455108183,31.9
51.455108183,31.9
51.455108183,31.9
51.455200167,32.3
51.455200167,32.3
51.455200167,32.3
51.455200167,32.3
51.455200167,32.3
51.455200167,32.3
51.455200167,32.3
51.455200167,32.3
51.455200167,32.3
51.455200167,32.3
51.455290383,32.8
51.455290383,32.8
51.455290383,32.8
51.455290383,32.8
51.455290383,32.8
51.455290383,32.8
51.455290383,32.8
51.455290383,32.8
51.455290383,32.8
51.455290383,32.8
51.4553812,33.2
51.4553812,33.2
51.4553812,33.2
51.4553812,33.2
51.4553812,33.2
51.4553812,33.2
51.4553812,33.2
51.4553812,33.2
51.4553812,33.2
51.4553812,33.2
51.45547545,33.5
51.45547545,33.5
51.45547545,33.5
51.45547545,33.5
51.45547545,33.5
51.45547545,33.5
51.45547545,33.5
51.45547545,33.5
51.45547545,33.5
51.45547545,33.5
51.455568917,33.8
51.455568917,33.8
51.455568917,33.8
51.455568917,33.8
51.455568917,33.8
51.455568917,33.8
51.455568917,33.8
51.455568917,33.8
51.455568917,33.8
51.455568917,33.8
51.455659633,33.9
51.455659633,33.9
51.455659633,33.9
51.455659633,33.9
51.455659633,33.9
51.455659633,33.9
51.455659633,33.9
51.455659633,33.9
51.455659633,33.9
51.455659633,33.9
51.455752533,34.0
51.455752533,34.0
51.455752533,34.0
51.455752533,34.0
51.455752533,34.0
51.455752533,34.0
51.455752533,34.0
51.455752533,34.0
51.455752533,34.0
51.455752533,34.0
51.4558467,34.1
51.4558467,34.1
51.4558467,34.1
51.4558467,34.1
51.4558467,34.1
51.4558467,34.1
51.4558467,34.1
51.4558467,34.1
51.4558467,34.1
51.4558467,34.1
51.455943617,34.2
51.455943617,34.2
51.455943617,34.2
51.455943617,34.2
51.455943617,34.2
51.455943617,34.2
51.455943617,34.2
51.455943617,34.2
51.455943617,34.2
51.455943617,34.2
51.4560364,34.2
51.4560364,34.2
51.4560364,34.2
51.4560364,34.2
51.4560364,34.2
51.4560364,34.2
51.4560364,34.2
51.4560364,34.2
51.4560364,34.2
51.4560364,34.2
51.456130533,34.2
51.456130533,34.2
51.456130533,34.2
51.456130533,34.2
51.456130533,34.2
51.456130533,34.2
51.456130533,34.2
51.456130533,34.2
51.456130533,34.2
51.456130533,34.2
51.4562274,34.1
51.4562274,34.1
51.4562274,34.1
51.4562274,34.1
51.4562274,34.1
51.4562274,34.1
51.4562274,34.1
51.4562274,34.1
51.4562274,34.1
51.4562274,34.1
51.456318717,34.0
51.456318717,34.0
51.456318717,34.0
51.456318717,34.0
51.456318717,34.0
51.456318717,34.0
51.456318717,34.0
51.456318717,34.0
51.456318717,34.0
51.456318717,34.0
51.456410067,34.0
51.456410067,34.0
51.456410067,34.0
51.456410067,34.0
51.456410067,34.0
51.456410067,34.0
51.456410067,34.0
51.456410067,34.0
51.456410067,34.0
51.456410067,34.0
51.45650385,34.0
51.45650385,34.0
51.45650385,34.0
51.45650385,34.0
51.45650385,34.0
51.45650385,34.0
51.45650385,34.0
51.45650385,34.0
51.45650385,34.0
51.45650385,34.0
51.456596483,33.9
51.456596483,33.9
51.456596483,33.9
51.456596483,33.9
51.456596483,33.9
51.456596483,33.9
51.456596483,33.9
51.456596483,33.9
51.456596483,33.9
51.456596483,33.9
51.45668645,33.8
51.45668645,33.8
51.45668645,33.8
51.45668645,33.8
51.45668645,33.8
51.45668645,33.8
51.45668645,33.8
51.45668645,33.8
51.45668645,33.8
51.45668645,33.8
51.456777567,33.8
51.456777567,33.8
51.456777567,33.8
51.456777567,33.8
51.456777567,33.8
51.456777567,33.8
51.456777567,33.8
51.456777567,33.8
51.456777567,33.8
51.456777567,33.8
51.4568704,33.7
51.4568704,33.7
51.4568704,33.7
51.4568704,33.7
51.4568704,33.7
51.4568704,33.7
51.4568704,33.7
51.4568704,33.7
51.4568704,33.7
51.4568704,33.7
51.456962967,33.7
51.456962967,33.7
51.456962967,33.7
51.456962967,33.7
51.456962967,33.7
51.456962967,33.7
51.456962967,33.7
51.456962967,33.7
51.456962967,33.7
51.456962967,33.7
51.4570561,33.7
51.4570561,33.7
51.4570561,33.7
51.4570561,33.7
51.4570561,33.7
51.4570561,33.7
51.4570561,33.7
51.4570561,33.7
51.4570561,33.7
51.4570561,33.7
51.457147983,33.7
51.457147983,33.7
51.457147983,33.7
51.457147983,33.7
51.457147983,33.7
51.457147983,33.7
51.457147983,33.7
51.457147983,33.7
51.457147983,33.7
51.457147983,33.7
51.457147983,33.7
51.457242,33.8
51.457242,33.8
51.457242,33.8
51.457242,33.8
51.457242,33.8
51.457242,33.8
51.457242,33.8
51.457242,33.8
51.457242,33.8
51.457242,33.8
51.4573324,33.9
51.4573324,33.9
51.4573324,33.9
51.4573324,33.9
51.4573324,33.9
51.4573324,33.9
51.4573324,33.9
51.4573324,33.9
51.4573324,33.9
51.4573324,33.9
51.45742595,33.9
51.45742595,33.9
51.45742595,33.9
51.45742595,33.9
51.45742595,33.9
51.45742595,33.9
51.45742595,33.9
51.45742595,33.9
51.45742595,33.9
51.45742595,33.9
51.457518483,33.9
51.457518483,33.9
51.457518483,33.9
51.457518483,33.9
51.457518483,33.9
51.457518483,33.9
51.457518483,33.9
51.457518483,33.9
51.457518483,33.9
51.457518483,33.9
51.4576126,33.9
51.4576126,33.9
51.4576126,33.9
51.4576126,33.9
51.4576126,33.9
51.4576126,33.9
51.4576126,33.9
51.4576126,33.9
51.4576126,33.9
51.4576126,33.9
51.4577061,33.9
51.4577061,33.9
51.4577061,33.9
51.4577061,33.9
51.4577061,33.9
51.4577061,33.9
51.4577061,33.9
51.4577061,33.9
51.4577061,33.9
51.4577061,33.9
51.457800183,34.1
51.457800183,34.1
51.457800183,34.1
51.457800183,34.1
51.457800183,34.1
51.457800183,34.1
51.457800183,34.1
51.457800183,34.1
51.457800183,34.1
51.457800183,34.1
51.45789595,34.3
51.45789595,34.3
51.45789595,34.3
51.45789595,34.3
51.45789595,34.3
51.45789595,34.3
51.45789595,34.3
51.45789595,34.3
51.45789595,34.3
51.45789595,34.3
51.457990717,34.0
51.457990717,34.0
51.457990717,34.0
51.457990717,34.0
51.457990717,34.0
51.457990717,34.0
51.457990717,34.0
51.457990717,34.0
51.457990717,34.0
51.457990717,34.0
51.458082833,34.0
51.458082833,34.0
51.458082833,34.0
51.458082833,34.0
51.458082833,34.0
51.458082833,34.0
51.458082833,34.0
51.458082833,34.0
51.458082833,34.0
51.458082833,34.0
51.458174983,34.0
51.458174983,34.0
51.458174983,34.0
51.458174983,34.0
51.458174983,34.0
51.458174983,34.0
51.458174983,34.0
51.458174983,34.0
51.458174983,34.0
51.458174983,34.0
51.458269167,33.9
51.458269167,33.9
51.458269167,33.9
51.458269167,33.9
51.458269167,33.9
51.458269167,33.9
51.458269167,33.9
51.458269167,33.9
51.458269167,33.9
51.458269167,33.9
51.458365383,33.9
51.458365383,33.9
51.458365383,33.9
51.458365383,33.9
51.458365383,33.9
51.458365383,33.9
51.458365383,33.9
51.458365383,33.9
51.458365383,33.9
51.458365383,33.9
51.458457833,34.0
51.458457833,34.0
51.458457833,34.0
51.458457833,34.0
51.458457833,34.0
51.458457833,34.0
51.458457833,34.0
51.458457833,34.0
51.458457833,34.0
51.458457833,34.0
51.458552833,34.2
51.458552833,34.2
51.458552833,34.2
51.458552833,34.2
51.458552833,34.2
51.458552833,34.2
51.458552833,34.2
51.458552833,34.2
51.458552833,34.2
51.458552833,34.2
51.45864575,34.3
51.45864575,34.3
51.45864575,34.3
51.45864575,34.3
51.45864575,34.3
51.45864575,34.3
51.45864575,34.3
51.45864575,34.3
51.45864575,34.3
51.45864575,34.3
51.458737117,34.4
51.458737117,34.4
51.458737117,34.4
51.458737117,34.4
51.458737117,34.4
51.458737117,34.4
51.458737117,34.4
51.458737117,34.4
51.458737117,34.4
51.458737117,34.4
51.458829817,34.6
51.458829817,34.6
51.458829817,34.6
51.458829817,34.6
51.458829817,34.6
51.458829817,34.6
51.458829817,34.6
51.458829817,34.6
51.458829817,34.6
51.458829817,34.6
51.4589165,34.7
51.4589165,34.7
51.4589165,34.7
51.4589165,34.7
51.4589165,34.7
51.4589165,34.7
51.4589165,34.7
51.4589165,34.7
51.4589165,34.7
51.4589165,34.7
51.45900375,34.9
51.45900375,34.9
51.45900375,34.9
51.45900375,34.9
51.45900375,34.9
51.45900375,34.9
51.45900375,34.9
51.45900375,34.9
51.45900375,34.9
51.45900375,34.9
51.459085333,35.0
51.459085333,35.0
51.459085333,35.0
51.459085333,35.0
51.459085333,35.0
51.459085333,35.0
51.459085333,35.0
51.459085333,35.0
51.459085333,35.0
51.459085333,35.0
51.459162367,35.1
51.459162367,35.1
51.459162367,35.1
51.459162367,35.1
51.459162367,35.1
51.459162367,35.1
51.459162367,35.1
51.459162367,35.1
51.459162367,35.1
51.459162367,35.1
51.45923725,35.3
51.45923725,35.3
51.45923725,35.3
51.45923725,35.3
51.45923725,35.3
51.45923725,35.3
51.45923725,35.3
51.45923725,35.3
51.45923725,35.3
51.45923725,35.3
51.4592995,34.9
51.4592995,34.9
51.4592995,34.9
51.4592995,34.9
51.4592995,34.9
51.4592995,34.9
51.4592995,34.9
51.4592995,34.9
51.4592995,34.9
51.4592995,34.9
51.45935655,34.1
51.45935655,34.1
51.45935655,34.1
51.45935655,34.1
51.45935655,34.1
51.45935655,34.1
51.45935655,34.1
51.45935655,34.1
51.45935655,34.1
51.45935655,34.1
51.45940845,33.4
51.45940845,33.4
51.45940845,33.4
51.45940845,33.4
51.45940845,33.4
51.45940845,33.4
51.45940845,33.4
51.45940845,33.4
51.45940845,33.4
51.45940845,33.4
51.459459567,32.8
51.459459567,32.8
51.459459567,32.8
51.459459567,32.8
51.459459567,32.8
51.459459567,32.8
51.459459567,32.8
51.459459567,32.8
51.459459567,32.8
51.459459567,32.8
51.459512083,32.6
51.459512083,32.6
51.459512083,32.6
51.459512083,32.6
51.459512083,32.6
51.459512083,32.6
51.459512083,32.6
51.459512083,32.6
51.459512083,32.6
51.459512083,32.6
51.45956,32.6
51.45956,32.6
51.45956,32.6
51.45956,32.6
51.45956,32.6
51.45956,32.6
51.45956,32.6
51.45956,32.6
51.45956,32.6
51.45956,32.6
51.459609333,32.8
51.459609333,32.8
51.459609333,32.8
51.459609333,32.8
51.459609333,32.8
51.459609333,32.8
51.459609333,32.8
51.459609333,32.8
51.459609333,32.8
51.459609333,32.8
51.459656617,32.8
51.459656617,32.8
51.459656617,32.8
51.459656617,32.8
51.459656617,32.8
51.459656617,32.8
51.459656617,32.8
51.459656617,32.8
51.459656617,32.8
51.459656617,32.8
51.4597087,32.8
51.4597087,32.8
51.4597087,32.8
51.4597087,32.8
51.4597087,32.8
51.4597087,32.8
51.4597087,32.8
51.4597087,32.8
51.4597087,32.8
51.4597087,32.8
51.4597606,32.8
51.4597606,32.8
51.4597606,32.8
51.4597606,32.8
51.4597606,32.8
51.4597606,32.8
51.4597606,32.8
51.4597606,32.8
51.4597606,32.8
51.4597606,32.8
51.45981035,32.8
51.45981035,32.8
51.45981035,32.8
51.45981035,32.8
51.45981035,32.8
51.45981035,32.8
51.45981035,32.8
51.45981035,32.8
51.45981035,32.8
51.45981035,32.8
51.4598568,32.8
51.4598568,32.8
51.4598568,32.8
51.4598568,32.8
51.4598568,32.8
51.4598568,32.8
51.4598568,32.8
51.4598568,32.8
51.4598568,32.8
51.4598568,32.8
51.45989405,32.9
51.45989405,32.9
51.45989405,32.9
51.45989405,32.9
51.45989405,32.9
51.45989405,32.9
51.45989405,32.9
51.45989405,32.9
51.45989405,32.9
51.45989405,32.9
51.459922917,33.0
51.459922917,33.0
51.459922917,33.0
51.459922917,33.0
51.459922917,33.0
51.459922917,33.0
51.459922917,33.0
51.459922917,33.0
51.459922917,33.0
51.459922917,33.0
51.459942867,33.2
51.459942867,33.2
51.459942867,33.2
51.459942867,33.2
51.459942867,33.2
51.459942867,33.2
51.459942867,33.2
51.459942867,33.2
51.459942867,33.2
51.459942867,33.2
51.459955367,33.3
51.459955367,33.3
51.459955367,33.3
51.459955367,33.3
51.459955367,33.3
51.459955367,33.3
51.459955367,33.3
51.459955367,33.3
51.459955367,33.3
51.459955367,33.3
51.459954733,33.4
51.459954733,33.4
51.459954733,33.4
51.459954733,33.4
51.459954733,33.4
51.459954733,33.4
51.459954733,33.4
51.459954733,33.4
51.459954733,33.4
51.459954733,33.4
51.459945867,33.3
51.459945867,33.3
51.459945867,33.3
51.459945867,33.3
51.459945867,33.3
51.459945867,33.3
51.459945867,33.3
51.459945867,33.3
51.459945867,33.3
51.459945867,33.3
51.4599273,33.3
51.4599273,33.3
51.4599273,33.3
51.4599273,33.3
51.4599273,33.3
51.4599273,33.3
51.4599273,33.3
51.4599273,33.3
51.4599273,33.3
51.4599273,33.3
51.459901967,33.0
51.459901967,33.0
51.459901967,33.0
51.459901967,33.0
51.459901967,33.0
51.459901967,33.0
51.459901967,33.0
51.459901967,33.0
51.459901967,33.0
51.459901967,33.0
51.459868,32.8
51.459868,32.8
51.459868,32.8
51.459868,32.8
51.459868,32.8
51.459868,32.8
51.459868,32.8
51.459868,32.8
51.459868,32.8
51.459868,32.8
51.459839683,32.4
51.459839683,32.4
51.459839683,32.4
51.459839683,32.4
51.459839683,32.4
51.459839683,32.4
51.459839683,32.4
51.459839683,32.4
51.459839683,32.4
51.459839683,32.4
51.4598049,32.1
51.4598049,32.1
51.4598049,32.1
51.4598049,32.1
51.4598049,32.1
51.4598049,32.1
51.4598049,32.1
51.4598049,32.1
51.4598049,32.1
51.4598049,32.1
51.459767867,31.9
51.459767867,31.9
51.459767867,31.9
51.459767867,31.9
51.459767867,31.9
51.459767867,31.9
51.459767867,31.9
51.459767867,31.9
51.459767867,31.9
51.459767867,31.9
51.459724933,31.8
51.459724933,31.8
51.459724933,31.8
51.459724933,31.8
51.459724933,31.8
51.459724933,31.8
51.459724933,31.8
51.459724933,31.8
51.459724933,31.8
51.459724933,31.8
51.45968,31.7
51.45968,31.7
51.45968,31.7
51.45968,31.7
51.45968,31.7
51.45968,31.7
51.45968,31.7
51.45968,31.7
51.45968,31.7
51.45968,31.7
51.45963035,31.7
51.45963035,31.7
51.45963035,31.7
51.45963035,31.7
51.45963035,31.7
51.45963035,31.7
51.45963035,31.7
51.45963035,31.7
51.45963035,31.7
51.45963035,31.7
51.4595807,31.7
51.4595807,31.7
51.4595807,31.7
51.4595807,31.7
51.4595807,31.7
51.4595807,31.7
51.4595807,31.7
51.4595807,31.7
51.4595807,31.7
51.4595807,31.7
51.459530867,31.7
51.459530867,31.7
51.459530867,31.7
51.459530867,31.7
51.459530867,31.7
51.459530867,31.7
51.459530867,31.7
51.459530867,31.7
51.459530867,31.7
51.459530867,31.7
51.45948825,31.8
51.45948825,31.8
51.45948825,31.8
51.45948825,31.8
51.45948825,31.8
51.45948825,31.8
51.45948825,31.8
51.45948825,31.8
51.45948825,31.8
51.45948825,31.8
51.45944265,31.8
51.45944265,31.8
51.45944265,31.8
51.45944265,31.8
51.45944265,31.8
51.45944265,31.8
51.45944265,31.8
51.45944265,31.8
51.45944265,31.8
51.45944265,31.8
51.459394,31.8
51.459394,31.8
51.459394,31.8
51.459394,31.8
51.459394,31.8
51.459394,31.8
51.459394,31.8
51.459394,31.8
51.459394,31.8
51.459394,31.8
51.45934775,31.8
51.45934775,31.8
51.45934775,31.8
51.45934775,31.8
51.45934775,31.8
51.45934775,31.8
51.45934775,31.8
51.45934775,31.8
51.45934775,31.8
51.45934775,31.8
51.45929875,31.8
51.45929875,31.8
51.45929875,31.8
51.45929875,31.8
51.45929875,31.8
51.45929875,31.8
51.45929875,31.8
51.45929875,31.8
51.45929875,31.8
51.45929875,31.8
51.45924595,31.7
51.45924595,31.7
51.45924595,31.7
51.45924595,31.7
51.45924595,31.7
51.45924595,31.7
51.45924595,31.7
51.45924595,31.7
51.45924595,31.7
51.45924595,31.7
51.4591907,31.7
51.4591907,31.7
51.4591907,31.7
51.4591907,31.7
51.4591907,31.7
51.4591907,31.7
51.4591907,31.7
51.4591907,31.7
51.4591907,31.7
51.4591907,31.7
51.459130883,31.7
51.459130883,31.7
51.459130883,31.7
51.459130883,31.7
51.459130883,31.7
51.459130883,31.7
51.459130883,31.7
51.459130883,31.7
51.459130883,31.7
51.459130883,31.7
51.459066783,31.7
51.459066783,31.7
51.459066783,31.7
51.459066783,31.7
51.459066783,31.7
51.459066783,31.7
51.459066783,31.7
51.459066783,31.7
51.459066783,31.7
51.459066783,31.7
51.458997533,31.6
51.458997533,31.6
51.458997533,31.6
51.458997533,31.6
51.458997533,31.6
51.458997533,31.6
51.458997533,31.6
51.458997533,31.6
51.458997533,31.6
51.458997533,31.6
51.45892335,31.6
51.45892335,31.6
51.45892335,31.6
51.45892335,31.6
51.45892335,31.6
51.45892335,31.6
51.45892335,31.6
51.45892335,31.6
51.45892335,31.6
51.45892335,31.6
51.458845917,31.4
51.458845917,31.4
51.458845917,31.4
51.458845917,31.4
51.458845917,31.4
51.458845917,31.4
51.458845917,31.4
51.458845917,31.4
51.458845917,31.4
51.458845917,31.4
51.458766117,31.3
51.458766117,31.3
51.458766117,31.3
51.458766117,31.3
51.458766117,31.3
51.458766117,31.3
51.458766117,31.3
51.458766117,31.3
51.458766117,31.3
51.458766117,31.3
51.458682183,31.0
51.458682183,31.0
51.458682183,31.0
51.458682183,31.0
51.458682183,31.0
51.458682183,31.0
51.458682183,31.0
51.458682183,31.0
51.458682183,31.0
51.458682183,31.0
51.45859765,30.7
51.45859765,30.7
51.45859765,30.7
51.45859765,30.7
51.45859765,30.7
51.45859765,30.7
51.45859765,30.7
51.45859765,30.7
51.45859765,30.7
51.45859765,30.7
51.458513583,30.3
51.458513583,30.3
51.458513583,30.3
51.458513583,30.3
51.458513583,30.3
51.458513583,30.3
51.458513583,30.3
51.458513583,30.3
51.458513583,30.3
51.458513583,30.3
51.458428783,30.1
51.458428783,30.1
51.458428783,30.1
51.458428783,30.1
51.458428783,30.1
51.458428783,30.1
51.458428783,30.1
51.458428783,30.1
51.458428783,30.1
51.458428783,30.1
51.458347733,29.9
51.458347733,29.9
51.458347733,29.9
51.458347733,29.9
51.458347733,29.9
51.458347733,29.9
51.458347733,29.9
51.458347733,29.9
51.458347733,29.9
51.458347733,29.9
51.4582684,29.8
51.4582684,29.8
51.4582684,29.8
51.4582684,29.8
51.4582684,29.8
51.4582684,29.8
51.4582684,29.8
51.4582684,29.8
51.4582684,29.8
51.4582684,29.8
51.458186833,29.9
51.458186833,29.9
51.458186833,29.9
51.458186833,29.9
51.458186833,29.9
51.458186833,29.9
51.458186833,29.9
51.458186833,29.9
51.458186833,29.9
51.458186833,29.9
51.458104433,30.0
51.458104433,30.0
51.458104433,30.0
51.458104433,30.0
51.458104433,30.0
51.458104433,30.0
51.458104433,30.0
51.458104433,30.0
51.458104433,30.0
51.458104433,30.0
51.458025633,30.2
51.458025633,30.2
51.458025633,30.2
51.458025633,30.2
51.458025633,30.2
51.458025633,30.2
51.458025633,30.2
51.458025633,30.2
51.458025633,30.2
51.458025633,30.2
51.457941467,30.4
51.457941467,30.4
51.457941467,30.4
51.457941467,30.4
51.457941467,30.4
51.457941467,30.4
51.457941467,30.4
51.457941467,30.4
51.457941467,30.4
51.457941467,30.4
51.457862183,30.5
51.457862183,30.5
51.457862183,30.5
51.457862183,30.5
51.457862183,30.5
51.457862183,30.5
51.457862183,30.5
51.457862183,30.5
51.457862183,30.5
51.457862183,30.5
51.457780933,30.7
51.457780933,30.7
51.457780933,30.7
51.457780933,30.7
51.457780933,30.7
51.457780933,30.7
51.457780933,30.7
51.457780933,30.7
51.457780933,30.7
51.457780933,30.7
51.457699417,30.9
51.457699417,30.9
51.457699417,30.9
51.457699417,30.9
51.457699417,30.9
51.457699417,30.9
51.457699417,30.9
51.457699417,30.9
51.457699417,30.9
51.457699417,30.9
51.457617267,31.0
51.457617267,31.0
51.457617267,31.0
51.457617267,31.0
51.457617267,31.0
51.457617267,31.0
51.457617267,31.0
51.457617267,31.0
51.457617267,31.0
51.457617267,31.0
51.4575339,31.1
51.4575339,31.1
51.4575339,31.1
51.4575339,31.1
51.4575339,31.1
51.4575339,31.1
51.4575339,31.1
51.4575339,31.1
51.4575339,31.1
51.4575339,31.1
51.45744985,31.2
51.45744985,31.2
51.45744985,31.2
51.45744985,31.2
51.45744985,31.2
51.45744985,31.2
51.45744985,31.2
51.45744985,31.2
51.45744985,31.2
51.45744985,31.2
51.457363833,31.3
51.457363833,31.3
51.457363833,31.3
51.457363833,31.3
51.457363833,31.3
51.457363833,31.3
51.457363833,31.3
51.457363833,31.3
51.457363833,31.3
51.457363833,31.3
51.457277717,31.4
51.457277717,31.4
51.457277717,31.4
51.457277717,31.4
51.457277717,31.4
51.457277717,31.4
51.457277717,31.4
51.457277717,31.4
51.457277717,31.4
51.457277717,31.4
51.4571923,31.5
51.4571923,31.5
51.4571923,31.5
51.4571923,31.5
51.4571923,31.5
51.4571923,31.5
51.4571923,31.5
51.4571923,31.5
51.4571923,31.5
51.4571923,31.5
51.457107433,31.6
51.457107433,31.6
51.457107433,31.6
51.457107433,31.6
51.457107433,31.6
51.457107433,31.6
51.457107433,31.6
51.457107433,31.6
51.457107433,31.6
51.457107433,31.6
51.45702395,31.6
51.45702395,31.6
51.45702395,31.6
51.45702395,31.6
51.45702395,31.6
51.45702395,31.6
51.45702395,31.6
51.45702395,31.6
51.45702395,31.6
51.45702395,31.6
51.456939333,31.8
51.456939333,31.8
51.456939333,31.8
51.456939333,31.8
51.456939333,31.8
51.456939333,31.8
51.456939333,31.8
51.456939333,31.8
51.456939333,31.8
51.456939333,31.8
51.45685565,31.8
51.45685565,31.8
51.45685565,31.8
51.45685565,31.8
51.45685565,31.8
51.45685565,31.8
51.45685565,31.8
51.45685565,31.8
51.45685565,31.8
51.45685565,31.8
51.45676935,31.8
51.45676935,31.8
51.45676935,31.8
51.45676935,31.8
51.45676935,31.8
51.45676935,31.8
51.45676935,31.8
51.45676935,31.8
51.45676935,31.8
51.45676935,31.8
51.456681,31.7
51.456681,31.7
51.456681,31.7
51.456681,31.7
51.456681,31.7
51.456681,31.7
51.456681,31.7
51.456681,31.7
51.456681,31.7
51.456681,31.7
51.4565963,31.8
51.4565963,31.8
51.4565963,31.8
51.4565963,31.8
51.4565963,31.8
51.4565963,31.8
51.4565963,31.8
51.4565963,31.8
51.4565963,31.8
51.4565963,31.8
51.456509083,31.8
51.456509083,31.8
51.456509083,31.8
51.456509083,31.8
51.456509083,31.8
51.456509083,31.8
51.456509083,31.8
51.456509083,31.8
51.456509083,31.8
51.456509083,31.8
51.456420433,31.9
51.456420433,31.9
51.456420433,31.9
51.456420433,31.9
51.456420433,31.9
51.456420433,31.9
51.456420433,31.9
51.456420433,31.9
51.456420433,31.9
51.456420433,31.9
51.4563343,32.0
51.4563343,32.0
51.4563343,32.0
51.4563343,32.0
51.4563343,32.0
51.4563343,32.0
51.4563343,32.0
51.4563343,32.0
51.4563343,32.0
51.4563343,32.0
51.4563343,32.0
51.45624715,31.8
51.45624715,31.8
51.45624715,31.8
51.45624715,31.8
51.45624715,31.8
51.45624715,31.8
51.45624715,31.8
51.45624715,31.8
51.45624715,31.8
51.45624715,31.8
51.456162717,31.6
51.456162717,31.6
51.456162717,31.6
51.456162717,31.6
51.456162717,31.6
51.456162717,31.6
51.456162717,31.6
51.456162717,31.6
51.456162717,31.6
51.456162717,31.6
51.456074617,31.5
51.456074617,31.5
51.456074617,31.5
51.456074617,31.5
51.456074617,31.5
51.456074617,31.5
51.456074617,31.5
51.456074617,31.5
51.456074617,31.5
51.456074617,31.5
51.455987167,31.6
51.455987167,31.6
51.455987167,31.6
51.455987167,31.6
51.455987167,31.6
51.455987167,31.6
51.455987167,31.6
51.455987167,31.6
51.455987167,31.6
51.455987167,31.6
51.455901433,31.8
51.455901433,31.8
51.455901433,31.8
51.455901433,31.8
51.455901433,31.8
51.455901433,31.8
51.455901433,31.8
51.455901433,31.8
51.455901433,31.8
51.455901433,31.8
51.455817567,31.9
51.455817567,31.9
51.455817567,31.9
51.455817567,31.9
51.455817567,31.9
51.455817567,31.9
51.455817567,31.9
51.455817567,31.9
51.455817567,31.9
51.455817567,31.9
51.4557392,32.0
51.4557392,32.0
51.4557392,32.0
51.4557392,32.0
51.4557392,32.0
51.4557392,32.0
51.4557392,32.0
51.4557392,32.0
51.4557392,32.0
51.4557392,32.0
51.45566335,32.0
51.45566335,32.0
51.45566335,32.0
51.45566335,32.0
51.45566335,32.0
51.45566335,32.0
51.45566335,32.0
51.45566335,32.0
51.45566335,32.0
51.45566335,32.0
51.4555925,32.1
51.4555925,32.1
51.4555925,32.1
51.4555925,32.1
51.4555925,32.1
51.4555925,32.1
51.4555925,32.1
51.4555925,32.1
51.4555925,32.1
51.4555925,32.1
51.4555264,32.2
51.4555264,32.2
51.4555264,32.2
51.4555264,32.2
51.4555264,32.2
51.4555264,32.2
51.4555264,32.2
51.4555264,32.2
51.4555264,32.2
51.4555264,32.2
51.45546855,32.4
51.45546855,32.4
51.45546855,32.4
51.45546855,32.4
51.45546855,32.4
51.45546855,32.4
51.45546855,32.4
51.45546855,32.4
51.45546855,32.4
51.45546855,32.4
51.455416117,32.5
51.455416117,32.5
51.455416117,32.5
51.455416117,32.5
51.455416117,32.5
51.455416117,32.5
51.455416117,32.5
51.455416117,32.5
51.455416117,32.5
51.455416117,32.5
51.45536665,32.7
51.45536665,32.7
51.45536665,32.7
51.45536665,32.7
51.45536665,32.7
51.45536665,32.7
51.45536665,32.7
51.45536665,32.7
51.45536665,32.7
51.45536665,32.7
51.455319917,32.8
51.455319917,32.8
51.455319917,32.8
51.455319917,32.8
51.455319917,32.8
51.455319917,32.8
51.455319917,32.8
51.455319917,32.8
51.455319917,32.8
51.455319917,32.8
51.455274733,32.9
51.455274733,32.9
51.455274733,32.9
51.455274733,32.9
51.455274733,32.9
51.455274733,32.9
51.455274733,32.9
51.455274733,32.9
51.455274733,32.9
51.455274733,32.9
51.4552299,33.1
51.4552299,33.1
51.4552299,33.1
51.4552299,33.1
51.4552299,33.1
51.4552299,33.1
51.4552299,33.1
51.4552299,33.1
51.4552299,33.1
51.4552299,33.1
51.45518635,33.3
51.45518635,33.3
51.45518635,33.3
51.45518635,33.3
51.45518635,33.3
51.45518635,33.3
51.45518635,33.3
51.45518635,33.3
51.45518635,33.3
51.45518635,33.3
51.45514445,33.4
51.45514445,33.4
51.45514445,33.4
51.45514445,33.4
51.45514445,33.4
51.45514445,33.4
51.45514445,33.4
51.45514445,33.4
51.45514445,33.4
51.45514445,33.4
51.455102933,33.7
51.455102933,33.7
51.455102933,33.7
51.455102933,33.7
51.455102933,33.7
51.455102933,33.7
51.455102933,33.7
51.455102933,33.7
51.455102933,33.7
51.455102933,33.7
51.4550577,33.9
51.4550577,33.9
51.4550577,33.9
51.4550577,33.9
51.4550577,33.9
51.4550577,33.9
51.4550577,33.9
51.4550577,33.9
51.4550577,33.9
51.4550577,33.9
51.455014783,34.0
51.455014783,34.0
51.455014783,34.0
51.455014783,34.0
51.455014783,34.0
51.455014783,34.0
51.455014783,34.0
51.455014783,34.0
51.455014783,34.0
51.455014783,34.0
51.454975067,34.2
51.454975067,34.2
51.454975067,34.2
51.454975067,34.2
51.454975067,34.2
51.454975067,34.2
51.454975067,34.2
51.454975067,34.2
51.454975067,34.2
51.454975067,34.2
51.454934033,34.3
51.454934033,34.3
51.454934033,34.3
51.454934033,34.3
51.454934033,34.3
51.454934033,34.3
51.454934033,34.3
51.454934033,34.3
51.454934033,34.3
51.454934033,34.3
51.454889233,34.4
51.454889233,34.4
51.454889233,34.4
51.454889233,34.4
51.454889233,34.4
51.454889233,34.4
51.454889233,34.4
51.454889233,34.4
51.454889233,34.4
51.454889233,34.4
51.45484975,34.6
51.45484975,34.6
51.45484975,34.6
51.45484975,34.6
51.45484975,34.6
51.45484975,34.6
51.45484975,34.6
51.45484975,34.6
51.45484975,34.6
51.45484975,34.6
51.454808983,34.7
51.454808983,34.7
51.454808983,34.7
51.454808983,34.7
51.454808983,34.7
51.454808983,34.7
51.454808983,34.7
51.454808983,34.7
51.454808983,34.7
51.454808983,34.7
51.454768167,34.2
51.454768167,34.2
51.454768167,34.2
51.454768167,34.2
51.454768167,34.2
51.454768167,34.2
51.454768167,34.2
51.454768167,34.2
51.454768167,34.2
51.454768167,34.2
51.45472955,34.8
51.45472955,34.8
51.45472955,34.8
51.45472955,34.8
51.45472955,34.8
51.45472955,34.8
51.45472955,34.8
51.45472955,34.8
51.45472955,34.8
51.45472955,34.8
51.4546918,34.9
51.4546918,34.9
51.4546918,34.9
51.4546918,34.9
51.4546918,34.9
51.4546918,34.9
51.4546918,34.9
51.4546918,34.9
51.4546918,34.9
51.4546918,34.9
51.45465475,34.9
51.45465475,34.9
51.45465475,34.9
51.45465475,34.9
51.45465475,34.9
51.45465475,34.9
51.45465475,34.9
51.45465475,34.9
51.45465475,34.9
51.45465475,34.9
51.454616,34.9
51.454616,34.9
51.454616,34.9
51.454616,34.9
51.454616,34.9
51.454616,34.9
51.454616,34.9
51.454616,34.9
51.454616,34.9
51.454616,34.9
51.454576517,34.8
51.454576517,34.8
51.454576517,34.8
51.454576517,34.8
51.454576517,34.8
51.454576517,34.8
51.454576517,34.8
51.454576517,34.8
51.454576517,34.8
51.454576517,34.8
51.454536433,34.7
51.454536433,34.7
51.454536433,34.7
51.454536433,34.7
51.454536433,34.7
51.454536433,34.7
51.454536433,34.7
51.454536433,34.7
51.454536433,34.7
51.454536433,34.7
51.454495583,34.6
51.454495583,34.6
51.454495583,34.6
51.454495583,34.6
51.454495583,34.6
51.454495583,34.6
51.454495583,34.6
51.454495583,34.6
51.454495583,34.6
51.454495583,34.6
51.454452767,34.4
51.454452767,34.4
51.454452767,34.4
51.454452767,34.4
51.454452767,34.4
51.454452767,34.4
51.454452767,34.4
51.454452767,34.4
51.454452767,34.4
51.454452767,34.4
51.454411817,34.2
51.454411817,34.2
51.454411817,34.2
51.454411817,34.2
51.454411817,34.2
51.454411817,34.2
51.454411817,34.2
51.454411817,34.2
51.454411817,34.2
51.454411817,34.2
51.454369733,34.0
51.454369733,34.0
51.454369733,34.0
51.454369733,34.0
51.454369733,34.0
51.454369733,34.0
51.454369733,34.0
51.454369733,34.0
51.454369733,34.0
51.454369733,34.0
51.454326267,33.8
51.454326267,33.8
51.454326267,33.8
51.454326267,33.8
51.454326267,33.8
51.454326267,33.8
51.454326267,33.8
51.454326267,33.8
51.454326267,33.8
51.454326267,33.8
51.454282833,33.6
51.454282833,33.6
51.454282833,33.6
51.454282833,33.6
51.454282833,33.6
51.454282833,33.6
51.454282833,33.6
51.454282833,33.6
51.454282833,33.6
51.454282833,33.6
51.454239633,33.4
51.454239633,33.4
51.454239633,33.4
51.454239633,33.4
51.454239633,33.4
51.454239633,33.4
51.454239633,33.4
51.454239633,33.4
51.454239633,33.4
51.454239633,33.4
51.454197967,33.2
51.454197967,33.2
51.454197967,33.2
51.454197967,33.2
51.454197967,33.2
51.454197967,33.2
51.454197967,33.2
51.454197967,33.2
51.454197967,33.2
51.454197967,33.2
51.454156733,33.1
51.454156733,33.1
51.454156733,33.1
51.454156733,33.1
51.454156733,33.1
51.454156733,33.1
51.454156733,33.1
51.454156733,33.1
51.454156733,33.1
51.454156733,33.1
51.454115383,32.9
51.454115383,32.9
51.454115383,32.9
51.454115383,32.9
51.454115383,32.9
51.454115383,32.9
51.454115383,32.9
51.454115383,32.9
51.454115383,32.9
51.454115383,32.9
51.454073133,32.8
51.454073133,32.8
51.454073133,32.8
51.454073133,32.8
51.454073133,32.8
51.454073133,32.8
51.454073133,32.8
51.454073133,32.8
51.454073133,32.8
51.454073133,32.8
51.454033017,32.7
51.454033017,32.7
51.454033017,32.7
51.454033017,32.7
51.454033017,32.7
51.454033017,32.7
51.454033017,32.7
51.454033017,32.7
51.454033017,32.7
51.454033017,32.7
51.453991033,32.6
51.453991033,32.6
51.453991033,32.6
51.453991033,32.6
51.453991033,32.6
51.453991033,32.6
51.453991033,32.6
51.453991033,32.6
51.453991033,32.6
51.453991033,32.6
51.4539472,32.5
51.4539472,32.5
51.4539472,32.5
51.4539472,32.5
51.4539472,32.5
51.4539472,32.5
51.4539472,32.5
51.4539472,32.5
51.4539472,32.5
51.4539472,32.5
51.453903283,32.3
51.453903283,32.3
51.453903283,32.3
51.453903283,32.3
51.453903283,32.3
51.453903283,32.3
51.453903283,32.3
51.453903283,32.3
51.453903283,32.3
51.453903283,32.3
51.453856483,32.2
51.453856483,32.2
51.453856483,32.2
51.453856483,32.2
51.453856483,32.2
51.453856483,32.2
51.453856483,32.2
51.453856483,32.2
51.453856483,32.2
51.453856483,32.2
51.453803267,32.1
51.453803267,32.1
51.453803267,32.1
51.453803267,32.1
51.453803267,32.1
51.453803267,32.1
51.453803267,32.1
51.453803267,32.1
51.453803267,32.1
51.453803267,32.1
51.4537444,32.2
51.4537444,32.2
51.4537444,32.2
51.4537444,32.2
51.4537444,32.2
51.4537444,32.2
51.4537444,32.2
51.4537444,32.2
51.4537444,32.2
51.4537444,32.2
51.4536803,32.3
51.4536803,32.3
51.4536803,32.3
51.4536803,32.3
51.4536803,32.3
51.4536803,32.3
51.4536803,32.3
51.4536803,32.3
51.4536803,32.3
51.4536803,32.3
51.453606967,32.3
51.453606967,32.3
51.453606967,32.3
51.453606967,32.3
51.453606967,32.3
51.453606967,32.3
51.453606967,32.3
51.453606967,32.3
51.453606967,32.3
51.453606967,32.3
51.45352985,32.3
51.45352985,32.3
51.45352985,32.3
51.45352985,32.3
51.45352985,32.3
51.45352985,32.3
51.45352985,32.3
51.45352985,32.3
51.45352985,32.3
51.45352985,32.3
51.453448617,32.1
51.453448617,32.1
51.453448617,32.1
51.453448617,32.1
51.453448617,32.1
51.453448617,32.1
51.453448617,32.1
51.453448617,32.1
51.453448617,32.1
51.453448617,32.1
51.453367383,31.9
51.453367383,31.9
51.453367383,31.9
51.453367383,31.9
51.453367383,31.9
51.453367383,31.9
51.453367383,31.9
51.453367383,31.9
51.453367383,31.9
51.453367383,31.9
51.453282417,31.7
51.453282417,31.7
51.453282417,31.7
51.453282417,31.7
51.453282417,31.7
51.453282417,31.7
51.453282417,31.7
51.453282417,31.7
51.453282417,31.7
51.453282417,31.7
51.453191617,31.4
51.453191617,31.4
51.453191617,31.4
51.453191617,31.4
51.453191617,31.4
51.453191617,31.4
51.453191617,31.4
51.453191617,31.4
51.453191617,31.4
51.453191617,31.4
51.453106417,31.3
51.453106417,31.3
51.453106417,31.3
51.453106417,31.3
51.453106417,31.3
51.453106417,31.3
51.453106417,31.3
51.453106417,31.3
51.453106417,31.3
51.453106417,31.3
51.453020333,31.0
51.453020333,31.0
51.453020333,31.0
51.453020333,31.0
51.453020333,31.0
51.453020333,31.0
51.453020333,31.0
51.453020333,31.0
51.453020333,31.0
51.453020333,31.0
51.452943183,30.7
51.452943183,30.7
51.452943183,30.7
51.452943183,30.7
51.452943183,30.7
51.452943183,30.7
51.452943183,30.7
51.452943183,30.7
51.452943183,30.7
51.452943183,30.7
51.452874533,30.6
51.452874533,30.6
51.452874533,30.6
51.452874533,30.6
51.452874533,30.6
51.452874533,30.6
51.452874533,30.6
51.452874533,30.6
51.452874533,30.6
51.452874533,30.6
51.4528126,30.4
51.4528126,30.4
51.4528126,30.4
51.4528126,30.4
51.4528126,30.4
51.4528126,30.4
51.4528126,30.4
51.4528126,30.4
51.4528126,30.4
51.4528126,30.4
51.452758417,30.2
51.452758417,30.2
51.452758417,30.2
51.452758417,30.2
51.452758417,30.2
51.452758417,30.2
51.452758417,30.2
51.452758417,30.2
51.452758417,30.2
51.452758417,30.2
51.452711717,30.1
51.452711717,30.1
51.452711717,30.1
51.452711717,30.1
51.452711717,30.1
51.452711717,30.1
51.452711717,30.1
51.452711717,30.1
51.452711717,30.1
51.452711717,30.1
51.452666133,29.9
51.452666133,29.9
51.452666133,29.9
51.452666133,29.9
51.452666133,29.9
51.452666133,29.9
51.452666133,29.9
51.452666133,29.9
51.452666133,29.9
51.452666133,29.9
51.452625367,29.5
51.452625367,29.5
51.452625367,29.5
51.452625367,29.5
51.452625367,29.5
51.452625367,29.5
51.452625367,29.5
51.452625367,29.5
51.452625367,29.5
51.452625367,29.5
51.452580217,29.3
51.452580217,29.3
51.452580217,29.3
51.452580217,29.3
51.452580217,29.3
51.452580217,29.3
51.452580217,29.3
51.452580217,29.3
51.452580217,29.3
51.452580217,29.3
51.45253995,29.2
51.45253995,29.2
51.45253995,29.2
51.45253995,29.2
51.45253995,29.2
51.45253995,29.2
51.45253995,29.2
51.45253995,29.2
51.45253995,29.2
51.45253995,29.2
51.452497583,28.9
51.452497583,28.9
51.452497583,28.9
51.452497583,28.9
51.452497583,28.9
51.452497583,28.9
51.452497583,28.9
51.452497583,28.9
51.452497583,28.9
51.452497583,28.9
51.45245815,28.7
51.45245815,28.7
51.45245815,28.7
51.45245815,28.7
51.45245815,28.7
51.45245815,28.7
51.45245815,28.7
51.45245815,28.7
51.45245815,28.7
51.45245815,28.7
51.452417983,28.7
51.452417983,28.7
51.452417983,28.7
51.452417983,28.7
51.452417983,28.7
51.452417983,28.7
51.452417983,28.7
51.452417983,28.7
51.452417983,28.7
51.452417983,28.7
51.452383583,28.6
51.452383583,28.6
51.452383583,28.6
51.452383583,28.6
51.452383583,28.6
51.452383583,28.6
51.452383583,28.6
51.452383583,28.6
51.452383583,28.6
51.452383583,28.6
51.452349833,28.7
51.452349833,28.7
51.452349833,28.7
51.452349833,28.7
51.452349833,28.7
51.452349833,28.7
51.452349833,28.7
51.452349833,28.7
51.452349833,28.7
51.452349833,28.7
51.452311433,28.8
51.452311433,28.8
51.452311433,28.8
51.452311433,28.8
51.452311433,28.8
51.452311433,28.8
51.452311433,28.8
51.452311433,28.8
51.452311433,28.8
51.452311433,28.8
51.452266367,29.0
51.452266367,29.0
51.452266367,29.0
51.452266367,29.0
51.452266367,29.0
51.452266367,29.0
51.452266367,29.0
51.452266367,29.0
51.452266367,29.0
51.452266367,29.0
51.452231167,29.4
51.452231167,29.4
51.452231167,29.4
51.452231167,29.4
51.452231167,29.4
51.452231167,29.4
51.452231167,29.4
51.452231167,29.4
51.452231167,29.4
51.452231167,29.4
51.452194417,30.0
51.452194417,30.0
51.452194417,30.0
51.452194417,30.0
51.452194417,30.0
51.452194417,30.0
51.452194417,30.0
51.452194417,30.0
51.452194417,30.0
51.452194417,30.0
51.452154733,30.4
51.452154733,30.4
51.452154733,30.4
51.452154733,30.4
51.452154733,30.4
51.452154733,30.4
51.452154733,30.4
51.452154733,30.4
51.452154733,30.4
51.452154733,30.4
51.452112017,30.8
51.452112017,30.8
51.452112017,30.8
51.452112017,30.8
51.452112017,30.8
51.452112017,30.8
51.452112017,30.8
51.452112017,30.8
51.452112017,30.8
51.452112017,30.8
51.4520708,31.1
51.4520708,31.1
51.4520708,31.1
51.4520708,31.1
51.4520708,31.1
51.4520708,31.1
51.4520708,31.1
51.4520708,31.1
51.4520708,31.1
51.4520708,31.1
51.45202865,31.2
51.45202865,31.2
51.45202865,31.2
51.45202865,31.2
51.45202865,31.2
51.45202865,31.2
51.45202865,31.2
51.45202865,31.2
51.45202865,31.2
51.45202865,31.2
51.45198295,31.3
51.45198295,31.3
51.45198295,31.3
51.45198295,31.3
51.45198295,31.3
51.45198295,31.3
51.45198295,31.3
51.45198295,31.3
51.45198295,31.3
51.45198295,31.3
51.451942483,31.3
51.451942483,31.3
51.451942483,31.3
51.451942483,31.3
51.451942483,31.3
51.451942483,31.3
51.451942483,31.3
51.451942483,31.3
51.451942483,31.3
51.451942483,31.3
51.4519,31.4
51.4519,31.4
51.4519,31.4
51.4519,31.4
51.4519,31.4
51.4519,31.4
51.4519,31.4
51.4519,31.4
51.4519,31.4
51.4519,31.4
51.451856833,31.5
51.451856833,31.5
51.451856833,31.5
51.451856833,31.5
51.451856833,31.5
51.451856833,31.5
51.451856833,31.5
51.451856833,31.5
51.451856833,31.5
51.451856833,31.5
51.451812283,31.5
51.451812283,31.5
51.451812283,31.5
51.451812283,31.5
51.451812283,31.5
51.451812283,31.5
51.451812283,31.5
51.451812283,31.5
51.451812283,31.5
51.451812283,31.5
51.451768467,31.5
51.451768467,31.5
51.451768467,31.5
51.451768467,31.5
51.451768467,31.5
51.451768467,31.5
51.451768467,31.5
51.451768467,31.5
51.451768467,31.5
51.451768467,31.5
51.451722233,31.6
51.451722233,31.6
51.451722233,31.6
51.451722233,31.6
51.451722233,31.6
51.451722233,31.6
51.451722233,31.6
51.451722233,31.6
51.451722233,31.6
51.451722233,31.6
51.451682067,31.5
51.451682067,31.5
51.451682067,31.5
51.451682067,31.5
51.451682067,31.5
51.451682067,31.5
51.451682067,31.5
51.451682067,31.5
51.451682067,31.5
51.451682067,31.5
51.45164005,31.5
51.45164005,31.5
51.45164005,31.5
51.45164005,31.5
51.45164005,31.5
51.45164005,31.5
51.45164005,31.5
51.45164005,31.5
51.45164005,31.5
51.45164005,31.5
51.451596267,31.5
51.451596267,31.5
51.451596267,31.5
51.451596267,31.5
51.451596267,31.5
51.451596267,31.5
51.451596267,31.5
51.451596267,31.5
51.451596267,31.5
51.451596267,31.5
51.451596267,31.5
51.451550867,31.3
51.451550867,31.3
51.451550867,31.3
51.451550867,31.3
51.451550867,31.3
51.451550867,31.3
51.451550867,31.3
51.451550867,31.3
51.451550867,31.3
51.451510033,31.2
51.451510033,31.2
51.451510033,31.2
51.451510033,31.2
51.451510033,31.2
51.451510033,31.2
51.451510033,31.2
51.451510033,31.2
51.451510033,31.2
51.451510033,31.2
51.451510033,31.2
51.451465333,31.1
51.451465333,31.1
51.451465333,31.1
51.451465333,31.1
51.451465333,31.1
51.451465333,31.1
51.451465333,31.1
51.451465333,31.1
51.451465333,31.1
51.451465333,31.1
51.451421267,30.9
51.451421267,30.9
51.451421267,30.9
51.451421267,30.9
51.451421267,30.9
51.451421267,30.9
51.451421267,30.9
51.451421267,30.9
51.451421267,30.9
51.451421267,30.9
51.4513783,30.7
51.4513783,30.7
51.4513783,30.7
51.4513783,30.7
51.4513783,30.7
51.4513783,30.7
51.4513783,30.7
51.4513783,30.7
51.4513783,30.7
51.4513783,30.7
51.451339383,30.6
51.451339383,30.6
51.451339383,30.6
51.451339383,30.6
51.451339383,30.6
51.451339383,30.6
51.451339383,30.6
51.451339383,30.6
51.451339383,30.6
51.451339383,30.6
51.451297067,30.5
51.451297067,30.5
51.451297067,30.5
51.451297067,30.5
51.451297067,30.5
51.451297067,30.5
51.451297067,30.5
51.451297067,30.5
51.451297067,30.5
51.451297067,30.5
51.451255533,30.5
51.451255533,30.5
51.451255533,30.5
51.451255533,30.5
51.451255533,30.5
51.451255533,30.5
51.451255533,30.5
51.451255533,30.5
51.451255533,30.5
51.451255533,30.5
51.451212033,30.4
51.451212033,30.4
51.451212033,30.4
51.451212033,30.4
51.451212033,30.4
51.451212033,30.4
51.451212033,30.4
51.451212033,30.4
51.451212033,30.4
51.451212033,30.4
51.451171883,30.4
51.451171883,30.4
51.451171883,30.4
51.451171883,30.4
51.451171883,30.4
51.451171883,30.4
51.451171883,30.4
51.451171883,30.4
51.451171883,30.4
51.451171883,30.4
51.451131067,30.2
51.451131067,30.2
51.451131067,30.2
51.451131067,30.2
51.451131067,30.2
51.451131067,30.2
51.451131067,30.2
51.451131067,30.2
51.451131067,30.2
51.451131067,30.2
51.451093217,30.1
51.451093217,30.1
51.451093217,30.1
51.451093217,30.1
51.451093217,30.1
51.451093217,30.1
51.451093217,30.1
51.451093217,30.1
51.451093217,30.1
51.451093217,30.1
51.4510545,30.0
51.4510545,30.0
51.4510545,30.0
51.4510545,30.0
51.4510545,30.0
51.4510545,30.0
51.4510545,30.0
51.4510545,30.0
51.4510545,30.0
51.4510545,30.0
51.451014033,29.9
51.451014033,29.9
51.451014033,29.9
51.451014033,29.9
51.451014033,29.9
51.451014033,29.9
51.451014033,29.9
51.451014033,29.9
51.451014033,29.9
51.451014033,29.9
51.450971367,29.9
51.450971367,29.9
51.450971367,29.9
51.450971367,29.9
51.450971367,29.9
51.450971367,29.9
51.450971367,29.9
51.450971367,29.9
51.450971367,29.9
51.450971367,29.9
51.45093335,29.9
51.45093335,29.9
51.45093335,29.9
51.45093335,29.9
51.45093335,29.9
51.45093335,29.9
51.45093335,29.9
51.45093335,29.9
51.45093335,29.9
51.45093335,29.9
51.45089325,30.0
51.45089325,30.0
51.45089325,30.0
51.45089325,30.0
51.45089325,30.0
51.45089325,30.0
51.45089325,30.0
51.45089325,30.0
51.45089325,30.0
51.45089325,30.0
51.45085325,30.2
51.45085325,30.2
51.45085325,30.2
51.45085325,30.2
51.45085325,30.2
51.45085325,30.2
51.45085325,30.2
51.45085325,30.2
51.45085325,30.2
51.45085325,30.2
51.450813417,30.2
51.450813417,30.2
51.450813417,30.2
51.450813417,30.2
51.450813417,30.2
51.450813417,30.2
51.450813417,30.2
51.450813417,30.2
51.450813417,30.2
51.450813417,30.2
51.4507698,30.2
51.4507698,30.2
51.4507698,30.2
51.4507698,30.2
51.4507698,30.2
51.4507698,30.2
51.4507698,30.2
51.4507698,30.2
51.4507698,30.2
51.4507698,30.2
51.45072655,30.2
51.45072655,30.2
51.45072655,30.2
51.45072655,30.2
51.45072655,30.2
51.45072655,30.2
51.45072655,30.2
51.45072655,30.2
51.45072655,30.2
51.45072655,30.2
51.450683833,30.2
51.450683833,30.2
51.450683833,30.2
51.450683833,30.2
51.450683833,30.2
51.450683833,30.2
51.450683833,30.2
51.450683833,30.2
51.450683833,30.2
51.450683833,30.2
51.450639767,30.2
51.450639767,30.2
51.450639767,30.2
51.450639767,30.2
51.450639767,30.2
51.450639767,30.2
51.450639767,30.2
51.450639767,30.2
51.450639767,30.2
51.450639767,30.2
51.4505945,30.3
51.4505945,30.3
51.4505945,30.3
51.4505945,30.3
51.4505945,30.3
51.4505945,30.3
51.4505945,30.3
51.4505945,30.3
51.4505945,30.3
51.4505945,30.3
51.45055595,30.4
51.45055595,30.4
51.45055595,30.4
51.45055595,30.4
51.45055595,30.4
51.45055595,30.4
51.45055595,30.4
51.45055595,30.4
51.45055595,30.4
51.45055595,30.4
51.450512767,30.4
51.450512767,30.4
51.450512767,30.4
51.450512767,30.4
51.450512767,30.4
51.450512767,30.4
51.450512767,30.4
51.450512767,30.4
51.450512767,30.4
51.450512767,30.4
51.450477083,30.3
51.450477083,30.3
51.450477083,30.3
51.450477083,30.3
51.450477083,30.3
51.450477083,30.3
51.450477083,30.3
51.450477083,30.3
51.450477083,30.3
51.450477083,30.3
51.450437567,30.3
51.450437567,30.3
51.450437567,30.3
51.450437567,30.3
51.450437567,30.3
51.450437567,30.3
51.450437567,30.3
51.450437567,30.3
51.450437567,30.3
51.450437567,30.3
51.45039455,29.4
51.45039455,29.4
51.45039455,29.4
51.45039455,29.4
51.45039455,29.4
51.45039455,29.4
51.45039455,29.4
51.45039455,29.4
51.45039455,29.4
51.45039455,29.4
51.450357333,28.0
51.450357333,28.0
51.450357333,28.0
51.450357333,28.0
51.450357333,28.0
51.450357333,28.0
51.450357333,28.0
51.450357333,28.0
51.450357333,28.0
51.450357333,28.0
51.45032515,26.7
51.45032515,26.7
51.45032515,26.7
51.45032515,26.7
51.45032515,26.7
51.45032515,26.7
51.45032515,26.7
51.45032515,26.7
51.45032515,26.7
51.45032515,26.7
51.4502931,25.5
51.4502931,25.5
51.4502931,25.5
51.4502931,25.5
51.4502931,25.5
51.4502931,25.5
51.4502931,25.5
51.4502931,25.5
51.4502931,25.5
51.4502931,25.5
51.450262467,24.3
51.450262467,24.3
51.450262467,24.3
51.450262467,24.3
51.450262467,24.3
51.450262467,24.3
51.450262467,24.3
51.450262467,24.3
51.450262467,24.3
51.450262467,24.3
51.450230233,23.2
51.450230233,23.2
51.450230233,23.2
51.450230233,23.2
51.450230233,23.2
51.450230233,23.2
51.450230233,23.2
51.450230233,23.2
51.450230233,23.2
51.450230233,23.2
51.45020345,22.1
51.45020345,22.1
51.45020345,22.1
51.45020345,22.1
51.45020345,22.1
51.45020345,22.1
51.45020345,22.1
51.45020345,22.1
51.45020345,22.1
51.45020345,22.1
51.450174883,21.0
51.450174883,21.0
51.450174883,21.0
51.450174883,21.0
51.450174883,21.0
51.450174883,21.0
51.450174883,21.0
51.450174883,21.0
51.450174883,21.0
51.450174883,21.0
51.450144817,19.9
51.450144817,19.9
51.450144817,19.9
51.450144817,19.9
51.450144817,19.9
51.450144817,19.9
51.450144817,19.9
51.450144817,19.9
51.450144817,19.9
51.450144817,19.9
51.450122317,18.7
51.450122317,18.7
51.450122317,18.7
51.450122317,18.7
51.450122317,18.7
51.450122317,18.7
51.450122317,18.7
51.450122317,18.7
51.450122317,18.7
51.450122317,18.7
51.450099783,16.1
51.450099783,16.1
51.450099783,16.1
51.450099783,16.1
51.450099783,16.1
51.450099783,16.1
51.450099783,16.1
51.450099783,16.1
51.450099783,16.1
51.4500736,13.2
51.4500736,13.2
51.4500736,13.2
51.4500736,13.2
51.4500736,13.2
51.4500736,13.2
51.4500736,13.2
51.4500736,13.2
51.4500736,13.2
51.4500736,13.2
51.450062433,9.9
51.450062433,9.9
51.450062433,9.9
51.450062433,9.9
51.450062433,9.9
51.450062433,9.9
51.450062433,9.9
51.450062433,9.9
51.450062433,9.9
51.450062433,9.9
51.4500579,6.6
51.4500579,6.6
51.4500579,6.6
51.4500579,6.6
51.4500579,6.6
51.4500579,6.6
51.4500579,6.6
51.4500579,6.6
51.4500579,6.6
51.4500579,6.6
51.450057567,3.2
51.450057567,3.2
51.450057567,3.2
51.450057567,3.2
51.450057567,3.2
51.450057567,3.2
51.450057567,3.2
51.450057567,3.2
51.450057567,3.2
51.450057567,3.2
51.450041767,0.9
51.450041767,0.9
51.450041767,0.9
51.450041767,0.9
51.450041767,0.9
51.450041767,0.9
51.450041767,0.9
51.450041767,0.9
51.450041767,0.9
51.450041767,0.9
51.450041883,1.0
51.450041883,1.0
51.450041883,1.0
51.450041883,1.0
51.450041883,1.0
51.450041883,1.0
51.450041883,1.0
51.450041883,1.0
51.450041883,1.0
51.450041883,1.0
51.450040483,1.0
51.450040483,1.0
51.450040483,1.0
51.450040483,1.0
51.450040483,1.0
51.450040483,1.0
51.450040483,1.0
51.450040483,1.0
51.450040483,1.0
51.450040483,1.0
51.450039,1.5
51.450039,1.5
51.450039,1.5
51.450039,1.5
51.450039,1.5
51.450039,1.5
51.450039,1.5
51.450039,1.5
51.450039,1.5
51.450039,1.5
51.450036233,2.2
51.450036233,2.2
51.450036233,2.2
51.450036233,2.2
51.450036233,2.2
51.450036233,2.2
51.450036233,2.2
51.450036233,2.2
51.450036233,2.2
51.450036233,2.2
51.450032517,2.7
51.450032517,2.7
51.450032517,2.7
51.450032517,2.7
51.450032517,2.7
51.450032517,2.7
51.450032517,2.7
51.450032517,2.7
51.450032517,2.7
51.450032517,2.7
51.4500272,4.1
51.4500272,4.1
51.4500272,4.1
51.4500272,4.1
51.4500272,4.1
51.4500272,4.1
51.4500272,4.1
51.4500272,4.1
51.4500272,4.1
51.4500272,4.1
51.450021817,4.0
51.450021817,4.0
51.450021817,4.0
51.450021817,4.0
51.450021817,4.0
51.450021817,4.0
51.450021817,4.0
51.450021817,4.0
51.450021817,4.0
51.450021817,4.0
51.4500158,4.1
51.4500158,4.1
51.4500158,4.1
51.4500158,4.1
51.4500158,4.1
51.4500158,4.1
51.4500158,4.1
51.4500158,4.1
51.4500158,4.1
51.4500158,4.1
51.450009833,4.5
51.450009833,4.5
51.450009833,4.5
51.450009833,4.5
51.450009833,4.5
51.450009833,4.5
51.450009833,4.5
51.450009833,4.5
51.450009833,4.5
51.450009833,4.5
51.45000305,4.9
51.45000305,4.9
51.45000305,4.9
51.45000305,4.9
51.45000305,4.9
51.45000305,4.9
51.45000305,4.9
51.45000305,4.9
51.45000305,4.9
51.45000305,4.9
51.4499929,7.3
51.4499929,7.3
51.4499929,7.3
51.4499929,7.3
51.4499929,7.3
51.4499929,7.3
51.4499929,7.3
51.4499929,7.3
51.4499929,7.3
51.4499929,7.3
51.449982833,8.0
51.449982833,8.0
51.449982833,8.0
51.449982833,8.0
51.449982833,8.0
51.449982833,8.0
51.449982833,8.0
51.449982833,8.0
51.449982833,8.0
51.449982833,8.0
51.449971767,8.5
51.449971767,8.5
51.449971767,8.5
51.449971767,8.5
51.449971767,8.5
51.449971767,8.5
51.449971767,8.5
51.449971767,8.5
51.449971767,8.5
51.449971767,8.5
51.44996025,9.1
51.44996025,9.1
51.44996025,9.1
51.44996025,9.1
51.44996025,9.1
51.44996025,9.1
51.44996025,9.1
51.44996025,9.1
51.44996025,9.1
51.44996025,9.1
51.44994845,9.1
51.44994845,9.1
51.44994845,9.1
51.44994845,9.1
51.44994845,9.1
51.44994845,9.1
51.44994845,9.1
51.44994845,9.1
51.44994845,9.1
51.44994845,9.1
51.44993755,9.1
51.44993755,9.1
51.44993755,9.1
51.44993755,9.1
51.44993755,9.1
51.44993755,9.1
51.44993755,9.1
51.44993755,9.1
51.44993755,9.1
51.44993755,9.1
51.449920267,10.2
51.449920267,10.2
51.449920267,10.2
51.449920267,10.2
51.449920267,10.2
51.449920267,10.2
51.449920267,10.2
51.449920267,10.2
51.449920267,10.2
51.449920267,10.2
51.449901983,12.7
51.449901983,12.7
51.449901983,12.7
51.449901983,12.7
51.449901983,12.7
51.449901983,12.7
51.449901983,12.7
51.449901983,12.7
51.449901983,12.7
51.449901983,12.7
51.44988385,13.1
51.44988385,13.1
51.44988385,13.1
51.44988385,13.1
51.44988385,13.1
51.44988385,13.1
51.44988385,13.1
51.44988385,13.1
51.44988385,13.1
51.44988385,13.1
51.449865583,13.5
51.449865583,13.5
51.449865583,13.5
51.449865583,13.5
51.449865583,13.5
51.449865583,13.5
51.449865583,13.5
51.449865583,13.5
51.449865583,13.5
51.449865583,13.5
51.44984715,13.9
51.44984715,13.9
51.44984715,13.9
51.44984715,13.9
51.44984715,13.9
51.44984715,13.9
51.44984715,13.9
51.44984715,13.9
51.44984715,13.9
51.44984715,13.9
51.449828467,14.2
51.449828467,14.2
51.449828467,14.2
51.449828467,14.2
51.449828467,14.2
51.449828467,14.2
51.449828467,14.2
51.449828467,14.2
51.449828467,14.2
51.449828467,14.2
51.449808117,15.6
51.449808117,15.6
51.449808117,15.6
51.449808117,15.6
51.449808117,15.6
51.449808117,15.6
51.449808117,15.6
51.449808117,15.6
51.449808117,15.6
51.449808117,15.6
51.449787867,15.8
51.449787867,15.8
51.449787867,15.8
51.449787867,15.8
51.449787867,15.8
51.449787867,15.8
51.449787867,15.8
51.449787867,15.8
51.449787867,15.8
51.449787867,15.8
51.449767133,15.9
51.449767133,15.9
51.449767133,15.9
51.449767133,15.9
51.449767133,15.9
51.449767133,15.9
51.449767133,15.9
51.449767133,15.9
51.449767133,15.9
51.449767133,15.9
51.4497462,16.0
51.4497462,16.0
51.4497462,16.0
51.4497462,16.0
51.4497462,16.0
51.4497462,16.0
51.4497462,16.0
51.4497462,16.0
51.4497462,16.0
51.4497462,16.0
51.449725233,16.2
51.449725233,16.2
51.449725233,16.2
51.449725233,16.2
51.449725233,16.2
51.449725233,16.2
51.449725233,16.2
51.449725233,16.2
51.449725233,16.2
51.449725233,16.2
51.44970415,16.3
51.44970415,16.3
51.44970415,16.3
51.44970415,16.3
51.44970415,16.3
51.44970415,16.3
51.44970415,16.3
51.44970415,16.3
51.44970415,16.3
51.44970415,16.3
51.4496822,16.4
51.4496822,16.4
51.4496822,16.4
51.4496822,16.4
51.4496822,16.4
51.4496822,16.4
51.4496822,16.4
51.4496822,16.4
51.4496822,16.4
51.4496822,16.4
51.449659867,16.5
51.449659867,16.5
51.449659867,16.5
51.449659867,16.5
51.449659867,16.5
51.449659867,16.5
51.449659867,16.5
51.449659867,16.5
51.449659867,16.5
51.449659867,16.5
51.449659867,16.5
51.4496372,16.6
51.4496372,16.6
51.4496372,16.6
51.4496372,16.6
51.4496372,16.6
51.4496372,16.6
51.4496372,16.6
51.4496372,16.6
51.4496372,16.6
51.449614817,16.7
51.449614817,16.7
51.449614817,16.7
51.449614817,16.7
51.449614817,16.7
51.449614817,16.7
51.449614817,16.7
51.449614817,16.7
51.449614817,16.7
51.449614817,16.7
51.449614817,16.7
51.449592433,16.8
51.449592433,16.8
51.449592433,16.8
51.449592433,16.8
51.449592433,16.8
51.449592433,16.8
51.449592433,16.8
51.449592433,16.8
51.449592433,16.8
51.449592433,16.8
51.449570433,16.8
51.449570433,16.8
51.449570433,16.8
51.449570433,16.8
51.449570433,16.8
51.449570433,16.8
51.449570433,16.8
51.449570433,16.8
51.449570433,16.8
51.449570433,16.8
51.44954875,16.9
51.44954875,16.9
51.44954875,16.9
51.44954875,16.9
51.44954875,16.9
51.44954875,16.9
51.44954875,16.9
51.44954875,16.9
51.44954875,16.9
51.44954875,16.9
51.449527433,16.9
51.449527433,16.9
51.449527433,16.9
51.449527433,16.9
51.449527433,16.9
51.449527433,16.9
51.449527433,16.9
51.449527433,16.9
51.449527433,16.9
51.449527433,16.9
51.449505733,16.9
51.449505733,16.9
51.449505733,16.9
51.449505733,16.9
51.449505733,16.9
51.449505733,16.9
51.449505733,16.9
51.449505733,16.9
51.449505733,16.9
51.449505733,16.9
51.449484233,16.9
51.449484233,16.9
51.449484233,16.9
51.449484233,16.9
51.449484233,16.9
51.449484233,16.9
51.449484233,16.9
51.449484233,16.9
51.449484233,16.9
51.449484233,16.9
51.4494623,17.0
51.4494623,17.0
51.4494623,17.0
51.4494623,17.0
51.4494623,17.0
51.4494623,17.0
51.4494623,17.0
51.4494623,17.0
51.4494623,17.0
51.4494623,17.0
51.44944025,17.0
51.44944025,17.0
51.44944025,17.0
51.44944025,17.0
51.44944025,17.0
51.44944025,17.0
51.44944025,17.0
51.44944025,17.0
51.44944025,17.0
51.44944025,17.0
51.44941785,17.0
51.44941785,17.0
51.44941785,17.0
51.44941785,17.0
51.44941785,17.0
51.44941785,17.0
51.44941785,17.0
51.44941785,17.0
51.44941785,17.0
51.44941785,17.0
51.44939535,17.1
51.44939535,17.1
51.44939535,17.1
51.44939535,17.1
51.44939535,17.1
51.44939535,17.1
51.44939535,17.1
51.44939535,17.1
51.44939535,17.1
51.44939535,17.1
51.4493718,17.1
51.4493718,17.1
51.4493718,17.1
51.4493718,17.1
51.4493718,17.1
51.4493718,17.1
51.4493718,17.1
51.4493718,17.1
51.4493718,17.1
51.4493718,17.1
51.449348383,17.2
51.449348383,17.2
51.449348383,17.2
51.449348383,17.2
51.449348383,17.2
51.449348383,17.2
51.449348383,17.2
51.449348383,17.2
51.449348383,17.2
51.449348383,17.2
51.44932485,17.2
51.44932485,17.2
51.44932485,17.2
51.44932485,17.2
51.44932485,17.2
51.44932485,17.2
51.44932485,17.2
51.44932485,17.2
51.44932485,17.2
51.44932485,17.2
51.449301533,17.3
51.449301533,17.3
51.449301533,17.3
51.449301533,17.3
51.449301533,17.3
51.449301533,17.3
51.449301533,17.3
51.449301533,17.3
51.449301533,17.3
51.449301533,17.3
51.449278667,17.3
51.449278667,17.3
51.449278667,17.3
51.449278667,17.3
51.449278667,17.3
51.449278667,17.3
51.449278667,17.3
51.449278667,17.3
51.449278667,17.3
51.449278667,17.3
51.44925565,17.4
51.44925565,17.4
51.44925565,17.4
51.44925565,17.4
51.44925565,17.4
51.44925565,17.4
51.44925565,17.4
51.44925565,17.4
51.44925565,17.4
51.44925565,17.4
51.449231533,18.1
51.449231533,18.1
51.449231533,18.1
51.449231533,18.1
51.449231533,18.1
51.449231533,18.1
51.449231533,18.1
51.449231533,18.1
51.449231533,18.1
51.449231533,18.1
51.4492083,18.3
51.4492083,18.3
51.4492083,18.3
51.4492083,18.3
51.4492083,18.3
51.4492083,18.3
51.4492083,18.3
51.4492083,18.3
51.4492083,18.3
51.4492083,18.3
51.449185583,18.6
51.449185583,18.6
51.449185583,18.6
51.449185583,18.6
51.449185583,18.6
51.449185583,18.6
51.449185583,18.6
51.449185583,18.6
51.449185583,18.6
51.449185583,18.6
51.449158,19.1
51.449158,19.1
51.449158,19.1
51.449158,19.1
51.449158,19.1
51.449158,19.1
51.449158,19.1
51.449158,19.1
51.449158,19.1
51.449158,19.1
51.44912795,19.4
51.44912795,19.4
51.44912795,19.4
51.44912795,19.4
51.44912795,19.4
51.44912795,19.4
51.44912795,19.4
51.44912795,19.4
51.44912795,19.4
51.44912795,19.4
51.449101533,19.7
51.449101533,19.7
51.449101533,19.7
51.449101533,19.7
51.449101533,19.7
51.449101533,19.7
51.449101533,19.7
51.449101533,19.7
51.449101533,19.7
51.449101533,19.7
51.4490761,19.9
51.4490761,19.9
51.4490761,19.9
51.4490761,19.9
51.4490761,19.9
51.4490761,19.9
51.4490761,19.9
51.4490761,19.9
51.4490761,19.9
51.4490761,19.9
51.44904745,20.0
51.44904745,20.0
51.44904745,20.0
51.44904745,20.0
51.44904745,20.0
51.44904745,20.0
51.44904745,20.0
51.44904745,20.0
51.44904745,20.0
51.44904745,20.0
51.449020167,20.2
51.449020167,20.2
51.449020167,20.2
51.449020167,20.2
51.449020167,20.2
51.449020167,20.2
51.449020167,20.2
51.449020167,20.2
51.449020167,20.2
51.449020167,20.2
51.448992117,20.4
51.448992117,20.4
51.448992117,20.4
51.448992117,20.4
51.448992117,20.4
51.448992117,20.4
51.448992117,20.4
51.448992117,20.4
51.448992117,20.4
51.448992117,20.4
51.44896705,20.6
51.44896705,20.6
51.44896705,20.6
51.44896705,20.6
51.44896705,20.6
51.44896705,20.6
51.44896705,20.6
51.44896705,20.6
51.44896705,20.6
51.44896705,20.6
51.448934967,20.9
51.448934967,20.9
51.448934967,20.9
51.448934967,20.9
51.448934967,20.9
51.448934967,20.9
51.448934967,20.9
51.448934967,20.9
51.448934967,20.9
51.448934967,20.9
51.448904167,21.1
51.448904167,21.1
51.448904167,21.1
51.448904167,21.1
51.448904167,21.1
51.448904167,21.1
51.448904167,21.1
51.448904167,21.1
51.448904167,21.1
51.448904167,21.1
51.448874817,21.3
51.448874817,21.3
51.448874817,21.3
51.448874817,21.3
51.448874817,21.3
51.448874817,21.3
51.448874817,21.3
51.448874817,21.3
51.448874817,21.3
51.448874817,21.3
51.448846967,21.4
51.448846967,21.4
51.448846967,21.4
51.448846967,21.4
51.448846967,21.4
51.448846967,21.4
51.448846967,21.4
51.448846967,21.4
51.448846967,21.4
51.448846967,21.4
51.448818033,21.6
51.448818033,21.6
51.448818033,21.6
51.448818033,21.6
51.448818033,21.6
51.448818033,21.6
51.448818033,21.6
51.448818033,21.6
51.448818033,21.6
51.448818033,21.6
51.4487923,21.7
51.4487923,21.7
51.4487923,21.7
51.4487923,21.7
51.4487923,21.7
51.4487923,21.7
51.4487923,21.7
51.4487923,21.7
51.4487923,21.7
51.4487923,21.7
51.44876645,21.9
51.44876645,21.9
51.44876645,21.9
51.44876645,21.9
51.44876645,21.9
51.44876645,21.9
51.44876645,21.9
51.44876645,21.9
51.44876645,21.9
51.44876645,21.9
51.448736467,22.1
51.448736467,22.1
51.448736467,22.1
51.448736467,22.1
51.448736467,22.1
51.448736467,22.1
51.448736467,22.1
51.448736467,22.1
51.448736467,22.1
51.448736467,22.1
51.448705667,22.3
51.448705667,22.3
51.448705667,22.3
51.448705667,22.3
51.448705667,22.3
51.448705667,22.3
51.448705667,22.3
51.448705667,22.3
51.448705667,22.3
51.448705667,22.3
51.448677333,22.4
51.448677333,22.4
51.448677333,22.4
51.448677333,22.4
51.448677333,22.4
51.448677333,22.4
51.448677333,22.4
51.448677333,22.4
51.448677333,22.4
51.448677333,22.4
51.448645033,22.5
51.448645033,22.5
51.448645033,22.5
51.448645033,22.5
51.448645033,22.5
51.448645033,22.5
51.448645033,22.5
51.448645033,22.5
51.448645033,22.5
51.448645033,22.5
51.448613883,22.5
51.448613883,22.5
51.448613883,22.5
51.448613883,22.5
51.448613883,22.5
51.448613883,22.5
51.448613883,22.5
51.448613883,22.5
51.448613883,22.5
51.448613883,22.5
51.448583983,22.3
51.448583983,22.3
51.448583983,22.3
51.448583983,22.3
51.448583983,22.3
51.448583983,22.3
51.448583983,22.3
51.448583983,22.3
51.448583983,22.3
51.448583983,22.3
51.448551333,22.3
51.448551333,22.3
51.448551333,22.3
51.448551333,22.3
51.448551333,22.3
51.448551333,22.3
51.448551333,22.3
51.448551333,22.3
51.448551333,22.3
51.448551333,22.3
51.448524083,22.2
51.448524083,22.2
51.448524083,22.2
51.448524083,22.2
51.448524083,22.2
51.448524083,22.2
51.448524083,22.2
51.448524083,22.2
51.448524083,22.2
51.448524083,22.2
51.4484913,22.2
51.4484913,22.2
51.4484913,22.2
51.4484913,22.2
51.4484913,22.2
51.4484913,22.2
51.4484913,22.2
51.4484913,22.2
51.4484913,22.2
51.4484913,22.2
51.448455917,22.5
51.448455917,22.5
51.448455917,22.5
51.448455917,22.5
51.448455917,22.5
51.448455917,22.5
51.448455917,22.5
51.448455917,22.5
51.448455917,22.5
51.448455917,22.5
51.448411083,22.4
51.448411083,22.4
51.448411083,22.4
51.448411083,22.4
51.448411083,22.4
51.448411083,22.4
51.448411083,22.4
51.448411083,22.4
51.448411083,22.4
51.448411083,22.4
51.44837435,22.2
51.44837435,22.2
51.44837435,22.2
51.44837435,22.2
51.44837435,22.2
51.44837435,22.2
51.44837435,22.2
51.44837435,22.2
51.44837435,22.2
51.44837435,22.2
51.448341567,22.2
51.448341567,22.2
51.448341567,22.2
51.448341567,22.2
51.448341567,22.2
51.448341567,22.2
51.448341567,22.2
51.448341567,22.2
51.448341567,22.2
51.448341567,22.2
51.448312567,21.7
51.448312567,21.7
51.448312567,21.7
51.448312567,21.7
51.448312567,21.7
51.448312567,21.7
51.448312567,21.7
51.448312567,21.7
51.448312567,21.7
51.448312567,21.7
51.448286217,21.8
51.448286217,21.8
51.448286217,21.8
51.448286217,21.8
51.448286217,21.8
51.448286217,21.8
51.448286217,21.8
51.448286217,21.8
51.448286217,21.8
51.448286217,21.8
51.448254483,21.8
51.448254483,21.8
51.448254483,21.8
51.448254483,21.8
51.448254483,21.8
51.448254483,21.8
51.448254483,21.8
51.448254483,21.8
51.448254483,21.8
51.448254483,21.8
51.448224133,21.3
51.448224133,21.3
51.448224133,21.3
51.448224133,21.3
51.448224133,21.3
51.448224133,21.3
51.448224133,21.3
51.448224133,21.3
51.448224133,21.3
51.448224133,21.3
51.4481942,21.3
51.4481942,21.3
51.4481942,21.3
51.4481942,21.3
51.4481942,21.3
51.4481942,21.3
51.4481942,21.3
51.4481942,21.3
51.4481942,21.3
51.4481942,21.3
51.448165917,21.3
51.448165917,21.3
51.448165917,21.3
51.448165917,21.3
51.448165917,21.3
51.448165917,21.3
51.448165917,21.3
51.448165917,21.3
51.448165917,21.3
51.448165917,21.3
51.448142483,21.1
51.448142483,21.1
51.448142483,21.1
51.448142483,21.1
51.448142483,21.1
51.448142483,21.1
51.448142483,21.1
51.448142483,21.1
51.448142483,21.1
51.448142483,21.1
51.448109383,21.0
51.448109383,21.0
51.448109383,21.0
51.448109383,21.0
51.448109383,21.0
51.448109383,21.0
51.448109383,21.0
51.448109383,21.0
51.448109383,21.0
51.448109383,21.0
51.448085317,21.0
51.448085317,21.0
51.448085317,21.0
51.448085317,21.0
51.448085317,21.0
51.448085317,21.0
51.448085317,21.0
51.448085317,21.0
51.448085317,21.0
51.448085317,21.0
51.448060083,20.8
51.448060083,20.8
51.448060083,20.8
51.448060083,20.8
51.448060083,20.8
51.448060083,20.8
51.448060083,20.8
51.448060083,20.8
51.448060083,20.8
51.448060083,20.8
51.44803735,20.7
51.44803735,20.7
51.44803735,20.7
51.44803735,20.7
51.44803735,20.7
51.44803735,20.7
51.44803735,20.7
51.44803735,20.7
51.44803735,20.7
51.44803735,20.7
51.44800745,20.7
51.44800745,20.7
51.44800745,20.7
51.44800745,20.7
51.44800745,20.7
51.44800745,20.7
51.44800745,20.7
51.44800745,20.7
51.44800745,20.7
51.44800745,20.7
51.447979183,20.7
51.447979183,20.7
51.447979183,20.7
51.447979183,20.7
51.447979183,20.7
51.447979183,20.7
51.447979183,20.7
51.447979183,20.7
51.447979183,20.7
51.447979183,20.7
51.447953017,20.7
51.447953017,20.7
51.447953017,20.7
51.447953017,20.7
51.447953017,20.7
51.447953017,20.7
51.447953017,20.7
51.447953017,20.7
51.447953017,20.7
51.447953017,20.7
51.44792575,20.8
51.44792575,20.8
51.44792575,20.8
51.44792575,20.8
51.44792575,20.8
51.44792575,20.8
51.44792575,20.8
51.44792575,20.8
51.44792575,20.8
51.44792575,20.8
51.44789545,21.0
51.44789545,21.0
51.44789545,21.0
51.44789545,21.0
51.44789545,21.0
51.44789545,21.0
51.44789545,21.0
51.44789545,21.0
51.44789545,21.0
51.44789545,21.0
51.44786355,21.1
51.44786355,21.1
51.44786355,21.1
51.44786355,21.1
51.44786355,21.1
51.44786355,21.1
51.44786355,21.1
51.44786355,21.1
51.44786355,21.1
51.44786355,21.1
51.447831567,21.3
51.447831567,21.3
51.447831567,21.3
51.447831567,21.3
51.447831567,21.3
51.447831567,21.3
51.447831567,21.3
51.447831567,21.3
51.447831567,21.3
51.447831567,21.3
51.44779715,21.3
51.44779715,21.3
51.44779715,21.3
51.44779715,21.3
51.44779715,21.3
51.44779715,21.3
51.44779715,21.3
51.44779715,21.3
51.44779715,21.3
51.44779715,21.3
51.44776955,21.3
51.44776955,21.3
51.44776955,21.3
51.44776955,21.3
51.44776955,21.3
51.44776955,21.3
51.44776955,21.3
51.44776955,21.3
51.44776955,21.3
51.44776955,21.3
51.447738,21.2
51.447738,21.2
51.447738,21.2
51.447738,21.2
51.447738,21.2
51.447738,21.2
51.447738,21.2
51.447738,21.2
51.447738,21.2
51.447738,21.2
51.447709067,21.2
51.447709067,21.2
51.447709067,21.2
51.447709067,21.2
51.447709067,21.2
51.447709067,21.2
51.447709067,21.2
51.447709067,21.2
51.447709067,21.2
51.447709067,21.2
51.4476801,21.0
51.4476801,21.0
51.4476801,21.0
51.4476801,21.0
51.4476801,21.0
51.4476801,21.0
51.4476801,21.0
51.4476801,21.0
51.4476801,21.0
51.4476801,21.0
51.4476543,20.7
51.4476543,20.7
51.4476543,20.7
51.4476543,20.7
51.4476543,20.7
51.4476543,20.7
51.4476543,20.7
51.4476543,20.7
51.4476543,20.7
51.4476543,20.7
51.447627967,20.6
51.447627967,20.6
51.447627967,20.6
51.447627967,20.6
51.447627967,20.6
51.447627967,20.6
51.447627967,20.6
51.447627967,20.6
51.447627967,20.6
51.447627967,20.6
51.4476023,20.6
51.4476023,20.6
51.4476023,20.6
51.4476023,20.6
51.4476023,20.6
51.4476023,20.6
51.4476023,20.6
51.4476023,20.6
51.4476023,20.6
51.4476023,20.6
51.44757875,20.7
51.44757875,20.7
51.44757875,20.7
51.44757875,20.7
51.44757875,20.7
51.44757875,20.7
51.44757875,20.7
51.44757875,20.7
51.44757875,20.7
51.44757875,20.7
51.447561083,20.9
51.447561083,20.9
51.447561083,20.9
51.447561083,20.9
51.447561083,20.9
51.447561083,20.9
51.447561083,20.9
51.447561083,20.9
51.447561083,20.9
51.447561083,20.9
51.447546167,21.1
51.447546167,21.1
51.447546167,21.1
51.447546167,21.1
51.447546167,21.1
51.447546167,21.1
51.447546167,21.1
51.447546167,21.1
51.447546167,21.1
51.447546167,21.1
51.4475315,21.6
51.4475315,21.6
51.4475315,21.6
51.4475315,21.6
51.4475315,21.6
51.4475315,21.6
51.4475315,21.6
51.4475315,21.6
51.4475315,21.6
51.4475315,21.6
51.447521917,21.9
51.447521917,21.9
51.447521917,21.9
51.447521917,21.9
51.447521917,21.9
51.447521917,21.9
51.447521917,21.9
51.447521917,21.9
51.447521917,21.9
51.447521917,21.9
51.447515283,22.0
51.447515283,22.0
51.447515283,22.0
51.447515283,22.0
51.447515283,22.0
51.447515283,22.0
51.447515283,22.0
51.447515283,22.0
51.447515283,22.0
51.447515283,22.0
51.447512817,22.0
51.447512817,22.0
51.447512817,22.0
51.447512817,22.0
51.447512817,22.0
51.447512817,22.0
51.447512817,22.0
51.447512817,22.0
51.447512817,22.0
51.447512817,22.0
51.44751695,22.1
51.44751695,22.1
51.44751695,22.1
51.44751695,22.1
51.44751695,22.1
51.44751695,22.1
51.44751695,22.1
51.44751695,22.1
51.44751695,22.1
51.44751695,22.1
51.447526017,22.2
51.447526017,22.2
51.447526017,22.2
51.447526017,22.2
51.447526017,22.2
51.447526017,22.2
51.447526017,22.2
51.447526017,22.2
51.447526017,22.2
51.447526017,22.2
51.44754335,22.3
51.44754335,22.3
51.44754335,22.3
51.44754335,22.3
51.44754335,22.3
51.44754335,22.3
51.44754335,22.3
51.44754335,22.3
51.44754335,22.3
51.44754335,22.3
51.447560233,22.3
51.447560233,22.3
51.447560233,22.3
51.447560233,22.3
51.447560233,22.3
51.447560233,22.3
51.447560233,22.3
51.447560233,22.3
51.447560233,22.3
51.447560233,22.3
51.4475839,22.2
51.4475839,22.2
51.4475839,22.2
51.4475839,22.2
51.4475839,22.2
51.4475839,22.2
51.4475839,22.2
51.4475839,22.2
51.4475839,22.2
51.4475839,22.2
51.447611633,22.3
51.447611633,22.3
51.447611633,22.3
51.447611633,22.3
51.447611633,22.3
51.447611633,22.3
51.447611633,22.3
51.447611633,22.3
51.447611633,22.3
51.447611633,22.3
51.4476452,22.2
51.4476452,22.2
51.4476452,22.2
51.4476452,22.2
51.4476452,22.2
51.4476452,22.2
51.4476452,22.2
51.4476452,22.2
51.4476452,22.2
51.4476452,22.2
51.447681317,22.0
51.447681317,22.0
51.447681317,22.0
51.447681317,22.0
51.447681317,22.0
51.447681317,22.0
51.447681317,22.0
51.447681317,22.0
51.447681317,22.0
51.447681317,22.0
51.447721517,21.9
51.447721517,21.9
51.447721517,21.9
51.447721517,21.9
51.447721517,21.9
51.447721517,21.9
51.447721517,21.9
51.447721517,21.9
51.447721517,21.9
51.447721517,21.9
51.447768333,21.8
51.447768333,21.8
51.447768333,21.8
51.447768333,21.8
51.447768333,21.8
51.447768333,21.8
51.447768333,21.8
51.447768333,21.8
51.447768333,21.8
51.447768333,21.8
51.447819517,21.7
51.447819517,21.7
51.447819517,21.7
51.447819517,21.7
51.447819517,21.7
51.447819517,21.7
51.447819517,21.7
51.447819517,21.7
51.447819517,21.7
51.447819517,21.7
51.44787085,22.0
51.44787085,22.0
51.44787085,22.0
51.44787085,22.0
51.44787085,22.0
51.44787085,22.0
51.44787085,22.0
51.44787085,22.0
51.44787085,22.0
51.44787085,22.0
51.447924117,22.1
51.447924117,22.1
51.447924117,22.1
51.447924117,22.1
51.447924117,22.1
51.447924117,22.1
51.447924117,22.1
51.447924117,22.1
51.447924117,22.1
51.447924117,22.1
51.447924117,22.1
51.447984067,22.2
51.447984067,22.2
51.447984067,22.2
51.447984067,22.2
51.447984067,22.2
51.447984067,22.2
51.447984067,22.2
51.447984067,22.2
51.447984067,22.2
51.447984067,22.2
51.448041917,22.3
51.448041917,22.3
51.448041917,22.3
51.448041917,22.3
51.448041917,22.3
51.448041917,22.3
51.448041917,22.3
51.448041917,22.3
51.448041917,22.3
51.448041917,22.3
51.448103517,22.4
51.448103517,22.4
51.448103517,22.4
51.448103517,22.4
51.448103517,22.4
51.448103517,22.4
51.448103517,22.4
51.448103517,22.4
51.448103517,22.4
51.448103517,22.4
51.44816815,22.9
51.44816815,22.9
51.44816815,22.9
51.44816815,22.9
51.44816815,22.9
51.44816815,22.9
51.44816815,22.9
51.44816815,22.9
51.44816815,22.9
51.44816815,22.9
51.448230983,23.1
51.448230983,23.1
51.448230983,23.1
51.448230983,23.1
51.448230983,23.1
51.448230983,23.1
51.448230983,23.1
51.448230983,23.1
51.448230983,23.1
51.448230983,23.1
51.448293417,23.4
51.448293417,23.4
51.448293417,23.4
51.448293417,23.4
51.448293417,23.4
51.448293417,23.4
51.448293417,23.4
51.448293417,23.4
51.448293417,23.4
51.448293417,23.4
51.448353817,23.6
51.448353817,23.6
51.448353817,23.6
51.448353817,23.6
51.448353817,23.6
51.448353817,23.6
51.448353817,23.6
51.448353817,23.6
51.448353817,23.6
51.448353817,23.6
51.448415467,23.8
51.448415467,23.8
51.448415467,23.8
51.448415467,23.8
51.448415467,23.8
51.448415467,23.8
51.448415467,23.8
51.448415467,23.8
51.448415467,23.8
51.448415467,23.8
51.44847685,23.9
51.44847685,23.9
51.44847685,23.9
51.44847685,23.9
51.44847685,23.9
51.44847685,23.9
51.44847685,23.9
51.44847685,23.9
51.44847685,23.9
51.44847685,23.9
51.448535667,24.1
51.448535667,24.1
51.448535667,24.1
51.448535667,24.1
51.448535667,24.1
51.448535667,24.1
51.448535667,24.1
51.448535667,24.1
51.448535667,24.1
51.448535667,24.1
51.44859,24.3
51.44859,24.3
51.44859,24.3
51.44859,24.3
51.44859,24.3
51.44859,24.3
51.44859,24.3
51.44859,24.3
51.44859,24.3
51.44859,24.3
51.44864245,24.6
51.44864245,24.6
51.44864245,24.6
51.44864245,24.6
51.44864245,24.6
51.44864245,24.6
51.44864245,24.6
51.44864245,24.6
51.44864245,24.6
51.44864245,24.6
51.44869665,24.9
51.44869665,24.9
51.44869665,24.9
51.44869665,24.9
51.44869665,24.9
51.44869665,24.9
51.44869665,24.9
51.44869665,24.9
51.44869665,24.9
51.44869665,24.9
51.448748217,25.2
51.448748217,25.2
51.448748217,25.2
51.448748217,25.2
51.448748217,25.2
51.448748217,25.2
51.448748217,25.2
51.448748217,25.2
51.448748217,25.2
51.448748217,25.2
51.448803567,25.5
51.448803567,25.5
51.448803567,25.5
51.448803567,25.5
51.448803567,25.5
51.448803567,25.5
51.448803567,25.5
51.448803567,25.5
51.448803567,25.5
51.448803567,25.5
51.448857617,25.7
51.448857617,25.7
51.448857617,25.7
51.448857617,25.7
51.448857617,25.7
51.448857617,25.7
51.448857617,25.7
51.448857617,25.7
51.448857617,25.7
51.448857617,25.7
51.448913517,25.9
51.448913517,25.9
51.448913517,25.9
51.448913517,25.9
51.448913517,25.9
51.448913517,25.9
51.448913517,25.9
51.448913517,25.9
51.448913517,25.9
51.448913517,25.9
51.448968283,26.0
51.448968283,26.0
51.448968283,26.0
51.448968283,26.0
51.448968283,26.0
51.448968283,26.0
51.448968283,26.0
51.448968283,26.0
51.448968283,26.0
51.448968283,26.0
51.449021917,26.2
51.449021917,26.2
51.449021917,26.2
51.449021917,26.2
51.449021917,26.2
51.449021917,26.2
51.449021917,26.2
51.449021917,26.2
51.449021917,26.2
51.449021917,26.2
51.44907405,26.2
51.44907405,26.2
51.44907405,26.2
51.44907405,26.2
51.44907405,26.2
51.44907405,26.2
51.44907405,26.2
51.44907405,26.2
51.44907405,26.2
51.44907405,26.2
51.44912465,26.2
51.44912465,26.2
51.44912465,26.2
51.44912465,26.2
51.44912465,26.2
51.44912465,26.2
51.44912465,26.2
51.44912465,26.2
51.44912465,26.2
51.44912465,26.2
51.44917615,25.9
51.44917615,25.9
51.44917615,25.9
51.44917615,25.9
51.44917615,25.9
51.44917615,25.9
51.44917615,25.9
51.44917615,25.9
51.44917615,25.9
51.44917615,25.9
51.449229283,25.7
51.449229283,25.7
51.449229283,25.7
51.449229283,25.7
51.449229283,25.7
51.449229283,25.7
51.449229283,25.7
51.449229283,25.7
51.449229283,25.7
51.449229283,25.7
51.449277467,25.3
51.449277467,25.3
51.449277467,25.3
51.449277467,25.3
51.449277467,25.3
51.449277467,25.3
51.449277467,25.3
51.449277467,25.3
51.449277467,25.3
51.449277467,25.3
51.449328817,25.0
51.449328817,25.0
51.449328817,25.0
51.449328817,25.0
51.449328817,25.0
51.449328817,25.0
51.449328817,25.0
51.449328817,25.0
51.449328817,25.0
51.449328817,25.0
51.449382533,24.8
51.449382533,24.8
51.449382533,24.8
51.449382533,24.8
51.449382533,24.8
51.449382533,24.8
51.449382533,24.8
51.449382533,24.8
51.449382533,24.8
51.449382533,24.8
51.44943565,24.5
51.44943565,24.5
51.44943565,24.5
51.44943565,24.5
51.44943565,24.5
51.44943565,24.5
51.44943565,24.5
51.44943565,24.5
51.44943565,24.5
51.44943565,24.5
51.449486183,24.4
51.449486183,24.4
51.449486183,24.4
51.449486183,24.4
51.449486183,24.4
51.449486183,24.4
51.449486183,24.4
51.449486183,24.4
51.449486183,24.4
51.449486183,24.4
51.449539083,24.2
51.449539083,24.2
51.449539083,24.2
51.449539083,24.2
51.449539083,24.2
51.449539083,24.2
51.449539083,24.2
51.449539083,24.2
51.449539083,24.2
51.449539083,24.2
51.44959115,24.1
51.44959115,24.1
51.44959115,24.1
51.44959115,24.1
51.44959115,24.1
51.44959115,24.1
51.44959115,24.1
51.44959115,24.1
51.44959115,24.1
51.44959115,24.1
51.4496476,24.3
51.4496476,24.3
51.4496476,24.3
51.4496476,24.3
51.4496476,24.3
51.4496476,24.3
51.4496476,24.3
51.4496476,24.3
51.4496476,24.3
51.4496476,24.3
51.449701733,24.4
51.449701733,24.4
51.449701733,24.4
51.449701733,24.4
51.449701733,24.4
51.449701733,24.4
51.449701733,24.4
51.449701733,24.4
51.449701733,24.4
51.449701733,24.4
51.449757167,24.3
51.449757167,24.3
51.449757167,24.3
51.449757167,24.3
51.449757167,24.3
51.449757167,24.3
51.449757167,24.3
51.449757167,24.3
51.449757167,24.3
51.449757167,24.3
51.4498096,24.1
51.4498096,24.1
51.4498096,24.1
51.4498096,24.1
51.4498096,24.1
51.4498096,24.1
51.4498096,24.1
51.4498096,24.1
51.4498096,24.1
51.4498096,24.1
51.449862517,23.9
51.449862517,23.9
51.449862517,23.9
51.449862517,23.9
51.449862517,23.9
51.449862517,23.9
51.449862517,23.9
51.449862517,23.9
51.449862517,23.9
51.449862517,23.9
51.4499165,23.9
51.4499165,23.9
51.4499165,23.9
51.4499165,23.9
51.4499165,23.9
51.4499165,23.9
51.4499165,23.9
51.4499165,23.9
51.4499165,23.9
51.4499165,23.9
51.449972417,23.9
51.449972417,23.9
51.449972417,23.9
51.449972417,23.9
51.449972417,23.9
51.449972417,23.9
51.449972417,23.9
51.449972417,23.9
51.449972417,23.9
51.449972417,23.9
51.45002745,24.0
51.45002745,24.0
51.45002745,24.0
51.45002745,24.0
51.45002745,24.0
51.45002745,24.0
51.45002745,24.0
51.45002745,24.0
51.45002745,24.0
51.45002745,24.0
51.450080533,24.0
51.450080533,24.0
51.450080533,24.0
51.450080533,24.0
51.450080533,24.0
51.450080533,24.0
51.450080533,24.0
51.450080533,24.0
51.450080533,24.0
51.450080533,24.0
51.450137333,24.1
51.450137333,24.1
51.450137333,24.1
51.450137333,24.1
51.450137333,24.1
51.450137333,24.1
51.450137333,24.1
51.450137333,24.1
51.450137333,24.1
51.450137333,24.1
51.450193633,24.1
51.450193633,24.1
51.450193633,24.1
51.450193633,24.1
51.450193633,24.1
51.450193633,24.1
51.450193633,24.1
51.450193633,24.1
51.450193633,24.1
51.450193633,24.1
51.450248517,24.2
51.450248517,24.2
51.450248517,24.2
51.450248517,24.2
51.450248517,24.2
51.450248517,24.2
51.450248517,24.2
51.450248517,24.2
51.450248517,24.2
51.450248517,24.2
51.450304233,24.3
51.450304233,24.3
51.450304233,24.3
51.450304233,24.3
51.450304233,24.3
51.450304233,24.3
51.450304233,24.3
51.450304233,24.3
51.450304233,24.3
51.450304233,24.3
51.45036255,24.4
51.45036255,24.4
51.45036255,24.4
51.45036255,24.4
51.45036255,24.4
51.45036255,24.4
51.45036255,24.4
51.45036255,24.4
51.45036255,24.4
51.45036255,24.4
51.450422067,24.7
51.450422067,24.7
51.450422067,24.7
51.450422067,24.7
51.450422067,24.7
51.450422067,24.7
51.450422067,24.7
51.450422067,24.7
51.450422067,24.7
51.450422067,24.7
51.4504818,25.1
51.4504818,25.1
51.4504818,25.1
51.4504818,25.1
51.4504818,25.1
51.4504818,25.1
51.4504818,25.1
51.4504818,25.1
51.4504818,25.1
51.4504818,25.1
51.4505434,25.4
51.4505434,25.4
51.4505434,25.4
51.4505434,25.4
51.4505434,25.4
51.4505434,25.4
51.4505434,25.4
51.4505434,25.4
51.4505434,25.4
51.4505434,25.4
51.450602483,25.8
51.450602483,25.8
51.450602483,25.8
51.450602483,25.8
51.450602483,25.8
51.450602483,25.8
51.450602483,25.8
51.450602483,25.8
51.450602483,25.8
51.450602483,25.8
51.45066575,26.2
51.45066575,26.2
51.45066575,26.2
51.45066575,26.2
51.45066575,26.2
51.45066575,26.2
51.45066575,26.2
51.45066575,26.2
51.45066575,26.2
51.45066575,26.2
51.450725917,26.3
51.450725917,26.3
51.450725917,26.3
51.450725917,26.3
51.450725917,26.3
51.450725917,26.3
51.450725917,26.3
51.450725917,26.3
51.450725917,26.3
51.450725917,26.3
51.450788967,25.6
51.450788967,25.6
51.450788967,25.6
51.450788967,25.6
51.450788967,25.6
51.450788967,25.6
51.450788967,25.6
51.450788967,25.6
51.450788967,25.6
51.450788967,25.6
51.450849233,24.9
51.450849233,24.9
51.450849233,24.9
51.450849233,24.9
51.450849233,24.9
51.450849233,24.9
51.450849233,24.9
51.450849233,24.9
51.450849233,24.9
51.450849233,24.9
51.450907233,24.1
51.450907233,24.1
51.450907233,24.1
51.450907233,24.1
51.450907233,24.1
51.450907233,24.1
51.450907233,24.1
51.450907233,24.1
51.450907233,24.1
51.450907233,24.1
51.450961983,23.2
51.450961983,23.2
51.450961983,23.2
51.450961983,23.2
51.450961983,23.2
51.450961983,23.2
51.450961983,23.2
51.450961983,23.2
51.450961983,23.2
51.450961983,23.2
51.451015133,22.3
51.451015133,22.3
51.451015133,22.3
51.451015133,22.3
51.451015133,22.3
51.451015133,22.3
51.451015133,22.3
51.451015133,22.3
51.451015133,22.3
51.451015133,22.3
51.4510698,21.5
51.4510698,21.5
51.4510698,21.5
51.4510698,21.5
51.4510698,21.5
51.4510698,21.5
51.4510698,21.5
51.4510698,21.5
51.4510698,21.5
51.4510698,21.5
51.451121733,20.6
51.451121733,20.6
51.451121733,20.6
51.451121733,20.6
51.451121733,20.6
51.451121733,20.6
51.451121733,20.6
51.451121733,20.6
51.451121733,20.6
51.451121733,20.6
51.451175133,19.8
51.451175133,19.8
51.451175133,19.8
51.451175133,19.8
51.451175133,19.8
51.451175133,19.8
51.451175133,19.8
51.451175133,19.8
51.451175133,19.8
51.451175133,19.8
51.451226283,19.0
51.451226283,19.0
51.451226283,19.0
51.451226283,19.0
51.451226283,19.0
51.451226283,19.0
51.451226283,19.0
51.451226283,19.0
51.451226283,19.0
51.451226283,19.0
51.451274,18.2
51.451274,18.2
51.451274,18.2
51.451274,18.2
51.451274,18.2
51.451274,18.2
51.451274,18.2
51.451274,18.2
51.451274,18.2
51.451274,18.2
51.45132455,17.4
51.45132455,17.4
51.45132455,17.4
51.45132455,17.4
51.45132455,17.4
51.45132455,17.4
51.45132455,17.4
51.45132455,17.4
51.45132455,17.4
51.45132455,17.4
51.45136965,16.5
51.45136965,16.5
51.45136965,16.5
51.45136965,16.5
51.45136965,16.5
51.45136965,16.5
51.45136965,16.5
51.45136965,16.5
51.45136965,16.5
51.45136965,16.5
51.451410983,15.5
51.451410983,15.5
51.451410983,15.5
51.451410983,15.5
51.451410983,15.5
51.451410983,15.5
51.451410983,15.5
51.451410983,15.5
51.451410983,15.5
51.451410983,15.5
51.4514501,14.6
51.4514501,14.6
51.4514501,14.6
51.4514501,14.6
51.4514501,14.6
51.4514501,14.6
51.4514501,14.6
51.4514501,14.6
51.4514501,14.6
51.4514501,14.6
51.451488033,13.6
51.451488033,13.6
51.451488033,13.6
51.451488033,13.6
51.451488033,13.6
51.451488033,13.6
51.451488033,13.6
51.451488033,13.6
51.451488033,13.6
51.451488033,13.6
51.451522433,12.8
51.451522433,12.8
51.451522433,12.8
51.451522433,12.8
51.451522433,12.8
51.451522433,12.8
51.451522433,12.8
51.451522433,12.8
51.451522433,12.8
51.451522433,12.8
51.451555717,12.0
51.451555717,12.0
51.451555717,12.0
51.451555717,12.0
51.451555717,12.0
51.451555717,12.0
51.451555717,12.0
51.451555717,12.0
51.451555717,12.0
51.451555717,12.0
51.451585067,11.0
51.451585067,11.0
51.451585067,11.0
51.451585067,11.0
51.451585067,11.0
51.451585067,11.0
51.451585067,11.0
51.451585067,11.0
51.451585067,11.0
51.451585067,11.0
51.451613633,10.1
51.451613633,10.1
51.451613633,10.1
51.451613633,10.1
51.451613633,10.1
51.451613633,10.1
51.451613633,10.1
51.451613633,10.1
51.451613633,10.1
51.451613633,10.1
51.451638467,9.0
51.451638467,9.0
51.451638467,9.0
51.451638467,9.0
51.451638467,9.0
51.451638467,9.0
51.451638467,9.0
51.451638467,9.0
51.451638467,9.0
51.451638467,9.0
51.45166105,8.4
51.45166105,8.4
51.45166105,8.4
51.45166105,8.4
51.45166105,8.4
51.45166105,8.4
51.45166105,8.4
51.45166105,8.4
51.45166105,8.4
51.45166105,8.4
51.451680983,7.9
51.451680983,7.9
51.451680983,7.9
51.451680983,7.9
51.451680983,7.9
51.451680983,7.9
51.451680983,7.9
51.451680983,7.9
51.451680983,7.9
51.451680983,7.9
51.4516995,7.4
51.4516995,7.4
51.4516995,7.4
51.4516995,7.4
51.4516995,7.4
51.4516995,7.4
51.4516995,7.4
51.4516995,7.4
51.4516995,7.4
51.4516995,7.4
51.451711983,5.3
51.451711983,5.3
51.451711983,5.3
51.451711983,5.3
51.451711983,5.3
51.451711983,5.3
51.451711983,5.3
51.451711983,5.3
51.451711983,5.3
51.451711983,5.3
51.451723517,4.7
51.451723517,4.7
51.451723517,4.7
51.451723517,4.7
51.451723517,4.7
51.451723517,4.7
51.451723517,4.7
51.451723517,4.7
51.451723517,4.7
51.451723517,4.7
51.451733217,4.2
51.451733217,4.2
51.451733217,4.2
51.451733217,4.2
51.451733217,4.2
51.451733217,4.2
51.451733217,4.2
51.451733217,4.2
51.451733217,4.2
51.451733217,4.2
51.451741367,3.7
51.451741367,3.7
51.451741367,3.7
51.451741367,3.7
51.451741367,3.7
51.451741367,3.7
51.451741367,3.7
51.451741367,3.7
51.451741367,3.7
51.451741367,3.7
51.451743633,1.8
51.451743633,1.8
51.451743633,1.8
51.451743633,1.8
51.451743633,1.8
51.451743633,1.8
51.451743633,1.8
51.451743633,1.8
51.451743633,1.8
51.451743633,1.8
51.4517451,1.3
51.4517451,1.3
51.4517451,1.3
51.4517451,1.3
51.4517451,1.3
51.4517451,1.3
51.4517451,1.3
51.4517451,1.3
51.4517451,1.3
51.4517451,1.3
51.45174585,1.0
51.45174585,1.0
51.45174585,1.0
51.45174585,1.0
51.45174585,1.0
51.45174585,1.0
51.45174585,1.0
51.45174585,1.0
51.45174585,1.0
51.45174585,1.0
51.451725667,1.6
51.451725667,1.6
51.451725667,1.6
51.451725667,1.6
51.451725667,1.6
51.451725667,1.6
51.451725667,1.6
51.451725667,1.6
51.451725667,1.6
51.451725667,1.6
51.451717483,2.5
51.451717483,2.5
51.451717483,2.5
51.451717483,2.5
51.451717483,2.5
51.451717483,2.5
51.451717483,2.5
51.451717483,2.5
51.451717483,2.5
51.451717483,2.5
51.451742417,1.1
51.451742417,1.1
51.451742417,1.1
51.451742417,1.1
51.451742417,1.1
51.451742417,1.1
51.451742417,1.1
51.451742417,1.1
51.451742417,1.1
51.451742417,1.1
51.45174685,1.6
51.45174685,1.6
51.45174685,1.6
51.45174685,1.6
51.45174685,1.6
51.45174685,1.6
51.45174685,1.6
51.45174685,1.6
51.45174685,1.6
51.45174685,1.6
51.451753267,2.1
51.451753267,2.1
51.451753267,2.1
51.451753267,2.1
51.451753267,2.1
51.451753267,2.1
51.451753267,2.1
51.451753267,2.1
51.451753267,2.1
51.451753267,2.1
51.4517606,2.4
51.4517606,2.4
51.4517606,2.4
51.4517606,2.4
51.4517606,2.4
51.4517606,2.4
51.4517606,2.4
51.4517606,2.4
51.4517606,2.4
51.4517606,2.4
51.45176715,2.4
51.45176715,2.4
51.45176715,2.4
51.45176715,2.4
51.45176715,2.4
51.45176715,2.4
51.45176715,2.4
51.45176715,2.4
51.45176715,2.4
51.45176715,2.4
51.45177625,2.4
51.45177625,2.4
51.45177625,2.4
51.45177625,2.4
51.45177625,2.4
51.45177625,2.4
51.45177625,2.4
51.45177625,2.4
51.45177625,2.4
51.45177625,2.4
51.451787317,1.1
51.451787317,1.1
51.451787317,1.1
51.451787317,1.1
51.451787317,1.1
51.451787317,1.1
51.451787317,1.1
51.451787317,1.1
51.451787317,1.1
51.451787317,1.1
51.451792867,1.8
51.451792867,1.8
51.451792867,1.8
51.451792867,1.8
51.451792867,1.8
51.451792867,1.8
51.451792867,1.8
51.451792867,1.8
51.451792867,1.8
51.451792867,1.8
51.45180065,2.4
51.45180065,2.4
51.45180065,2.4
51.45180065,2.4
51.45180065,2.4
51.45180065,2.4
51.45180065,2.4
51.45180065,2.4
51.45180065,2.4
51.45180065,2.4
51.451810333,2.9
51.451810333,2.9
51.451810333,2.9
51.451810333,2.9
51.451810333,2.9
51.451810333,2.9
51.451810333,2.9
51.451810333,2.9
51.451810333,2.9
51.451810333,2.9
51.4518224,3.3
51.4518224,3.3
51.4518224,3.3
51.4518224,3.3
51.4518224,3.3
51.4518224,3.3
51.4518224,3.3
51.4518224,3.3
51.4518224,3.3
51.4518224,3.3
51.451835133,3.6
51.451835133,3.6
51.451835133,3.6
51.451835133,3.6
51.451835133,3.6
51.451835133,3.6
51.451835133,3.6
51.451835133,3.6
51.451835133,3.6
51.451835133,3.6
51.45184715,3.8
51.45184715,3.8
51.45184715,3.8
51.45184715,3.8
51.45184715,3.8
51.45184715,3.8
51.45184715,3.8
51.45184715,3.8
51.45184715,3.8
51.45184715,3.8
51.45185565,3.8
51.45185565,3.8
51.45185565,3.8
51.45185565,3.8
51.45185565,3.8
51.45185565,3.8
51.45185565,3.8
51.45185565,3.8
51.45185565,3.8
51.45185565,3.8
51.451871617,4.2
51.451871617,4.2
51.451871617,4.2
51.451871617,4.2
51.451871617,4.2
51.451871617,4.2
51.451871617,4.2
51.451871617,4.2
51.451871617,4.2
51.451871617,4.2
51.45187975,4.2
51.45187975,4.2
51.45187975,4.2
51.45187975,4.2
51.45187975,4.2
51.45187975,4.2
51.45187975,4.2
51.45187975,4.2
51.45187975,4.2
51.45187975,4.2
51.451892667,4.4
51.451892667,4.4
51.451892667,4.4
51.451892667,4.4
51.451892667,4.4
51.451892667,4.4
51.451892667,4.4
51.451892667,4.4
51.451892667,4.4
51.451892667,4.4
51.451903683,4.5
51.451903683,4.5
51.451903683,4.5
51.451903683,4.5
51.451903683,4.5
51.451903683,4.5
51.451903683,4.5
51.451903683,4.5
51.451903683,4.5
51.451903683,4.5
51.451919933,5.0
51.451919933,5.0
51.451919933,5.0
51.451919933,5.0
51.451919933,5.0
51.451919933,5.0
51.451919933,5.0
51.451919933,5.0
51.451919933,5.0
51.451919933,5.0
51.451931517,5.2
51.451931517,5.2
51.451931517,5.2
51.451931517,5.2
51.451931517,5.2
51.451931517,5.2
51.451931517,5.2
51.451931517,5.2
51.451931517,5.2
51.451931517,5.2
51.45194385,5.4
51.45194385,5.4
51.45194385,5.4
51.45194385,5.4
51.45194385,5.4
51.45194385,5.4
51.45194385,5.4
51.45194385,5.4
51.45194385,5.4
51.45194385,5.4
51.4519514,5.4
51.4519514,5.4
51.4519514,5.4
51.4519514,5.4
51.4519514,5.4
51.4519514,5.4
51.4519514,5.4
51.4519514,5.4
51.4519514,5.4
51.4519514,5.4
51.4519664,7.7
51.4519664,7.7
51.4519664,7.7
51.4519664,7.7
51.4519664,7.7
51.4519664,7.7
51.4519664,7.7
51.4519664,7.7
51.4519664,7.7
51.4519664,7.7
51.451978367,8.1
51.451978367,8.1
51.451978367,8.1
51.451978367,8.1
51.451978367,8.1
51.451978367,8.1
51.451978367,8.1
51.451978367,8.1
51.451978367,8.1
51.451978367,8.1
51.45199,8.3
51.45199,8.3
51.45199,8.3
51.45199,8.3
51.45199,8.3
51.45199,8.3
51.45199,8.3
51.45199,8.3
51.45199,8.3
51.45199,8.3
51.4520023,8.7
51.4520023,8.7
51.4520023,8.7
51.4520023,8.7
51.4520023,8.7
51.4520023,8.7
51.4520023,8.7
51.4520023,8.7
51.4520023,8.7
51.4520023,8.7
51.452013233,9.0
51.452013233,9.0
51.452013233,9.0
51.452013233,9.0
51.452013233,9.0
51.452013233,9.0
51.452013233,9.0
51.452013233,9.0
51.452013233,9.0
51.452013233,9.0
51.452024283,9.2
51.452024283,9.2
51.452024283,9.2
51.452024283,9.2
51.452024283,9.2
51.452024283,9.2
51.452024283,9.2
51.452024283,9.2
51.452024283,9.2
51.452024283,9.2
51.452035,9.3
51.452035,9.3
51.452035,9.3
51.452035,9.3
51.452035,9.3
51.452035,9.3
51.452035,9.3
51.452035,9.3
51.452035,9.3
51.452035,9.3
51.45204725,9.4
51.45204725,9.4
51.45204725,9.4
51.45204725,9.4
51.45204725,9.4
51.45204725,9.4
51.45204725,9.4
51.45204725,9.4
51.45204725,9.4
51.45204725,9.4
51.452059133,9.5
51.452059133,9.5
51.452059133,9.5
51.452059133,9.5
51.452059133,9.5
51.452059133,9.5
51.452059133,9.5
51.452059133,9.5
51.452059133,9.5
51.452059133,9.5
51.452071917,9.6
51.452071917,9.6
51.452071917,9.6
51.452071917,9.6
51.452071917,9.6
51.452071917,9.6
51.452071917,9.6
51.452071917,9.6
51.452071917,9.6
51.452071917,9.6
51.4520844,9.7
51.4520844,9.7
51.4520844,9.7
51.4520844,9.7
51.4520844,9.7
51.4520844,9.7
51.4520844,9.7
51.4520844,9.7
51.4520844,9.7
51.4520844,9.7
51.4520974,9.7
51.4520974,9.7
51.4520974,9.7
51.4520974,9.7
51.4520974,9.7
51.4520974,9.7
51.4520974,9.7
51.4520974,9.7
51.4520974,9.7
51.4520974,9.7
51.452110367,9.9
51.452110367,9.9
51.452110367,9.9
51.452110367,9.9
51.452110367,9.9
51.452110367,9.9
51.452110367,9.9
51.452110367,9.9
51.452110367,9.9
51.452110367,9.9
51.452123133,9.9
51.452123133,9.9
51.452123133,9.9
51.452123133,9.9
51.452123133,9.9
51.452123133,9.9
51.452123133,9.9
51.452123133,9.9
51.452123133,9.9
51.452123133,9.9
51.45213765,9.9
51.45213765,9.9
51.45213765,9.9
51.45213765,9.9
51.45213765,9.9
51.45213765,9.9
51.45213765,9.9
51.45213765,9.9
51.45213765,9.9
51.45213765,9.9
51.452152333,9.9
51.452152333,9.9
51.452152333,9.9
51.452152333,9.9
51.452152333,9.9
51.452152333,9.9
51.452152333,9.9
51.452152333,9.9
51.452152333,9.9
51.452152333,9.9
51.452167,9.9
51.452167,9.9
51.452167,9.9
51.452167,9.9
51.452167,9.9
51.452167,9.9
51.452167,9.9
51.452167,9.9
51.452167,9.9
51.452167,9.9
51.452182667,10.0
51.452182667,10.0
51.452182667,10.0
51.452182667,10.0
51.452182667,10.0
51.452182667,10.0
51.452182667,10.0
51.452182667,10.0
51.452182667,10.0
51.452182667,10.0
51.4521992,10.1
51.4521992,10.1
51.4521992,10.1
51.4521992,10.1
51.4521992,10.1
51.4521992,10.1
51.4521992,10.1
51.4521992,10.1
51.4521992,10.1
51.4521992,10.1
51.45221725,10.2
51.45221725,10.2
51.45221725,10.2
51.45221725,10.2
51.45221725,10.2
51.45221725,10.2
51.45221725,10.2
51.45221725,10.2
51.45221725,10.2
51.45221725,10.2
51.45223675,10.4
51.45223675,10.4
51.45223675,10.4
51.45223675,10.4
51.45223675,10.4
51.45223675,10.4
51.45223675,10.4
51.45223675,10.4
51.45223675,10.4
51.45223675,10.4
51.452259267,11.9
51.452259267,11.9
51.452259267,11.9
51.452259267,11.9
51.452259267,11.9
51.452259267,11.9
51.452259267,11.9
51.452259267,11.9
51.452259267,11.9
51.452259267,11.9
51.4522822,12.1
51.4522822,12.1
51.4522822,12.1
51.4522822,12.1
51.4522822,12.1
51.4522822,12.1
51.4522822,12.1
51.4522822,12.1
51.4522822,12.1
51.4522822,12.1
51.452305583,12.3
51.452305583,12.3
51.452305583,12.3
51.452305583,12.3
51.452305583,12.3
51.452305583,12.3
51.452305583,12.3
51.452305583,12.3
51.452305583,12.3
51.452305583,12.3
51.452329883,12.4
51.452329883,12.4
51.452329883,12.4
51.452329883,12.4
51.452329883,12.4
51.452329883,12.4
51.452329883,12.4
51.452329883,12.4
51.452329883,12.4
51.452329883,12.4
51.45235495,12.6
51.45235495,12.6
51.45235495,12.6
51.45235495,12.6
51.45235495,12.6
51.45235495,12.6
51.45235495,12.6
51.45235495,12.6
51.45235495,12.6
51.45235495,12.6
51.452381817,12.6
51.452381817,12.6
51.452381817,12.6
51.452381817,12.6
51.452381817,12.6
51.452381817,12.6
51.452381817,12.6
51.452381817,12.6
51.452381817,12.6
51.452381817,12.6
51.452409333,12.6
51.452409333,12.6
51.452409333,12.6
51.452409333,12.6
51.452409333,12.6
51.452409333,12.6
51.452409333,12.6
51.452409333,12.6
51.452409333,12.6
51.452409333,12.6
51.4524374,12.6
51.4524374,12.6
51.4524374,12.6
51.4524374,12.6
51.4524374,12.6
51.4524374,12.6
51.4524374,12.6
51.4524374,12.6
51.4524374,12.6
51.4524374,12.6
51.4524659,12.7
51.4524659,12.7
51.4524659,12.7
51.4524659,12.7
51.4524659,12.7
51.4524659,12.7
51.4524659,12.7
51.4524659,12.7
51.4524659,12.7
51.4524659,12.7
51.4524947,12.7
51.4524947,12.7
51.4524947,12.7
51.4524947,12.7
51.4524947,12.7
51.4524947,12.7
51.4524947,12.7
51.4524947,12.7
51.4524947,12.7
51.4524947,12.7
51.452524067,12.7
51.452524067,12.7
51.452524067,12.7
51.452524067,12.7
51.452524067,12.7
51.452524067,12.7
51.452524067,12.7
51.452524067,12.7
51.452524067,12.7
51.452524067,12.7
51.452554283,12.8
51.452554283,12.8
51.452554283,12.8
51.452554283,12.8
51.452554283,12.8
51.452554283,12.8
51.452554283,12.8
51.452554283,12.8
51.452554283,12.8
51.452554283,12.8
51.45258175,12.8
51.45258175,12.8
51.45258175,12.8
51.45258175,12.8
51.45258175,12.8
51.45258175,12.8
51.45258175,12.8
51.45258175,12.8
51.45258175,12.8
51.45258175,12.8
51.452613433,12.9
51.452613433,12.9
51.452613433,12.9
51.452613433,12.9
51.452613433,12.9
51.452613433,12.9
51.452613433,12.9
51.452613433,12.9
51.452613433,12.9
51.452613433,12.9
51.452650417,13.0
51.452650417,13.0
51.452650417,13.0
51.452650417,13.0
51.452650417,13.0
51.452650417,13.0
51.452650417,13.0
51.452650417,13.0
51.452650417,13.0
51.452650417,13.0
51.452683,13.1
51.452683,13.1
51.452683,13.1
51.452683,13.1
51.452683,13.1
51.452683,13.1
51.452683,13.1
51.452683,13.1
51.452683,13.1
51.452683,13.1
51.452715883,13.2
51.452715883,13.2
51.452715883,13.2
51.452715883,13.2
51.452715883,13.2
51.452715883,13.2
51.452715883,13.2
51.452715883,13.2
51.452715883,13.2
51.452715883,13.2
51.452743983,13.2
51.452743983,13.2
51.452743983,13.2
51.452743983,13.2
51.452743983,13.2
51.452743983,13.2
51.452743983,13.2
51.452743983,13.2
51.452743983,13.2
51.452743983,13.2
51.452797717,16.6
51.452797717,16.6
51.452797717,16.6
51.452797717,16.6
51.452797717,16.6
51.452797717,16.6
51.452797717,16.6
51.452797717,16.6
51.452797717,16.6
51.452797717,16.6
51.452834983,16.6
51.452834983,16.6
51.452834983,16.6
51.452834983,16.6
51.452834983,16.6
51.452834983,16.6
51.452834983,16.6
51.452834983,16.6
51.452834983,16.6
51.452834983,16.6
51.452886117,17.0
51.452886117,17.0
51.452886117,17.0
51.452886117,17.0
51.452886117,17.0
51.452886117,17.0
51.452886117,17.0
51.452886117,17.0
51.452886117,17.0
51.452886117,17.0
51.4529266,17.0
51.4529266,17.0
51.4529266,17.0
51.4529266,17.0
51.4529266,17.0
51.4529266,17.0
51.4529266,17.0
51.4529266,17.0
51.4529266,17.0
51.4529266,17.0
51.452972733,16.9
51.452972733,16.9
51.452972733,16.9
51.452972733,16.9
51.452972733,16.9
51.452972733,16.9
51.452972733,16.9
51.452972733,16.9
51.452972733,16.9
51.452972733,16.9
51.453016117,16.9
51.453016117,16.9
51.453016117,16.9
51.453016117,16.9
51.453016117,16.9
51.453016117,16.9
51.453016117,16.9
51.453016117,16.9
51.453016117,16.9
51.453016117,16.9
51.453059417,17.0
51.453059417,17.0
51.453059417,17.0
51.453059417,17.0
51.453059417,17.0
51.453059417,17.0
51.453059417,17.0
51.453059417,17.0
51.453059417,17.0
51.453059417,17.0
51.453103383,17.0
51.453103383,17.0
51.453103383,17.0
51.453103383,17.0
51.453103383,17.0
51.453103383,17.0
51.453103383,17.0
51.453103383,17.0
51.453103383,17.0
51.453103383,17.0
51.453147667,17.0
51.453147667,17.0
51.453147667,17.0
51.453147667,17.0
51.453147667,17.0
51.453147667,17.0
51.453147667,17.0
51.453147667,17.0
51.453147667,17.0
51.453147667,17.0
51.45321035,18.7
51.45321035,18.7
51.45321035,18.7
51.45321035,18.7
51.45321035,18.7
51.45321035,18.7
51.45321035,18.7
51.45321035,18.7
51.45321035,18.7
51.45321035,18.7
51.45326085,19.1
51.45326085,19.1
51.45326085,19.1
51.45326085,19.1
51.45326085,19.1
51.45326085,19.1
51.45326085,19.1
51.45326085,19.1
51.45326085,19.1
51.45326085,19.1
51.4533081,19.3
51.4533081,19.3
51.4533081,19.3
51.4533081,19.3
51.4533081,19.3
51.4533081,19.3
51.4533081,19.3
51.4533081,19.3
51.4533081,19.3
51.4533081,19.3
51.453355633,19.2
51.453355633,19.2
51.453355633,19.2
51.453355633,19.2
51.453355633,19.2
51.453355633,19.2
51.453355633,19.2
51.453355633,19.2
51.453355633,19.2
51.453355633,19.2
51.453404067,19.0
51.453404067,19.0
51.453404067,19.0
51.453404067,19.0
51.453404067,19.0
51.453404067,19.0
51.453404067,19.0
51.453404067,19.0
51.453404067,19.0
51.453404067,19.0
51.453454783,19.2
51.453454783,19.2
51.453454783,19.2
51.453454783,19.2
51.453454783,19.2
51.453454783,19.2
51.453454783,19.2
51.453454783,19.2
51.453454783,19.2
51.453454783,19.2
51.453504483,19.6
51.453504483,19.6
51.453504483,19.6
51.453504483,19.6
51.453504483,19.6
51.453504483,19.6
51.453504483,19.6
51.453504483,19.6
51.453504483,19.6
51.453504483,19.6
51.453556433,20.0
51.453556433,20.0
51.453556433,20.0
51.453556433,20.0
51.453556433,20.0
51.453556433,20.0
51.453556433,20.0
51.453556433,20.0
51.453556433,20.0
51.453556433,20.0
51.453597317,20.2
51.453597317,20.2
51.453597317,20.2
51.453597317,20.2
51.453597317,20.2
51.453597317,20.2
51.453597317,20.2
51.453597317,20.2
51.453597317,20.2
51.453597317,20.2
51.45364535,20.6
51.45364535,20.6
51.45364535,20.6
51.45364535,20.6
51.45364535,20.6
51.45364535,20.6
51.45364535,20.6
51.45364535,20.6
51.45364535,20.6
51.45364535,20.6
51.453696,21.0
51.453696,21.0
51.453696,21.0
51.453696,21.0
51.453696,21.0
51.453696,21.0
51.453696,21.0
51.453696,21.0
51.453696,21.0
51.453696,21.0
51.453748317,21.3
51.453748317,21.3
51.453748317,21.3
51.453748317,21.3
51.453748317,21.3
51.453748317,21.3
51.453748317,21.3
51.453748317,21.3
51.453748317,21.3
51.453748317,21.3
51.453802217,21.5
51.453802217,21.5
51.453802217,21.5
51.453802217,21.5
51.453802217,21.5
51.453802217,21.5
51.453802217,21.5
51.453802217,21.5
51.453802217,21.5
51.453802217,21.5
51.45386005,21.8
51.45386005,21.8
51.45386005,21.8
51.45386005,21.8
51.45386005,21.8
51.45386005,21.8
51.45386005,21.8
51.45386005,21.8
51.45386005,21.8
51.45386005,21.8
51.453920567,22.0
51.453920567,22.0
51.453920567,22.0
51.453920567,22.0
51.453920567,22.0
51.453920567,22.0
51.453920567,22.0
51.453920567,22.0
51.453920567,22.0
51.453920567,22.0
51.453986183,22.2
51.453986183,22.2
51.453986183,22.2
51.453986183,22.2
51.453986183,22.2
51.453986183,22.2
51.453986183,22.2
51.453986183,22.2
51.453986183,22.2
51.453986183,22.2
51.454045467,22.4
51.454045467,22.4
51.454045467,22.4
51.454045467,22.4
51.454045467,22.4
51.454045467,22.4
51.454045467,22.4
51.454045467,22.4
51.454045467,22.4
51.454045467,22.4
51.45410895,22.6
51.45410895,22.6
51.45410895,22.6
51.45410895,22.6
51.45410895,22.6
51.45410895,22.6
51.45410895,22.6
51.45410895,22.6
51.45410895,22.6
51.45410895,22.6
51.45410895,22.6
51.45417375,22.8
51.45417375,22.8
51.45417375,22.8
51.45417375,22.8
51.45417375,22.8
51.45417375,22.8
51.45417375,22.8
51.45417375,22.8
51.45417375,22.8
51.45423685,22.6
51.45423685,22.6
51.45423685,22.6
51.45423685,22.6
51.45423685,22.6
51.45423685,22.6
51.45423685,22.6
51.45423685,22.6
51.45423685,22.6
51.45423685,22.6
51.45423685,22.6
51.454299267,22.1
51.454299267,22.1
51.454299267,22.1
51.454299267,22.1
51.454299267,22.1
51.454299267,22.1
51.454299267,22.1
51.454299267,22.1
51.454299267,22.1
51.454299267,22.1
51.454358417,21.6
51.454358417,21.6
51.454358417,21.6
51.454358417,21.6
51.454358417,21.6
51.454358417,21.6
51.454358417,21.6
51.454358417,21.6
51.454358417,21.6
51.454358417,21.6
51.454417033,21.2
51.454417033,21.2
51.454417033,21.2
51.454417033,21.2
51.454417033,21.2
51.454417033,21.2
51.454417033,21.2
51.454417033,21.2
51.454417033,21.2
51.454417033,21.2
51.4544703,20.8
51.4544703,20.8
51.4544703,20.8
51.4544703,20.8
51.4544703,20.8
51.4544703,20.8
51.4544703,20.8
51.4544703,20.8
51.4544703,20.8
51.4544703,20.8
51.4545292,20.8
51.4545292,20.8
51.4545292,20.8
51.4545292,20.8
51.4545292,20.8
51.4545292,20.8
51.4545292,20.8
51.4545292,20.8
51.4545292,20.8
51.4545292,20.8
51.454579883,20.8
51.454579883,20.8
51.454579883,20.8
51.454579883,20.8
51.454579883,20.8
51.454579883,20.8
51.454579883,20.8
51.454579883,20.8
51.454579883,20.8
51.454579883,20.8
51.454641167,20.8
51.454641167,20.8
51.454641167,20.8
51.454641167,20.8
51.454641167,20.8
51.454641167,20.8
51.454641167,20.8
51.454641167,20.8
51.454641167,20.8
51.454641167,20.8
51.454697267,20.7
51.454697267,20.7
51.454697267,20.7
51.454697267,20.7
51.454697267,20.7
51.454697267,20.7
51.454697267,20.7
51.454697267,20.7
51.454697267,20.7
51.454697267,20.7
51.454750383,20.7
51.454750383,20.7
51.454750383,20.7
51.454750383,20.7
51.454750383,20.7
51.454750383,20.7
51.454750383,20.7
51.454750383,20.7
51.454750383,20.7
51.454750383,20.7
51.454814,20.9
51.454814,20.9
51.454814,20.9
51.454814,20.9
51.454814,20.9
51.454814,20.9
51.454814,20.9
51.454814,20.9
51.454814,20.9
51.454814,20.9
51.454873133,20.9
51.454873133,20.9
51.454873133,20.9
51.454873133,20.9
51.454873133,20.9
51.454873133,20.9
51.454873133,20.9
51.454873133,20.9
51.454873133,20.9
51.454873133,20.9
51.454927333,20.7
51.454927333,20.7
51.454927333,20.7
51.454927333,20.7
51.454927333,20.7
51.454927333,20.7
51.454927333,20.7
51.454927333,20.7
51.454927333,20.7
51.454927333,20.7
51.454980317,20.8
51.454980317,20.8
51.454980317,20.8
51.454980317,20.8
51.454980317,20.8
51.454980317,20.8
51.454980317,20.8
51.454980317,20.8
51.454980317,20.8
51.454980317,20.8
51.455038733,20.9
51.455038733,20.9
51.455038733,20.9
51.455038733,20.9
51.455038733,20.9
51.455038733,20.9
51.455038733,20.9
51.455038733,20.9
51.455038733,20.9
51.455038733,20.9
51.455095733,20.8
51.455095733,20.8
51.455095733,20.8
51.455095733,20.8
51.455095733,20.8
51.455095733,20.8
51.455095733,20.8
51.455095733,20.8
51.455095733,20.8
51.455095733,20.8
51.455157533,20.9
51.455157533,20.9
51.455157533,20.9
51.455157533,20.9
51.455157533,20.9
51.455157533,20.9
51.455157533,20.9
51.455157533,20.9
51.455157533,20.9
51.455157533,20.9
51.455217983,21.0
51.455217983,21.0
51.455217983,21.0
51.455217983,21.0
51.455217983,21.0
51.455217983,21.0
51.455217983,21.0
51.455217983,21.0
51.455217983,21.0
51.455217983,21.0
51.455271367,20.9
51.455271367,20.9
51.455271367,20.9
51.455271367,20.9
51.455271367,20.9
51.455271367,20.9
51.455271367,20.9
51.455271367,20.9
51.455271367,20.9
51.455271367,20.9
51.4553332,20.8
51.4553332,20.8
51.4553332,20.8
51.4553332,20.8
51.4553332,20.8
51.4553332,20.8
51.4553332,20.8
51.4553332,20.8
51.4553332,20.8
51.4553332,20.8
51.4553926,20.7
51.4553926,20.7
51.4553926,20.7
51.4553926,20.7
51.4553926,20.7
51.4553926,20.7
51.4553926,20.7
51.4553926,20.7
51.4553926,20.7
51.4553926,20.7
51.4554496,20.7
51.4554496,20.7
51.4554496,20.7
51.4554496,20.7
51.4554496,20.7
51.4554496,20.7
51.4554496,20.7
51.4554496,20.7
51.4554496,20.7
51.4554496,20.7
51.455507783,20.8
51.455507783,20.8
51.455507783,20.8
51.455507783,20.8
51.455507783,20.8
51.455507783,20.8
51.455507783,20.8
51.455507783,20.8
51.455507783,20.8
51.455507783,20.8
51.455565733,20.8
51.455565733,20.8
51.455565733,20.8
51.455565733,20.8
51.455565733,20.8
51.455565733,20.8
51.455565733,20.8
51.455565733,20.8
51.455565733,20.8
51.455565733,20.8
51.455622883,20.8
51.455622883,20.8
51.455622883,20.8
51.455622883,20.8
51.455622883,20.8
51.455622883,20.8
51.455622883,20.8
51.455622883,20.8
51.455622883,20.8
51.455622883,20.8
51.45568365,20.9
51.45568365,20.9
51.45568365,20.9
51.45568365,20.9
51.45568365,20.9
51.45568365,20.9
51.45568365,20.9
51.45568365,20.9
51.45568365,20.9
51.45568365,20.9
51.455738283,20.9
51.455738283,20.9
51.455738283,20.9
51.455738283,20.9
51.455738283,20.9
51.455738283,20.9
51.455738283,20.9
51.455738283,20.9
51.455738283,20.9
51.455738283,20.9
51.455798083,20.8
51.455798083,20.8
51.455798083,20.8
51.455798083,20.8
51.455798083,20.8
51.455798083,20.8
51.455798083,20.8
51.455798083,20.8
51.455798083,20.8
51.455798083,20.8
51.45585085,20.8
51.45585085,20.8
51.45585085,20.8
51.45585085,20.8
51.45585085,20.8
51.45585085,20.8
51.45585085,20.8
51.45585085,20.8
51.45585085,20.8
51.45585085,20.8
51.455911583,20.8
51.455911583,20.8
51.455911583,20.8
51.455911583,20.8
51.455911583,20.8
51.455911583,20.8
51.455911583,20.8
51.455911583,20.8
51.455911583,20.8
51.455911583,20.8
51.455967683,20.8
51.455967683,20.8
51.455967683,20.8
51.455967683,20.8
51.455967683,20.8
51.455967683,20.8
51.455967683,20.8
51.455967683,20.8
51.455967683,20.8
51.455967683,20.8
51.4560224,20.6
51.4560224,20.6
51.4560224,20.6
51.4560224,20.6
51.4560224,20.6
51.4560224,20.6
51.4560224,20.6
51.4560224,20.6
51.4560224,20.6
51.4560224,20.6
51.456079267,20.8
51.456079267,20.8
51.456079267,20.8
51.456079267,20.8
51.456079267,20.8
51.456079267,20.8
51.456079267,20.8
51.456079267,20.8
51.456079267,20.8
51.456079267,20.8
51.456136833,20.8
51.456136833,20.8
51.456136833,20.8
51.456136833,20.8
51.456136833,20.8
51.456136833,20.8
51.456136833,20.8
51.456136833,20.8
51.456136833,20.8
51.456136833,20.8
51.456196067,21.0
51.456196067,21.0
51.456196067,21.0
51.456196067,21.0
51.456196067,21.0
51.456196067,21.0
51.456196067,21.0
51.456196067,21.0
51.456196067,21.0
51.456196067,21.0
51.45625205,20.8
51.45625205,20.8
51.45625205,20.8
51.45625205,20.8
51.45625205,20.8
51.45625205,20.8
51.45625205,20.8
51.45625205,20.8
51.45625205,20.8
51.45625205,20.8
51.45631405,20.9
51.45631405,20.9
51.45631405,20.9
51.45631405,20.9
51.45631405,20.9
51.45631405,20.9
51.45631405,20.9
51.45631405,20.9
51.45631405,20.9
51.45631405,20.9
51.4563713,21.2
51.4563713,21.2
51.4563713,21.2
51.4563713,21.2
51.4563713,21.2
51.4563713,21.2
51.4563713,21.2
51.4563713,21.2
51.4563713,21.2
51.4563713,21.2
51.45642845,21.1
51.45642845,21.1
51.45642845,21.1
51.45642845,21.1
51.45642845,21.1
51.45642845,21.1
51.45642845,21.1
51.45642845,21.1
51.45642845,21.1
51.45642845,21.1
51.456485267,21.0
51.456485267,21.0
51.456485267,21.0
51.456485267,21.0
51.456485267,21.0
51.456485267,21.0
51.456485267,21.0
51.456485267,21.0
51.456485267,21.0
51.456485267,21.0
51.456540017,21.1
51.456540017,21.1
51.456540017,21.1
51.456540017,21.1
51.456540017,21.1
51.456540017,21.1
51.456540017,21.1
51.456540017,21.1
51.456540017,21.1
51.456540017,21.1
51.456589633,21.1
51.456589633,21.1
51.456589633,21.1
51.456589633,21.1
51.456589633,21.1
51.456589633,21.1
51.456589633,21.1
51.456589633,21.1
51.456589633,21.1
51.456589633,21.1
51.45665245,21.2
51.45665245,21.2
51.45665245,21.2
51.45665245,21.2
51.45665245,21.2
51.45665245,21.2
51.45665245,21.2
51.45665245,21.2
51.45665245,21.2
51.45665245,21.2
51.456714017,21.2
51.456714017,21.2
51.456714017,21.2
51.456714017,21.2
51.456714017,21.2
51.456714017,21.2
51.456714017,21.2
51.456714017,21.2
51.456714017,21.2
51.456714017,21.2
51.45677425,21.1
51.45677425,21.1
51.45677425,21.1
51.45677425,21.1
51.45677425,21.1
51.45677425,21.1
51.45677425,21.1
51.45677425,21.1
51.45677425,21.1
51.45677425,21.1
51.4568328,21.1
51.4568328,21.1
51.4568328,21.1
51.4568328,21.1
51.4568328,21.1
51.4568328,21.1
51.4568328,21.1
51.4568328,21.1
51.4568328,21.1
51.4568328,21.1
51.456894283,21.1
51.456894283,21.1
51.456894283,21.1
51.456894283,21.1
51.456894283,21.1
51.456894283,21.1
51.456894283,21.1
51.456894283,21.1
51.456894283,21.1
51.456894283,21.1
51.456953717,21.0
51.456953717,21.0
51.456953717,21.0
51.456953717,21.0
51.456953717,21.0
51.456953717,21.0
51.456953717,21.0
51.456953717,21.0
51.456953717,21.0
51.456953717,21.0
51.45701275,21.1
51.45701275,21.1
51.45701275,21.1
51.45701275,21.1
51.45701275,21.1
51.45701275,21.1
51.45701275,21.1
51.45701275,21.1
51.45701275,21.1
51.45701275,21.1
51.457074067,21.2
51.457074067,21.2
51.457074067,21.2
51.457074067,21.2
51.457074067,21.2
51.457074067,21.2
51.457074067,21.2
51.457074067,21.2
51.457074067,21.2
51.457074067,21.2
51.457132733,21.4
51.457132733,21.4
51.457132733,21.4
51.457132733,21.4
51.457132733,21.4
51.457132733,21.4
51.457132733,21.4
51.457132733,21.4
51.457132733,21.4
51.457132733,21.4
51.457191533,21.4
51.457191533,21.4
51.457191533,21.4
51.457191533,21.4
51.457191533,21.4
51.457191533,21.4
51.457191533,21.4
51.457191533,21.4
51.457191533,21.4
51.457191533,21.4
51.457242567,21.2
51.457242567,21.2
51.457242567,21.2
51.457242567,21.2
51.457242567,21.2
51.457242567,21.2
51.457242567,21.2
51.457242567,21.2
51.457242567,21.2
51.457242567,21.2
51.457298,21.6
51.457298,21.6
51.457298,21.6
51.457298,21.6
51.457298,21.6
51.457298,21.6
51.457298,21.6
51.457298,21.6
51.457298,21.6
51.457298,21.6
51.45735895,22.3
51.45735895,22.3
51.45735895,22.3
51.45735895,22.3
51.45735895,22.3
51.45735895,22.3
51.45735895,22.3
51.45735895,22.3
51.45735895,22.3
51.45735895,22.3
51.4574218,22.5
51.4574218,22.5
51.4574218,22.5
51.4574218,22.5
51.4574218,22.5
51.4574218,22.5
51.4574218,22.5
51.4574218,22.5
51.4574218,22.5
51.4574218,22.5
51.457480267,22.6
51.457480267,22.6
51.457480267,22.6
51.457480267,22.6
51.457480267,22.6
51.457480267,22.6
51.457480267,22.6
51.457480267,22.6
51.457480267,22.6
51.457480267,22.6
51.4575442,22.7
51.4575442,22.7
51.4575442,22.7
51.4575442,22.7
51.4575442,22.7
51.4575442,22.7
51.4575442,22.7
51.4575442,22.7
51.4575442,22.7
51.4575442,22.7
51.457601217,22.8
51.457601217,22.8
51.457601217,22.8
51.457601217,22.8
51.457601217,22.8
51.457601217,22.8
51.457601217,22.8
51.457601217,22.8
51.457601217,22.8
51.457601217,22.8
51.457663567,22.8
51.457663567,22.8
51.457663567,22.8
51.457663567,22.8
51.457663567,22.8
51.457663567,22.8
51.457663567,22.8
51.457663567,22.8
51.457663567,22.8
51.457663567,22.8
51.457728033,23.0
51.457728033,23.0
51.457728033,23.0
51.457728033,23.0
51.457728033,23.0
51.457728033,23.0
51.457728033,23.0
51.457728033,23.0
51.457728033,23.0
51.457728033,23.0
51.457795883,22.9
51.457795883,22.9
51.457795883,22.9
51.457795883,22.9
51.457795883,22.9
51.457795883,22.9
51.457795883,22.9
51.457795883,22.9
51.457795883,22.9
51.457795883,22.9
51.45786015,23.0
51.45786015,23.0
51.45786015,23.0
51.45786015,23.0
51.45786015,23.0
51.45786015,23.0
51.45786015,23.0
51.45786015,23.0
51.45786015,23.0
51.45786015,23.0
51.45792725,23.1
51.45792725,23.1
51.45792725,23.1
51.45792725,23.1
51.45792725,23.1
51.45792725,23.1
51.45792725,23.1
51.45792725,23.1
51.45792725,23.1
51.45792725,23.1
51.4579944,22.9
51.4579944,22.9
51.4579944,22.9
51.4579944,22.9
51.4579944,22.9
51.4579944,22.9
51.4579944,22.9
51.4579944,22.9
51.4579944,22.9
51.4579944,22.9
51.45805615,23.0
51.45805615,23.0
51.45805615,23.0
51.45805615,23.0
51.45805615,23.0
51.45805615,23.0
51.45805615,23.0
51.45805615,23.0
51.45805615,23.0
51.45805615,23.0
51.458126133,23.0
51.458126133,23.0
51.458126133,23.0
51.458126133,23.0
51.458126133,23.0
51.458126133,23.0
51.458126133,23.0
51.458126133,23.0
51.458126133,23.0
51.458126133,23.0
51.458187983,23.0
51.458187983,23.0
51.458187983,23.0
51.458187983,23.0
51.458187983,23.0
51.458187983,23.0
51.458187983,23.0
51.458187983,23.0
51.458187983,23.0
51.458187983,23.0
51.45825365,23.1
51.45825365,23.1
51.45825365,23.1
51.45825365,23.1
51.45825365,23.1
51.45825365,23.1
51.45825365,23.1
51.45825365,23.1
51.45825365,23.1
51.45825365,23.1
51.4583205,23.2
51.4583205,23.2
51.4583205,23.2
51.4583205,23.2
51.4583205,23.2
51.4583205,23.2
51.4583205,23.2
51.4583205,23.2
51.4583205,23.2
51.4583205,23.2
51.4583814,23.1
51.4583814,23.1
51.4583814,23.1
51.4583814,23.1
51.4583814,23.1
51.4583814,23.1
51.4583814,23.1
51.4583814,23.1
51.4583814,23.1
51.4583814,23.1
51.4584433,23.1
51.4584433,23.1
51.4584433,23.1
51.4584433,23.1
51.4584433,23.1
51.4584433,23.1
51.4584433,23.1
51.4584433,23.1
51.4584433,23.1
51.4584433,23.1
51.458507083,23.1
51.458507083,23.1
51.458507083,23.1
51.458507083,23.1
51.458507083,23.1
51.458507083,23.1
51.458507083,23.1
51.458507083,23.1
51.458507083,23.1
51.458507083,23.1
51.45856305,23.1
51.45856305,23.1
51.45856305,23.1
51.45856305,23.1
51.45856305,23.1
51.45856305,23.1
51.45856305,23.1
51.45856305,23.1
51.45856305,23.1
51.45856305,23.1
51.45862645,23.2
51.45862645,23.2
51.45862645,23.2
51.45862645,23.2
51.45862645,23.2
51.45862645,23.2
51.45862645,23.2
51.45862645,23.2
51.45862645,23.2
51.45862645,23.2
51.458686267,23.3
51.458686267,23.3
51.458686267,23.3
51.458686267,23.3
51.458686267,23.3
51.458686267,23.3
51.458686267,23.3
51.458686267,23.3
51.458686267,23.3
51.458686267,23.3
51.458750267,23.5
51.458750267,23.5
51.458750267,23.5
51.458750267,23.5
51.458750267,23.5
51.458750267,23.5
51.458750267,23.5
51.458750267,23.5
51.458750267,23.5
51.458750267,23.5
51.45881395,23.5
51.45881395,23.5
51.45881395,23.5
51.45881395,23.5
51.45881395,23.5
51.45881395,23.5
51.45881395,23.5
51.45881395,23.5
51.45881395,23.5
51.45881395,23.5
51.458876267,23.6
51.458876267,23.6
51.458876267,23.6
51.458876267,23.6
51.458876267,23.6
51.458876267,23.6
51.458876267,23.6
51.458876267,23.6
51.458876267,23.6
51.458876267,23.6
51.458939267,23.7
51.458939267,23.7
51.458939267,23.7
51.458939267,23.7
51.458939267,23.7
51.458939267,23.7
51.458939267,23.7
51.458939267,23.7
51.458939267,23.7
51.458939267,23.7
51.458998333,23.6
51.458998333,23.6
51.458998333,23.6
51.458998333,23.6
51.458998333,23.6
51.458998333,23.6
51.458998333,23.6
51.458998333,23.6
51.458998333,23.6
51.458998333,23.6
51.459053267,23.6
51.459053267,23.6
51.459053267,23.6
51.459053267,23.6
51.459053267,23.6
51.459053267,23.6
51.459053267,23.6
51.459053267,23.6
51.459053267,23.6
51.459053267,23.6
51.459108383,23.6
51.459108383,23.6
51.459108383,23.6
51.459108383,23.6
51.459108383,23.6
51.459108383,23.6
51.459108383,23.6
51.459108383,23.6
51.459108383,23.6
51.459108383,23.6
51.459165517,23.8
51.459165517,23.8
51.459165517,23.8
51.459165517,23.8
51.459165517,23.8
51.459165517,23.8
51.459165517,23.8
51.459165517,23.8
51.459165517,23.8
51.459165517,23.8
51.459218533,23.9
51.459218533,23.9
51.459218533,23.9
51.459218533,23.9
51.459218533,23.9
51.459218533,23.9
51.459218533,23.9
51.459218533,23.9
51.459218533,23.9
51.459218533,23.9
51.459266733,24.0
51.459266733,24.0
51.459266733,24.0
51.459266733,24.0
51.459266733,24.0
51.459266733,24.0
51.459266733,24.0
51.459266733,24.0
51.459266733,24.0
51.459266733,24.0
51.459314183,24.1
51.459314183,24.1
51.459314183,24.1
51.459314183,24.1
51.459314183,24.1
51.459314183,24.1
51.459314183,24.1
51.459314183,24.1
51.459314183,24.1
51.459314183,24.1
51.4593529,24.2
51.4593529,24.2
51.4593529,24.2
51.4593529,24.2
51.4593529,24.2
51.4593529,24.2
51.4593529,24.2
51.4593529,24.2
51.4593529,24.2
51.4593529,24.2
51.459392183,24.2
51.459392183,24.2
51.459392183,24.2
51.459392183,24.2
51.459392183,24.2
51.459392183,24.2
51.459392183,24.2
51.459392183,24.2
51.459392183,24.2
51.459392183,24.2
51.45942885,24.5
51.45942885,24.5
51.45942885,24.5
51.45942885,24.5
51.45942885,24.5
51.45942885,24.5
51.45942885,24.5
51.45942885,24.5
51.45942885,24.5
51.45942885,24.5
51.459467333,24.3
51.459467333,24.3
51.459467333,24.3
51.459467333,24.3
51.459467333,24.3
51.459467333,24.3
51.459467333,24.3
51.459467333,24.3
51.459467333,24.3
51.459467333,24.3
51.459467333,24.3
51.459498967,24.0
51.459498967,24.0
51.459498967,24.0
51.459498967,24.0
51.459498967,24.0
51.459498967,24.0
51.459498967,24.0
51.459498967,24.0
51.459498967,24.0
51.459498967,24.0
51.4595307,23.8
51.4595307,23.8
51.4595307,23.8
51.4595307,23.8
51.4595307,23.8
51.4595307,23.8
51.4595307,23.8
51.4595307,23.8
51.4595307,23.8
51.4595307,23.8
51.459561583,23.5
51.459561583,23.5
51.459561583,23.5
51.459561583,23.5
51.459561583,23.5
51.459561583,23.5
51.459561583,23.5
51.459561583,23.5
51.459561583,23.5
51.459561583,23.5
51.459589667,23.3
51.459589667,23.3
51.459589667,23.3
51.459589667,23.3
51.459589667,23.3
51.459589667,23.3
51.459589667,23.3
51.459589667,23.3
51.459589667,23.3
51.459589667,23.3
51.459619933,23.1
51.459619933,23.1
51.459619933,23.1
51.459619933,23.1
51.459619933,23.1
51.459619933,23.1
51.459619933,23.1
51.459619933,23.1
51.459619933,23.1
51.459619933,23.1
51.45964545,22.8
51.45964545,22.8
51.45964545,22.8
51.45964545,22.8
51.45964545,22.8
51.45964545,22.8
51.45964545,22.8
51.45964545,22.8
51.45964545,22.8
51.45964545,22.8
51.4596948,22.1
51.4596948,22.1
51.4596948,22.1
51.4596948,22.1
51.4596948,22.1
51.4596948,22.1
51.4596948,22.1
51.4596948,22.1
51.4596948,22.1
51.4596948,22.1
51.4596948,22.1
51.4596948,22.1
51.4596948,22.1
51.4596948,22.1
51.4596948,22.1
51.4596948,22.1
51.4596948,22.1
51.4596948,22.1
51.4596948,22.1
51.4596948,22.1
51.45973255,21.9
51.45973255,21.9
51.45973255,21.9
51.45973255,21.9
51.45973255,21.9
51.45973255,21.9
51.45973255,21.9
51.45973255,21.9
51.45973255,21.9
51.45973255,21.9
51.459758067,21.7
51.459758067,21.7
51.459758067,21.7
51.459758067,21.7
51.459758067,21.7
51.459758067,21.7
51.459758067,21.7
51.459758067,21.7
51.459758067,21.7
51.459758067,21.7
51.45981415,21.4
51.45981415,21.4
51.45981415,21.4
51.45981415,21.4
51.45981415,21.4
51.45981415,21.4
51.45981415,21.4
51.45981415,21.4
51.45981415,21.4
51.45981415,21.4
51.459852783,21.2
51.459852783,21.2
51.459852783,21.2
51.459852783,21.2
51.459852783,21.2
51.459852783,21.2
51.459852783,21.2
51.459852783,21.2
51.459852783,21.2
51.459852783,21.2
51.459884,21.1
51.459884,21.1
51.459884,21.1
51.459884,21.1
51.459884,21.1
51.459884,21.1
51.459884,21.1
51.459884,21.1
51.459884,21.1
51.459884,21.1
51.459909383,21.1
51.459909383,21.1
51.459909383,21.1
51.459909383,21.1
51.459909383,21.1
51.459909383,21.1
51.459909383,21.1
51.459909383,21.1
51.459909383,21.1
51.459909383,21.1
51.459930833,21.1
51.459930833,21.1
51.459930833,21.1
51.459930833,21.1
51.459930833,21.1
51.459930833,21.1
51.459930833,21.1
51.459930833,21.1
51.459930833,21.1
51.459930833,21.1
51.4599452,21.2
51.4599452,21.2
51.4599452,21.2
51.4599452,21.2
51.4599452,21.2
51.4599452,21.2
51.4599452,21.2
51.4599452,21.2
51.4599452,21.2
51.4599452,21.2
51.45995455,21.2
51.45995455,21.2
51.45995455,21.2
51.45995455,21.2
51.45995455,21.2
51.45995455,21.2
51.45995455,21.2
51.45995455,21.2
51.45995455,21.2
51.45995455,21.2
51.459958183,21.4
51.459958183,21.4
51.459958183,21.4
51.459958183,21.4
51.459958183,21.4
51.459958183,21.4
51.459958183,21.4
51.459958183,21.4
51.459958183,21.4
51.459958183,21.4
51.459959117,21.7
51.459959117,21.7
51.459959117,21.7
51.459959117,21.7
51.459959117,21.7
51.459959117,21.7
51.459959117,21.7
51.459959117,21.7
51.459959117,21.7
51.459959117,21.7
51.459950833,22.1
51.459950833,22.1
51.459950833,22.1
51.459950833,22.1
51.459950833,22.1
51.459950833,22.1
51.459950833,22.1
51.459950833,22.1
51.459950833,22.1
51.459950833,22.1
51.459937683,22.5
51.459937683,22.5
51.459937683,22.5
51.459937683,22.5
51.459937683,22.5
51.459937683,22.5
51.459937683,22.5
51.459937683,22.5
51.459937683,22.5
51.459937683,22.5
51.45992025,22.8
51.45992025,22.8
51.45992025,22.8
51.45992025,22.8
51.45992025,22.8
51.45992025,22.8
51.45992025,22.8
51.45992025,22.8
51.45992025,22.8
51.45992025,22.8
51.459899867,23.0
51.459899867,23.0
51.459899867,23.0
51.459899867,23.0
51.459899867,23.0
51.459899867,23.0
51.459899867,23.0
51.459899867,23.0
51.459899867,23.0
51.459899867,23.0
51.459875467,23.0
51.459875467,23.0
51.459875467,23.0
51.459875467,23.0
51.459875467,23.0
51.459875467,23.0
51.459875467,23.0
51.459875467,23.0
51.459875467,23.0
51.459875467,23.0
51.459846517,22.8
51.459846517,22.8
51.459846517,22.8
51.459846517,22.8
51.459846517,22.8
51.459846517,22.8
51.459846517,22.8
51.459846517,22.8
51.459846517,22.8
51.459846517,22.8
51.459818717,22.8
51.459818717,22.8
51.459818717,22.8
51.459818717,22.8
51.459818717,22.8
51.459818717,22.8
51.459818717,22.8
51.459818717,22.8
51.459818717,22.8
51.459818717,22.8
51.459786767,23.0
51.459786767,23.0
51.459786767,23.0
51.459786767,23.0
51.459786767,23.0
51.459786767,23.0
51.459786767,23.0
51.459786767,23.0
51.459786767,23.0
51.459786767,23.0
51.459756267,23.0
51.459756267,23.0
51.459756267,23.0
51.459756267,23.0
51.459756267,23.0
51.459756267,23.0
51.459756267,23.0
51.459756267,23.0
51.459756267,23.0
51.459756267,23.0
51.459723067,23.1
51.459723067,23.1
51.459723067,23.1
51.459723067,23.1
51.459723067,23.1
51.459723067,23.1
51.459723067,23.1
51.459723067,23.1
51.459723067,23.1
51.459723067,23.1
51.4596893,23.2
51.4596893,23.2
51.4596893,23.2
51.4596893,23.2
51.4596893,23.2
51.4596893,23.2
51.4596893,23.2
51.4596893,23.2
51.4596893,23.2
51.4596893,23.2
51.4596538,23.3
51.4596538,23.3
51.4596538,23.3
51.4596538,23.3
51.4596538,23.3
51.4596538,23.3
51.4596538,23.3
51.4596538,23.3
51.4596538,23.3
51.4596538,23.3
51.45961395,23.4
51.45961395,23.4
51.45961395,23.4
51.45961395,23.4
51.45961395,23.4
51.45961395,23.4
51.45961395,23.4
51.45961395,23.4
51.45961395,23.4
51.45961395,23.4
51.459578517,23.5
51.459578517,23.5
51.459578517,23.5
51.459578517,23.5
51.459578517,23.5
51.459578517,23.5
51.459578517,23.5
51.459578517,23.5
51.459578517,23.5
51.459578517,23.5
51.459538567,23.6
51.459538567,23.6
51.459538567,23.6
51.459538567,23.6
51.459538567,23.6
51.459538567,23.6
51.459538567,23.6
51.459538567,23.6
51.459538567,23.6
51.459538567,23.6
51.459497433,23.7
51.459497433,23.7
51.459497433,23.7
51.459497433,23.7
51.459497433,23.7
51.459497433,23.7
51.459497433,23.7
51.459497433,23.7
51.459497433,23.7
51.459497433,23.7
51.459461317,23.7
51.459461317,23.7
51.459461317,23.7
51.459461317,23.7
51.459461317,23.7
51.459461317,23.7
51.459461317,23.7
51.459461317,23.7
51.459461317,23.7
51.459461317,23.7
51.459426633,22.9
51.459426633,22.9
51.459426633,22.9
51.459426633,22.9
51.459426633,22.9
51.459426633,22.9
51.459426633,22.9
51.459426633,22.9
51.459426633,22.9
51.459426633,22.9
51.4593933,23.1
51.4593933,23.1
51.4593933,23.1
51.4593933,23.1
51.4593933,23.1
51.4593933,23.1
51.4593933,23.1
51.4593933,23.1
51.4593933,23.1
51.4593933,23.1
51.459357767,23.5
51.459357767,23.5
51.459357767,23.5
51.459357767,23.5
51.459357767,23.5
51.459357767,23.5
51.459357767,23.5
51.459357767,23.5
51.459357767,23.5
51.459357767,23.5
51.459327617,23.3
51.459327617,23.3
51.459327617,23.3
51.459327617,23.3
51.459327617,23.3
51.459327617,23.3
51.459327617,23.3
51.459327617,23.3
51.459327617,23.3
51.459327617,23.3
51.459295033,23.2
51.459295033,23.2
51.459295033,23.2
51.459295033,23.2
51.459295033,23.2
51.459295033,23.2
51.459295033,23.2
51.459295033,23.2
51.459295033,23.2
51.459295033,23.2
51.459265833,23.2
51.459265833,23.2
51.459265833,23.2
51.459265833,23.2
51.459265833,23.2
51.459265833,23.2
51.459265833,23.2
51.459265833,23.2
51.459265833,23.2
51.459265833,23.2
51.459229933,23.6
51.459229933,23.6
51.459229933,23.6
51.459229933,23.6
51.459229933,23.6
51.459229933,23.6
51.459229933,23.6
51.459229933,23.6
51.459229933,23.6
51.459229933,23.6
51.45919245,23.8
51.45919245,23.8
51.45919245,23.8
51.45919245,23.8
51.45919245,23.8
51.45919245,23.8
51.45919245,23.8
51.45919245,23.8
51.45919245,23.8
51.45919245,23.8
51.45915275,24.4
51.45915275,24.4
51.45915275,24.4
51.45915275,24.4
51.45915275,24.4
51.45915275,24.4
51.45915275,24.4
51.45915275,24.4
51.45915275,24.4
51.45915275,24.4
51.459109783,24.9
51.459109783,24.9
51.459109783,24.9
51.459109783,24.9
51.459109783,24.9
51.459109783,24.9
51.459109783,24.9
51.459109783,24.9
51.459109783,24.9
51.459109783,24.9
51.45906645,25.3
51.45906645,25.3
51.45906645,25.3
51.45906645,25.3
51.45906645,25.3
51.45906645,25.3
51.45906645,25.3
51.45906645,25.3
51.45906645,25.3
51.45906645,25.3
51.459016433,25.6
51.459016433,25.6
51.459016433,25.6
51.459016433,25.6
51.459016433,25.6
51.459016433,25.6
51.459016433,25.6
51.459016433,25.6
51.459016433,25.6
51.459016433,25.6
51.459016433,25.6
51.458962933,26.2
51.458962933,26.2
51.458962933,26.2
51.458962933,26.2
51.458962933,26.2
51.458962933,26.2
51.458962933,26.2
51.458962933,26.2
51.458962933,26.2
51.458902867,26.7
51.458902867,26.7
51.458902867,26.7
51.458902867,26.7
51.458902867,26.7
51.458902867,26.7
51.458902867,26.7
51.458902867,26.7
51.458902867,26.7
51.458902867,26.7
51.458902867,26.7
51.458838667,27.1
51.458838667,27.1
51.458838667,27.1
51.458838667,27.1
51.458838667,27.1
51.458838667,27.1
51.458838667,27.1
51.458838667,27.1
51.458838667,27.1
51.458838667,27.1
51.458761683,27.6
51.458761683,27.6
51.458761683,27.6
51.458761683,27.6
51.458761683,27.6
51.458761683,27.6
51.458761683,27.6
51.458761683,27.6
51.458761683,27.6
51.458761683,27.6
51.458683317,28.1
51.458683317,28.1
51.458683317,28.1
51.458683317,28.1
51.458683317,28.1
51.458683317,28.1
51.458683317,28.1
51.458683317,28.1
51.458683317,28.1
51.458683317,28.1
51.4586086,28.3
51.4586086,28.3
51.4586086,28.3
51.4586086,28.3
51.4586086,28.3
51.4586086,28.3
51.4586086,28.3
51.4586086,28.3
51.4586086,28.3
51.4586086,28.3
51.45852985,28.5
51.45852985,28.5
51.45852985,28.5
51.45852985,28.5
51.45852985,28.5
51.45852985,28.5
51.45852985,28.5
51.45852985,28.5
51.45852985,28.5
51.45852985,28.5
51.458451483,28.8
51.458451483,28.8
51.458451483,28.8
51.458451483,28.8
51.458451483,28.8
51.458451483,28.8
51.458451483,28.8
51.458451483,28.8
51.458451483,28.8
51.458451483,28.8
51.45837025,29.0
51.45837025,29.0
51.45837025,29.0
51.45837025,29.0
51.45837025,29.0
51.45837025,29.0
51.45837025,29.0
51.45837025,29.0
51.45837025,29.0
51.45837025,29.0
51.458290267,29.2
51.458290267,29.2
51.458290267,29.2
51.458290267,29.2
51.458290267,29.2
51.458290267,29.2
51.458290267,29.2
51.458290267,29.2
51.458290267,29.2
51.458290267,29.2
51.458211083,29.2
51.458211083,29.2
51.458211083,29.2
51.458211083,29.2
51.458211083,29.2
51.458211083,29.2
51.458211083,29.2
51.458211083,29.2
51.458211083,29.2
51.458211083,29.2
51.45812775,29.6
51.45812775,29.6
51.45812775,29.6
51.45812775,29.6
51.45812775,29.6
51.45812775,29.6
51.45812775,29.6
51.45812775,29.6
51.45812775,29.6
51.45812775,29.6
51.458049117,29.6
51.458049117,29.6
51.458049117,29.6
51.458049117,29.6
51.458049117,29.6
51.458049117,29.6
51.458049117,29.6
51.458049117,29.6
51.458049117,29.6
51.458049117,29.6
51.457964983,30.8
51.457964983,30.8
51.457964983,30.8
51.457964983,30.8
51.457964983,30.8
51.457964983,30.8
51.457964983,30.8
51.457964983,30.8
51.457964983,30.8
51.457964983,30.8
51.457872933,31.4
51.457872933,31.4
51.457872933,31.4
51.457872933,31.4
51.457872933,31.4
51.457872933,31.4
51.457872933,31.4
51.457872933,31.4
51.457872933,31.4
51.457872933,31.4
51.4577797,32.2
51.4577797,32.2
51.4577797,32.2
51.4577797,32.2
51.4577797,32.2
51.4577797,32.2
51.4577797,32.2
51.4577797,32.2
51.4577797,32.2
51.4577797,32.2
51.457693417,32.6
51.457693417,32.6
51.457693417,32.6
51.457693417,32.6
51.457693417,32.6
51.457693417,32.6
51.457693417,32.6
51.457693417,32.6
51.457693417,32.6
51.457693417,32.6
51.457605717,33.3
51.457605717,33.3
51.457605717,33.3
51.457605717,33.3
51.457605717,33.3
51.457605717,33.3
51.457605717,33.3
51.457605717,33.3
51.457605717,33.3
51.457605717,33.3
51.45751275,33.7
51.45751275,33.7
51.45751275,33.7
51.45751275,33.7
51.45751275,33.7
51.45751275,33.7
51.45751275,33.7
51.45751275,33.7
51.45751275,33.7
51.45751275,33.7
51.457421283,33.7
51.457421283,33.7
51.457421283,33.7
51.457421283,33.7
51.457421283,33.7
51.457421283,33.7
51.457421283,33.7
51.457421283,33.7
51.457421283,33.7
51.457421283,33.7
51.457335117,34.0
51.457335117,34.0
51.457335117,34.0
51.457335117,34.0
51.457335117,34.0
51.457335117,34.0
51.457335117,34.0
51.457335117,34.0
51.457335117,34.0
51.457335117,34.0
51.457241017,34.8
51.457241017,34.8
51.457241017,34.8
51.457241017,34.8
51.457241017,34.8
51.457241017,34.8
51.457241017,34.8
51.457241017,34.8
51.457241017,34.8
51.457241017,34.8
51.457146667,34.8
51.457146667,34.8
51.457146667,34.8
51.457146667,34.8
51.457146667,34.8
51.457146667,34.8
51.457146667,34.8
51.457146667,34.8
51.457146667,34.8
51.457146667,34.8
51.4570404,35.2
51.4570404,35.2
51.4570404,35.2
51.4570404,35.2
51.4570404,35.2
51.4570404,35.2
51.4570404,35.2
51.4570404,35.2
51.4570404,35.2
51.4570404,35.2
51.456948733,34.9
51.456948733,34.9
51.456948733,34.9
51.456948733,34.9
51.456948733,34.9
51.456948733,34.9
51.456948733,34.9
51.456948733,34.9
51.456948733,34.9
51.456948733,34.9
51.456854233,34.8
51.456854233,34.8
51.456854233,34.8
51.456854233,34.8
51.456854233,34.8
51.456854233,34.8
51.456854233,34.8
51.456854233,34.8
51.456854233,34.8
51.456854233,34.8
51.45676435,35.2
51.45676435,35.2
51.45676435,35.2
51.45676435,35.2
51.45676435,35.2
51.45676435,35.2
51.45676435,35.2
51.45676435,35.2
51.45676435,35.2
51.45676435,35.2
51.45666925,35.2
51.45666925,35.2
51.45666925,35.2
51.45666925,35.2
51.45666925,35.2
51.45666925,35.2
51.45666925,35.2
51.45666925,35.2
51.45666925,35.2
51.45666925,35.2
51.45657315,35.1
51.45657315,35.1
51.45657315,35.1
51.45657315,35.1
51.45657315,35.1
51.45657315,35.1
51.45657315,35.1
51.45657315,35.1
51.45657315,35.1
51.45657315,35.1
51.4564845,35.0
51.4564845,35.0
51.4564845,35.0
51.4564845,35.0
51.4564845,35.0
51.4564845,35.0
51.4564845,35.0
51.4564845,35.0
51.4564845,35.0
51.4564845,35.0
51.456387167,35.2
51.456387167,35.2
51.456387167,35.2
51.456387167,35.2
51.456387167,35.2
51.456387167,35.2
51.456387167,35.2
51.456387167,35.2
51.456387167,35.2
51.456387167,35.2
51.456291867,35.2
51.456291867,35.2
51.456291867,35.2
51.456291867,35.2
51.456291867,35.2
51.456291867,35.2
51.456291867,35.2
51.456291867,35.2
51.456291867,35.2
51.456291867,35.2
51.456193,35.4
51.456193,35.4
51.456193,35.4
51.456193,35.4
51.456193,35.4
51.456193,35.4
51.456193,35.4
51.456193,35.4
51.456193,35.4
51.456193,35.4
51.456096367,35.4
51.456096367,35.4
51.456096367,35.4
51.456096367,35.4
51.456096367,35.4
51.456096367,35.4
51.456096367,35.4
51.456096367,35.4
51.456096367,35.4
51.456096367,35.4
51.455997617,35.5
51.455997617,35.5
51.455997617,35.5
51.455997617,35.5
51.455997617,35.5
51.455997617,35.5
51.455997617,35.5
51.455997617,35.5
51.455997617,35.5
51.455997617,35.5
51.455895083,35.8
51.455895083,35.8
51.455895083,35.8
51.455895083,35.8
51.455895083,35.8
51.455895083,35.8
51.455895083,35.8
51.455895083,35.8
51.455895083,35.8
51.455895083,35.8
51.455805867,35.6
51.455805867,35.6
51.455805867,35.6
51.455805867,35.6
51.455805867,35.6
51.455805867,35.6
51.455805867,35.6
51.455805867,35.6
51.455805867,35.6
51.455805867,35.6
51.455708383,36.3
51.455708383,36.3
51.455708383,36.3
51.455708383,36.3
51.455708383,36.3
51.455708383,36.3
51.455708383,36.3
51.455708383,36.3
51.455708383,36.3
51.455708383,36.3
51.4556181,36.9
51.4556181,36.9
51.4556181,36.9
51.4556181,36.9
51.4556181,36.9
51.4556181,36.9
51.4556181,36.9
51.4556181,36.9
51.4556181,36.9
51.4556181,36.9
51.4555375,36.7
51.4555375,36.7
51.4555375,36.7
51.4555375,36.7
51.4555375,36.7
51.4555375,36.7
51.4555375,36.7
51.4555375,36.7
51.4555375,36.7
51.4555375,36.7
51.4554761,37.1
51.4554761,37.1
51.4554761,37.1
51.4554761,37.1
51.4554761,37.1
51.4554761,37.1
51.4554761,37.1
51.4554761,37.1
51.4554761,37.1
51.4554761,37.1
51.455421317,37.4
51.455421317,37.4
51.455421317,37.4
51.455421317,37.4
51.455421317,37.4
51.455421317,37.4
51.455421317,37.4
51.455421317,37.4
51.455421317,37.4
51.455421317,37.4
51.455368233,37.6
51.455368233,37.6
51.455368233,37.6
51.455368233,37.6
51.455368233,37.6
51.455368233,37.6
51.455368233,37.6
51.455368233,37.6
51.455368233,37.6
51.455368233,37.6
51.45532025,37.8
51.45532025,37.8
51.45532025,37.8
51.45532025,37.8
51.45532025,37.8
51.45532025,37.8
51.45532025,37.8
51.45532025,37.8
51.45532025,37.8
51.45532025,37.8
51.455272717,38.2
51.455272717,38.2
51.455272717,38.2
51.455272717,38.2
51.455272717,38.2
51.455272717,38.2
51.455272717,38.2
51.455272717,38.2
51.455272717,38.2
51.455272717,38.2
51.455226283,38.3
51.455226283,38.3
51.455226283,38.3
51.455226283,38.3
51.455226283,38.3
51.455226283,38.3
51.455226283,38.3
51.455226283,38.3
51.455226283,38.3
51.455226283,38.3
51.455178433,38.4
51.455178433,38.4
51.455178433,38.4
51.455178433,38.4
51.455178433,38.4
51.455178433,38.4
51.455178433,38.4
51.455178433,38.4
51.455178433,38.4
51.455178433,38.4
51.4551294,38.6
51.4551294,38.6
51.4551294,38.6
51.4551294,38.6
51.4551294,38.6
51.4551294,38.6
51.4551294,38.6
51.4551294,38.6
51.4551294,38.6
51.4551294,38.6
51.455082933,38.7
51.455082933,38.7
51.455082933,38.7
51.455082933,38.7
51.455082933,38.7
51.455082933,38.7
51.455082933,38.7
51.455082933,38.7
51.455082933,38.7
51.455082933,38.7
51.455030017,38.9
51.455030017,38.9
51.455030017,38.9
51.455030017,38.9
51.455030017,38.9
51.455030017,38.9
51.455030017,38.9
51.455030017,38.9
51.455030017,38.9
51.455030017,38.9
51.4549829,39.1
51.4549829,39.1
51.4549829,39.1
51.4549829,39.1
51.4549829,39.1
51.4549829,39.1
51.4549829,39.1
51.4549829,39.1
51.4549829,39.1
51.4549829,39.1
51.45493395,39.1
51.45493395,39.1
51.45493395,39.1
51.45493395,39.1
51.45493395,39.1
51.45493395,39.1
51.45493395,39.1
51.45493395,39.1
51.45493395,39.1
51.45493395,39.1
51.454886767,39.3
51.454886767,39.3
51.454886767,39.3
51.454886767,39.3
51.454886767,39.3
51.454886767,39.3
51.454886767,39.3
51.454886767,39.3
51.454886767,39.3
51.454886767,39.3
51.454837267,39.4
51.454837267,39.4
51.454837267,39.4
51.454837267,39.4
51.454837267,39.4
51.454837267,39.4
51.454837267,39.4
51.454837267,39.4
51.454837267,39.4
51.454837267,39.4
51.454792817,39.5
51.454792817,39.5
51.454792817,39.5
51.454792817,39.5
51.454792817,39.5
51.454792817,39.5
51.454792817,39.5
51.454792817,39.5
51.454792817,39.5
51.454792817,39.5
51.4547452,39.5
51.4547452,39.5
51.4547452,39.5
51.4547452,39.5
51.4547452,39.5
51.4547452,39.5
51.4547452,39.5
51.4547452,39.5
51.4547452,39.5
51.4547452,39.5
51.4546951,39.8
51.4546951,39.8
51.4546951,39.8
51.4546951,39.8
51.4546951,39.8
51.4546951,39.8
51.4546951,39.8
51.4546951,39.8
51.4546951,39.8
51.4546951,39.8
51.45465115,39.4
51.45465115,39.4
51.45465115,39.4
51.45465115,39.4
51.45465115,39.4
51.45465115,39.4
51.45465115,39.4
51.45465115,39.4
51.45465115,39.4
51.45465115,39.4
51.45460365,39.4
51.45460365,39.4
51.45460365,39.4
51.45460365,39.4
51.45460365,39.4
51.45460365,39.4
51.45460365,39.4
51.45460365,39.4
51.45460365,39.4
51.45460365,39.4
51.454555533,39.4
51.454555533,39.4
51.454555533,39.4
51.454555533,39.4
51.454555533,39.4
51.454555533,39.4
51.454555533,39.4
51.454555533,39.4
51.454555533,39.4
51.454555533,39.4
51.454510933,39.3
51.454510933,39.3
51.454510933,39.3
51.454510933,39.3
51.454510933,39.3
51.454510933,39.3
51.454510933,39.3
51.454510933,39.3
51.454510933,39.3
51.454510933,39.3
51.4544628,39.3
51.4544628,39.3
51.4544628,39.3
51.4544628,39.3
51.4544628,39.3
51.4544628,39.3
51.4544628,39.3
51.4544628,39.3
51.4544628,39.3
51.4544628,39.3
51.454410417,39.2
51.454410417,39.2
51.454410417,39.2
51.454410417,39.2
51.454410417,39.2
51.454410417,39.2
51.454410417,39.2
51.454410417,39.2
51.454410417,39.2
51.454410417,39.2
51.4543566,38.9
51.4543566,38.9
51.4543566,38.9
51.4543566,38.9
51.4543566,38.9
51.4543566,38.9
51.4543566,38.9
51.4543566,38.9
51.4543566,38.9
51.4543566,38.9
51.454309833,39.0
51.454309833,39.0
51.454309833,39.0
51.454309833,39.0
51.454309833,39.0
51.454309833,39.0
51.454309833,39.0
51.454309833,39.0
51.454309833,39.0
51.454309833,39.0
51.454260233,39.6
51.454260233,39.6
51.454260233,39.6
51.454260233,39.6
51.454260233,39.6
51.454260233,39.6
51.454260233,39.6
51.454260233,39.6
51.454260233,39.6
51.454260233,39.6
51.454209333,39.7
51.454209333,39.7
51.454209333,39.7
51.454209333,39.7
51.454209333,39.7
51.454209333,39.7
51.454209333,39.7
51.454209333,39.7
51.454209333,39.7
51.454209333,39.7
51.454153433,40.0
51.454153433,40.0
51.454153433,40.0
51.454153433,40.0
51.454153433,40.0
51.454153433,40.0
51.454153433,40.0
51.454153433,40.0
51.454153433,40.0
51.454153433,40.0
51.45411085,40.4
51.45411085,40.4
51.45411085,40.4
51.45411085,40.4
51.45411085,40.4
51.45411085,40.4
51.45411085,40.4
51.45411085,40.4
51.45411085,40.4
51.45411085,40.4
51.454060967,40.8
51.454060967,40.8
51.454060967,40.8
51.454060967,40.8
51.454060967,40.8
51.454060967,40.8
51.454060967,40.8
51.454060967,40.8
51.454060967,40.8
51.454060967,40.8
51.454010167,40.7
51.454010167,40.7
51.454010167,40.7
51.454010167,40.7
51.454010167,40.7
51.454010167,40.7
51.454010167,40.7
51.454010167,40.7
51.454010167,40.7
51.454010167,40.7
51.4539597,40.7
51.4539597,40.7
51.4539597,40.7
51.4539597,40.7
51.4539597,40.7
51.4539597,40.7
51.4539597,40.7
51.4539597,40.7
51.4539597,40.7
51.4539597,40.7
51.4539053,40.8
51.4539053,40.8
51.4539053,40.8
51.4539053,40.8
51.4539053,40.8
51.4539053,40.8
51.4539053,40.8
51.4539053,40.8
51.4539053,40.8
51.4539053,40.8
51.453849667,40.8
51.453849667,40.8
51.453849667,40.8
51.453849667,40.8
51.453849667,40.8
51.453849667,40.8
51.453849667,40.8
51.453849667,40.8
51.453849667,40.8
51.453849667,40.8
51.45378365,40.6
51.45378365,40.6
51.45378365,40.6
51.45378365,40.6
51.45378365,40.6
51.45378365,40.6
51.45378365,40.6
51.45378365,40.6
51.45378365,40.6
51.45378365,40.6
51.4537049,40.5
51.4537049,40.5
51.4537049,40.5
51.4537049,40.5
51.4537049,40.5
51.4537049,40.5
51.4537049,40.5
51.4537049,40.5
51.4537049,40.5
51.4537049,40.5
51.453621033,40.4
51.453621033,40.4
51.453621033,40.4
51.453621033,40.4
51.453621033,40.4
51.453621033,40.4
51.453621033,40.4
51.453621033,40.4
51.453621033,40.4
51.453621033,40.4
51.453522217,40.6
51.453522217,40.6
51.453522217,40.6
51.453522217,40.6
51.453522217,40.6
51.453522217,40.6
51.453522217,40.6
51.453522217,40.6
51.453522217,40.6
51.453522217,40.6
51.45340435,40.6
51.45340435,40.6
51.45340435,40.6
51.45340435,40.6
51.45340435,40.6
51.45340435,40.6
51.45340435,40.6
51.45340435,40.6
51.45340435,40.6
51.45340435,40.6
51.4532973,40.6
51.4532973,40.6
51.4532973,40.6
51.4532973,40.6
51.4532973,40.6
51.4532973,40.6
51.4532973,40.6
51.4532973,40.6
51.4532973,40.6
51.4532973,40.6
51.4531783,40.5
51.4531783,40.5
51.4531783,40.5
51.4531783,40.5
51.4531783,40.5
51.4531783,40.5
51.4531783,40.5
51.4531783,40.5
51.4531783,40.5
51.4531783,40.5
51.453070417,40.1
51.453070417,40.1
51.453070417,40.1
51.453070417,40.1
51.453070417,40.1
51.453070417,40.1
51.453070417,40.1
51.453070417,40.1
51.453070417,40.1
51.453070417,40.1
51.452967717,39.4
51.452967717,39.4
51.452967717,39.4
51.452967717,39.4
51.452967717,39.4
51.452967717,39.4
51.452967717,39.4
51.452967717,39.4
51.452967717,39.4
51.452967717,39.4
51.452874183,39.2
51.452874183,39.2
51.452874183,39.2
51.452874183,39.2
51.452874183,39.2
51.452874183,39.2
51.452874183,39.2
51.452874183,39.2
51.452874183,39.2
51.452874183,39.2
51.4527978,38.9
51.4527978,38.9
51.4527978,38.9
51.4527978,38.9
51.4527978,38.9
51.4527978,38.9
51.4527978,38.9
51.4527978,38.9
51.4527978,38.9
51.4527978,38.9
51.452728267,38.6
51.452728267,38.6
51.452728267,38.6
51.452728267,38.6
51.452728267,38.6
51.452728267,38.6
51.452728267,38.6
51.452728267,38.6
51.452728267,38.6
51.452728267,38.6
51.45266525,38.6
51.45266525,38.6
51.45266525,38.6
51.45266525,38.6
51.45266525,38.6
51.45266525,38.6
51.45266525,38.6
51.45266525,38.6
51.45266525,38.6
51.45266525,38.6
51.452618783,38.5
51.452618783,38.5
51.452618783,38.5
51.452618783,38.5
51.452618783,38.5
51.452618783,38.5
51.452618783,38.5
51.452618783,38.5
51.452618783,38.5
51.452618783,38.5
51.452572567,38.1
51.452572567,38.1
51.452572567,38.1
51.452572567,38.1
51.452572567,38.1
51.452572567,38.1
51.452572567,38.1
51.452572567,38.1
51.452572567,38.1
51.452572567,38.1
51.452518267,38.1
51.452518267,38.1
51.452518267,38.1
51.452518267,38.1
51.452518267,38.1
51.452518267,38.1
51.452518267,38.1
51.452518267,38.1
51.452518267,38.1
51.452518267,38.1
51.452467767,37.9
51.452467767,37.9
51.452467767,37.9
51.452467767,37.9
51.452467767,37.9
51.452467767,37.9
51.452467767,37.9
51.452467767,37.9
51.452467767,37.9
51.452467767,37.9
51.45241595,37.7
51.45241595,37.7
51.45241595,37.7
51.45241595,37.7
51.45241595,37.7
51.45241595,37.7
51.45241595,37.7
51.45241595,37.7
51.45241595,37.7
51.45241595,37.7
51.452367333,37.7
51.452367333,37.7
51.452367333,37.7
51.452367333,37.7
51.452367333,37.7
51.452367333,37.7
51.452367333,37.7
51.452367333,37.7
51.452367333,37.7
51.452367333,37.7
51.452320083,37.9
51.452320083,37.9
51.452320083,37.9
51.452320083,37.9
51.452320083,37.9
51.452320083,37.9
51.452320083,37.9
51.452320083,37.9
51.452320083,37.9
51.452320083,37.9
51.452268467,38.0
51.452268467,38.0
51.452268467,38.0
51.452268467,38.0
51.452268467,38.0
51.452268467,38.0
51.452268467,38.0
51.452268467,38.0
51.452268467,38.0
51.452268467,38.0
51.45221625,38.2
51.45221625,38.2
51.45221625,38.2
51.45221625,38.2
51.45221625,38.2
51.45221625,38.2
51.45221625,38.2
51.45221625,38.2
51.45221625,38.2
51.45221625,38.2
51.45221625,38.2
51.452166,38.3
51.452166,38.3
51.452166,38.3
51.452166,38.3
51.452166,38.3
51.452166,38.3
51.452166,38.3
51.452166,38.3
51.452166,38.3
51.452166,38.3
51.452119483,38.5
51.452119483,38.5
51.452119483,38.5
51.452119483,38.5
51.452119483,38.5
51.452119483,38.5
51.452119483,38.5
51.452119483,38.5
51.452119483,38.5
51.452119483,38.5
51.4520666,38.6
51.4520666,38.6
51.4520666,38.6
51.4520666,38.6
51.4520666,38.6
51.4520666,38.6
51.4520666,38.6
51.4520666,38.6
51.4520666,38.6
51.4520666,38.6
51.452013283,38.7
51.452013283,38.7
51.452013283,38.7
51.452013283,38.7
51.452013283,38.7
51.452013283,38.7
51.452013283,38.7
51.452013283,38.7
51.452013283,38.7
51.452013283,38.7
51.45196435,38.8
51.45196435,38.8
51.45196435,38.8
51.45196435,38.8
51.45196435,38.8
51.45196435,38.8
51.45196435,38.8
51.45196435,38.8
51.45196435,38.8
51.45196435,38.8
51.4519178,38.9
51.4519178,38.9
51.4519178,38.9
51.4519178,38.9
51.4519178,38.9
51.4519178,38.9
51.4519178,38.9
51.4519178,38.9
51.4519178,38.9
51.4519178,38.9
51.45186505,38.9
51.45186505,38.9
51.45186505,38.9
51.45186505,38.9
51.45186505,38.9
51.45186505,38.9
51.45186505,38.9
51.45186505,38.9
51.45186505,38.9
51.45186505,38.9
51.451813667,38.9
51.451813667,38.9
51.451813667,38.9
51.451813667,38.9
51.451813667,38.9
51.451813667,38.9
51.451813667,38.9
51.451813667,38.9
51.451813667,38.9
51.451813667,38.9
51.451760867,39.0
51.451760867,39.0
51.451760867,39.0
51.451760867,39.0
51.451760867,39.0
51.451760867,39.0
51.451760867,39.0
51.451760867,39.0
51.451760867,39.0
51.451760867,39.0
51.451708683,39.1
51.451708683,39.1
51.451708683,39.1
51.451708683,39.1
51.451708683,39.1
51.451708683,39.1
51.451708683,39.1
51.451708683,39.1
51.451708683,39.1
51.451708683,39.1
51.451661117,39.2
51.451661117,39.2
51.451661117,39.2
51.451661117,39.2
51.451661117,39.2
51.451661117,39.2
51.451661117,39.2
51.451661117,39.2
51.451661117,39.2
51.451661117,39.2
51.45160905,39.0
51.45160905,39.0
51.45160905,39.0
51.45160905,39.0
51.45160905,39.0
51.45160905,39.0
51.45160905,39.0
51.45160905,39.0
51.45160905,39.0
51.45160905,39.0
51.45155435,39.0
51.45155435,39.0
51.45155435,39.0
51.45155435,39.0
51.45155435,39.0
51.45155435,39.0
51.45155435,39.0
51.45155435,39.0
51.45155435,39.0
51.45155435,39.0
51.4515047,39.0
51.4515047,39.0
51.4515047,39.0
51.4515047,39.0
51.4515047,39.0
51.4515047,39.0
51.4515047,39.0
51.4515047,39.0
51.4515047,39.0
51.4515047,39.0
51.4514531,38.9
51.4514531,38.9
51.4514531,38.9
51.4514531,38.9
51.4514531,38.9
51.4514531,38.9
51.4514531,38.9
51.4514531,38.9
51.4514531,38.9
51.4514531,38.9
51.451402967,38.9
51.451402967,38.9
51.451402967,38.9
51.451402967,38.9
51.451402967,38.9
51.451402967,38.9
51.451402967,38.9
51.451402967,38.9
51.451402967,38.9
51.451402967,38.9
51.45135675,38.9
51.45135675,38.9
51.45135675,38.9
51.45135675,38.9
51.45135675,38.9
51.45135675,38.9
51.45135675,38.9
51.45135675,38.9
51.45135675,38.9
51.45135675,38.9
51.4513085,38.7
51.4513085,38.7
51.4513085,38.7
51.4513085,38.7
51.4513085,38.7
51.4513085,38.7
51.4513085,38.7
51.4513085,38.7
51.4513085,38.7
51.4513085,38.7
51.451256267,38.7
51.451256267,38.7
51.451256267,38.7
51.451256267,38.7
51.451256267,38.7
51.451256267,38.7
51.451256267,38.7
51.451256267,38.7
51.451256267,38.7
51.451256267,38.7
51.451203783,38.6
51.451203783,38.6
51.451203783,38.6
51.451203783,38.6
51.451203783,38.6
51.451203783,38.6
51.451203783,38.6
51.451203783,38.6
51.451203783,38.6
51.451203783,38.6
51.451152967,37.7
51.451152967,37.7
51.451152967,37.7
51.451152967,37.7
51.451152967,37.7
51.451152967,37.7
51.451152967,37.7
51.451152967,37.7
51.451152967,37.7
51.451152967,37.7
51.451106367,36.2
51.451106367,36.2
51.451106367,36.2
51.451106367,36.2
51.451106367,36.2
51.451106367,36.2
51.451106367,36.2
51.451106367,36.2
51.451106367,36.2
51.451106367,36.2
51.45106215,35.0
51.45106215,35.0
51.45106215,35.0
51.45106215,35.0
51.45106215,35.0
51.45106215,35.0
51.45106215,35.0
51.45106215,35.0
51.45106215,35.0
51.45106215,35.0
51.451015417,34.0
51.451015417,34.0
51.451015417,34.0
51.451015417,34.0
51.451015417,34.0
51.451015417,34.0
51.451015417,34.0
51.451015417,34.0
51.451015417,34.0
51.451015417,34.0
51.450971067,32.8
51.450971067,32.8
51.450971067,32.8
51.450971067,32.8
51.450971067,32.8
51.450971067,32.8
51.450971067,32.8
51.450971067,32.8
51.450971067,32.8
51.450971067,32.8
51.450930917,31.4
51.450930917,31.4
51.450930917,31.4
51.450930917,31.4
51.450930917,31.4
51.450930917,31.4
51.450930917,31.4
51.450930917,31.4
51.450930917,31.4
51.450930917,31.4
51.450892017,29.9
51.450892017,29.9
51.450892017,29.9
51.450892017,29.9
51.450892017,29.9
51.450892017,29.9
51.450892017,29.9
51.450892017,29.9
51.450892017,29.9
51.450892017,29.9
51.4508533,28.4
51.4508533,28.4
51.4508533,28.4
51.4508533,28.4
51.4508533,28.4
51.4508533,28.4
51.4508533,28.4
51.4508533,28.4
51.4508533,28.4
51.4508533,28.4
51.450814333,27.1
51.450814333,27.1
51.450814333,27.1
51.450814333,27.1
51.450814333,27.1
51.450814333,27.1
51.450814333,27.1
51.450814333,27.1
51.450814333,27.1
51.450814333,27.1
51.450775983,26.0
51.450775983,26.0
51.450775983,26.0
51.450775983,26.0
51.450775983,26.0
51.450775983,26.0
51.450775983,26.0
51.450775983,26.0
51.450775983,26.0
51.450775983,26.0
51.450743033,25.4
51.450743033,25.4
51.450743033,25.4
51.450743033,25.4
51.450743033,25.4
51.450743033,25.4
51.450743033,25.4
51.450743033,25.4
51.450743033,25.4
51.450743033,25.4
51.450710133,25.2
51.450710133,25.2
51.450710133,25.2
51.450710133,25.2
51.450710133,25.2
51.450710133,25.2
51.450710133,25.2
51.450710133,25.2
51.450710133,25.2
51.450710133,25.2
51.450678267,24.7
51.450678267,24.7
51.450678267,24.7
51.450678267,24.7
51.450678267,24.7
51.450678267,24.7
51.450678267,24.7
51.450678267,24.7
51.450678267,24.7
51.450678267,24.7
51.45064525,24.3
51.45064525,24.3
51.45064525,24.3
51.45064525,24.3
51.45064525,24.3
51.45064525,24.3
51.45064525,24.3
51.45064525,24.3
51.45064525,24.3
51.45064525,24.3
51.45061165,23.8
51.45061165,23.8
51.45061165,23.8
51.45061165,23.8
51.45061165,23.8
51.45061165,23.8
51.45061165,23.8
51.45061165,23.8
51.45061165,23.8
51.45061165,23.8
51.45058255,23.4
51.45058255,23.4
51.45058255,23.4
51.45058255,23.4
51.45058255,23.4
51.45058255,23.4
51.45058255,23.4
51.45058255,23.4
51.45058255,23.4
51.45058255,23.4
51.450552983,23.2
51.450552983,23.2
51.450552983,23.2
51.450552983,23.2
51.450552983,23.2
51.450552983,23.2
51.450552983,23.2
51.450552983,23.2
51.450552983,23.2
51.450552983,23.2
51.450517533,23.1
51.450517533,23.1
51.450517533,23.1
51.450517533,23.1
51.450517533,23.1
51.450517533,23.1
51.450517533,23.1
51.450517533,23.1
51.450517533,23.1
51.450517533,23.1
51.4504891,22.8
51.4504891,22.8
51.4504891,22.8
51.4504891,22.8
51.4504891,22.8
51.4504891,22.8
51.4504891,22.8
51.4504891,22.8
51.4504891,22.8
51.4504891,22.8
51.450460617,22.4
51.450460617,22.4
51.450460617,22.4
51.450460617,22.4
51.450460617,22.4
51.450460617,22.4
51.450460617,22.4
51.450460617,22.4
51.450460617,22.4
51.450460617,22.4
51.450430983,22.0
51.450430983,22.0
51.450430983,22.0
51.450430983,22.0
51.450430983,22.0
51.450430983,22.0
51.450430983,22.0
51.450430983,22.0
51.450430983,22.0
51.450430983,22.0
51.45039915,20.9
51.45039915,20.9
51.45039915,20.9
51.45039915,20.9
51.45039915,20.9
51.45039915,20.9
51.45039915,20.9
51.45039915,20.9
51.45039915,20.9
51.45039915,20.9
51.450381617,18.6
51.450381617,18.6
51.450381617,18.6
51.450381617,18.6
51.450381617,18.6
51.450381617,18.6
51.450381617,18.6
51.450381617,18.6
51.450381617,18.6
51.450381617,18.6
51.450361283,16.7
51.450361283,16.7
51.450361283,16.7
51.450361283,16.7
51.450361283,16.7
51.450361283,16.7
51.450361283,16.7
51.450361283,16.7
51.450361283,16.7
51.450361283,16.7
51.450338967,15.0
51.450338967,15.0
51.450338967,15.0
51.450338967,15.0
51.450338967,15.0
51.450338967,15.0
51.450338967,15.0
51.450338967,15.0
51.450338967,15.0
51.450338967,15.0
51.450320167,13.3
51.450320167,13.3
51.450320167,13.3
51.450320167,13.3
51.450320167,13.3
51.450320167,13.3
51.450320167,13.3
51.450320167,13.3
51.450320167,13.3
51.450320167,13.3
51.450303917,11.7
51.450303917,11.7
51.450303917,11.7
51.450303917,11.7
51.450303917,11.7
51.450303917,11.7
51.450303917,11.7
51.450303917,11.7
51.450303917,11.7
51.450303917,11.7
51.45029185,10.4
51.45029185,10.4
51.45029185,10.4
51.45029185,10.4
51.45029185,10.4
51.45029185,10.4
51.45029185,10.4
51.45029185,10.4
51.45029185,10.4
51.45029185,10.4
51.450278067,9.7
51.450278067,9.7
51.450278067,9.7
51.450278067,9.7
51.450278067,9.7
51.450278067,9.7
51.450278067,9.7
51.450278067,9.7
51.450278067,9.7
51.450278067,9.7
51.450265867,9.1
51.450265867,9.1
51.450265867,9.1
51.450265867,9.1
51.450265867,9.1
51.450265867,9.1
51.450265867,9.1
51.450265867,9.1
51.450265867,9.1
51.450265867,9.1
51.450254067,8.4
51.450254067,8.4
51.450254067,8.4
51.450254067,8.4
51.450254067,8.4
51.450254067,8.4
51.450254067,8.4
51.450254067,8.4
51.450254067,8.4
51.450254067,8.4
51.450243217,7.8
51.450243217,7.8
51.450243217,7.8
51.450243217,7.8
51.450243217,7.8
51.450243217,7.8
51.450243217,7.8
51.450243217,7.8
51.450243217,7.8
51.450243217,7.8
51.450236117,7.1
51.450236117,7.1
51.450236117,7.1
51.450236117,7.1
51.450236117,7.1
51.450236117,7.1
51.450236117,7.1
51.450236117,7.1
51.450236117,7.1
51.450236117,7.1
51.450231517,6.2
51.450231517,6.2
51.450231517,6.2
51.450231517,6.2
51.450231517,6.2
51.450231517,6.2
51.450231517,6.2
51.450231517,6.2
51.450231517,6.2
51.450231517,6.2
51.450230533,4.4
51.450230533,4.4
51.450230533,4.4
51.450230533,4.4
51.450230533,4.4
51.450230533,4.4
51.450230533,4.4
51.450230533,4.4
51.450230533,4.4
51.450230533,4.4
51.45022975,3.3
51.45022975,3.3
51.45022975,3.3
51.45022975,3.3
51.45022975,3.3
51.45022975,3.3
51.45022975,3.3
51.45022975,3.3
51.45022975,3.3
51.45022975,3.3
51.450233867,0.7
51.450233867,0.7
51.450233867,0.7
51.450233867,0.7
51.450233867,0.7
51.450233867,0.7
51.450233867,0.7
51.450233867,0.7
51.450233867,0.7
51.450233867,0.7
51.450233483,1.1
51.450233483,1.1
51.450233483,1.1
51.450233483,1.1
51.450233483,1.1
51.450233483,1.1
51.450233483,1.1
51.450233483,1.1
51.450233483,1.1
51.450233483,1.1
51.450232667,1.4
51.450232667,1.4
51.450232667,1.4
51.450232667,1.4
51.450232667,1.4
51.450232667,1.4
51.450232667,1.4
51.450232667,1.4
51.450232667,1.4
51.450232667,1.4
51.45023175,2.8
51.45023175,2.8
51.45023175,2.8
51.45023175,2.8
51.45023175,2.8
51.45023175,2.8
51.45023175,2.8
51.45023175,2.8
51.45023175,2.8
51.45023175,2.8
51.4502312,3.0
51.4502312,3.0
51.4502312,3.0
51.4502312,3.0
51.4502312,3.0
51.4502312,3.0
51.4502312,3.0
51.4502312,3.0
51.4502312,3.0
51.4502312,3.0
51.450230583,3.1
51.450230583,3.1
51.450230583,3.1
51.450230583,3.1
51.450230583,3.1
51.450230583,3.1
51.450230583,3.1
51.450230583,3.1
51.450230583,3.1
51.450230583,3.1
51.45023045,3.1
51.45023045,3.1
51.45023045,3.1
51.45023045,3.1
51.45023045,3.1
51.45023045,3.1
51.45023045,3.1
51.45023045,3.1
51.45023045,3.1
51.45023045,3.1
51.450231567,3.1
51.450231567,3.1
51.450231567,3.1
51.450231567,3.1
51.450231567,3.1
51.450231567,3.1
51.450231567,3.1
51.450231567,3.1
51.450231567,3.1
51.450231567,3.1
51.4502336,3.1
51.4502336,3.1
51.4502336,3.1
51.4502336,3.1
51.4502336,3.1
51.4502336,3.1
51.4502336,3.1
51.4502336,3.1
51.4502336,3.1
51.4502336,3.1
51.450236767,3.1
51.450236767,3.1
51.450236767,3.1
51.450236767,3.1
51.450236767,3.1
51.450236767,3.1
51.450236767,3.1
51.450236767,3.1
51.450236767,3.1
51.450236767,3.1
51.450240833,3.1
51.450240833,3.1
51.450240833,3.1
51.450240833,3.1
51.450240833,3.1
51.450240833,3.1
51.450240833,3.1
51.450240833,3.1
51.450240833,3.1
51.450240833,3.1
51.450245683,3.2
51.450245683,3.2
51.450245683,3.2
51.450245683,3.2
51.450245683,3.2
51.450245683,3.2
51.450245683,3.2
51.450245683,3.2
51.450245683,3.2
51.450245683,3.2
51.450251383,3.1
51.450251383,3.1
51.450251383,3.1
51.450251383,3.1
51.450251383,3.1
51.450251383,3.1
51.450251383,3.1
51.450251383,3.1
51.450251383,3.1
51.450251383,3.1
51.450257667,3.1
51.450257667,3.1
51.450257667,3.1
51.450257667,3.1
51.450257667,3.1
51.450257667,3.1
51.450257667,3.1
51.450257667,3.1
51.450257667,3.1
51.450257667,3.1
51.450263267,3.1
51.450263267,3.1
51.450263267,3.1
51.450263267,3.1
51.450263267,3.1
51.450263267,3.1
51.450263267,3.1
51.450263267,3.1
51.450263267,3.1
51.450263267,3.1
51.450268167,3.0
51.450268167,3.0
51.450268167,3.0
51.450268167,3.0
51.450268167,3.0
51.450268167,3.0
51.450268167,3.0
51.450268167,3.0
51.450268167,3.0
51.450268167,3.0
51.45027225,2.9
51.45027225,2.9
51.45027225,2.9
51.45027225,2.9
51.45027225,2.9
51.45027225,2.9
51.45027225,2.9
51.45027225,2.9
51.45027225,2.9
51.45027225,2.9
51.4502757,2.9
51.4502757,2.9
51.4502757,2.9
51.4502757,2.9
51.4502757,2.9
51.4502757,2.9
51.4502757,2.9
51.4502757,2.9
51.4502757,2.9
51.4502757,2.9
51.450278617,2.9
51.450278617,2.9
51.450278617,2.9
51.450278617,2.9
51.450278617,2.9
51.450278617,2.9
51.450278617,2.9
51.450278617,2.9
51.450278617,2.9
51.450278617,2.9
51.450280883,2.9
51.450280883,2.9
51.450280883,2.9
51.450280883,2.9
51.450280883,2.9
51.450280883,2.9
51.450280883,2.9
51.450280883,2.9
51.450280883,2.9
51.450280883,2.9
51.450282233,2.9
51.450282233,2.9
51.450282233,2.9
51.450282233,2.9
51.450282233,2.9
51.450282233,2.9
51.450282233,2.9
51.450282233,2.9
51.450282233,2.9
51.450282233,2.9
51.450282683,2.9
51.450282683,2.9
51.450282683,2.9
51.450282683,2.9
51.450282683,2.9
51.450282683,2.9
51.450282683,2.9
51.450282683,2.9
51.450282683,2.9
51.450282683,2.9
51.45028165,3.0
51.45028165,3.0
51.45028165,3.0
51.45028165,3.0
51.45028165,3.0
51.45028165,3.0
51.45028165,3.0
51.45028165,3.0
51.45028165,3.0
51.45028165,3.0
51.450279333,3.0
51.450279333,3.0
51.450279333,3.0
51.450279333,3.0
51.450279333,3.0
51.450279333,3.0
51.450279333,3.0
51.450279333,3.0
51.450279333,3.0
51.450279333,3.0
51.4502756,3.0
51.4502756,3.0
51.4502756,3.0
51.4502756,3.0
51.4502756,3.0
51.4502756,3.0
51.4502756,3.0
51.4502756,3.0
51.4502756,3.0
51.4502756,3.0
51.450270767,3.1
51.450270767,3.1
51.450270767,3.1
51.450270767,3.1
51.450270767,3.1
51.450270767,3.1
51.450270767,3.1
51.450270767,3.1
51.450270767,3.1
51.450270767,3.1
51.450265233,3.1
51.450265233,3.1
51.450265233,3.1
51.450265233,3.1
51.450265233,3.1
51.450265233,3.1
51.450265233,3.1
51.450265233,3.1
51.450265233,3.1
51.450265233,3.1
51.4502596,3.2
51.4502596,3.2
51.4502596,3.2
51.4502596,3.2
51.4502596,3.2
51.4502596,3.2
51.4502596,3.2
51.4502596,3.2
51.4502596,3.2
51.4502596,3.2
51.450253883,3.2
51.450253883,3.2
51.450253883,3.2
51.450253883,3.2
51.450253883,3.2
51.450253883,3.2
51.450253883,3.2
51.450253883,3.2
51.450253883,3.2
51.450253883,3.2
51.4502481,3.3
51.4502481,3.3
51.4502481,3.3
51.4502481,3.3
51.4502481,3.3
51.4502481,3.3
51.4502481,3.3
51.4502481,3.3
51.4502481,3.3
51.4502481,3.3
51.450242183,3.3
51.450242183,3.3
51.450242183,3.3
51.450242183,3.3
51.450242183,3.3
51.450242183,3.3
51.450242183,3.3
51.450242183,3.3
51.450242183,3.3
51.450242183,3.3
51.450236317,3.3
51.450236317,3.3
51.450236317,3.3
51.450236317,3.3
51.450236317,3.3
51.450236317,3.3
51.450236317,3.3
51.450236317,3.3
51.450236317,3.3
51.450236317,3.3
51.4502312,3.3
51.4502312,3.3
51.4502312,3.3
51.4502312,3.3
51.4502312,3.3
51.4502312,3.3
51.4502312,3.3
51.4502312,3.3
51.4502312,3.3
51.4502312,3.3
51.450226183,3.3
51.450226183,3.3
51.450226183,3.3
51.450226183,3.3
51.450226183,3.3
51.450226183,3.3
51.450226183,3.3
51.450226183,3.3
51.450226183,3.3
51.450226183,3.3
51.450221167,3.3
51.450221167,3.3
51.450221167,3.3
51.450221167,3.3
51.450221167,3.3
51.450221167,3.3
51.450221167,3.3
51.450221167,3.3
51.450221167,3.3
51.450221167,3.3
51.450216467,3.1
51.450216467,3.1
51.450216467,3.1
51.450216467,3.1
51.450216467,3.1
51.450216467,3.1
51.450216467,3.1
51.450216467,3.1
51.450216467,3.1
51.450216467,3.1
51.45021105,0.6
51.45021105,0.6
51.45021105,0.6
51.45021105,0.6
51.45021105,0.6
51.45021105,0.6
51.45021105,0.6
51.45021105,0.6
51.45021105,0.6
51.45021105,0.6
51.450208983,1.0
51.450208983,1.0
51.450208983,1.0
51.450208983,1.0
51.450208983,1.0
51.450208983,1.0
51.450208983,1.0
51.450208983,1.0
51.450208983,1.0
51.450208983,1.0
51.4502064,1.2
51.4502064,1.2
51.4502064,1.2
51.4502064,1.2
51.4502064,1.2
51.4502064,1.2
51.4502064,1.2
51.4502064,1.2
51.4502064,1.2
51.4502064,1.2
51.45020335,1.4
51.45020335,1.4
51.45020335,1.4
51.45020335,1.4
51.45020335,1.4
51.45020335,1.4
51.45020335,1.4
51.45020335,1.4
51.45020335,1.4
51.45020335,1.4
51.450199667,1.6
51.450199667,1.6
51.450199667,1.6
51.450199667,1.6
51.450199667,1.6
51.450199667,1.6
51.450199667,1.6
51.450199667,1.6
51.450199667,1.6
51.450199667,1.6
51.4501957,1.7
51.4501957,1.7
51.4501957,1.7
51.4501957,1.7
51.4501957,1.7
51.4501957,1.7
51.4501957,1.7
51.4501957,1.7
51.4501957,1.7
51.4501957,1.7
51.45019235,1.8
51.45019235,1.8
51.45019235,1.8
51.45019235,1.8
51.45019235,1.8
51.45019235,1.8
51.45019235,1.8
51.45019235,1.8
51.45019235,1.8
51.45019235,1.8
51.4501889,1.8
51.4501889,1.8
51.4501889,1.8
51.4501889,1.8
51.4501889,1.8
51.4501889,1.8
51.4501889,1.8
51.4501889,1.8
51.4501889,1.8
51.4501889,1.8
51.45018515,1.9
51.45018515,1.9
51.45018515,1.9
51.45018515,1.9
51.45018515,1.9
51.45018515,1.9
51.45018515,1.9
51.45018515,1.9
51.45018515,1.9
51.45018515,1.9
51.450180783,2.0
51.450180783,2.0
51.450180783,2.0
51.450180783,2.0
51.450180783,2.0
51.450180783,2.0
51.450180783,2.0
51.450180783,2.0
51.450180783,2.0
51.450180783,2.0
51.45017625,2.1
51.45017625,2.1
51.45017625,2.1
51.45017625,2.1
51.45017625,2.1
51.45017625,2.1
51.45017625,2.1
51.45017625,2.1
51.45017625,2.1
51.45017625,2.1
51.450170433,3.1
51.450170433,3.1
51.450170433,3.1
51.450170433,3.1
51.450170433,3.1
51.450170433,3.1
51.450170433,3.1
51.450170433,3.1
51.450170433,3.1
51.450170433,3.1
51.450165,3.1
51.450165,3.1
51.450165,3.1
51.450165,3.1
51.450165,3.1
51.450165,3.1
51.450165,3.1
51.450165,3.1
51.450165,3.1
51.450165,3.1
51.45016,3.1
51.45016,3.1
51.45016,3.1
51.45016,3.1
51.45016,3.1
51.45016,3.1
51.45016,3.1
51.45016,3.1
51.45016,3.1
51.45016,3.1
51.45015555,3.1
51.45015555,3.1
51.45015555,3.1
51.45015555,3.1
51.45015555,3.1
51.45015555,3.1
51.45015555,3.1
51.45015555,3.1
51.45015555,3.1
51.45015555,3.1
51.450151367,3.1
51.450151367,3.1
51.450151367,3.1
51.450151367,3.1
51.450151367,3.1
51.450151367,3.1
51.450151367,3.1
51.450151367,3.1
51.450151367,3.1
51.450151367,3.1
51.450146983,3.1
51.450146983,3.1
51.450146983,3.1
51.450146983,3.1
51.450146983,3.1
51.450146983,3.1
51.450146983,3.1
51.450146983,3.1
