timestamp,voltage,current,power,speed,rpm,distance_km,latitude,longitude,total_energy_wh,efficiency_km_per_kwh,consumption_wh_per_km
2025-12-27T17:24:00.373Z,51.799,-0.025,-1.320,1.780,0.00,0.6420,24.735426,46.702805,0.000,0.000,0.000
2025-12-27T17:24:00.374Z,51.800,-0.082,-4.239,1.780,0.00,0.6420,24.735426,46.702805,0.000,0.000,0.000
2025-12-27T17:24:00.374Z,51.802,-0.029,-1.488,1.780,0.00,0.6420,24.735426,46.702805,0.000,0.000,0.000
2025-12-27T17:24:00.374Z,51.798,-0.115,-5.981,1.780,0.00,0.6420,24.735426,46.702805,0.000,0.000,0.000
2025-12-27T17:24:00.374Z,51.802,-0.012,-0.613,1.780,0.00,0.6420,24.735426,46.702805,0.000,0.000,0.000
2025-12-27T17:24:00.374Z,51.802,-0.012,-0.632,1.780,0.00,0.6420,24.735426,46.702805,0.000,0.000,0.000
2025-12-27T17:24:00.374Z,51.798,-0.144,-7.469,1.780,0.00,0.6420,24.735426,46.702805,0.000,0.000,0.000
2025-12-27T17:24:00.374Z,51.803,-0.027,-1.385,1.780,0.00,0.6420,24.735426,46.702805,0.000,0.000,0.000
2025-12-27T17:24:00.374Z,51.798,-0.106,-5.487,1.780,0.00,0.6420,24.735426,46.702805,0.000,0.000,0.000
2025-12-27T17:24:00.374Z,51.803,-0.013,-0.672,1.780,0.00,0.6420,24.735426,46.702805,0.000,0.000,0.000
2025-12-27T17:24:00.374Z,51.802,-0.020,-1.018,1.780,0.00,0.6420,24.735426,46.702805,0.000,0.000,0.000
2025-12-27T17:24:00.374Z,51.799,-0.129,-6.704,1.780,0.00,0.6420,24.735426,46.702805,0.000,0.000,0.000
2025-12-27T17:24:00.374Z,51.799,-0.136,-7.042,1.780,0.00,0.6420,24.735426,46.702805,0.000,0.000,0.000
2025-12-27T17:24:00.374Z,51.799,-0.132,-6.829,1.780,0.00,0.6420,24.735426,46.702805,0.000,0.000,0.000
2025-12-27T17:24:00.374Z,51.802,-0.013,-0.664,1.780,0.00,0.6420,24.735426,46.702805,0.000,0.000,0.000
2025-12-27T17:24:00.374Z,51.801,-0.022,-1.140,1.780,0.00,0.6420,24.735426,46.702805,0.000,0.000,0.000
2025-12-27T17:24:00.374Z,51.799,-0.093,-4.837,1.780,0.00,0.6420,24.735426,46.702805,0.000,0.000,0.000
2025-12-27T17:24:00.374Z,51.799,-0.132,-6.861,1.780,0.00,0.6420,24.735426,46.702805,0.000,0.000,0.000
2025-12-27T17:24:00.374Z,51.803,-0.043,-2.211,1.780,0.00,0.6420,24.735426,46.702805,0.000,0.000,0.000
2025-12-27T17:24:00.374Z,51.799,-0.110,-5.713,1.780,0.00,0.6420,24.735426,46.702805,0.000,0.000,0.000
2025-12-27T17:24:00.374Z,51.800,-0.042,-2.201,1.780,0.00,0.6420,24.735426,46.702805,0.000,0.000,0.000
2025-12-27T17:24:00.374Z,51.804,-0.027,-1.415,1.780,0.00,0.6420,24.735426,46.702805,0.000,0.000,0.000
2025-12-27T17:24:00.374Z,51.803,-0.044,-2.265,1.780,0.00,0.6420,24.735426,46.702805,0.000,0.000,0.000
2025-12-27T17:24:00.374Z,51.801,-0.121,-6.288,1.780,0.00,0.6420,24.735426,46.702805,0.000,0.000,0.000
2025-12-27T17:24:00.374Z,51.802,-0.036,-1.873,1.780,0.00,0.6420,24.735426,46.702805,0.000,0.000,0.000
2025-12-27T17:24:00.374Z,51.800,-0.044,-2.263,1.780,0.00,0.6420,24.735426,46.702805,0.000,0.000,0.000
2025-12-27T17:24:00.374Z,51.804,-0.025,-1.275,1.780,0.00,0.6420,24.735426,46.702805,0.000,0.000,0.000
2025-12-27T17:24:00.546Z,51.803,-0.038,-1.984,1.780,0.00,0.6420,24.735426,46.702805,0.000,0.000,0.000
2025-12-27T17:24:00.546Z,51.800,-0.134,-6.934,1.780,0.00,0.6420,24.735426,46.702805,0.000,0.000,0.000
2025-12-27T17:24:00.546Z,51.804,-0.020,-1.037,1.780,0.00,0.6420,24.735426,46.702805,0.000,0.000,0.000
2025-12-27T17:24:00.546Z,51.803,-0.008,-0.395,1.780,0.00,0.6420,24.735426,46.702805,0.000,0.000,0.000
2025-12-27T17:24:00.546Z,51.802,-0.086,-4.448,1.780,0.00,0.6420,24.735426,46.702805,0.000,0.000,0.000
2025-12-27T17:24:00.681Z,51.801,-0.115,-5.950,1.780,0.00,0.6420,24.735426,46.702805,0.000,0.000,0.000
2025-12-27T17:24:01.094Z,51.800,-0.119,-6.169,1.780,0.00,0.6420,24.735426,46.702805,0.000,0.000,0.000
2025-12-27T17:24:01.094Z,51.804,-0.008,-0.405,1.780,0.00,0.6420,24.735426,46.702805,0.000,0.000,0.000
2025-12-27T17:24:01.493Z,51.800,-0.094,-4.877,1.780,0.00,0.6420,24.735426,46.702805,0.000,0.000,0.000
2025-12-27T17:24:01.493Z,51.801,-0.107,-5.566,1.780,0.00,0.6420,24.735426,46.702805,0.000,0.000,0.000
2025-12-27T17:24:01.605Z,51.800,-0.096,-4.968,1.780,0.00,0.6420,24.735426,46.702805,0.000,0.000,0.000
2025-12-27T17:24:01.605Z,51.804,-0.025,-1.271,1.780,0.00,0.6420,24.735426,46.702805,0.000,0.000,0.000
2025-12-27T17:24:01.911Z,51.801,-0.040,-2.057,1.780,0.00,0.6420,24.735426,46.702805,0.000,0.000,0.000
2025-12-27T17:24:01.911Z,51.805,-0.010,-0.508,1.780,0.00,0.6420,24.735426,46.702805,0.000,0.000,0.000
2025-12-27T17:24:02.213Z,51.800,-0.141,-7.305,1.780,0.00,0.6420,24.735426,46.702805,0.000,0.000,0.000
2025-12-27T17:24:02.214Z,51.805,-0.026,-1.338,1.780,0.00,0.6420,24.735426,46.702805,0.000,0.000,0.000
2025-12-27T17:24:02.530Z,51.801,-0.115,-5.962,1.780,0.00,0.6420,24.735426,46.702805,0.000,0.000,0.000
2025-12-27T17:24:02.738Z,51.509,0.527,27.141,1.780,0.00,0.6420,24.735426,46.702805,0.000,0.000,0.000
2025-12-27T17:24:02.738Z,51.462,0.764,39.339,1.780,0.00,0.6420,24.735426,46.702805,0.000,0.000,0.000
2025-12-27T17:24:03.041Z,51.238,0.932,47.756,1.780,0.00,0.6420,24.735426,46.702805,0.000,0.000,0.000
2025-12-27T17:24:03.041Z,50.479,2.497,126.034,1.780,0.00,0.6420,24.735426,46.702805,0.000,0.000,0.000
2025-12-27T17:24:03.135Z,49.965,3.829,191.294,1.780,0.00,0.6420,24.735426,46.702805,0.005,0.000,0.000
2025-12-27T17:24:03.344Z,49.936,3.914,195.440,1.780,0.00,0.6420,24.735426,46.702805,0.017,0.000,0.000
2025-12-27T17:24:03.652Z,49.930,3.540,176.779,1.780,0.00,0.6420,24.735426,46.702805,0.032,0.000,0.000
2025-12-27T17:24:03.652Z,49.146,4.645,228.289,1.780,0.00,0.6420,24.735426,46.702805,0.032,0.000,0.000
2025-12-27T17:24:03.747Z,48.667,6.249,304.115,1.780,0.00,0.6420,24.735426,46.702805,0.040,0.000,0.000
2025-12-27T17:24:04.267Z,48.518,6.022,292.150,1.780,0.00,0.6420,24.735426,46.702805,0.082,0.000,0.000
2025-12-27T17:24:04.267Z,48.146,6.850,329.822,1.780,0.00,0.6420,24.735426,46.702805,0.082,0.000,0.000
2025-12-27T17:24:04.578Z,48.445,6.173,299.066,1.780,0.00,0.6420,24.735426,46.702805,0.108,0.000,0.000
2025-12-27T17:24:04.578Z,48.188,7.380,355.633,1.780,0.00,0.6420,24.735426,46.702805,0.108,0.000,0.000
2025-12-27T17:24:05.104Z,47.760,7.192,343.479,1.780,0.00,0.6420,24.735426,46.702805,0.158,0.000,0.000
2025-12-27T17:24:05.104Z,47.802,7.112,339.945,1.780,0.00,0.6420,24.735426,46.702805,0.158,0.000,0.000
2025-12-27T17:24:05.104Z,47.989,7.486,359.231,1.780,0.00,0.6420,24.735426,46.702805,0.158,0.000,0.000
2025-12-27T17:24:05.601Z,47.771,7.657,365.774,1.780,0.00,0.6420,24.735426,46.702805,0.209,0.000,0.000
2025-12-27T17:24:05.601Z,46.899,9.166,429.881,1.780,0.00,0.6420,24.735426,46.702805,0.209,0.000,0.000
2025-12-27T17:24:05.601Z,47.507,8.254,392.105,1.650,0.00,0.6430,24.735422,46.702805,0.209,4.795,208.538
2025-12-27T17:24:05.601Z,47.330,8.298,392.744,1.650,0.00,0.6430,24.735422,46.702805,0.209,4.795,208.538
2025-12-27T17:24:06.011Z,47.084,8.896,418.868,1.650,0.00,0.6430,24.735422,46.702805,0.256,3.904,256.150
2025-12-27T17:24:06.011Z,47.302,8.349,394.929,1.650,0.00,0.6430,24.735422,46.702805,0.256,3.903,256.183
2025-12-27T17:24:06.011Z,47.552,8.240,391.838,1.650,0.00,0.6430,24.735422,46.702805,0.256,3.903,256.183
2025-12-27T17:24:06.085Z,47.408,8.555,405.588,1.650,0.00,0.6430,24.735422,46.702805,0.264,3.781,264.463
2025-12-27T17:24:06.362Z,47.215,8.285,391.176,3.070,0.00,0.6440,24.735420,46.702797,0.295,6.789,147.303
2025-12-27T17:24:06.725Z,47.274,8.251,390.051,3.070,0.00,0.6440,24.735420,46.702797,0.334,5.990,166.957
2025-12-27T17:24:06.725Z,47.616,7.800,371.383,3.070,0.00,0.6440,24.735420,46.702797,0.334,5.989,166.962
2025-12-27T17:24:06.725Z,47.249,7.719,364.734,3.070,0.00,0.6440,24.735420,46.702797,0.334,5.989,166.967
2025-12-27T17:24:07.089Z,47.646,7.528,358.701,3.070,0.00,0.6440,24.735420,46.702797,0.370,5.403,185.087
2025-12-27T17:24:07.126Z,47.729,7.382,352.336,3.070,0.00,0.6440,24.735420,46.702797,0.374,5.350,186.922
2025-12-27T17:24:07.441Z,47.846,7.194,344.196,4.890,0.00,0.6450,24.735415,46.702789,0.404,7.426,134.654
2025-12-27T17:24:07.441Z,48.007,7.051,338.481,4.890,0.00,0.6450,24.735415,46.702789,0.404,7.426,134.657
2025-12-27T17:24:07.783Z,48.219,6.031,290.822,4.890,0.00,0.6450,24.735415,46.702789,0.432,6.951,143.874
2025-12-27T17:24:07.784Z,48.429,6.116,296.190,4.890,0.00,0.6450,24.735415,46.702789,0.432,6.950,143.888
2025-12-27T17:24:07.831Z,48.382,6.036,292.022,4.890,0.00,0.6450,24.735415,46.702789,0.435,6.889,145.159
2025-12-27T17:24:08.260Z,48.511,5.754,279.130,4.890,0.00,0.6450,24.735415,46.702789,0.469,6.400,156.251
2025-12-27T17:24:08.261Z,48.458,5.754,278.844,4.890,0.00,0.6450,24.735415,46.702789,0.469,6.399,156.267
2025-12-27T17:24:08.261Z,48.575,5.597,271.889,6.190,0.00,0.6460,24.735409,46.702774,0.469,8.532,117.200
2025-12-27T17:24:08.570Z,48.510,5.654,274.295,6.190,0.00,0.6460,24.735409,46.702774,0.492,8.124,123.092
2025-12-27T17:24:08.646Z,48.393,5.868,283.976,6.190,0.00,0.6460,24.735409,46.702774,0.498,8.027,124.585
2025-12-27T17:24:08.974Z,48.632,5.826,283.322,6.190,0.00,0.6460,24.735409,46.702774,0.524,7.631,131.046
2025-12-27T17:24:09.079Z,48.531,5.748,278.978,6.190,0.00,0.6460,24.735409,46.702774,0.532,7.515,133.071
2025-12-27T17:24:09.079Z,48.633,5.427,263.934,6.190,0.00,0.6460,24.735409,46.702774,0.532,7.515,133.074
2025-12-27T17:24:09.377Z,204.800,0.000,-0.008,7.190,0.00,0.6480,24.735403,46.702755,0.532,11.272,88.716
2025-12-27T17:24:09.377Z,204.800,0.000,-0.008,7.190,0.00,0.6480,24.735403,46.702755,0.532,11.272,88.716
2025-12-27T17:24:09.791Z,48.535,5.878,285.305,7.190,0.00,0.6480,24.735403,46.702755,0.565,10.617,94.187
2025-12-27T17:24:09.791Z,48.471,5.640,273.371,7.190,0.00,0.6480,24.735403,46.702755,0.565,10.617,94.188
2025-12-27T17:24:10.652Z,48.484,5.824,282.366,7.190,0.00,0.6480,24.735403,46.702755,0.633,9.484,105.442
2025-12-27T17:24:10.653Z,204.800,0.000,-0.008,7.190,0.00,0.6480,24.735403,46.702755,0.633,9.484,105.442
2025-12-27T17:24:10.653Z,48.227,6.486,312.817,7.950,0.00,0.6500,24.735395,46.702736,0.633,12.645,79.082
2025-12-27T17:24:10.653Z,48.382,6.224,301.112,7.950,0.00,0.6500,24.735395,46.702736,0.633,12.645,79.082
2025-12-27T17:24:10.653Z,48.497,0.000,-0.002,7.950,0.00,0.6500,24.735395,46.702736,0.633,12.645,79.082
2025-12-27T17:24:10.653Z,48.384,0.000,-0.002,7.950,0.00,0.6500,24.735395,46.702736,0.633,12.645,79.082
2025-12-27T17:24:10.812Z,48.365,5.706,275.966,7.950,0.00,0.6500,24.735395,46.702736,0.645,12.407,80.601
2025-12-27T17:24:11.020Z,204.800,0.000,-0.008,7.950,0.00,0.6500,24.735395,46.702736,0.645,12.407,80.601
2025-12-27T17:24:11.330Z,204.800,0.000,-0.008,7.950,0.00,0.6500,24.735395,46.702736,0.645,12.407,80.600
2025-12-27T17:24:11.415Z,48.849,5.367,262.176,8.960,0.00,0.6530,24.735388,46.702713,0.651,16.898,59.177
2025-12-27T17:24:11.415Z,48.766,4.793,233.743,8.960,0.00,0.6530,24.735388,46.702713,0.651,16.898,59.178
2025-12-27T17:24:11.637Z,204.800,0.000,-0.008,8.960,0.00,0.6530,24.735388,46.702713,0.651,16.898,59.178
2025-12-27T17:24:11.844Z,48.554,5.550,269.486,8.960,0.00,0.6530,24.735388,46.702713,0.666,16.505,60.587
2025-12-27T17:24:12.155Z,48.514,4.819,233.804,8.960,0.00,0.6530,24.735388,46.702713,0.687,16.020,62.422
2025-12-27T17:24:12.155Z,27.958,0.000,-0.001,8.960,0.00,0.6530,24.735388,46.702713,0.687,16.020,62.422
2025-12-27T17:24:13.281Z,48.431,5.352,259.225,9.410,0.00,0.6550,24.735378,46.702690,0.768,16.934,59.054
2025-12-27T17:24:13.281Z,48.401,5.631,272.556,9.410,0.00,0.6550,24.735378,46.702690,0.768,16.934,59.054
2025-12-27T17:24:13.281Z,48.488,5.794,280.957,9.410,0.00,0.6550,24.735378,46.702690,0.768,16.933,59.055
2025-12-27T17:24:13.281Z,48.589,5.849,284.183,9.410,0.00,0.6550,24.735378,46.702690,0.768,16.933,59.055
2025-12-27T17:24:13.281Z,48.609,5.750,279.491,9.410,0.00,0.6550,24.735378,46.702690,0.768,16.933,59.055
2025-12-27T17:24:13.281Z,48.593,5.149,250.228,9.410,0.00,0.6550,24.735378,46.702690,0.768,16.933,59.055
2025-12-27T17:24:13.373Z,48.516,5.255,254.950,9.410,0.00,0.6550,24.735378,46.702690,0.774,16.791,59.557
2025-12-27T17:24:13.379Z,48.589,5.475,266.044,10.020,0.00,0.6580,24.735369,46.702667,0.775,20.655,48.414
2025-12-27T17:24:13.775Z,204.800,0.000,-0.008,10.020,0.00,0.6580,24.735369,46.702667,0.775,20.655,48.414
2025-12-27T17:24:13.775Z,48.588,5.459,265.232,10.020,0.00,0.6580,24.735369,46.702667,0.775,20.655,48.414
2025-12-27T17:24:13.877Z,204.800,0.000,-0.008,10.020,0.00,0.6580,24.735369,46.702667,0.775,20.655,48.414
2025-12-27T17:24:14.430Z,48.456,5.413,262.306,10.020,0.00,0.6580,24.735369,46.702667,0.815,19.635,50.930
2025-12-27T17:24:14.430Z,28.908,5.646,163.217,10.020,0.00,0.6580,24.735369,46.702667,0.815,19.635,50.930
2025-12-27T17:24:14.540Z,48.513,5.675,275.286,10.570,0.00,0.6610,24.735359,46.702641,0.823,23.079,43.329
2025-12-27T17:24:14.540Z,48.479,5.571,270.066,10.570,0.00,0.6610,24.735359,46.702641,0.823,23.078,43.331
2025-12-27T17:24:14.818Z,204.800,0.000,-0.008,10.570,0.00,0.6610,24.735359,46.702641,0.823,23.078,43.331
2025-12-27T17:24:14.819Z,204.800,0.000,-0.008,10.570,0.00,0.6610,24.735359,46.702641,0.823,23.078,43.331
2025-12-27T17:24:14.909Z,48.020,6.317,303.355,10.570,0.00,0.6610,24.735359,46.702641,0.831,22.868,43.730
2025-12-27T17:24:15.252Z,48.106,6.681,321.403,10.570,0.00,0.6610,24.735359,46.702641,0.861,22.055,45.342
2025-12-27T17:24:15.315Z,204.800,6.526,1336.460,10.980,0.00,0.6640,24.735350,46.702610,0.885,24.861,40.224
2025-12-27T17:24:15.315Z,204.800,0.000,-0.008,10.980,0.00,0.6640,24.735350,46.702610,0.885,24.861,40.224
2025-12-27T17:24:15.511Z,204.800,6.187,1267.178,10.980,0.00,0.6640,24.735350,46.702610,0.954,23.066,43.355
2025-12-27T17:24:15.733Z,48.005,6.451,309.689,10.980,0.00,0.6640,24.735350,46.702610,0.973,22.611,44.226
2025-12-27T17:24:16.042Z,47.986,6.386,306.429,10.980,0.00,0.6640,24.735350,46.702610,0.999,22.017,45.419
2025-12-27T17:24:16.042Z,204.800,0.000,-0.008,10.980,0.00,0.6640,24.735350,46.702610,0.999,22.017,45.419
2025-12-27T17:24:16.142Z,47.769,6.750,322.443,10.980,0.00,0.6640,24.735350,46.702610,1.008,21.822,45.825
2025-12-27T17:24:16.356Z,47.859,6.581,314.976,11.570,0.00,0.6670,24.735338,46.702583,1.027,24.345,41.076
2025-12-27T17:24:16.548Z,47.796,6.767,323.454,11.570,0.00,0.6670,24.735338,46.702583,1.044,23.943,41.765
2025-12-27T17:24:16.968Z,204.800,0.000,-0.008,11.570,0.00,0.6670,24.735338,46.702583,1.044,23.944,41.765
2025-12-27T17:24:16.968Z,47.891,6.740,322.801,11.570,0.00,0.6670,24.735338,46.702583,1.044,23.943,41.765
2025-12-27T17:24:17.061Z,47.802,6.705,320.489,11.570,0.00,0.6670,24.735338,46.702583,1.052,23.754,42.099
2025-12-27T17:24:17.062Z,47.796,6.833,326.577,11.570,0.00,0.6670,24.735338,46.702583,1.052,23.753,42.099
2025-12-27T17:24:17.376Z,204.800,0.000,-0.008,11.910,0.00,0.6700,24.735327,46.702553,1.052,26.604,37.589
2025-12-27T17:24:17.465Z,47.686,0.000,-0.002,11.910,0.00,0.6700,24.735327,46.702553,1.052,26.604,37.589
2025-12-27T17:24:17.992Z,47.803,6.913,330.448,11.910,0.00,0.6700,24.735327,46.702553,1.101,25.435,39.317
2025-12-27T17:24:17.992Z,47.479,7.202,341.954,11.910,0.00,0.6700,24.735327,46.702553,1.101,25.434,39.317
2025-12-27T17:24:18.091Z,47.487,7.253,344.427,11.910,0.00,0.6700,24.735327,46.702553,1.110,25.218,39.655
2025-12-27T17:24:18.097Z,47.403,7.372,349.470,11.910,0.00,0.6700,24.735327,46.702553,1.111,25.205,39.675
2025-12-27T17:24:18.440Z,47.489,0.000,-0.002,12.280,0.00,0.6740,24.735315,46.702522,1.111,28.805,34.716
2025-12-27T17:24:18.440Z,47.348,7.484,354.345,12.280,0.00,0.6740,24.735315,46.702522,1.111,28.805,34.716
2025-12-27T17:24:18.706Z,47.341,7.544,357.145,12.280,0.00,0.6740,24.735315,46.702522,1.137,28.137,35.541
2025-12-27T17:24:18.706Z,47.375,0.000,-0.002,12.280,0.00,0.6740,24.735315,46.702522,1.137,28.137,35.541
2025-12-27T17:24:19.114Z,47.331,7.628,361.025,12.280,0.00,0.6740,24.735315,46.702522,1.178,27.159,36.820
2025-12-27T17:24:19.114Z,204.800,0.000,-0.008,12.280,0.00,0.6740,24.735315,46.702522,1.178,27.159,36.820
2025-12-27T17:24:19.114Z,47.360,7.486,354.517,12.280,0.00,0.6740,24.735315,46.702522,1.178,27.159,36.820
2025-12-27T17:24:19.520Z,47.356,7.148,338.481,12.720,0.00,0.6770,24.735304,46.702488,1.216,28.773,34.754
2025-12-27T17:24:19.520Z,47.441,7.563,358.801,12.720,0.00,0.6770,24.735304,46.702488,1.216,28.773,34.754
2025-12-27T17:24:19.835Z,47.361,7.392,350.110,12.720,0.00,0.6770,24.735304,46.702488,1.247,28.066,35.630
2025-12-27T17:24:19.835Z,47.345,7.529,356.462,12.720,0.00,0.6770,24.735304,46.702488,1.247,28.066,35.630
2025-12-27T17:24:20.147Z,47.417,0.000,-0.002,12.720,0.00,0.6770,24.735304,46.702488,1.247,28.066,35.630
2025-12-27T17:24:20.147Z,204.800,9.258,1896.022,12.720,0.00,0.6770,24.735304,46.702488,1.247,28.062,35.635
2025-12-27T17:24:20.220Z,47.419,7.101,336.718,13.330,0.00,0.6810,24.735291,46.702454,1.254,31.099,32.156
2025-12-27T17:24:20.446Z,47.368,7.595,359.754,13.330,0.00,0.6810,24.735291,46.702454,1.277,30.550,32.733
2025-12-27T17:24:20.646Z,47.440,7.388,350.474,13.330,0.00,0.6810,24.735291,46.702454,1.296,30.090,33.233
2025-12-27T17:24:20.651Z,47.436,0.000,-0.002,13.330,0.00,0.6810,24.735291,46.702454,1.296,30.090,33.233
2025-12-27T17:24:20.846Z,47.289,7.235,342.120,13.330,0.00,0.6810,24.735291,46.702454,1.315,29.665,33.710
2025-12-27T17:24:21.269Z,204.800,0.000,-0.008,13.330,0.00,0.6810,24.735291,46.702454,1.315,29.665,33.710
2025-12-27T17:24:21.269Z,204.800,9.250,1894.467,13.330,0.00,0.6810,24.735291,46.702454,1.315,29.664,33.711
2025-12-27T17:24:21.557Z,47.355,9.249,437.993,13.930,0.00,0.6850,24.735279,46.702419,1.350,31.856,31.392
2025-12-27T17:24:21.557Z,47.449,7.222,342.659,13.930,0.00,0.6850,24.735279,46.702419,1.350,31.855,31.392
2025-12-27T17:24:21.773Z,47.493,7.154,339.739,13.930,0.00,0.6850,24.735279,46.702419,1.370,31.383,31.865
2025-12-27T17:24:21.773Z,47.372,7.457,353.265,13.930,0.00,0.6850,24.735279,46.702419,1.370,31.383,31.865
2025-12-27T17:24:22.188Z,47.386,7.101,336.490,13.930,0.00,0.6850,24.735279,46.702419,1.409,30.519,32.766
2025-12-27T17:24:22.188Z,47.325,7.471,353.562,13.930,0.00,0.6850,24.735279,46.702419,1.409,30.519,32.767
2025-12-27T17:24:22.281Z,204.800,7.334,1502.030,14.460,0.00,0.6890,24.735264,46.702385,1.448,32.463,30.804
2025-12-27T17:24:23.319Z,47.370,7.255,343.668,14.460,0.00,0.6890,24.735264,46.702385,1.547,30.383,32.914
2025-12-27T17:24:23.320Z,47.400,7.251,343.680,14.460,0.00,0.6890,24.735264,46.702385,1.547,30.382,32.914
2025-12-27T17:24:23.320Z,204.800,7.307,1496.420,14.460,0.00,0.6890,24.735264,46.702385,1.547,30.382,32.914
2025-12-27T17:24:23.320Z,47.330,7.390,349.792,14.460,0.00,0.6890,24.735264,46.702385,1.547,30.382,32.915
2025-12-27T17:24:23.320Z,204.800,0.000,-0.008,14.460,0.00,0.6890,24.735264,46.702385,1.547,30.382,32.915
2025-12-27T17:24:23.320Z,47.381,0.000,-0.002,15.080,0.00,0.6930,24.735250,46.702347,1.547,32.967,30.333
2025-12-27T17:24:23.520Z,47.392,7.371,349.312,15.080,0.00,0.6930,24.735250,46.702347,1.566,32.558,30.714
2025-12-27T17:24:23.625Z,47.444,7.103,336.989,15.080,0.00,0.6930,24.735250,46.702347,1.576,32.355,30.907
2025-12-27T17:24:23.820Z,47.414,6.934,328.772,15.080,0.00,0.6930,24.735250,46.702347,1.594,31.994,31.256
2025-12-27T17:24:23.820Z,47.395,7.161,339.415,15.080,0.00,0.6930,24.735250,46.702347,1.594,31.994,31.256
2025-12-27T17:24:24.225Z,47.383,7.328,347.220,15.080,0.00,0.6930,24.735250,46.702347,1.633,31.228,32.022
2025-12-27T17:24:24.225Z,47.270,7.208,340.703,15.080,0.00,0.6930,24.735250,46.702347,1.633,31.228,32.022
2025-12-27T17:24:24.647Z,47.271,7.295,344.824,15.410,0.00,0.6970,24.735237,46.702309,1.674,32.864,30.428
2025-12-27T17:24:24.647Z,47.448,7.379,350.115,15.410,0.00,0.6970,24.735237,46.702309,1.674,32.864,30.428
2025-12-27T17:24:24.745Z,47.409,7.395,350.602,15.410,0.00,0.6970,24.735237,46.702309,1.683,32.679,30.601
2025-12-27T17:24:24.745Z,47.286,7.493,354.309,15.410,0.00,0.6970,24.735237,46.702309,1.683,32.678,30.601
2025-12-27T17:24:25.052Z,204.800,0.000,-0.008,15.410,0.00,0.6970,24.735237,46.702309,1.683,32.678,30.601
2025-12-27T17:24:25.129Z,47.266,0.000,-0.002,15.410,0.00,0.6970,24.735237,46.702309,1.683,32.678,30.601
2025-12-27T17:24:25.528Z,204.800,0.000,-0.008,15.830,0.00,0.7020,24.735222,46.702267,1.683,35.649,28.051
2025-12-27T17:24:25.528Z,47.132,7.606,358.481,15.830,0.00,0.7020,24.735222,46.702267,1.683,35.649,28.051
2025-12-27T17:24:25.571Z,47.015,7.448,350.189,15.830,0.00,0.7020,24.735222,46.702267,1.687,35.561,28.120
2025-12-27T17:24:25.878Z,47.106,7.907,372.484,15.830,0.00,0.7020,24.735222,46.702267,1.719,34.904,28.650
2025-12-27T17:24:25.960Z,47.106,7.969,375.408,15.830,0.00,0.7020,24.735222,46.702267,1.728,34.732,28.792
2025-12-27T17:24:26.165Z,204.800,0.000,-0.008,15.830,0.00,0.7020,24.735222,46.702267,1.728,34.732,28.792
2025-12-27T17:24:26.165Z,46.985,8.154,383.106,15.830,0.00,0.7060,24.735209,46.702225,1.728,37.047,26.993
2025-12-27T17:24:26.591Z,46.991,0.000,-0.002,15.830,0.00,0.7060,24.735209,46.702225,1.728,37.047,26.993
2025-12-27T17:24:26.591Z,46.856,7.933,371.685,15.830,0.00,0.7060,24.735209,46.702225,1.728,37.046,26.993
2025-12-27T17:24:26.795Z,46.984,9.176,431.144,15.830,0.00,0.7060,24.735209,46.702225,1.752,36.528,27.376
2025-12-27T17:24:26.796Z,46.854,8.370,392.189,15.830,0.00,0.7060,24.735209,46.702225,1.752,36.528,27.377
2025-12-27T17:24:27.114Z,41.278,0.000,-0.002,15.830,0.00,0.7060,24.735209,46.702225,1.752,36.528,27.377
2025-12-27T17:24:27.116Z,46.746,8.266,386.424,15.830,0.00,0.7060,24.735209,46.702225,1.752,36.523,27.380
2025-12-27T17:24:27.514Z,46.715,7.985,373.002,16.170,0.00,0.7100,24.735191,46.702187,1.794,37.913,26.376
2025-12-27T17:24:27.731Z,204.800,0.000,-0.008,16.170,0.00,0.7100,24.735191,46.702187,1.794,37.913,26.376
2025-12-27T17:24:27.732Z,46.812,8.319,389.410,16.170,0.00,0.7100,24.735191,46.702187,1.794,37.913,26.376
2025-12-27T17:24:27.732Z,46.823,8.186,383.307,16.170,0.00,0.7100,24.735191,46.702187,1.794,37.913,26.376
2025-12-27T17:24:27.924Z,46.942,7.945,372.953,16.170,0.00,0.7100,24.735191,46.702187,1.813,37.497,26.669
2025-12-27T17:24:28.250Z,46.929,7.996,375.237,16.170,0.00,0.7100,24.735191,46.702187,1.847,36.807,27.169
2025-12-27T17:24:28.435Z,47.053,7.667,360.744,16.540,0.00,0.7150,24.735176,46.702145,1.866,39.121,25.562
2025-12-27T17:24:28.435Z,204.800,0.000,-0.008,16.540,0.00,0.7150,24.735176,46.702145,1.866,39.121,25.562
2025-12-27T17:24:28.632Z,204.800,0.000,-0.008,16.540,0.00,0.7150,24.735176,46.702145,1.866,39.121,25.562
2025-12-27T17:24:29.150Z,46.874,7.319,343.054,16.540,0.00,0.7150,24.735176,46.702145,1.915,38.113,26.238
2025-12-27T17:24:29.150Z,46.966,7.449,349.871,16.540,0.00,0.7150,24.735176,46.702145,1.915,38.113,26.238
2025-12-27T17:24:29.150Z,46.800,7.765,363.388,16.540,0.00,0.7150,24.735176,46.702145,1.915,38.113,26.238
2025-12-27T17:24:29.563Z,46.936,8.122,381.195,16.540,0.00,0.7150,24.735176,46.702145,1.959,37.262,26.837
2025-12-27T17:24:29.563Z,47.075,7.660,360.582,17.000,0.00,0.7200,24.735159,46.702103,1.959,39.813,25.117
2025-12-27T17:24:29.563Z,47.076,0.000,-0.002,17.000,0.00,0.7200,24.735159,46.702103,1.959,39.813,25.117
2025-12-27T17:24:29.971Z,47.085,7.621,358.826,17.000,0.00,0.7200,24.735159,46.702103,2.000,39.004,25.638
2025-12-27T17:24:29.971Z,204.800,0.000,-0.008,17.000,0.00,0.7200,24.735159,46.702103,2.000,39.004,25.638
2025-12-27T17:24:30.079Z,47.078,7.706,362.768,17.000,0.00,0.7200,24.735159,46.702103,2.011,38.794,25.777
2025-12-27T17:24:30.079Z,38.320,0.000,-0.001,17.000,0.00,0.7200,24.735159,46.702103,2.011,38.794,25.777
2025-12-27T17:24:30.483Z,47.078,7.214,339.639,17.240,0.00,0.7240,24.735140,46.702061,2.049,40.024,24.985
2025-12-27T17:24:30.484Z,47.108,7.835,369.085,17.240,0.00,0.7240,24.735140,46.702061,2.049,40.023,24.986
2025-12-27T17:24:30.788Z,46.990,7.115,334.354,17.240,0.00,0.7240,24.735140,46.702061,2.077,39.478,25.330
2025-12-27T17:24:31.218Z,39.636,0.000,-0.002,17.240,0.00,0.7240,24.735140,46.702061,2.077,39.478,25.330
2025-12-27T17:24:31.218Z,47.084,7.646,360.008,17.240,0.00,0.7240,24.735140,46.702061,2.077,39.478,25.331
2025-12-27T17:24:31.219Z,46.907,7.883,369.764,17.240,0.00,0.7240,24.735140,46.702061,2.077,39.478,25.331
2025-12-27T17:24:32.327Z,46.656,7.840,365.797,17.370,0.00,0.7290,24.735123,46.702015,2.190,39.730,25.170
2025-12-27T17:24:32.328Z,204.800,0.000,-0.008,17.370,0.00,0.7290,24.735123,46.702015,2.190,39.730,25.170
2025-12-27T17:24:32.328Z,47.076,8.120,382.264,17.370,0.00,0.7290,24.735123,46.702015,2.190,39.730,25.170
2025-12-27T17:24:32.328Z,204.800,8.092,1657.303,17.370,0.00,0.7290,24.735123,46.702015,2.190,39.730,25.170
2025-12-27T17:24:32.328Z,47.129,7.850,369.961,17.370,0.00,0.7290,24.735123,46.702015,2.190,39.730,25.170
2025-12-27T17:24:32.531Z,46.890,7.300,342.285,17.370,0.00,0.7290,24.735123,46.702015,2.209,39.382,25.392
2025-12-27T17:24:32.537Z,46.564,7.110,331.080,17.370,0.00,0.7290,24.735123,46.702015,2.210,39.373,25.398
2025-12-27T17:24:32.537Z,46.638,8.759,408.512,17.580,0.00,0.7340,24.735107,46.701969,2.210,41.635,24.018
2025-12-27T17:24:32.537Z,47.089,8.985,423.091,17.580,0.00,0.7340,24.735107,46.701969,2.210,41.635,24.018
2025-12-27T17:24:32.942Z,204.800,0.000,-0.008,17.580,0.00,0.7340,24.735107,46.701969,2.210,41.635,24.018
2025-12-27T17:24:32.942Z,46.462,0.000,-0.002,17.580,0.00,0.7340,24.735107,46.701969,2.210,41.635,24.018
2025-12-27T17:24:33.351Z,46.375,0.000,-0.002,17.580,0.00,0.7340,24.735107,46.701969,2.210,41.635,24.018
2025-12-27T17:24:33.352Z,46.229,7.969,368.402,17.580,0.00,0.7340,24.735107,46.701969,2.210,41.635,24.018
2025-12-27T17:24:33.352Z,46.097,7.704,355.115,17.850,0.00,0.7390,24.735090,46.701923,2.210,43.897,22.780
2025-12-27T17:24:33.683Z,46.340,0.000,-0.002,17.850,0.00,0.7390,24.735090,46.701923,2.210,43.897,22.780
2025-12-27T17:24:33.683Z,204.800,0.000,-0.008,17.850,0.00,0.7390,24.735090,46.701923,2.210,43.897,22.780
2025-12-27T17:24:34.290Z,47.168,8.991,424.082,17.850,0.00,0.7390,24.735090,46.701923,2.281,42.523,23.517
2025-12-27T17:24:34.290Z,46.218,0.000,-0.002,17.850,0.00,0.7390,24.735090,46.701923,2.281,42.523,23.517
2025-12-27T17:24:34.290Z,47.144,7.394,348.601,17.850,0.00,0.7390,24.735090,46.701923,2.281,42.523,23.517
2025-12-27T17:24:34.290Z,46.498,8.765,407.569,18.090,0.00,0.7440,24.735075,46.701878,2.281,44.715,22.364
2025-12-27T17:24:34.882Z,46.895,7.026,329.462,18.090,0.00,0.7440,24.735075,46.701878,2.335,43.677,22.896
2025-12-27T17:24:34.883Z,47.270,9.802,463.321,18.090,0.00,0.7440,24.735075,46.701878,2.335,43.676,22.896
2025-12-27T17:24:34.883Z,39.249,7.666,300.879,18.090,0.00,0.7440,24.735075,46.701878,2.335,43.676,22.896
2025-12-27T17:24:35.297Z,46.481,7.288,338.774,18.090,0.00,0.7440,24.735075,46.701878,2.374,42.959,23.278
2025-12-27T17:24:35.297Z,45.961,7.156,328.881,18.090,0.00,0.7440,24.735075,46.701878,2.374,42.958,23.278
2025-12-27T17:24:35.297Z,46.697,0.000,-0.002,18.090,0.00,0.7440,24.735075,46.701878,2.374,42.958,23.278
2025-12-27T17:24:35.604Z,47.204,9.491,448.004,18.450,0.00,0.7490,24.735058,46.701832,2.413,44.351,22.547
2025-12-27T17:24:35.604Z,45.972,7.829,359.898,18.450,0.00,0.7490,24.735058,46.701832,2.413,44.351,22.548
2025-12-27T17:24:35.904Z,47.455,8.524,404.513,18.450,0.00,0.7490,24.735058,46.701832,2.446,43.739,22.863
2025-12-27T17:24:35.904Z,204.800,0.000,-0.008,18.450,0.00,0.7490,24.735058,46.701832,2.446,43.739,22.863
2025-12-27T17:24:36.316Z,47.050,8.628,405.948,18.450,0.00,0.7490,24.735058,46.701832,2.493,42.925,23.296
2025-12-27T17:24:36.316Z,46.856,9.472,443.807,18.450,0.00,0.7490,24.735058,46.701832,2.493,42.925,23.297
2025-12-27T17:24:36.316Z,46.818,9.390,439.620,18.710,0.00,0.7550,24.735041,46.701782,2.493,45.332,22.060
2025-12-27T17:24:36.398Z,46.754,8.901,416.166,18.710,0.00,0.7550,24.735041,46.701782,2.502,45.159,22.144
2025-12-27T17:24:36.733Z,46.376,8.054,373.506,18.710,0.00,0.7550,24.735041,46.701782,2.537,44.541,22.451
2025-12-27T17:24:36.824Z,45.955,8.368,384.567,18.710,0.00,0.7550,24.735041,46.701782,2.547,44.371,22.537
2025-12-27T17:24:36.824Z,46.498,7.792,362.324,18.710,0.00,0.7550,24.735041,46.701782,2.547,44.371,22.537
2025-12-27T17:24:37.244Z,45.902,8.795,403.712,18.710,0.00,0.7550,24.735041,46.701782,2.594,43.565,22.954
2025-12-27T17:24:37.245Z,46.306,8.133,376.582,18.710,0.00,0.7550,24.735041,46.701782,2.594,43.564,22.955
2025-12-27T17:24:37.334Z,46.482,9.229,428.962,19.020,0.00,0.7600,24.735022,46.701736,2.605,45.306,22.072
2025-12-27T17:24:37.543Z,46.304,9.172,424.720,19.020,0.00,0.7600,24.735022,46.701736,2.629,44.881,22.281
2025-12-27T17:24:37.748Z,46.142,8.494,391.912,19.020,0.00,0.7600,24.735022,46.701736,2.651,44.504,22.470
2025-12-27T17:24:37.959Z,46.214,8.814,407.314,19.020,0.00,0.7600,24.735022,46.701736,2.675,44.107,22.672
2025-12-27T17:24:37.959Z,46.485,9.079,422.034,19.020,0.00,0.7600,24.735022,46.701736,2.675,44.107,22.672
2025-12-27T17:24:38.265Z,204.800,0.000,-0.008,19.020,0.00,0.7600,24.735022,46.701736,2.675,44.107,22.672
2025-12-27T17:24:38.675Z,46.399,8.605,399.258,19.370,0.00,0.7650,24.735003,46.701687,2.721,45.207,22.120
2025-12-27T17:24:38.675Z,46.321,8.606,398.635,19.370,0.00,0.7650,24.735003,46.701687,2.721,45.207,22.121
2025-12-27T17:24:38.675Z,46.294,8.593,397.779,19.370,0.00,0.7650,24.735003,46.701687,2.721,45.207,22.121
2025-12-27T17:24:39.081Z,46.340,8.355,387.181,19.370,0.00,0.7650,24.735003,46.701687,2.764,44.493,22.475
2025-12-27T17:24:39.081Z,204.800,9.059,1855.256,19.370,0.00,0.7650,24.735003,46.701687,2.765,44.492,22.476
2025-12-27T17:24:39.272Z,46.507,8.366,389.059,19.370,0.00,0.7650,24.735003,46.701687,2.785,44.162,22.644
2025-12-27T17:24:39.272Z,46.557,8.319,387.307,19.540,0.00,0.7700,24.734982,46.701641,2.785,45.957,21.759
2025-12-27T17:24:39.699Z,204.800,8.358,1711.764,19.540,0.00,0.7700,24.734982,46.701641,2.988,42.831,23.347
2025-12-27T17:24:39.700Z,46.623,0.000,-0.002,19.540,0.00,0.7700,24.734982,46.701641,2.988,42.831,23.347
2025-12-27T17:24:40.425Z,46.678,7.820,365.010,19.540,0.00,0.7700,24.734982,46.701641,3.062,41.802,23.922
2025-12-27T17:24:40.425Z,46.696,8.227,384.174,19.540,0.00,0.7700,24.734982,46.701641,3.062,41.802,23.922
2025-12-27T17:24:40.425Z,46.442,8.410,390.565,19.540,0.00,0.7700,24.734982,46.701641,3.062,41.802,23.922
2025-12-27T17:24:40.425Z,46.632,8.430,393.086,19.540,0.00,0.7700,24.734982,46.701641,3.062,41.802,23.922
2025-12-27T17:24:40.425Z,46.631,8.096,377.506,19.930,0.00,0.7760,24.734959,46.701591,3.062,43.762,22.851
2025-12-27T17:24:40.425Z,204.800,0.000,-0.008,19.930,0.00,0.7760,24.734959,46.701591,3.062,43.762,22.851
2025-12-27T17:24:41.175Z,46.608,8.218,383.027,19.930,0.00,0.7760,24.734959,46.701591,3.142,42.651,23.446
2025-12-27T17:24:41.175Z,46.491,8.876,412.670,19.930,0.00,0.7760,24.734959,46.701591,3.142,42.651,23.446
2025-12-27T17:24:41.175Z,204.800,0.000,-0.008,19.930,0.00,0.7760,24.734959,46.701591,3.142,42.651,23.446
2025-12-27T17:24:41.175Z,46.446,8.383,389.334,19.930,0.00,0.7760,24.734959,46.701591,3.142,42.651,23.446
2025-12-27T17:24:41.534Z,43.378,0.000,-0.002,20.460,0.00,0.7820,24.734936,46.701542,3.142,44.560,22.441
2025-12-27T17:24:41.534Z,46.440,8.246,382.963,20.460,0.00,0.7820,24.734936,46.701542,3.142,44.560,22.442
2025-12-27T17:24:41.628Z,204.800,9.076,1858.779,20.460,0.00,0.7820,24.734936,46.701542,3.190,43.887,22.786
2025-12-27T17:24:41.945Z,46.540,8.514,396.231,20.460,0.00,0.7820,24.734936,46.701542,3.225,43.411,23.035
2025-12-27T17:24:41.945Z,46.446,8.583,398.636,20.460,0.00,0.7820,24.734936,46.701542,3.225,43.411,23.036
2025-12-27T17:24:42.264Z,204.800,0.000,-0.008,20.460,0.00,0.7820,24.734936,46.701542,3.225,43.411,23.036
2025-12-27T17:24:42.265Z,46.358,8.391,388.988,20.670,0.00,0.7870,24.734913,46.701492,3.225,44.961,22.241
2025-12-27T17:24:42.358Z,46.460,8.632,401.039,20.670,0.00,0.7870,24.734913,46.701492,3.235,44.816,22.313
2025-12-27T17:24:42.670Z,46.390,8.474,393.097,20.670,0.00,0.7870,24.734913,46.701492,3.269,44.350,22.548
2025-12-27T17:24:42.754Z,46.394,8.596,398.810,20.670,0.00,0.7870,24.734913,46.701492,3.279,44.224,22.612
2025-12-27T17:24:43.175Z,204.800,7.960,1630.233,20.670,0.00,0.7870,24.734913,46.701492,3.469,41.793,23.927
2025-12-27T17:24:43.175Z,204.800,0.000,-0.008,20.670,0.00,0.7870,24.734913,46.701492,3.469,41.793,23.927
2025-12-27T17:24:43.274Z,46.368,8.414,390.131,20.670,0.00,0.7870,24.734913,46.701492,3.480,41.664,24.001
2025-12-27T17:24:43.274Z,204.800,0.000,-0.008,21.080,0.00,0.7930,24.734890,46.701443,3.480,43.388,23.048
2025-12-27T17:24:43.478Z,204.800,0.000,-0.008,21.080,0.00,0.7930,24.734890,46.701443,3.480,43.388,23.048
2025-12-27T17:24:43.688Z,46.438,7.952,369.299,21.080,0.00,0.7930,24.734890,46.701443,3.502,43.121,23.191
2025-12-27T17:24:43.992Z,46.555,8.348,388.658,21.080,0.00,0.7930,24.734890,46.701443,3.535,42.720,23.408
2025-12-27T17:24:43.992Z,46.675,8.319,388.308,21.080,0.00,0.7930,24.734890,46.701443,3.535,42.720,23.408
2025-12-27T17:24:44.529Z,46.429,8.540,396.487,21.080,0.00,0.7930,24.734890,46.701443,3.594,42.017,23.800
2025-12-27T17:24:44.529Z,46.431,8.266,383.795,21.340,0.00,0.7990,24.734867,46.701389,3.594,43.687,22.890
2025-12-27T17:24:44.529Z,46.419,8.056,373.968,21.340,0.00,0.7990,24.734867,46.701389,3.594,43.687,22.890
2025-12-27T17:24:44.589Z,204.800,0.000,-0.008,21.340,0.00,0.7990,24.734867,46.701389,3.594,43.687,22.890
2025-12-27T17:24:44.927Z,46.584,8.460,394.108,21.340,0.00,0.7990,24.734867,46.701389,3.631,43.243,23.125
2025-12-27T17:24:44.927Z,46.572,8.178,380.853,21.340,0.00,0.7990,24.734867,46.701389,3.631,43.242,23.125
2025-12-27T17:24:45.325Z,46.500,8.100,376.649,21.340,0.00,0.7990,24.734867,46.701389,3.672,42.751,23.391
2025-12-27T17:24:45.328Z,46.542,9.090,423.070,21.340,0.00,0.7990,24.734867,46.701389,3.673,42.747,23.393
2025-12-27T17:24:45.638Z,46.531,8.072,375.582,21.710,0.00,0.8050,24.734844,46.701336,3.705,43.994,22.731
2025-12-27T17:24:45.638Z,46.622,0.000,-0.002,21.710,0.00,0.8050,24.734844,46.701336,3.705,43.994,22.731
2025-12-27T17:24:45.720Z,46.722,7.993,373.450,21.710,0.00,0.8050,24.734844,46.701336,3.714,43.893,22.783
2025-12-27T17:24:46.150Z,46.703,7.730,360.995,21.710,0.00,0.8050,24.734844,46.701336,3.757,43.389,23.047
2025-12-27T17:24:46.150Z,46.599,0.000,-0.002,21.710,0.00,0.8050,24.734844,46.701336,3.757,43.389,23.047
2025-12-27T17:24:46.348Z,46.644,7.743,361.159,21.710,0.00,0.8050,24.734844,46.701336,3.777,43.161,23.169
2025-12-27T17:24:46.348Z,46.663,7.921,369.600,21.820,0.00,0.8110,24.734821,46.701283,3.777,44.749,22.347
2025-12-27T17:24:46.667Z,46.797,7.699,360.278,21.820,0.00,0.8110,24.734821,46.701283,3.808,44.375,22.535
2025-12-27T17:24:46.667Z,46.701,7.698,359.480,21.820,0.00,0.8110,24.734821,46.701283,3.808,44.375,22.535
2025-12-27T17:24:46.868Z,46.718,9.125,426.290,21.820,0.00,0.8110,24.734821,46.701283,3.832,44.099,22.676
2025-12-27T17:24:46.869Z,46.682,9.118,425.634,21.820,0.00,0.8110,24.734821,46.701283,3.832,44.098,22.677
2025-12-27T17:24:47.375Z,46.744,7.737,361.659,21.820,0.00,0.8110,24.734821,46.701283,3.883,43.521,22.977
2025-12-27T17:24:47.375Z,46.854,7.770,364.062,22.080,0.00,0.8170,24.734798,46.701225,3.883,45.066,22.190
2025-12-27T17:24:47.478Z,46.763,7.837,366.471,22.080,0.00,0.8170,24.734798,46.701225,3.894,44.944,22.250
2025-12-27T17:24:47.481Z,46.762,7.566,353.782,22.080,0.00,0.8170,24.734798,46.701225,3.894,44.941,22.251
2025-12-27T17:24:47.925Z,46.608,7.348,342.460,22.080,0.00,0.8170,24.734798,46.701225,3.936,44.459,22.493
2025-12-27T17:24:47.925Z,46.849,7.795,365.183,22.080,0.00,0.8170,24.734798,46.701225,3.936,44.458,22.493
2025-12-27T17:24:48.235Z,46.814,7.821,366.135,22.080,0.00,0.8170,24.734798,46.701225,3.968,44.106,22.673
2025-12-27T17:24:48.235Z,46.716,7.656,357.672,22.080,0.00,0.8170,24.734798,46.701225,3.968,44.105,22.673
2025-12-27T17:24:48.505Z,46.708,7.550,352.628,22.280,0.00,0.8230,24.734777,46.701172,3.994,45.316,22.067
2025-12-27T17:24:48.505Z,46.717,7.582,354.227,22.280,0.00,0.8230,24.734777,46.701172,3.994,45.315,22.068
2025-12-27T17:24:48.804Z,46.839,7.792,364.958,22.280,0.00,0.8230,24.734777,46.701172,4.025,44.974,22.235
2025-12-27T17:24:48.804Z,46.715,7.729,361.053,22.280,0.00,0.8230,24.734777,46.701172,4.025,44.974,22.235
2025-12-27T17:24:49.134Z,204.800,0.000,-0.008,22.280,0.00,0.8230,24.734777,46.701172,4.025,44.974,22.235
2025-12-27T17:24:49.135Z,46.681,7.605,355.016,22.280,0.00,0.8230,24.734777,46.701172,4.025,44.973,22.235
2025-12-27T17:24:49.550Z,204.800,0.000,-0.008,22.320,0.00,0.8290,24.734755,46.701115,4.025,46.464,21.522
2025-12-27T17:24:49.550Z,46.808,9.142,427.931,22.320,0.00,0.8290,24.734755,46.701115,4.025,46.464,21.522
2025-12-27T17:24:49.550Z,46.498,9.082,422.286,22.320,0.00,0.8290,24.734755,46.701115,4.025,46.464,21.522
2025-12-27T17:24:49.838Z,204.800,9.094,1862.428,22.320,0.00,0.8290,24.734755,46.701115,4.174,44.801,22.321
2025-12-27T17:24:49.929Z,46.669,7.931,370.124,22.320,0.00,0.8290,24.734755,46.701115,4.183,44.702,22.371
2025-12-27T17:24:50.247Z,40.039,0.000,-0.002,22.320,0.00,0.8290,24.734755,46.701115,4.183,44.702,22.371
2025-12-27T17:24:50.341Z,46.674,0.000,-0.002,22.350,0.00,0.8350,24.734732,46.701057,4.183,46.136,21.675
2025-12-27T17:24:50.342Z,46.606,7.758,361.589,22.350,0.00,0.8350,24.734732,46.701057,4.183,46.136,21.675
2025-12-27T17:24:50.649Z,204.800,7.704,1577.764,22.350,0.00,0.8350,24.734732,46.701057,4.318,44.698,22.373
2025-12-27T17:24:50.748Z,204.800,0.000,-0.008,22.350,0.00,0.8350,24.734732,46.701057,4.318,44.698,22.373
2025-12-27T17:24:51.164Z,204.800,9.074,1858.295,22.350,0.00,0.8350,24.734732,46.701057,4.532,42.584,23.483
2025-12-27T17:24:51.164Z,46.531,7.826,364.157,22.350,0.00,0.8350,24.734732,46.701057,4.532,42.584,23.483
2025-12-27T17:24:51.579Z,46.598,0.000,-0.002,22.350,0.00,0.8350,24.734732,46.701057,4.532,42.584,23.483
2025-12-27T17:24:51.579Z,46.521,9.086,422.687,22.340,0.00,0.8410,24.734709,46.701004,4.532,43.908,22.775
2025-12-27T17:24:51.579Z,46.537,7.813,363.592,22.340,0.00,0.8410,24.734709,46.701004,4.532,43.907,22.775
2025-12-27T17:24:51.655Z,46.328,8.213,380.495,22.340,0.00,0.8410,24.734709,46.701004,4.540,43.831,22.815
2025-12-27T17:24:52.090Z,46.303,8.381,388.074,22.340,0.00,0.8410,24.734709,46.701004,4.587,43.382,23.051
2025-12-27T17:24:52.090Z,46.193,8.479,391.656,22.340,0.00,0.8410,24.734709,46.701004,4.587,43.382,23.051
2025-12-27T17:24:52.179Z,46.172,8.315,383.923,22.340,0.00,0.8410,24.734709,46.701004,4.597,43.292,23.099
2025-12-27T17:24:52.498Z,45.901,8.927,409.777,22.220,0.00,0.8480,24.734686,46.700947,4.633,44.464,22.490
2025-12-27T17:24:52.498Z,45.831,9.083,416.274,22.220,0.00,0.8480,24.734686,46.700947,4.633,44.464,22.490
2025-12-27T17:24:52.906Z,45.760,8.937,408.976,22.220,0.00,0.8480,24.734686,46.700947,4.679,44.023,22.715
2025-12-27T17:24:52.907Z,45.660,9.641,440.228,22.220,0.00,0.8480,24.734686,46.700947,4.679,44.023,22.715
2025-12-27T17:24:52.999Z,204.800,8.936,1830.139,22.220,0.00,0.8480,24.734686,46.700947,4.726,43.587,22.942
2025-12-27T17:24:52.999Z,45.829,9.539,437.171,22.220,0.00,0.8480,24.734686,46.700947,4.726,43.587,22.943
2025-12-27T17:24:53.422Z,45.473,9.975,453.585,22.540,0.00,0.8540,24.734661,46.700893,4.779,44.357,22.545
2025-12-27T17:24:53.424Z,45.542,10.380,472.724,22.540,0.00,0.8540,24.734661,46.700893,4.780,44.354,22.546
2025-12-27T17:24:53.829Z,45.433,0.000,-0.002,22.540,0.00,0.8540,24.734661,46.700893,4.780,44.354,22.546
2025-12-27T17:24:53.829Z,45.373,10.393,471.586,22.540,0.00,0.8540,24.734661,46.700893,4.780,44.354,22.546
2025-12-27T17:24:54.132Z,204.800,0.000,-0.008,22.540,0.00,0.8540,24.734661,46.700893,4.780,44.354,22.546
2025-12-27T17:24:54.132Z,44.881,11.229,503.951,22.540,0.00,0.8540,24.734661,46.700893,4.780,44.354,22.546
2025-12-27T17:24:54.234Z,204.800,0.000,-0.008,22.540,0.00,0.8540,24.734661,46.700893,4.780,44.354,22.546
2025-12-27T17:24:54.234Z,44.120,12.777,563.731,22.910,0.00,0.8600,24.734636,46.700836,4.780,45.609,21.926
2025-12-27T17:24:54.649Z,44.132,12.399,547.200,22.910,0.00,0.8600,24.734636,46.700836,4.843,45.014,22.215
2025-12-27T17:24:54.649Z,44.691,11.521,514.879,22.910,0.00,0.8600,24.734636,46.700836,4.843,45.014,22.215
2025-12-27T17:24:54.950Z,44.448,11.730,521.392,22.910,0.00,0.8600,24.734636,46.700836,4.886,44.613,22.415
2025-12-27T17:24:55.049Z,61.454,12.003,737.614,22.910,0.00,0.8600,24.734636,46.700836,4.907,44.428,22.508
2025-12-27T17:24:55.053Z,204.800,11.898,2436.763,22.910,0.00,0.8600,24.734636,46.700836,4.909,44.405,22.520
2025-12-27T17:24:55.472Z,204.800,11.510,2357.162,23.190,0.00,0.8670,24.734612,46.700779,5.184,43.406,23.038
2025-12-27T17:24:55.472Z,44.483,11.641,517.838,23.190,0.00,0.8670,24.734612,46.700779,5.184,43.406,23.038
2025-12-27T17:24:55.776Z,44.478,11.599,515.878,23.190,0.00,0.8670,24.734612,46.700779,5.227,43.044,23.232
2025-12-27T17:24:55.776Z,44.399,11.788,523.371,23.190,0.00,0.8670,24.734612,46.700779,5.227,43.044,23.232
2025-12-27T17:24:56.086Z,45.106,10.421,470.049,23.190,0.00,0.8670,24.734612,46.700779,5.268,42.713,23.412
2025-12-27T17:24:56.086Z,44.919,10.759,483.273,23.190,0.00,0.8670,24.734612,46.700779,5.268,42.713,23.412
2025-12-27T17:24:56.166Z,45.155,10.174,459.402,23.190,0.00,0.8670,24.734612,46.700779,5.278,42.630,23.457
2025-12-27T17:24:56.489Z,45.086,10.833,488.407,23.370,0.00,0.8730,24.734587,46.700722,5.322,43.407,23.038
2025-12-27T17:24:56.491Z,51.599,10.078,520.019,23.370,0.00,0.8730,24.734587,46.700722,5.322,43.404,23.039
2025-12-27T17:24:56.679Z,204.800,10.893,2230.810,23.370,0.00,0.8730,24.734587,46.700722,5.438,42.477,23.542
2025-12-27T17:24:56.888Z,45.354,9.740,441.738,23.370,0.00,0.8730,24.734587,46.700722,5.464,42.278,23.653
2025-12-27T17:24:56.888Z,45.388,9.746,442.339,23.370,0.00,0.8730,24.734587,46.700722,5.464,42.278,23.653
2025-12-27T17:24:57.377Z,45.597,9.344,426.055,23.370,0.00,0.8730,24.734587,46.700722,5.522,41.834,23.904
2025-12-27T17:24:57.377Z,45.340,10.061,456.185,23.690,0.00,0.8790,24.734562,46.700665,5.522,42.921,23.299
2025-12-27T17:24:57.508Z,204.800,10.733,2198.060,23.690,0.00,0.8790,24.734562,46.700665,5.602,42.309,23.636
2025-12-27T17:24:57.929Z,45.240,10.136,458.557,23.690,0.00,0.8790,24.734562,46.700665,5.655,41.908,23.862
2025-12-27T17:24:57.929Z,46.749,9.131,426.843,23.690,0.00,0.8790,24.734562,46.700665,5.655,41.908,23.862
2025-12-27T17:24:58.133Z,47.358,6.248,295.875,23.690,0.00,0.8790,24.734562,46.700665,5.672,41.784,23.933
2025-12-27T17:24:58.133Z,48.249,4.237,204.416,23.690,0.00,0.8790,24.734562,46.700665,5.672,41.784,23.933
2025-12-27T17:24:58.435Z,48.691,3.398,165.437,23.670,0.00,0.8860,24.734537,46.700603,5.686,42.913,23.303
2025-12-27T17:24:58.435Z,50.590,-0.050,-2.520,23.670,0.00,0.8860,24.734537,46.700603,5.686,42.913,23.303
2025-12-27T17:24:58.643Z,50.605,-0.023,-1.187,23.670,0.00,0.8860,24.734537,46.700603,5.686,42.914,23.302
2025-12-27T17:24:58.644Z,50.625,-0.044,-2.213,23.670,0.00,0.8860,24.734537,46.700603,5.686,42.914,23.302
2025-12-27T17:24:59.054Z,50.636,0.005,0.228,23.670,0.00,0.8860,24.734537,46.700603,5.686,42.914,23.303
2025-12-27T17:24:59.054Z,50.644,-0.088,-4.467,23.670,0.00,0.8860,24.734537,46.700603,5.686,42.914,23.303
2025-12-27T17:24:59.257Z,50.657,-0.113,-5.733,23.670,0.00,0.8860,24.734537,46.700603,5.686,42.916,23.301
2025-12-27T17:24:59.257Z,50.671,-0.043,-2.190,22.320,0.00,0.8920,24.734518,46.700546,5.686,43.971,22.742
2025-12-27T17:24:59.437Z,50.679,-0.021,-1.040,22.320,0.00,0.8920,24.734518,46.700546,5.685,43.972,22.742
2025-12-27T17:24:59.650Z,50.685,-0.029,-1.483,22.320,0.00,0.8920,24.734518,46.700546,5.685,43.972,22.741
2025-12-27T17:24:59.866Z,50.691,-0.070,-3.556,22.320,0.00,0.8920,24.734518,46.700546,5.685,43.974,22.741
2025-12-27T17:25:00.176Z,50.703,-0.033,-1.663,22.320,0.00,0.8920,24.734518,46.700546,5.685,43.975,22.740
2025-12-27T17:25:00.176Z,50.708,-0.048,-2.439,22.320,0.00,0.8920,24.734518,46.700546,5.685,43.975,22.740
2025-12-27T17:25:00.376Z,50.712,-0.029,-1.459,20.560,0.00,0.8980,24.734501,46.700493,5.685,45.031,22.207
2025-12-27T17:25:00.376Z,50.722,0.010,0.519,20.560,0.00,0.8980,24.734501,46.700493,5.685,45.031,22.207
2025-12-27T17:25:00.678Z,50.731,0.013,0.681,20.560,0.00,0.8980,24.734501,46.700493,5.685,45.031,22.207
2025-12-27T17:25:00.770Z,50.734,-0.034,-1.709,20.560,0.00,0.8980,24.734501,46.700493,5.685,45.031,22.207
2025-12-27T17:25:01.185Z,50.742,-0.039,-1.988,20.560,0.00,0.8980,24.734501,46.700493,5.685,45.033,22.206
2025-12-27T17:25:01.185Z,50.749,-0.024,-1.204,20.560,0.00,0.8980,24.734501,46.700493,5.685,45.033,22.206
2025-12-27T17:25:01.208Z,50.754,0.016,0.829,19.350,0.00,0.9040,24.734486,46.700439,5.685,46.088,21.697
2025-12-27T17:25:01.443Z,50.754,-0.111,-5.646,19.350,0.00,0.9040,24.734486,46.700439,5.684,46.091,21.696
2025-12-27T17:25:01.704Z,50.761,-0.041,-2.058,19.350,0.00,0.9040,24.734486,46.700439,5.684,46.093,21.695
2025-12-27T17:25:01.704Z,50.767,-0.024,-1.230,19.350,0.00,0.9040,24.734486,46.700439,5.684,46.093,21.695
2025-12-27T17:25:02.122Z,50.775,-0.046,-2.322,19.350,0.00,0.9040,24.734486,46.700439,5.684,46.095,21.694
2025-12-27T17:25:02.216Z,50.777,-0.086,-4.381,19.350,0.00,0.9040,24.734486,46.700439,5.684,46.096,21.694
2025-12-27T17:25:02.217Z,50.787,0.027,1.354,19.350,0.00,0.9040,24.734486,46.700439,5.684,46.096,21.694
2025-12-27T17:25:02.541Z,50.788,-0.020,-1.023,17.500,0.00,0.9090,24.734472,46.700394,5.684,46.976,21.287
2025-12-27T17:25:02.542Z,50.796,-0.040,-2.042,17.500,0.00,0.9090,24.734472,46.700394,5.684,46.976,21.287
2025-12-27T17:25:03.149Z,50.797,-0.030,-1.511,17.500,0.00,0.9090,24.734472,46.700394,5.683,46.978,21.286
2025-12-27T17:25:03.149Z,50.804,0.010,0.488,17.500,0.00,0.9090,24.734472,46.700394,5.683,46.978,21.286
2025-12-27T17:25:03.149Z,50.805,-0.085,-4.320,17.500,0.00,0.9090,24.734472,46.700394,5.683,46.978,21.286
2025-12-27T17:25:03.149Z,50.811,-0.022,-1.093,17.500,0.00,0.9090,24.734472,46.700394,5.683,46.978,21.286
2025-12-27T17:25:03.443Z,50.817,-0.032,-1.638,15.960,0.00,0.9130,24.734463,46.700352,5.683,47.683,20.972
2025-12-27T17:25:03.443Z,50.824,0.004,0.215,15.960,0.00,0.9130,24.734463,46.700352,5.683,47.683,20.972
2025-12-27T17:25:03.545Z,50.827,0.011,0.551,15.960,0.00,0.9130,24.734463,46.700352,5.683,47.683,20.972
2025-12-27T17:25:03.764Z,50.830,-0.034,-1.733,15.960,0.00,0.9130,24.734463,46.700352,5.683,47.684,20.971
2025-12-27T17:25:04.168Z,50.833,-0.025,-1.251,15.960,0.00,0.9130,24.734463,46.700352,5.683,47.685,20.971
2025-12-27T17:25:04.168Z,50.840,-0.034,-1.732,15.960,0.00,0.9130,24.734463,46.700352,5.683,47.685,20.971
2025-12-27T17:25:04.168Z,50.841,-0.035,-1.798,15.960,0.00,0.9130,24.734463,46.700352,5.683,47.685,20.971
2025-12-27T17:25:04.461Z,50.842,-0.097,-4.928,13.690,0.00,0.9170,24.734459,46.700314,5.683,48.392,20.664
2025-12-27T17:25:04.561Z,50.849,-0.036,-1.818,13.690,0.00,0.9170,24.734459,46.700314,5.683,48.393,20.664
2025-12-27T17:25:04.784Z,50.855,-0.042,-2.159,13.690,0.00,0.9170,24.734459,46.700314,5.683,48.394,20.664
2025-12-27T17:25:04.784Z,50.858,-0.031,-1.599,13.690,0.00,0.9170,24.734459,46.700314,5.683,48.394,20.664
2025-12-27T17:25:04.978Z,50.863,-0.008,-0.411,13.690,0.00,0.9170,24.734459,46.700314,5.683,48.394,20.664
2025-12-27T17:25:05.183Z,50.864,-0.080,-4.090,13.690,0.00,0.9170,24.734459,46.700314,5.682,48.396,20.663
2025-12-27T17:25:05.413Z,50.869,-0.008,-0.388,12.670,0.00,0.9200,24.734453,46.700279,5.682,48.924,20.440
2025-12-27T17:25:05.414Z,50.874,-0.036,-1.824,12.670,0.00,0.9200,24.734453,46.700279,5.682,48.924,20.440
2025-12-27T17:25:05.840Z,50.874,-0.031,-1.570,12.670,0.00,0.9200,24.734453,46.700279,5.682,48.926,20.439
2025-12-27T17:25:05.926Z,50.877,-0.029,-1.458,12.670,0.00,0.9200,24.734453,46.700279,5.682,48.926,20.439
2025-12-27T17:25:05.926Z,50.880,-0.079,-4.033,12.670,0.00,0.9200,24.734453,46.700279,5.682,48.926,20.439
2025-12-27T17:25:06.101Z,50.883,-0.089,-4.542,12.670,0.00,0.9200,24.734453,46.700279,5.682,48.928,20.438
2025-12-27T17:25:06.541Z,50.886,-0.024,-1.227,11.070,0.00,0.9240,24.734442,46.700249,5.682,49.633,20.148
2025-12-27T17:25:06.542Z,50.895,-0.028,-1.446,11.070,0.00,0.9240,24.734442,46.700249,5.682,49.633,20.148
2025-12-27T17:25:06.933Z,50.894,-0.070,-3.586,11.070,0.00,0.9240,24.734442,46.700249,5.681,49.637,20.146
2025-12-27T17:25:06.933Z,50.897,-0.085,-4.306,11.070,0.00,0.9240,24.734442,46.700249,5.681,49.637,20.146
2025-12-27T17:25:06.933Z,50.900,-0.082,-4.175,11.070,0.00,0.9240,24.734442,46.700249,5.681,49.637,20.146
2025-12-27T17:25:07.028Z,50.906,-0.028,-1.427,11.070,0.00,0.9240,24.734442,46.700249,5.681,49.637,20.146
2025-12-27T17:25:07.343Z,50.906,-0.037,-1.872,11.070,0.00,0.9240,24.734442,46.700249,5.681,49.639,20.146
2025-12-27T17:25:07.962Z,50.913,-0.029,-1.497,9.000,0.00,0.9260,24.734426,46.700230,5.681,49.993,20.003
2025-12-27T17:25:07.963Z,50.915,0.016,0.820,9.000,0.00,0.9260,24.734426,46.700230,5.681,49.993,20.003
2025-12-27T17:25:07.963Z,50.914,-0.084,-4.269,9.000,0.00,0.9260,24.734426,46.700230,5.681,49.993,20.003
2025-12-27T17:25:07.963Z,50.885,-0.004,-0.215,9.000,0.00,0.9260,24.734426,46.700230,5.681,49.993,20.003
2025-12-27T17:25:08.068Z,50.617,0.428,21.643,9.000,0.00,0.9260,24.734426,46.700230,5.681,49.987,20.005
2025-12-27T17:25:08.068Z,50.826,0.176,8.936,9.000,0.00,0.9260,24.734426,46.700230,5.681,49.987,20.005
2025-12-27T17:25:08.254Z,50.034,1.836,91.866,6.350,0.00,0.9280,24.734411,46.700222,5.686,50.297,19.882
2025-12-27T17:25:08.473Z,49.004,3.540,173.474,6.350,0.00,0.9280,24.734411,46.700222,5.697,50.204,19.919
2025-12-27T17:25:08.672Z,48.821,4.006,195.555,6.350,0.00,0.9280,24.734411,46.700222,5.708,50.109,19.956
2025-12-27T17:25:08.880Z,48.771,4.039,196.974,6.350,0.00,0.9280,24.734411,46.700222,5.719,50.010,19.996
2025-12-27T17:25:08.882Z,48.751,3.858,188.092,6.350,0.00,0.9280,24.734411,46.700222,5.719,50.009,19.997
2025-12-27T17:25:09.493Z,48.676,4.100,199.556,6.350,0.00,0.9280,24.734411,46.700222,5.753,49.714,20.115
2025-12-27T17:25:09.493Z,47.321,6.828,323.118,5.200,0.00,0.9300,24.734398,46.700222,5.753,50.062,19.975
2025-12-27T17:25:09.493Z,48.097,5.333,256.502,5.200,0.00,0.9300,24.734398,46.700222,5.753,50.061,19.975
2025-12-27T17:25:09.805Z,48.102,5.212,250.706,5.200,0.00,0.9300,24.734398,46.700222,5.775,49.873,20.051
2025-12-27T17:25:09.805Z,47.326,7.263,343.743,5.200,0.00,0.9300,24.734398,46.700222,5.775,49.873,20.051
2025-12-27T17:25:10.111Z,46.763,8.283,387.316,5.200,0.00,0.9300,24.734398,46.700222,5.808,49.590,20.165
2025-12-27T17:25:10.111Z,46.922,7.532,353.396,5.200,0.00,0.9300,24.734398,46.700222,5.808,49.590,20.165
2025-12-27T17:25:10.425Z,46.966,7.697,361.483,5.200,0.00,0.9300,24.734398,46.700222,5.839,49.323,20.275
2025-12-27T17:25:10.425Z,46.954,7.094,333.092,5.000,0.00,0.9310,24.734386,46.700226,5.839,49.494,20.205
2025-12-27T17:25:10.707Z,46.503,8.210,381.771,5.000,0.00,0.9310,24.734386,46.700226,5.869,49.242,20.308
2025-12-27T17:25:10.708Z,46.660,8.678,404.916,5.000,0.00,0.9310,24.734386,46.700226,5.869,49.242,20.308
2025-12-27T17:25:10.943Z,46.734,8.328,389.200,5.000,0.00,0.9310,24.734386,46.700226,5.894,49.029,20.396
2025-12-27T17:25:10.943Z,46.710,8.690,405.931,5.000,0.00,0.9310,24.734386,46.700226,5.894,49.029,20.396
2025-12-27T17:25:11.500Z,46.658,8.029,374.601,5.000,0.00,0.9310,24.734386,46.700226,5.952,48.552,20.597
2025-12-27T17:25:11.500Z,46.407,7.999,371.194,5.110,0.00,0.9320,24.734377,46.700233,5.952,48.720,20.526
2025-12-27T17:25:11.955Z,46.525,8.603,400.277,5.110,0.00,0.9320,24.734377,46.700233,6.003,48.309,20.700
2025-12-27T17:25:11.955Z,46.480,8.240,383.000,5.110,0.00,0.9320,24.734377,46.700233,6.003,48.309,20.700
2025-12-27T17:25:11.955Z,46.527,8.404,391.014,5.110,0.00,0.9320,24.734377,46.700233,6.003,48.309,20.700
2025-12-27T17:25:11.955Z,46.342,8.641,400.424,5.110,0.00,0.9320,24.734377,46.700233,6.003,48.309,20.700
2025-12-27T17:25:12.178Z,46.281,9.130,422.540,5.110,0.00,0.9320,24.734377,46.700233,6.029,48.099,20.790
2025-12-27T17:25:12.268Z,46.405,8.988,417.078,5.300,0.00,0.9340,24.734369,46.700245,6.040,48.348,20.683
2025-12-27T17:25:12.667Z,45.983,9.649,443.691,5.300,0.00,0.9340,24.734369,46.700245,6.089,47.957,20.852
2025-12-27T17:25:12.667Z,45.732,9.204,420.931,5.300,0.00,0.9340,24.734369,46.700245,6.089,47.957,20.852
2025-12-27T17:25:12.985Z,45.632,10.565,482.081,5.300,0.00,0.9340,24.734369,46.700245,6.131,47.624,20.998
2025-12-27T17:25:12.985Z,45.209,11.503,520.025,5.300,0.00,0.9340,24.734369,46.700245,6.131,47.624,20.998
2025-12-27T17:25:13.059Z,45.134,11.462,517.330,5.300,0.00,0.9340,24.734369,46.700245,6.142,47.542,21.034
2025-12-27T17:25:13.059Z,45.313,10.926,495.101,5.300,0.00,0.9340,24.734369,46.700245,6.142,47.542,21.034
2025-12-27T17:25:13.378Z,45.340,10.253,464.889,5.220,0.00,0.9350,24.734367,46.700256,6.183,47.386,21.103
2025-12-27T17:25:13.579Z,44.876,11.052,495.954,5.220,0.00,0.9350,24.734367,46.700256,6.211,47.175,21.198
2025-12-27T17:25:13.579Z,44.827,10.839,485.881,5.220,0.00,0.9350,24.734367,46.700256,6.211,47.175,21.198
2025-12-27T17:25:13.782Z,44.802,10.350,463.691,5.220,0.00,0.9350,24.734367,46.700256,6.237,46.977,21.287
2025-12-27T17:25:14.310Z,45.035,11.090,499.431,5.220,0.00,0.9350,24.734367,46.700256,6.310,46.432,21.537
2025-12-27T17:25:14.625Z,45.221,10.520,475.722,5.220,0.00,0.9350,24.734367,46.700256,6.352,46.127,21.679
2025-12-27T17:25:14.626Z,45.298,10.502,475.706,5.830,0.00,0.9360,24.734367,46.700272,6.352,46.284,21.606
2025-12-27T17:25:14.626Z,45.468,10.112,459.758,5.830,0.00,0.9360,24.734367,46.700272,6.352,46.284,21.606
2025-12-27T17:25:14.626Z,45.845,9.761,447.491,5.830,0.00,0.9360,24.734367,46.700272,6.352,46.284,21.606
2025-12-27T17:25:15.074Z,45.879,0.000,-0.002,5.830,0.00,0.9360,24.734367,46.700272,6.352,46.284,21.606
2025-12-27T17:25:15.077Z,45.916,9.172,421.122,5.830,0.00,0.9360,24.734367,46.700272,6.352,46.282,21.607
2025-12-27T17:25:15.135Z,45.972,9.073,417.113,5.830,0.00,0.9360,24.734367,46.700272,6.359,46.233,21.630
2025-12-27T17:25:15.136Z,45.866,9.132,418.852,5.830,0.00,0.9360,24.734367,46.700272,6.359,46.232,21.630
2025-12-27T17:25:15.643Z,46.061,9.084,418.411,6.930,0.00,0.9380,24.734373,46.700287,6.418,46.120,21.683
2025-12-27T17:25:15.643Z,45.972,8.907,409.462,6.930,0.00,0.9380,24.734373,46.700287,6.418,46.120,21.683
2025-12-27T17:25:15.740Z,46.217,8.383,387.431,6.930,0.00,0.9380,24.734373,46.700287,6.429,46.044,21.718
2025-12-27T17:25:16.179Z,46.342,8.181,379.134,6.930,0.00,0.9380,24.734373,46.700287,6.475,45.716,21.874
2025-12-27T17:25:16.179Z,46.488,7.981,371.015,6.930,0.00,0.9380,24.734373,46.700287,6.475,45.716,21.874
2025-12-27T17:25:16.233Z,39.394,0.000,-0.002,6.930,0.00,0.9380,24.734373,46.700287,6.475,45.716,21.874
2025-12-27T17:25:16.233Z,46.536,7.436,346.044,8.350,0.00,0.9400,24.734381,46.700306,6.475,46.025,21.727
2025-12-27T17:25:16.561Z,46.502,7.351,341.827,8.350,0.00,0.9400,24.734381,46.700306,6.506,45.805,21.832
2025-12-27T17:25:16.650Z,46.557,7.136,332.236,8.350,0.00,0.9400,24.734381,46.700306,6.514,45.747,21.859
2025-12-27T17:25:16.976Z,46.370,7.650,354.733,8.350,0.00,0.9400,24.734381,46.700306,6.546,45.523,21.967
2025-12-27T17:25:16.976Z,46.664,8.447,394.155,8.350,0.00,0.9400,24.734381,46.700306,6.546,45.523,21.967
2025-12-27T17:25:17.440Z,204.800,0.000,-0.008,8.350,0.00,0.9400,24.734381,46.700306,6.546,45.523,21.967
2025-12-27T17:25:17.443Z,46.470,6.070,282.058,9.130,0.00,0.9430,24.734388,46.700329,6.547,45.979,21.749
2025-12-27T17:25:17.444Z,46.727,7.611,355.643,9.130,0.00,0.9430,24.734388,46.700329,6.547,45.979,21.749
2025-12-27T17:25:17.894Z,46.959,7.446,349.639,9.130,0.00,0.9430,24.734388,46.700329,6.590,45.673,21.895
2025-12-27T17:25:17.894Z,46.976,6.957,326.835,9.130,0.00,0.9430,24.734388,46.700329,6.590,45.673,21.895
2025-12-27T17:25:17.895Z,46.982,6.862,322.411,9.130,0.00,0.9430,24.734388,46.700329,6.590,45.673,21.895
2025-12-27T17:25:18.201Z,47.004,0.000,-0.002,9.130,0.00,0.9430,24.734388,46.700329,6.590,45.673,21.895
2025-12-27T17:25:18.611Z,47.095,6.930,326.370,9.130,0.00,0.9430,24.734388,46.700329,6.628,45.417,22.018
2025-12-27T17:25:18.611Z,46.966,6.839,321.189,10.090,0.00,0.9450,24.734400,46.700352,6.628,45.718,21.873
2025-12-27T17:25:18.611Z,47.055,6.975,328.206,10.090,0.00,0.9450,24.734400,46.700352,6.628,45.718,21.873
2025-12-27T17:25:18.918Z,47.031,6.931,325.955,10.090,0.00,0.9450,24.734400,46.700352,6.655,45.528,21.965
2025-12-27T17:25:18.918Z,47.190,6.622,312.472,10.090,0.00,0.9450,24.734400,46.700352,6.655,45.528,21.965
2025-12-27T17:25:19.010Z,47.071,6.793,319.746,10.090,0.00,0.9450,24.734400,46.700352,6.663,45.472,21.992
2025-12-27T17:25:19.429Z,32.171,0.000,-0.001,10.090,0.00,0.9450,24.734400,46.700352,6.663,45.472,21.992
2025-12-27T17:25:19.429Z,47.410,6.193,293.630,11.150,0.00,0.9480,24.734409,46.700378,6.663,45.922,21.776
2025-12-27T17:25:19.837Z,47.217,0.000,-0.002,11.150,0.00,0.9480,24.734409,46.700378,6.663,45.922,21.776
2025-12-27T17:25:19.837Z,47.265,6.495,306.993,11.150,0.00,0.9480,24.734409,46.700378,6.664,45.922,21.776
2025-12-27T17:25:19.838Z,204.800,0.000,-0.008,11.150,0.00,0.9480,24.734409,46.700378,6.664,45.922,21.776
2025-12-27T17:25:19.938Z,47.195,6.678,315.148,11.150,0.00,0.9480,24.734409,46.700378,6.672,45.861,21.805
2025-12-27T17:25:20.347Z,47.203,6.689,315.757,11.150,0.00,0.9480,24.734409,46.700378,6.708,45.616,21.922
2025-12-27T17:25:20.348Z,204.800,6.709,1374.022,11.740,0.00,0.9520,24.734423,46.700409,6.708,46.212,21.640
2025-12-27T17:25:20.655Z,204.800,0.000,-0.008,11.740,0.00,0.9520,24.734423,46.700409,6.708,46.212,21.640
2025-12-27T17:25:20.655Z,204.800,0.000,-0.008,11.740,0.00,0.9520,24.734423,46.700409,6.708,46.212,21.640
2025-12-27T17:25:20.756Z,204.800,0.000,-0.008,11.740,0.00,0.9520,24.734423,46.700409,6.708,46.212,21.640
2025-12-27T17:25:21.069Z,46.967,6.974,327.538,11.740,0.00,0.9520,24.734423,46.700409,6.737,46.016,21.731
2025-12-27T17:25:21.069Z,47.070,6.494,305.665,11.740,0.00,0.9520,24.734423,46.700409,6.737,46.016,21.731
2025-12-27T17:25:21.159Z,47.027,6.913,325.096,11.740,0.00,0.9520,24.734423,46.700409,6.745,45.961,21.758
2025-12-27T17:25:21.586Z,204.800,0.000,-0.008,12.350,0.00,0.9550,24.734436,46.700439,6.745,46.405,21.549
2025-12-27T17:25:21.586Z,46.991,6.972,327.598,12.350,0.00,0.9550,24.734436,46.700439,6.745,46.405,21.549
2025-12-27T17:25:21.660Z,204.800,0.000,-0.008,12.350,0.00,0.9550,24.734436,46.700439,6.745,46.405,21.549
2025-12-27T17:25:22.194Z,46.981,6.903,324.323,12.350,0.00,0.9550,24.734436,46.700439,6.793,46.077,21.703
2025-12-27T17:25:22.195Z,46.771,7.151,334.452,12.350,0.00,0.9550,24.734436,46.700439,6.793,46.077,21.703
2025-12-27T17:25:22.195Z,204.800,0.000,-0.008,12.350,0.00,0.9550,24.734436,46.700439,6.793,46.077,21.703
2025-12-27T17:25:22.274Z,47.038,0.000,-0.002,12.980,0.00,0.9580,24.734447,46.700470,6.793,46.518,21.497
2025-12-27T17:25:22.845Z,46.977,6.990,328.367,12.980,0.00,0.9580,24.734447,46.700470,6.845,46.164,21.662
2025-12-27T17:25:22.846Z,47.009,6.731,316.431,12.980,0.00,0.9580,24.734447,46.700470,6.845,46.164,21.662
2025-12-27T17:25:22.846Z,46.904,7.138,334.813,12.980,0.00,0.9580,24.734447,46.700470,6.845,46.164,21.662
2025-12-27T17:25:23.026Z,46.929,6.967,326.951,12.980,0.00,0.9580,24.734447,46.700470,6.862,46.054,21.714
2025-12-27T17:25:23.026Z,46.938,7.000,328.548,12.980,0.00,0.9580,24.734447,46.700470,6.862,46.054,21.714
2025-12-27T17:25:23.413Z,46.966,7.083,332.656,12.980,0.00,0.9580,24.734447,46.700470,6.897,45.815,21.827
2025-12-27T17:25:23.413Z,36.882,7.204,265.686,13.390,0.00,0.9620,24.734463,46.700504,6.897,46.395,21.554
2025-12-27T17:25:23.731Z,204.800,0.000,-0.008,13.390,0.00,0.9620,24.734463,46.700504,6.897,46.395,21.554
2025-12-27T17:25:23.731Z,46.829,7.124,333.625,13.390,0.00,0.9620,24.734463,46.700504,6.897,46.395,21.554
2025-12-27T17:25:24.031Z,46.760,7.647,357.590,13.390,0.00,0.9620,24.734463,46.700504,6.927,46.195,21.647
2025-12-27T17:25:24.031Z,204.800,7.129,1459.952,13.390,0.00,0.9620,24.734463,46.700504,6.927,46.195,21.647
2025-12-27T17:25:24.366Z,46.689,7.107,331.824,13.390,0.00,0.9620,24.734463,46.700504,6.958,45.990,21.744
2025-12-27T17:25:24.454Z,36.713,0.000,-0.001,13.780,0.00,0.9660,24.734476,46.700539,6.958,46.565,21.476
2025-12-27T17:25:24.455Z,46.840,6.976,326.759,13.780,0.00,0.9660,24.734476,46.700539,6.958,46.564,21.476
2025-12-27T17:25:24.751Z,46.848,7.262,340.193,13.780,0.00,0.9660,24.734476,46.700539,6.986,46.378,21.562
2025-12-27T17:25:25.165Z,204.800,0.000,-0.008,13.780,0.00,0.9660,24.734476,46.700539,6.986,46.378,21.562
2025-12-27T17:25:25.165Z,204.800,0.000,-0.008,13.780,0.00,0.9660,24.734476,46.700539,6.986,46.378,21.562
2025-12-27T17:25:25.272Z,204.800,0.000,-0.008,13.780,0.00,0.9660,24.734476,46.700539,6.986,46.378,21.562
2025-12-27T17:25:25.272Z,204.800,0.000,-0.008,14.370,0.00,0.9700,24.734491,46.700573,6.986,46.950,21.299
2025-12-27T17:25:25.545Z,204.800,0.000,-0.008,14.370,0.00,0.9700,24.734491,46.700573,6.986,46.950,21.299
2025-12-27T17:25:25.545Z,47.132,6.752,318.227,14.370,0.00,0.9700,24.734491,46.700573,6.986,46.950,21.299
2025-12-27T17:25:25.650Z,47.069,6.653,313.164,14.370,0.00,0.9700,24.734491,46.700573,6.995,46.889,21.327
2025-12-27T17:25:26.083Z,47.094,0.000,-0.002,14.370,0.00,0.9700,24.734491,46.700573,6.995,46.889,21.327
2025-12-27T17:25:26.187Z,204.800,0.000,-0.008,14.370,0.00,0.9700,24.734491,46.700573,6.995,46.889,21.327
2025-12-27T17:25:26.191Z,47.160,6.726,317.224,14.370,0.00,0.9700,24.734491,46.700573,6.996,46.887,21.328
2025-12-27T17:25:26.498Z,204.800,0.000,-0.008,14.760,0.00,0.9740,24.734509,46.700607,6.996,47.458,21.071
2025-12-27T17:25:26.498Z,47.096,6.575,309.666,14.760,0.00,0.9740,24.734509,46.700607,6.996,47.458,21.071
2025-12-27T17:25:26.905Z,204.800,0.000,-0.008,14.760,0.00,0.9740,24.734509,46.700607,6.996,47.458,21.071
2025-12-27T17:25:26.905Z,47.140,0.000,-0.002,14.760,0.00,0.9740,24.734509,46.700607,6.996,47.458,21.071
2025-12-27T17:25:27.209Z,47.230,6.751,318.845,14.760,0.00,0.9740,24.734509,46.700607,7.023,47.276,21.152
2025-12-27T17:25:27.226Z,47.171,6.714,316.705,14.760,0.00,0.9740,24.734509,46.700607,7.024,47.266,21.157
2025-12-27T17:25:27.226Z,34.056,6.651,226.521,15.320,0.00,0.9780,24.734524,46.700645,7.024,47.836,20.905
2025-12-27T17:25:27.526Z,204.800,0.000,-0.008,15.320,0.00,0.9780,24.734524,46.700645,7.024,47.836,20.905
2025-12-27T17:25:27.608Z,204.800,0.000,-0.008,15.320,0.00,0.9780,24.734524,46.700645,7.024,47.836,20.905
2025-12-27T17:25:28.023Z,204.800,0.000,-0.008,15.320,0.00,0.9780,24.734524,46.700645,7.024,47.836,20.905
2025-12-27T17:25:28.023Z,47.232,0.000,-0.002,15.320,0.00,0.9780,24.734524,46.700645,7.024,47.836,20.905
2025-12-27T17:25:28.126Z,204.800,0.000,-0.008,15.320,0.00,0.9780,24.734524,46.700645,7.024,47.836,20.905
2025-12-27T17:25:28.639Z,204.800,0.000,-0.008,15.630,0.00,0.9820,24.734543,46.700684,7.024,48.405,20.659
2025-12-27T17:25:28.640Z,47.256,6.204,293.162,15.630,0.00,0.9820,24.734543,46.700684,7.024,48.405,20.659
2025-12-27T17:25:28.749Z,47.296,6.298,297.873,15.630,0.00,0.9820,24.734543,46.700684,7.033,48.343,20.685
2025-12-27T17:25:28.749Z,47.279,6.205,293.378,15.630,0.00,0.9820,24.734543,46.700684,7.033,48.343,20.685
2025-12-27T17:25:29.056Z,47.251,6.267,296.106,15.630,0.00,0.9820,24.734543,46.700684,7.058,48.170,20.760
2025-12-27T17:25:29.057Z,47.270,6.233,294.642,15.630,0.00,0.9820,24.734543,46.700684,7.058,48.170,20.760
2025-12-27T17:25:29.132Z,47.213,9.221,435.359,15.630,0.00,0.9820,24.734543,46.700684,7.068,48.107,20.787
2025-12-27T17:25:29.549Z,47.225,0.000,-0.002,15.870,0.00,0.9870,24.734562,46.700722,7.068,48.815,20.486
2025-12-27T17:25:29.832Z,47.155,6.449,304.092,15.870,0.00,0.9870,24.734562,46.700722,7.091,48.650,20.555
2025-12-27T17:25:29.833Z,47.213,6.591,311.179,15.870,0.00,0.9870,24.734562,46.700722,7.092,48.650,20.555
2025-12-27T17:25:29.833Z,34.030,0.000,-0.001,15.870,0.00,0.9870,24.734562,46.700722,7.092,48.650,20.555
2025-12-27T17:25:30.177Z,47.190,0.000,-0.002,15.870,0.00,0.9870,24.734562,46.700722,7.092,48.650,20.555
2025-12-27T17:25:30.178Z,47.133,6.517,307.150,15.870,0.00,0.9870,24.734562,46.700722,7.092,48.650,20.555
2025-12-27T17:25:30.386Z,47.216,6.725,317.543,16.080,0.00,0.9910,24.734581,46.700760,7.110,49.086,20.372
2025-12-27T17:25:30.387Z,204.800,0.000,-0.008,16.080,0.00,0.9910,24.734581,46.700760,7.110,49.086,20.372
2025-12-27T17:25:30.893Z,47.208,6.476,305.738,16.080,0.00,0.9910,24.734581,46.700760,7.153,48.791,20.496
2025-12-27T17:25:30.893Z,47.179,6.403,302.105,16.080,0.00,0.9910,24.734581,46.700760,7.153,48.791,20.496
2025-12-27T17:25:31.211Z,47.239,6.449,304.660,16.080,0.00,0.9910,24.734581,46.700760,7.180,48.608,20.573
2025-12-27T17:25:31.212Z,204.800,0.000,-0.008,16.080,0.00,0.9910,24.734581,46.700760,7.180,48.608,20.573
2025-12-27T17:25:31.616Z,47.285,6.351,300.298,16.190,0.00,0.9960,24.734604,46.700798,7.214,49.074,20.377
2025-12-27T17:25:31.616Z,47.413,6.346,300.883,16.190,0.00,0.9960,24.734604,46.700798,7.214,49.074,20.378
2025-12-27T17:25:31.729Z,47.336,6.545,309.800,16.190,0.00,0.9960,24.734604,46.700798,7.223,49.007,20.405
2025-12-27T17:25:31.730Z,47.316,6.609,312.722,16.190,0.00,0.9960,24.734604,46.700798,7.223,49.007,20.405
2025-12-27T17:25:31.905Z,30.252,5.909,178.744,16.190,0.00,0.9960,24.734604,46.700798,7.232,48.948,20.430
2025-12-27T17:25:31.941Z,204.800,0.000,-0.008,16.190,0.00,0.9960,24.734604,46.700798,7.232,48.948,20.430
2025-12-27T17:25:32.427Z,204.800,9.232,1890.701,16.190,0.00,0.9960,24.734604,46.700798,7.487,47.280,21.151
2025-12-27T17:25:32.427Z,47.178,6.558,309.402,16.350,0.00,1.0000,24.734625,46.700836,7.487,47.814,20.914
2025-12-27T17:25:32.743Z,204.800,6.465,1324.085,16.350,0.00,1.0000,24.734625,46.700836,7.604,47.084,21.239
2025-12-27T17:25:32.743Z,47.204,6.044,285.286,16.350,0.00,1.0000,24.734625,46.700836,7.604,47.083,21.239
2025-12-27T17:25:32.820Z,204.800,6.565,1344.483,16.350,0.00,1.0000,24.734625,46.700836,7.632,46.906,21.319
2025-12-27T17:25:33.250Z,204.800,0.000,-0.008,16.350,0.00,1.0000,24.734625,46.700836,7.632,46.906,21.319
2025-12-27T17:25:33.250Z,47.004,6.296,295.913,16.350,0.00,1.0000,24.734625,46.700836,7.632,46.906,21.319
2025-12-27T17:25:33.250Z,47.023,6.815,320.462,16.430,0.00,1.0050,24.734646,46.700874,7.632,47.561,21.026
2025-12-27T17:25:33.558Z,46.977,6.892,323.744,16.430,0.00,1.0050,24.734646,46.700874,7.660,47.389,21.102
2025-12-27T17:25:33.655Z,46.890,7.023,329.321,16.430,0.00,1.0050,24.734646,46.700874,7.669,47.334,21.127
2025-12-27T17:25:33.656Z,204.800,7.212,1476.920,16.430,0.00,1.0050,24.734646,46.700874,7.669,47.333,21.127
2025-12-27T17:25:34.128Z,204.800,0.000,-0.008,16.430,0.00,1.0050,24.734646,46.700874,7.669,47.333,21.127
2025-12-27T17:25:34.128Z,46.717,7.545,352.456,16.430,0.00,1.0050,24.734646,46.700874,7.669,47.333,21.127
2025-12-27T17:25:34.474Z,46.711,7.345,343.096,16.430,0.00,1.0050,24.734646,46.700874,7.702,47.130,21.218
2025-12-27T17:25:34.474Z,46.561,7.577,352.789,16.390,0.00,1.0090,24.734663,46.700912,7.702,47.650,20.986
2025-12-27T17:25:34.991Z,204.800,0.000,-0.008,16.390,0.00,1.0090,24.734663,46.700912,7.702,47.650,20.986
2025-12-27T17:25:34.991Z,204.800,7.373,1509.920,16.390,0.00,1.0090,24.734663,46.700912,7.702,47.649,20.987
2025-12-27T17:25:34.991Z,46.448,7.828,363.604,16.390,0.00,1.0090,24.734663,46.700912,7.702,47.649,20.987
2025-12-27T17:25:34.991Z,46.484,8.038,373.662,16.390,0.00,1.0090,24.734663,46.700912,7.702,47.649,20.987
2025-12-27T17:25:35.216Z,46.671,7.541,351.948,16.390,0.00,1.0090,24.734663,46.700912,7.724,47.514,21.047
2025-12-27T17:25:35.712Z,46.444,7.578,351.934,16.450,0.00,1.0140,24.734680,46.700954,7.773,47.860,20.894
2025-12-27T17:25:35.713Z,46.540,7.724,359.493,16.450,0.00,1.0140,24.734680,46.700954,7.773,47.860,20.894
2025-12-27T17:25:35.713Z,46.680,7.903,368.912,16.450,0.00,1.0140,24.734680,46.700954,7.773,47.860,20.894
2025-12-27T17:25:35.798Z,46.641,7.499,349.753,16.450,0.00,1.0140,24.734680,46.700954,7.781,47.809,20.917
2025-12-27T17:25:36.321Z,46.459,7.768,360.913,16.450,0.00,1.0140,24.734680,46.700954,7.833,47.489,21.058
2025-12-27T17:25:36.322Z,46.634,7.299,340.403,16.450,0.00,1.0140,24.734680,46.700954,7.833,47.489,21.058
2025-12-27T17:25:36.322Z,46.295,7.882,364.885,16.560,0.00,1.0180,24.734697,46.700996,7.833,47.999,20.834
2025-12-27T17:25:36.322Z,46.605,7.499,349.474,16.560,0.00,1.0180,24.734697,46.700996,7.833,47.999,20.834
2025-12-27T17:25:36.731Z,46.441,7.902,366.985,16.560,0.00,1.0180,24.734697,46.700996,7.875,47.745,20.945
2025-12-27T17:25:36.731Z,46.456,7.743,359.709,16.560,0.00,1.0180,24.734697,46.700996,7.875,47.745,20.945
2025-12-27T17:25:36.982Z,204.800,0.000,-0.008,16.560,0.00,1.0180,24.734697,46.700996,7.875,47.745,20.945
2025-12-27T17:25:36.982Z,204.800,0.000,-0.008,16.560,0.00,1.0180,24.734697,46.700996,7.875,47.745,20.945
2025-12-27T17:25:37.136Z,204.800,0.000,-0.008,16.560,0.00,1.0180,24.734697,46.700996,7.875,47.745,20.945
2025-12-27T17:25:37.556Z,46.504,7.527,350.041,16.670,0.00,1.0230,24.734713,46.701038,7.916,48.130,20.777
2025-12-27T17:25:37.556Z,46.399,7.546,350.133,16.670,0.00,1.0230,24.734713,46.701038,7.916,48.130,20.777
2025-12-27T17:25:37.857Z,46.317,7.624,353.127,16.670,0.00,1.0230,24.734713,46.701038,7.946,47.952,20.854
2025-12-27T17:25:37.857Z,39.647,0.000,-0.002,16.670,0.00,1.0230,24.734713,46.701038,7.946,47.952,20.854
2025-12-27T17:25:37.946Z,204.800,0.000,-0.008,16.670,0.00,1.0230,24.734713,46.701038,7.946,47.952,20.854
2025-12-27T17:25:38.170Z,204.800,0.000,-0.008,16.670,0.00,1.0230,24.734713,46.701038,7.946,47.952,20.854
2025-12-27T17:25:38.451Z,46.428,7.616,353.608,16.980,0.00,1.0280,24.734728,46.701084,7.973,48.412,20.656
2025-12-27T17:25:38.451Z,46.352,7.655,354.810,16.980,0.00,1.0280,24.734728,46.701084,7.973,48.412,20.656
2025-12-27T17:25:38.564Z,46.269,8.199,379.337,16.980,0.00,1.0280,24.734728,46.701084,7.985,48.340,20.687
2025-12-27T17:25:38.772Z,204.800,8.140,1667.170,16.980,0.00,1.0280,24.734728,46.701084,8.081,47.764,20.936
2025-12-27T17:25:39.292Z,46.135,8.301,382.941,16.980,0.00,1.0280,24.734728,46.701084,8.137,47.440,21.079
2025-12-27T17:25:39.292Z,46.014,7.877,362.449,16.980,0.00,1.0280,24.734728,46.701084,8.137,47.440,21.079
2025-12-27T17:25:39.398Z,46.184,8.334,384.887,16.960,0.00,1.0330,24.734743,46.701126,8.148,47.988,20.839
2025-12-27T17:25:39.398Z,46.108,0.000,-0.002,16.960,0.00,1.0330,24.734743,46.701126,8.148,47.988,20.839
2025-12-27T17:25:39.701Z,45.961,0.000,-0.002,16.960,0.00,1.0330,24.734743,46.701126,8.148,47.988,20.839
2025-12-27T17:25:39.701Z,46.132,8.840,407.814,16.960,0.00,1.0330,24.734743,46.701126,8.148,47.988,20.839
2025-12-27T17:25:40.125Z,45.963,8.755,402.429,16.960,0.00,1.0330,24.734743,46.701126,8.195,47.710,20.960
2025-12-27T17:25:40.125Z,204.800,8.359,1711.858,16.960,0.00,1.0330,24.734743,46.701126,8.195,47.709,20.960
2025-12-27T17:25:40.125Z,45.895,9.430,432.809,16.960,0.00,1.0330,24.734743,46.701126,8.195,47.709,20.960
2025-12-27T17:25:40.398Z,45.854,0.000,-0.002,17.040,0.00,1.0370,24.734758,46.701168,8.195,48.197,20.748
2025-12-27T17:25:40.399Z,45.754,9.347,427.655,17.040,0.00,1.0370,24.734758,46.701168,8.195,48.197,20.748
2025-12-27T17:25:40.622Z,45.686,9.239,422.108,17.040,0.00,1.0370,24.734758,46.701168,8.222,48.043,20.815
2025-12-27T17:25:40.922Z,45.614,9.265,422.594,17.040,0.00,1.0370,24.734758,46.701168,8.257,47.839,20.904
2025-12-27T17:25:40.931Z,45.669,9.615,439.129,17.040,0.00,1.0370,24.734758,46.701168,8.258,47.832,20.906
2025-12-27T17:25:41.238Z,45.450,0.000,-0.002,17.040,0.00,1.0370,24.734758,46.701168,8.258,47.832,20.906
2025-12-27T17:25:41.238Z,45.713,9.195,420.333,17.190,0.00,1.0420,24.734774,46.701214,8.258,48.438,20.645
2025-12-27T17:25:41.551Z,45.682,0.000,-0.002,17.190,0.00,1.0420,24.734774,46.701214,8.258,48.438,20.645
2025-12-27T17:25:41.551Z,45.594,9.198,419.383,17.190,0.00,1.0420,24.734774,46.701214,8.258,48.437,20.645
2025-12-27T17:25:41.980Z,45.612,9.813,447.607,17.190,0.00,1.0420,24.734774,46.701214,8.311,48.127,20.779
2025-12-27T17:25:41.980Z,204.800,8.878,1818.115,17.190,0.00,1.0420,24.734774,46.701214,8.311,48.126,20.779
2025-12-27T17:25:42.038Z,45.495,9.435,429.234,17.190,0.00,1.0420,24.734774,46.701214,8.318,48.087,20.796
2025-12-27T17:25:42.374Z,45.521,9.525,433.563,17.190,0.00,1.0420,24.734774,46.701214,8.359,47.854,20.897
2025-12-27T17:25:42.374Z,45.563,9.300,423.733,17.110,0.00,1.0470,24.734791,46.701256,8.359,48.452,20.639
2025-12-27T17:25:42.548Z,45.582,9.350,426.175,17.110,0.00,1.0470,24.734791,46.701256,8.379,48.333,20.690
2025-12-27T17:25:42.982Z,45.504,9.480,431.381,17.110,0.00,1.0470,24.734791,46.701256,8.431,48.034,20.818
2025-12-27T17:25:42.983Z,48.393,0.000,-0.002,17.110,0.00,1.0470,24.734791,46.701256,8.431,48.034,20.818
2025-12-27T17:25:43.066Z,45.671,9.095,415.367,17.110,0.00,1.0470,24.734791,46.701256,8.441,47.980,20.842
2025-12-27T17:25:43.066Z,45.634,9.308,424.736,17.110,0.00,1.0470,24.734791,46.701256,8.441,47.980,20.842
2025-12-27T17:25:43.392Z,45.571,9.356,426.337,17.280,0.00,1.0520,24.734806,46.701302,8.480,48.351,20.682
2025-12-27T17:25:43.467Z,204.800,0.000,-0.008,17.280,0.00,1.0520,24.734806,46.701302,8.480,48.351,20.682
2025-12-27T17:25:43.818Z,45.484,9.157,416.479,17.280,0.00,1.0520,24.734806,46.701302,8.520,48.120,20.781
2025-12-27T17:25:43.819Z,45.509,9.413,428.367,17.280,0.00,1.0520,24.734806,46.701302,8.520,48.120,20.781
2025-12-27T17:25:44.187Z,45.768,0.000,-0.002,17.280,0.00,1.0520,24.734806,46.701302,8.520,48.120,20.781
2025-12-27T17:25:44.187Z,45.519,8.963,408.006,17.280,0.00,1.0520,24.734806,46.701302,8.520,48.120,20.781
2025-12-27T17:25:44.518Z,45.759,9.487,434.137,17.460,0.00,1.0560,24.734823,46.701344,8.560,48.363,20.677
2025-12-27T17:25:44.519Z,45.708,9.689,442.871,17.460,0.00,1.0560,24.734823,46.701344,8.560,48.363,20.677
2025-12-27T17:25:44.519Z,45.502,9.322,424.184,17.460,0.00,1.0560,24.734823,46.701344,8.560,48.363,20.677
2025-12-27T17:25:44.817Z,45.658,8.329,380.264,17.460,0.00,1.0560,24.734823,46.701344,8.592,48.185,20.753
2025-12-27T17:25:44.818Z,204.800,0.000,-0.008,17.460,0.00,1.0560,24.734823,46.701344,8.592,48.185,20.753
2025-12-27T17:25:45.333Z,45.490,8.625,392.339,17.460,0.00,1.0560,24.734823,46.701344,8.648,47.872,20.889
2025-12-27T17:25:45.333Z,45.778,9.379,429.374,17.460,0.00,1.0560,24.734823,46.701344,8.648,47.872,20.889
2025-12-27T17:25:45.427Z,45.735,8.899,407.020,17.800,0.00,1.0610,24.734842,46.701389,8.659,48.390,20.665
2025-12-27T17:25:45.428Z,45.659,9.232,421.506,17.800,0.00,1.0610,24.734842,46.701389,8.659,48.390,20.665
2025-12-27T17:25:45.844Z,45.328,8.652,392.157,17.800,0.00,1.0610,24.734842,46.701389,8.704,48.138,20.774
2025-12-27T17:25:45.844Z,45.329,9.447,428.241,17.800,0.00,1.0610,24.734842,46.701389,8.704,48.138,20.774
2025-12-27T17:25:46.035Z,45.471,9.934,451.707,17.800,0.00,1.0610,24.734842,46.701389,8.728,48.006,20.831
2025-12-27T17:25:46.035Z,45.504,8.327,378.901,17.800,0.00,1.0610,24.734842,46.701389,8.728,48.006,20.831
2025-12-27T17:25:46.368Z,45.381,9.505,431.328,17.670,0.00,1.0660,24.734861,46.701431,8.768,48.358,20.679
2025-12-27T17:25:46.368Z,45.763,9.803,448.623,17.670,0.00,1.0660,24.734861,46.701431,8.768,48.358,20.679
2025-12-27T17:25:46.740Z,45.613,8.646,394.366,17.670,0.00,1.0660,24.734861,46.701431,8.809,48.134,20.775
2025-12-27T17:25:46.740Z,45.253,9.571,433.097,17.670,0.00,1.0660,24.734861,46.701431,8.809,48.134,20.775
2025-12-27T17:25:46.854Z,45.268,0.000,-0.002,17.670,0.00,1.0660,24.734861,46.701431,8.809,48.134,20.775
2025-12-27T17:25:47.284Z,204.800,0.000,-0.008,17.670,0.00,1.0660,24.734861,46.701431,8.809,48.134,20.775
2025-12-27T17:25:47.284Z,44.924,8.444,379.329,17.890,0.00,1.0710,24.734880,46.701477,8.809,48.702,20.533
2025-12-27T17:25:47.469Z,45.147,9.220,416.263,17.890,0.00,1.0710,24.734880,46.701477,8.830,48.584,20.583
2025-12-27T17:25:47.469Z,204.800,0.000,-0.008,17.890,0.00,1.0710,24.734880,46.701477,8.830,48.584,20.583
2025-12-27T17:25:47.671Z,45.932,8.730,400.971,17.890,0.00,1.0710,24.734880,46.701477,8.853,48.460,20.635
2025-12-27T17:25:47.988Z,45.065,9.044,407.578,17.890,0.00,1.0710,24.734880,46.701477,8.888,48.265,20.719
2025-12-27T17:25:47.991Z,204.800,8.310,1701.944,17.890,0.00,1.0710,24.734880,46.701477,8.890,48.257,20.723
2025-12-27T17:25:48.303Z,46.190,11.143,514.672,17.890,0.00,1.0710,24.734880,46.701477,8.934,48.016,20.826
2025-12-27T17:25:48.303Z,204.800,8.567,1754.483,18.060,0.00,1.0760,24.734898,46.701523,8.935,48.576,20.587
2025-12-27T17:25:48.530Z,45.124,8.594,387.817,18.060,0.00,1.0760,24.734898,46.701523,8.959,48.443,20.643
2025-12-27T17:25:48.926Z,45.502,9.195,418.393,18.060,0.00,1.0760,24.734898,46.701523,9.005,48.196,20.749
2025-12-27T17:25:48.926Z,46.254,0.000,-0.002,18.060,0.00,1.0760,24.734898,46.701523,9.005,48.196,20.749
2025-12-27T17:25:49.043Z,45.960,8.073,371.025,18.060,0.00,1.0760,24.734898,46.701523,9.017,48.131,20.777
2025-12-27T17:25:49.043Z,46.160,10.771,497.183,18.060,0.00,1.0760,24.734898,46.701523,9.017,48.131,20.777
2025-12-27T17:25:49.535Z,204.800,0.000,-0.008,18.350,0.00,1.0810,24.734917,46.701569,9.017,48.685,20.540
2025-12-27T17:25:49.535Z,46.041,10.504,483.602,18.350,0.00,1.0810,24.734917,46.701569,9.017,48.685,20.540
2025-12-27T17:25:49.738Z,45.677,8.197,374.414,18.350,0.00,1.0810,24.734917,46.701569,9.038,48.571,20.588
2025-12-27T17:25:49.738Z,204.800,0.000,-0.008,18.350,0.00,1.0810,24.734917,46.701569,9.038,48.571,20.588
2025-12-27T17:25:49.926Z,46.184,11.024,509.121,18.350,0.00,1.0810,24.734917,46.701569,9.065,48.429,20.649
2025-12-27T17:25:50.249Z,204.800,0.000,-0.008,18.350,0.00,1.0810,24.734917,46.701569,9.065,48.429,20.649
2025-12-27T17:25:50.249Z,44.887,8.787,394.418,18.350,0.00,1.0810,24.734917,46.701569,9.065,48.429,20.649
2025-12-27T17:25:50.586Z,45.450,9.366,425.660,18.580,0.00,1.0860,24.734936,46.701614,9.105,48.766,20.506
2025-12-27T17:25:50.586Z,204.800,0.000,-0.008,18.580,0.00,1.0860,24.734936,46.701614,9.105,48.766,20.506
2025-12-27T17:25:50.990Z,45.927,9.068,416.457,18.580,0.00,1.0860,24.734936,46.701614,9.151,48.517,20.611
2025-12-27T17:25:50.990Z,204.800,0.000,-0.008,18.580,0.00,1.0860,24.734936,46.701614,9.151,48.517,20.611
2025-12-27T17:25:50.990Z,45.749,7.757,354.897,18.580,0.00,1.0860,24.734936,46.701614,9.151,48.517,20.611
2025-12-27T17:25:51.704Z,204.800,0.000,-0.008,18.580,0.00,1.0860,24.734936,46.701614,9.151,48.517,20.611
2025-12-27T17:25:51.704Z,45.992,0.000,-0.002,18.540,0.00,1.0910,24.734955,46.701660,9.151,49.064,20.382
2025-12-27T17:25:51.705Z,45.110,9.126,411.684,18.540,0.00,1.0910,24.734955,46.701660,9.151,49.064,20.382
2025-12-27T17:25:51.705Z,45.128,8.882,400.843,18.540,0.00,1.0910,24.734955,46.701660,9.151,49.064,20.382
2025-12-27T17:25:51.770Z,44.881,8.738,392.155,18.540,0.00,1.0910,24.734955,46.701660,9.159,49.025,20.398
2025-12-27T17:25:52.197Z,45.088,8.440,380.544,18.540,0.00,1.0910,24.734955,46.701660,9.204,48.785,20.498
2025-12-27T17:25:52.197Z,45.209,9.762,441.317,18.540,0.00,1.0910,24.734955,46.701660,9.204,48.785,20.498
2025-12-27T17:25:52.197Z,45.232,9.736,440.361,18.720,0.00,1.0970,24.734974,46.701706,9.204,49.437,20.228
2025-12-27T17:25:52.506Z,204.800,9.656,1977.561,18.720,0.00,1.0970,24.734974,46.701706,9.373,48.541,20.601
2025-12-27T17:25:52.928Z,45.718,9.192,420.219,18.720,0.00,1.0970,24.734974,46.701706,9.423,48.288,20.709
2025-12-27T17:25:52.928Z,45.284,9.612,435.268,18.720,0.00,1.0970,24.734974,46.701706,9.423,48.288,20.709
2025-12-27T17:25:52.928Z,45.207,8.830,399.195,18.720,0.00,1.0970,24.734974,46.701706,9.423,48.287,20.709
2025-12-27T17:25:53.325Z,45.694,9.542,436.015,18.720,0.00,1.0970,24.734974,46.701706,9.471,48.042,20.815
2025-12-27T17:25:53.325Z,45.740,8.934,408.616,18.720,0.00,1.0970,24.734974,46.701706,9.471,48.042,20.815
2025-12-27T17:25:53.510Z,45.629,9.507,433.806,18.850,0.00,1.1020,24.734993,46.701756,9.493,48.456,20.637
2025-12-27T17:25:53.511Z,45.511,9.819,446.880,18.850,0.00,1.1020,24.734993,46.701756,9.493,48.456,20.637
2025-12-27T17:25:53.834Z,48.885,0.000,-0.002,18.850,0.00,1.1020,24.734993,46.701756,9.493,48.456,20.637
2025-12-27T17:25:53.834Z,45.400,9.095,412.910,18.850,0.00,1.1020,24.734993,46.701756,9.493,48.456,20.637
2025-12-27T17:25:54.288Z,45.333,0.000,-0.002,18.850,0.00,1.1020,24.734993,46.701756,9.493,48.456,20.637
2025-12-27T17:25:54.288Z,204.800,0.000,-0.008,18.850,0.00,1.1020,24.734993,46.701756,9.493,48.456,20.637
2025-12-27T17:25:54.432Z,44.902,10.386,466.358,19.330,0.00,1.1070,24.735012,46.701801,9.512,48.886,20.456
2025-12-27T17:25:54.433Z,45.537,9.243,420.902,19.330,0.00,1.1070,24.735012,46.701801,9.512,48.886,20.456
2025-12-27T17:25:54.754Z,44.154,11.779,520.109,19.330,0.00,1.1070,24.735012,46.701801,9.558,48.649,20.556
2025-12-27T17:25:54.842Z,204.800,0.000,-0.008,19.330,0.00,1.1070,24.735012,46.701801,9.558,48.649,20.556
2025-12-27T17:25:54.842Z,44.178,12.013,530.708,19.330,0.00,1.1070,24.735012,46.701801,9.558,48.648,20.556
2025-12-27T17:25:55.161Z,44.824,10.460,468.868,19.330,0.00,1.1070,24.735012,46.701801,9.600,48.438,20.645
2025-12-27T17:25:55.511Z,44.876,10.930,490.475,19.850,0.00,1.1120,24.735031,46.701851,9.648,48.717,20.527
2025-12-27T17:25:55.511Z,44.778,0.000,-0.002,19.850,0.00,1.1120,24.735031,46.701851,9.648,48.717,20.527
2025-12-27T17:25:55.777Z,44.842,10.585,474.668,19.850,0.00,1.1120,24.735031,46.701851,9.683,48.540,20.601
2025-12-27T17:25:55.777Z,204.800,0.000,-0.008,19.850,0.00,1.1120,24.735031,46.701851,9.683,48.540,20.601
2025-12-27T17:25:56.085Z,53.514,0.000,-0.002,19.850,0.00,1.1120,24.735031,46.701851,9.683,48.540,20.601
2025-12-27T17:25:56.085Z,44.754,10.281,460.123,19.850,0.00,1.1120,24.735031,46.701851,9.683,48.540,20.601
2025-12-27T17:25:56.392Z,44.744,10.236,458.010,19.850,0.00,1.1120,24.735031,46.701851,9.722,48.346,20.684
2025-12-27T17:25:56.392Z,44.769,0.000,-0.002,20.280,0.00,1.1180,24.735050,46.701904,9.722,48.963,20.424
2025-12-27T17:25:56.481Z,44.712,10.523,470.495,20.280,0.00,1.1180,24.735050,46.701904,9.733,48.904,20.448
2025-12-27T17:25:56.692Z,44.865,10.645,477.585,20.280,0.00,1.1180,24.735050,46.701904,9.761,48.764,20.507
2025-12-27T17:25:56.692Z,44.147,12.087,533.622,20.280,0.00,1.1180,24.735050,46.701904,9.761,48.764,20.507
2025-12-27T17:25:57.096Z,45.285,8.962,405.845,20.280,0.00,1.1180,24.735050,46.701904,9.807,48.537,20.603
2025-12-27T17:25:57.098Z,44.969,0.000,-0.002,20.280,0.00,1.1180,24.735050,46.701904,9.807,48.537,20.603
2025-12-27T17:25:57.523Z,44.682,10.740,479.874,20.280,0.00,1.1240,24.735071,46.701954,9.864,48.867,20.464
2025-12-27T17:25:57.523Z,204.800,0.000,-0.008,20.280,0.00,1.1240,24.735071,46.701954,9.864,48.867,20.464
2025-12-27T17:25:57.725Z,43.822,12.570,550.833,20.280,0.00,1.1240,24.735071,46.701954,9.894,48.715,20.528
2025-12-27T17:25:57.852Z,43.340,13.282,575.621,20.280,0.00,1.1240,24.735071,46.701954,9.915,48.615,20.570
2025-12-27T17:25:58.235Z,43.451,13.519,587.419,20.280,0.00,1.1240,24.735071,46.701954,9.977,48.310,20.700
2025-12-27T17:25:58.236Z,43.353,13.231,573.614,20.280,0.00,1.1240,24.735071,46.701954,9.977,48.310,20.700
2025-12-27T17:25:58.328Z,43.341,13.245,574.064,20.280,0.00,1.1240,24.735071,46.701954,9.992,48.238,20.730
2025-12-27T17:25:58.328Z,43.615,12.980,566.124,20.910,0.00,1.1300,24.735092,46.702007,9.992,48.839,20.476
2025-12-27T17:25:58.566Z,204.800,0.000,-0.008,20.910,0.00,1.1300,24.735092,46.702007,9.992,48.839,20.476
2025-12-27T17:25:58.743Z,43.293,13.574,587.676,20.910,0.00,1.1300,24.735092,46.702007,10.021,48.698,20.535
2025-12-27T17:25:58.743Z,42.743,0.000,-0.002,20.910,0.00,1.1300,24.735092,46.702007,10.021,48.698,20.535
2025-12-27T17:25:58.957Z,42.887,8.376,359.239,20.910,0.00,1.1300,24.735092,46.702007,10.042,48.594,20.579
2025-12-27T17:25:59.357Z,42.785,14.351,614.024,20.910,0.00,1.1300,24.735092,46.702007,10.111,48.266,20.718
2025-12-27T17:25:59.357Z,42.554,15.142,644.364,21.520,0.00,1.1360,24.735113,46.702061,10.111,48.859,20.467
2025-12-27T17:25:59.443Z,42.987,13.791,592.836,21.520,0.00,1.1360,24.735113,46.702061,10.125,48.791,20.495
2025-12-27T17:25:59.669Z,42.613,14.891,634.547,21.520,0.00,1.1360,24.735113,46.702061,10.165,48.600,20.576
2025-12-27T17:25:59.978Z,42.056,0.000,-0.002,21.520,0.00,1.1360,24.735113,46.702061,10.165,48.600,20.576
2025-12-27T17:25:59.978Z,42.149,15.212,641.177,21.520,0.00,1.1360,24.735113,46.702061,10.165,48.600,20.576
2025-12-27T17:26:00.083Z,42.156,15.300,644.994,21.520,0.00,1.1360,24.735113,46.702061,10.184,48.510,20.614
2025-12-27T17:26:00.287Z,204.800,0.000,-0.008,22.540,0.00,1.1420,24.735136,46.702118,10.184,49.099,20.367
2025-12-27T17:26:00.483Z,41.952,15.886,666.443,22.540,0.00,1.1420,24.735136,46.702118,10.220,48.925,20.440
2025-12-27T17:26:00.483Z,41.860,15.846,663.314,22.540,0.00,1.1420,24.735136,46.702118,10.220,48.925,20.440
2025-12-27T17:26:00.672Z,41.607,16.743,696.648,22.540,0.00,1.1420,24.735136,46.702118,10.256,48.751,20.513
2025-12-27T17:26:01.020Z,204.800,0.000,-0.008,22.540,0.00,1.1420,24.735136,46.702118,10.256,48.751,20.513
2025-12-27T17:26:01.020Z,81.345,15.888,1292.382,22.540,0.00,1.1420,24.735136,46.702118,10.256,48.751,20.513
2025-12-27T17:26:01.182Z,41.645,0.000,-0.002,22.540,0.00,1.1420,24.735136,46.702118,10.256,48.751,20.513
2025-12-27T17:26:01.431Z,41.554,16.838,699.667,23.170,0.00,1.1480,24.735159,46.702175,10.305,49.103,20.365
2025-12-27T17:26:01.432Z,41.414,16.782,695.017,23.170,0.00,1.1480,24.735159,46.702175,10.305,49.103,20.365
2025-12-27T17:26:01.702Z,204.800,0.000,-0.008,23.170,0.00,1.1480,24.735159,46.702175,10.305,49.103,20.365
2025-12-27T17:26:01.903Z,41.584,15.813,657.578,23.170,0.00,1.1480,24.735159,46.702175,10.341,48.929,20.438
2025-12-27T17:26:01.903Z,41.438,16.248,673.284,23.170,0.00,1.1480,24.735159,46.702175,10.341,48.929,20.438
2025-12-27T17:26:02.336Z,40.991,0.000,-0.002,23.170,0.00,1.1480,24.735159,46.702175,10.341,48.929,20.438
2025-12-27T17:26:02.336Z,204.800,17.365,3556.403,24.020,0.00,1.1550,24.735184,46.702236,10.342,49.606,20.159
2025-12-27T17:26:02.741Z,40.564,0.000,-0.002,24.020,0.00,1.1550,24.735184,46.702236,10.342,49.606,20.159
2025-12-27T17:26:02.741Z,204.800,0.000,-0.008,24.020,0.00,1.1550,24.735184,46.702236,10.342,49.606,20.159
2025-12-27T17:26:02.741Z,40.382,16.945,684.290,24.020,0.00,1.1550,24.735184,46.702236,10.342,49.606,20.159
2025-12-27T17:26:03.150Z,40.350,0.000,-0.002,24.020,0.00,1.1550,24.735184,46.702236,10.342,49.606,20.159
2025-12-27T17:26:03.150Z,86.599,16.914,1464.718,24.020,0.00,1.1550,24.735184,46.702236,10.342,49.606,20.159
2025-12-27T17:26:03.352Z,39.646,9.512,377.100,24.910,0.00,1.1620,24.735210,46.702297,10.363,50.180,19.928
2025-12-27T17:26:03.359Z,40.756,17.013,693.366,24.910,0.00,1.1620,24.735210,46.702297,10.364,50.174,19.931
2025-12-27T17:26:03.593Z,42.397,14.200,602.057,24.910,0.00,1.1620,24.735210,46.702297,10.403,49.985,20.006
2025-12-27T17:26:03.979Z,47.388,4.621,218.970,24.910,0.00,1.1620,24.735210,46.702297,10.427,49.872,20.051
2025-12-27T17:26:03.979Z,48.900,1.883,92.066,24.910,0.00,1.1620,24.735210,46.702297,10.427,49.872,20.051
2025-12-27T17:26:03.979Z,49.980,-0.174,-8.707,24.910,0.00,1.1620,24.735210,46.702297,10.427,49.872,20.051
2025-12-27T17:26:04.589Z,50.006,-0.221,-11.051,24.910,0.00,1.1620,24.735210,46.702297,10.425,49.881,20.048
2025-12-27T17:26:04.589Z,50.023,-0.174,-8.707,25.020,0.00,1.1690,24.735235,46.702358,10.425,50.553,19.781
2025-12-27T17:26:04.589Z,50.042,-0.096,-4.807,25.020,0.00,1.1690,24.735235,46.702358,10.425,50.553,19.781
2025-12-27T17:26:04.589Z,50.054,-0.125,-6.261,25.020,0.00,1.1690,24.735235,46.702358,10.425,50.553,19.781
2025-12-27T17:26:04.873Z,50.071,-0.188,-9.394,25.020,0.00,1.1690,24.735235,46.702358,10.424,50.556,19.780
2025-12-27T17:26:04.873Z,50.082,-0.194,-9.736,25.020,0.00,1.1690,24.735235,46.702358,10.424,50.556,19.780
2025-12-27T17:26:05.391Z,50.095,-0.215,-10.745,25.020,0.00,1.1690,24.735235,46.702358,10.422,50.564,19.777
2025-12-27T17:26:05.391Z,50.108,-0.122,-6.094,23.410,0.00,1.1750,24.735260,46.702419,10.422,51.139,19.554
2025-12-27T17:26:05.391Z,50.122,-0.041,-2.078,23.410,0.00,1.1750,24.735260,46.702419,10.422,51.139,19.554
2025-12-27T17:26:05.814Z,50.130,-0.204,-10.227,23.410,0.00,1.1750,24.735260,46.702419,10.421,51.145,19.552
2025-12-27T17:26:05.820Z,50.138,-0.161,-8.062,23.410,0.00,1.1750,24.735260,46.702419,10.421,51.145,19.552
2025-12-27T17:26:05.820Z,50.151,-0.241,-12.102,23.410,0.00,1.1750,24.735260,46.702419,10.421,51.145,19.552
2025-12-27T17:26:06.224Z,50.160,-0.025,-1.253,23.410,0.00,1.1750,24.735260,46.702419,10.421,51.146,19.552
2025-12-27T17:26:06.224Z,50.165,-0.118,-5.896,23.410,0.00,1.1750,24.735260,46.702419,10.421,51.146,19.552
2025-12-27T17:26:06.624Z,50.176,-0.201,-10.064,21.760,0.00,1.1810,24.735281,46.702473,10.420,51.727,19.332
2025-12-27T17:26:06.634Z,50.187,-0.223,-11.205,21.760,0.00,1.1810,24.735281,46.702473,10.420,51.728,19.332
2025-12-27T17:26:06.634Z,50.197,-0.132,-6.616,21.760,0.00,1.1810,24.735281,46.702473,10.420,51.728,19.332
2025-12-27T17:26:06.836Z,50.203,-0.052,-2.597,21.760,0.00,1.1810,24.735281,46.702473,10.420,51.728,19.332
2025-12-27T17:26:07.170Z,50.207,-0.122,-6.123,21.760,0.00,1.1810,24.735281,46.702473,10.419,51.731,19.331
2025-12-27T17:26:07.240Z,50.218,-0.235,-11.797,21.760,0.00,1.1810,24.735281,46.702473,10.419,51.732,19.330
2025-12-27T17:26:07.240Z,50.226,-0.209,-10.492,20.280,0.00,1.1870,24.735302,46.702526,10.419,52.308,19.117
2025-12-27T17:26:07.501Z,50.230,-0.284,-14.269,20.280,0.00,1.1870,24.735302,46.702526,10.418,52.313,19.116
2025-12-27T17:26:07.672Z,50.234,-0.151,-7.588,20.280,0.00,1.1870,24.735302,46.702526,10.418,52.315,19.115
2025-12-27T17:26:07.857Z,50.245,-0.030,-1.518,20.280,0.00,1.1870,24.735302,46.702526,10.418,52.316,19.115
2025-12-27T17:26:07.858Z,50.252,-0.275,-13.838,20.280,0.00,1.1870,24.735302,46.702526,10.418,52.316,19.115
2025-12-27T17:26:08.183Z,50.257,-0.175,-8.780,20.280,0.00,1.1870,24.735302,46.702526,10.417,52.320,19.113
2025-12-27T17:26:08.183Z,50.262,-0.162,-8.166,18.870,0.00,1.1920,24.735319,46.702576,10.417,52.799,18.940
2025-12-27T17:26:08.684Z,50.272,-0.027,-1.377,18.870,0.00,1.1920,24.735319,46.702576,10.417,52.800,18.939
2025-12-27T17:26:08.684Z,50.274,-0.148,-7.456,18.870,0.00,1.1920,24.735319,46.702576,10.417,52.800,18.939
2025-12-27T17:26:08.772Z,50.279,-0.158,-7.921,18.870,0.00,1.1920,24.735319,46.702576,10.416,52.801,18.939
2025-12-27T17:26:09.093Z,50.286,-0.167,-8.379,18.870,0.00,1.1920,24.735319,46.702576,10.416,52.805,18.938
2025-12-27T17:26:09.093Z,50.295,-0.217,-10.932,18.870,0.00,1.1920,24.735319,46.702576,10.416,52.805,18.938
2025-12-27T17:26:09.405Z,50.296,-0.153,-7.692,18.870,0.00,1.1920,24.735319,46.702576,10.415,52.809,18.936
2025-12-27T17:26:09.405Z,50.307,-0.033,-1.660,17.480,0.00,1.1970,24.735332,46.702621,10.415,53.289,18.766
2025-12-27T17:26:09.595Z,50.307,-0.156,-7.826,17.480,0.00,1.1970,24.735332,46.702621,10.415,53.291,18.765
2025-12-27T17:26:09.595Z,50.319,-0.241,-12.110,17.480,0.00,1.1970,24.735332,46.702621,10.415,53.291,18.765
2025-12-27T17:26:10.016Z,50.322,-0.156,-7.870,17.480,0.00,1.1970,24.735332,46.702621,10.414,53.296,18.763
2025-12-27T17:26:10.016Z,50.323,-0.177,-8.884,17.480,0.00,1.1970,24.735332,46.702621,10.414,53.296,18.763
2025-12-27T17:26:10.324Z,50.331,-0.058,-2.899,17.480,0.00,1.1970,24.735332,46.702621,10.413,53.297,18.763
2025-12-27T17:26:10.324Z,50.338,-0.178,-8.958,16.020,0.00,1.2020,24.735344,46.702667,10.413,53.777,18.595
2025-12-27T17:26:10.397Z,50.343,-0.178,-8.947,16.020,0.00,1.2020,24.735344,46.702667,10.413,53.778,18.595
2025-12-27T17:26:10.725Z,50.345,-0.151,-7.607,16.020,0.00,1.2020,24.735344,46.702667,10.413,53.781,18.594
2025-12-27T17:26:10.725Z,50.353,-0.031,-1.575,16.020,0.00,1.2020,24.735344,46.702667,10.413,53.781,18.594
2025-12-27T17:26:10.924Z,50.354,-0.115,-5.803,16.020,0.00,1.2020,24.735344,46.702667,10.412,53.783,18.593
2025-12-27T17:26:11.347Z,50.361,-0.141,-7.120,16.020,0.00,1.2020,24.735344,46.702667,10.411,53.787,18.592
2025-12-27T17:26:11.347Z,50.368,-0.173,-8.725,14.330,0.00,1.2060,24.735353,46.702705,10.411,54.172,18.460
2025-12-27T17:26:11.347Z,50.373,-0.064,-3.211,14.330,0.00,1.2060,24.735353,46.702705,10.411,54.172,18.460
2025-12-27T17:26:11.654Z,50.377,-0.017,-0.880,14.330,0.00,1.2060,24.735353,46.702705,10.411,54.172,18.460
2025-12-27T17:26:11.732Z,50.378,-0.111,-5.569,14.330,0.00,1.2060,24.735353,46.702705,10.411,54.173,18.459
2025-12-27T17:26:12.162Z,50.386,-0.170,-8.559,14.330,0.00,1.2060,24.735353,46.702705,10.410,54.178,18.458
2025-12-27T17:26:12.162Z,50.390,-0.125,-6.288,14.330,0.00,1.2060,24.735353,46.702705,10.410,54.178,18.458
2025-12-27T17:26:12.162Z,50.392,-0.134,-6.728,14.330,0.00,1.2060,24.735353,46.702705,10.410,54.178,18.458
2025-12-27T17:26:12.444Z,50.395,-0.069,-3.470,12.610,0.00,1.2090,24.735367,46.702736,10.410,54.468,18.360
2025-12-27T17:26:12.775Z,50.399,-0.094,-4.751,12.610,0.00,1.2090,24.735367,46.702736,10.409,54.470,18.359
2025-12-27T17:26:12.779Z,50.408,-0.126,-6.376,12.610,0.00,1.2090,24.735367,46.702736,10.409,54.470,18.359
2025-12-27T17:26:12.779Z,50.408,-0.126,-6.338,12.610,0.00,1.2090,24.735367,46.702736,10.409,54.470,18.359
2025-12-27T17:26:12.967Z,50.414,-0.057,-2.877,12.610,0.00,1.2090,24.735367,46.702736,10.409,54.471,18.358
2025-12-27T17:26:13.493Z,50.415,-0.095,-4.804,12.610,0.00,1.2090,24.735367,46.702736,10.409,54.474,18.357
2025-12-27T17:26:13.493Z,50.420,-0.084,-4.258,10.410,0.00,1.2130,24.735386,46.702759,10.409,54.859,18.229
2025-12-27T17:26:13.584Z,50.424,-0.126,-6.332,10.410,0.00,1.2130,24.735386,46.702759,10.408,54.860,18.228
2025-12-27T17:26:13.584Z,50.050,0.533,26.687,10.410,0.00,1.2130,24.735386,46.702759,10.408,54.860,18.228
2025-12-27T17:26:13.902Z,47.629,5.537,263.708,10.410,0.00,1.2130,24.735386,46.702759,10.432,54.737,18.269
2025-12-27T17:26:14.118Z,47.911,4.847,232.240,10.410,0.00,1.2130,24.735386,46.702759,10.446,54.664,18.294
2025-12-27T17:26:14.118Z,47.729,4.838,230.910,10.410,0.00,1.2130,24.735386,46.702759,10.446,54.664,18.294
2025-12-27T17:26:14.201Z,48.086,4.381,210.681,8.020,0.00,1.2150,24.735407,46.702766,10.450,54.830,18.238
2025-12-27T17:26:14.543Z,48.017,4.537,217.868,8.020,0.00,1.2150,24.735407,46.702766,10.471,54.722,18.274
2025-12-27T17:26:14.543Z,48.567,3.218,156.289,8.020,0.00,1.2150,24.735407,46.702766,10.471,54.722,18.274
2025-12-27T17:26:14.696Z,204.800,2.863,586.414,8.020,0.00,1.2150,24.735407,46.702766,10.496,54.591,18.318
2025-12-27T17:26:14.974Z,50.000,0.682,34.113,8.020,0.00,1.2150,24.735407,46.702766,10.499,54.578,18.322
2025-12-27T17:26:14.977Z,50.253,0.160,8.024,8.020,0.00,1.2150,24.735407,46.702766,10.499,54.578,18.322
2025-12-27T17:26:15.108Z,50.422,-0.105,-5.270,8.020,0.00,1.2150,24.735407,46.702766,10.499,54.579,18.322
2025-12-27T17:26:15.329Z,49.054,7.201,353.242,7.150,0.00,1.2170,24.735424,46.702763,10.520,54.656,18.296
2025-12-27T17:26:15.745Z,46.357,7.998,370.780,7.150,0.00,1.2170,24.735424,46.702763,10.563,54.434,18.371
2025-12-27T17:26:15.852Z,47.203,5.825,274.955,7.150,0.00,1.2170,24.735424,46.702763,10.571,54.392,18.385
2025-12-27T17:26:15.852Z,46.088,8.289,382.024,7.150,0.00,1.2170,24.735424,46.702763,10.571,54.392,18.385
2025-12-27T17:26:16.044Z,46.609,7.712,359.467,7.150,0.00,1.2170,24.735424,46.702763,10.591,54.294,18.418
2025-12-27T17:26:16.044Z,45.507,9.475,431.168,7.150,0.00,1.2170,24.735424,46.702763,10.591,54.294,18.418
2025-12-27T17:26:16.253Z,44.453,11.798,524.454,5.980,0.00,1.2190,24.735437,46.702755,10.621,54.327,18.407
2025-12-27T17:26:16.570Z,44.645,11.973,534.531,5.980,0.00,1.2190,24.735437,46.702755,10.668,54.087,18.489
2025-12-27T17:26:16.570Z,44.534,10.848,483.094,5.980,0.00,1.2190,24.735437,46.702755,10.668,54.087,18.489
2025-12-27T17:26:17.037Z,44.470,11.090,493.189,5.980,0.00,1.2190,24.735437,46.702755,10.732,53.764,18.600
2025-12-27T17:26:17.038Z,44.554,11.629,518.103,5.980,0.00,1.2190,24.735437,46.702755,10.732,53.764,18.600
2025-12-27T17:26:17.279Z,44.799,11.678,523.169,5.980,0.00,1.2190,24.735437,46.702755,10.767,53.589,18.661
2025-12-27T17:26:17.279Z,44.631,11.437,510.455,5.980,0.00,1.2190,24.735437,46.702755,10.767,53.589,18.661
2025-12-27T17:26:17.596Z,44.431,11.743,521.736,6.070,0.00,1.2210,24.735447,46.702740,10.813,53.546,18.675
2025-12-27T17:26:17.596Z,44.508,11.610,516.757,6.070,0.00,1.2210,24.735447,46.702740,10.813,53.546,18.676
2025-12-27T17:26:17.789Z,44.627,11.634,519.212,6.070,0.00,1.2210,24.735447,46.702740,10.841,53.408,18.724
2025-12-27T17:26:17.790Z,44.310,11.639,515.705,6.070,0.00,1.2210,24.735447,46.702740,10.841,53.408,18.724
2025-12-27T17:26:18.121Z,44.198,11.937,527.600,6.070,0.00,1.2210,24.735447,46.702740,10.890,53.170,18.808
2025-12-27T17:26:18.122Z,44.345,11.397,505.411,6.070,0.00,1.2210,24.735447,46.702740,10.890,53.170,18.808
2025-12-27T17:26:18.525Z,44.433,11.369,505.171,6.540,0.00,1.2220,24.735451,46.702724,10.946,52.986,18.873
2025-12-27T17:26:18.525Z,44.267,11.745,519.925,6.540,0.00,1.2220,24.735451,46.702724,10.946,52.986,18.873
2025-12-27T17:26:18.733Z,44.368,11.629,515.932,6.540,0.00,1.2220,24.735451,46.702724,10.976,52.842,18.924
2025-12-27T17:26:18.733Z,44.225,11.373,502.967,6.540,0.00,1.2220,24.735451,46.702724,10.976,52.842,18.924
2025-12-27T17:26:19.008Z,44.538,11.485,511.517,6.540,0.00,1.2220,24.735451,46.702724,11.015,52.654,18.992
2025-12-27T17:26:19.009Z,44.704,10.927,488.466,6.540,0.00,1.2220,24.735451,46.702724,11.015,52.654,18.992
2025-12-27T17:26:19.217Z,44.677,10.731,479.425,7.350,0.00,1.2240,24.735449,46.702705,11.043,52.703,18.974
2025-12-27T17:26:19.538Z,44.891,10.702,480.412,7.350,0.00,1.2240,24.735449,46.702705,11.086,52.499,19.048
2025-12-27T17:26:19.618Z,45.600,8.878,404.819,7.350,0.00,1.2240,24.735449,46.702705,11.095,52.457,19.063
2025-12-27T17:26:19.618Z,46.125,7.434,342.910,7.350,0.00,1.2240,24.735449,46.702705,11.095,52.457,19.063
2025-12-27T17:26:19.846Z,46.282,7.832,362.462,7.350,0.00,1.2240,24.735449,46.702705,11.118,52.349,19.103
2025-12-27T17:26:20.032Z,204.800,8.088,1656.522,7.350,0.00,1.2240,24.735449,46.702705,11.204,51.947,19.250
2025-12-27T17:26:20.228Z,46.141,8.708,401.775,7.350,0.00,1.2240,24.735449,46.702705,11.226,51.846,19.288
2025-12-27T17:26:20.451Z,46.311,8.363,387.279,8.240,0.00,1.2260,24.735441,46.702686,11.249,51.914,19.263
2025-12-27T17:26:20.451Z,45.762,8.938,409.021,8.240,0.00,1.2260,24.735441,46.702686,11.250,51.913,19.263
2025-12-27T17:26:20.691Z,204.800,0.000,-0.008,8.240,0.00,1.2260,24.735441,46.702686,11.250,51.913,19.263
2025-12-27T17:26:21.180Z,45.807,7.742,354.619,8.240,0.00,1.2260,24.735441,46.702686,11.298,51.692,19.345
2025-12-27T17:26:21.180Z,46.042,5.838,268.770,8.240,0.00,1.2260,24.735441,46.702686,11.298,51.692,19.345
2025-12-27T17:26:21.180Z,46.518,7.975,370.995,8.240,0.00,1.2260,24.735441,46.702686,11.298,51.692,19.345
2025-12-27T17:26:21.252Z,204.800,0.000,-0.008,9.430,0.00,1.2290,24.735434,46.702663,11.298,51.958,19.246
2025-12-27T17:26:21.471Z,46.546,6.850,318.835,9.430,0.00,1.2290,24.735434,46.702663,11.317,51.868,19.280
2025-12-27T17:26:21.670Z,46.491,7.323,340.474,9.430,0.00,1.2290,24.735434,46.702663,11.336,51.782,19.312
2025-12-27T17:26:21.670Z,46.664,7.247,338.188,9.430,0.00,1.2290,24.735434,46.702663,11.336,51.782,19.312
2025-12-27T17:26:21.898Z,204.800,0.000,-0.008,9.430,0.00,1.2290,24.735434,46.702663,11.336,51.782,19.312
2025-12-27T17:26:22.393Z,46.667,6.703,312.818,9.430,0.00,1.2290,24.735434,46.702663,11.379,51.587,19.385
2025-12-27T17:26:22.393Z,46.776,6.473,302.794,10.300,0.00,1.2310,24.735424,46.702641,11.379,51.762,19.319
2025-12-27T17:26:22.393Z,46.795,6.863,321.141,10.300,0.00,1.2310,24.735424,46.702641,11.379,51.762,19.319
2025-12-27T17:26:22.492Z,46.578,6.927,322.654,10.300,0.00,1.2310,24.735424,46.702641,11.388,51.722,19.334
2025-12-27T17:26:22.951Z,204.800,0.000,-0.008,10.300,0.00,1.2310,24.735424,46.702641,11.388,51.722,19.334
2025-12-27T17:26:22.951Z,204.800,0.000,-0.008,10.300,0.00,1.2310,24.735424,46.702641,11.388,51.722,19.334
2025-12-27T17:26:22.995Z,45.835,8.214,376.507,10.300,0.00,1.2310,24.735424,46.702641,11.392,51.701,19.342
2025-12-27T17:26:23.387Z,45.969,8.438,387.900,10.300,0.00,1.2310,24.735424,46.702641,11.435,51.510,19.414
2025-12-27T17:26:23.520Z,204.800,0.000,-0.008,11.190,0.00,1.2340,24.735413,46.702614,11.435,51.773,19.315
2025-12-27T17:26:23.521Z,46.495,6.968,323.994,11.190,0.00,1.2340,24.735413,46.702614,11.435,51.772,19.315
2025-12-27T17:26:23.835Z,204.800,0.000,-0.008,11.190,0.00,1.2340,24.735413,46.702614,11.435,51.772,19.315
2025-12-27T17:26:23.836Z,46.557,6.842,318.551,11.190,0.00,1.2340,24.735413,46.702614,11.435,51.772,19.315
2025-12-27T17:26:24.156Z,46.358,7.378,342.012,11.190,0.00,1.2340,24.735413,46.702614,11.465,51.635,19.367
2025-12-27T17:26:24.156Z,46.326,7.525,348.595,11.190,0.00,1.2340,24.735413,46.702614,11.465,51.635,19.367
2025-12-27T17:26:24.560Z,46.339,0.000,-0.002,12.110,0.00,1.2380,24.735399,46.702583,11.465,51.984,19.237
2025-12-27T17:26:24.560Z,34.143,0.000,-0.001,12.110,0.00,1.2380,24.735399,46.702583,11.465,51.984,19.237
2025-12-27T17:26:24.660Z,46.616,6.728,313.636,12.110,0.00,1.2380,24.735399,46.702583,11.474,51.944,19.251
2025-12-27T17:26:24.661Z,46.584,6.715,312.823,12.110,0.00,1.2380,24.735399,46.702583,11.474,51.944,19.251
2025-12-27T17:26:25.287Z,46.704,6.759,315.667,12.110,0.00,1.2380,24.735399,46.702583,11.529,51.697,19.344
2025-12-27T17:26:25.287Z,204.800,0.000,-0.008,12.110,0.00,1.2380,24.735399,46.702583,11.529,51.697,19.344
2025-12-27T17:26:25.287Z,46.728,6.614,309.071,12.110,0.00,1.2380,24.735399,46.702583,11.529,51.697,19.344
2025-12-27T17:26:25.785Z,46.700,6.689,312.397,12.950,0.00,1.2410,24.735384,46.702553,11.572,51.763,19.319
2025-12-27T17:26:25.785Z,46.934,0.000,-0.002,12.950,0.00,1.2410,24.735384,46.702553,11.572,51.763,19.319
2025-12-27T17:26:25.887Z,204.800,0.000,-0.008,12.950,0.00,1.2410,24.735384,46.702553,11.572,51.763,19.319
2025-12-27T17:26:25.887Z,204.800,0.000,-0.008,12.950,0.00,1.2410,24.735384,46.702553,11.572,51.763,19.319
2025-12-27T17:26:26.176Z,46.719,6.567,306.798,12.950,0.00,1.2410,24.735384,46.702553,11.597,51.653,19.360
2025-12-27T17:26:26.177Z,46.772,0.000,-0.002,12.950,0.00,1.2410,24.735384,46.702553,11.597,51.653,19.360
2025-12-27T17:26:26.501Z,46.838,6.664,312.145,13.580,0.00,1.2450,24.735369,46.702518,11.625,51.872,19.278
2025-12-27T17:26:26.501Z,204.800,0.000,-0.008,13.580,0.00,1.2450,24.735369,46.702518,11.625,51.872,19.278
2025-12-27T17:26:26.577Z,46.750,6.335,296.169,13.580,0.00,1.2450,24.735369,46.702518,11.631,51.844,19.289
2025-12-27T17:26:26.952Z,46.777,6.675,312.235,13.580,0.00,1.2450,24.735369,46.702518,11.664,51.700,19.343
2025-12-27T17:26:26.952Z,204.800,6.664,1364.780,13.580,0.00,1.2450,24.735369,46.702518,11.664,51.699,19.343
2025-12-27T17:26:27.312Z,204.800,6.675,1367.124,13.580,0.00,1.2450,24.735369,46.702518,11.800,51.101,19.569
2025-12-27T17:26:27.378Z,204.800,0.000,-0.008,14.240,0.00,1.2490,24.735353,46.702484,11.800,51.440,19.440
2025-12-27T17:26:27.379Z,32.224,0.000,-0.001,14.240,0.00,1.2490,24.735353,46.702484,11.800,51.440,19.440
2025-12-27T17:26:27.524Z,31.928,6.236,199.100,14.240,0.00,1.2490,24.735353,46.702484,11.808,51.405,19.453
2025-12-27T17:26:27.936Z,46.771,6.432,300.811,14.240,0.00,1.2490,24.735353,46.702484,11.843,51.255,19.510
2025-12-27T17:26:27.936Z,46.788,0.000,-0.002,14.240,0.00,1.2490,24.735353,46.702484,11.843,51.255,19.510
2025-12-27T17:26:28.133Z,46.710,6.593,307.977,14.240,0.00,1.2490,24.735353,46.702484,11.859,51.183,19.538
2025-12-27T17:26:28.133Z,204.800,0.000,-0.008,14.240,0.00,1.2490,24.735353,46.702484,11.859,51.183,19.538
2025-12-27T17:26:28.465Z,46.886,6.375,298.903,14.780,0.00,1.2530,24.735338,46.702450,11.887,51.401,19.455
2025-12-27T17:26:28.465Z,204.800,0.000,-0.008,14.780,0.00,1.2530,24.735338,46.702450,11.887,51.401,19.455
2025-12-27T17:26:29.165Z,46.761,6.504,304.142,14.780,0.00,1.2530,24.735338,46.702450,11.946,51.146,19.552
2025-12-27T17:26:29.165Z,46.746,6.811,318.366,14.780,0.00,1.2530,24.735338,46.702450,11.946,51.146,19.552
2025-12-27T17:26:29.165Z,204.800,0.000,-0.008,14.780,0.00,1.2530,24.735338,46.702450,11.946,51.146,19.552
2025-12-27T17:26:29.983Z,46.716,6.853,320.149,14.780,0.00,1.2530,24.735338,46.702450,12.019,50.837,19.671
2025-12-27T17:26:29.985Z,46.576,6.891,320.947,15.130,0.00,1.2570,24.735323,46.702415,12.019,51.169,19.543
2025-12-27T17:26:29.985Z,204.800,0.000,-0.008,15.130,0.00,1.2570,24.735323,46.702415,12.019,51.169,19.543
2025-12-27T17:26:29.985Z,204.800,0.000,-0.008,15.130,0.00,1.2570,24.735323,46.702415,12.019,51.169,19.543
2025-12-27T17:26:29.985Z,46.598,6.791,316.429,15.130,0.00,1.2570,24.735323,46.702415,12.019,51.169,19.543
2025-12-27T17:26:30.226Z,46.564,6.540,304.538,15.130,0.00,1.2570,24.735323,46.702415,12.039,51.082,19.576
2025-12-27T17:26:30.226Z,204.800,0.000,-0.008,15.130,0.00,1.2570,24.735323,46.702415,12.039,51.082,19.576
2025-12-27T17:26:30.226Z,204.800,0.000,-0.008,15.460,0.00,1.2610,24.735308,46.702377,12.039,51.414,19.450
2025-12-27T17:26:31.038Z,204.800,0.000,-0.008,15.460,0.00,1.2610,24.735308,46.702377,12.039,51.414,19.450
2025-12-27T17:26:31.038Z,46.556,0.000,-0.002,15.460,0.00,1.2610,24.735308,46.702377,12.039,51.414,19.450
2025-12-27T17:26:31.038Z,46.562,7.060,328.741,15.460,0.00,1.2610,24.735308,46.702377,12.039,51.414,19.450
2025-12-27T17:26:31.038Z,46.668,6.710,313.129,15.460,0.00,1.2610,24.735308,46.702377,12.039,51.414,19.450
2025-12-27T17:26:31.038Z,46.630,6.823,318.164,15.460,0.00,1.2610,24.735308,46.702377,12.039,51.414,19.450
2025-12-27T17:26:31.188Z,46.672,7.014,327.341,15.460,0.00,1.2610,24.735308,46.702377,12.053,51.356,19.472
2025-12-27T17:26:32.429Z,46.679,6.598,308.002,15.540,0.00,1.2650,24.735291,46.702339,12.159,51.237,19.517
2025-12-27T17:26:32.429Z,46.622,6.971,324.994,15.540,0.00,1.2650,24.735291,46.702339,12.159,51.237,19.517
2025-12-27T17:26:32.429Z,46.565,0.000,-0.002,15.540,0.00,1.2650,24.735291,46.702339,12.159,51.237,19.517
2025-12-27T17:26:32.429Z,204.800,0.000,-0.008,15.540,0.00,1.2650,24.735291,46.702339,12.159,51.237,19.517
2025-12-27T17:26:32.429Z,204.800,0.000,-0.008,15.540,0.00,1.2650,24.735291,46.702339,12.159,51.237,19.517
2025-12-27T17:26:32.429Z,204.800,0.000,-0.008,15.540,0.00,1.2650,24.735291,46.702339,12.159,51.237,19.517
2025-12-27T17:26:33.158Z,46.422,7.148,331.819,15.780,0.00,1.2690,24.735273,46.702301,12.226,51.282,19.500
2025-12-27T17:26:33.158Z,46.575,6.743,314.055,15.780,0.00,1.2690,24.735273,46.702301,12.226,51.282,19.500
2025-12-27T17:26:33.158Z,204.800,0.000,-0.008,15.780,0.00,1.2690,24.735273,46.702301,12.226,51.282,19.500
2025-12-27T17:26:33.158Z,46.593,7.034,327.724,15.780,0.00,1.2690,24.735273,46.702301,12.226,51.282,19.500
2025-12-27T17:26:33.158Z,46.536,6.977,324.664,15.780,0.00,1.2690,24.735273,46.702301,12.226,51.282,19.500
2025-12-27T17:26:33.158Z,35.897,0.000,-0.001,15.780,0.00,1.2690,24.735273,46.702301,12.226,51.282,19.500
2025-12-27T17:26:33.473Z,46.566,6.945,323.414,15.780,0.00,1.2690,24.735273,46.702301,12.255,51.164,19.545
2025-12-27T17:26:33.473Z,204.800,0.000,-0.008,16.020,0.00,1.2740,24.735254,46.702263,12.255,51.572,19.390
2025-12-27T17:26:33.473Z,46.515,7.149,332.536,16.020,0.00,1.2740,24.735254,46.702263,12.255,51.572,19.390
2025-12-27T17:26:34.008Z,204.800,0.000,-0.008,16.020,0.00,1.2740,24.735254,46.702263,12.255,51.572,19.390
2025-12-27T17:26:34.008Z,46.615,7.057,328.955,16.020,0.00,1.2740,24.735254,46.702263,12.255,51.572,19.390
2025-12-27T17:26:34.008Z,204.800,0.000,-0.008,16.020,0.00,1.2740,24.735254,46.702263,12.255,51.572,19.390
2025-12-27T17:26:34.608Z,46.521,6.948,323.244,16.020,0.00,1.2740,24.735254,46.702263,12.309,51.346,19.476
2025-12-27T17:26:34.609Z,204.800,7.083,1450.553,16.130,0.00,1.2780,24.735237,46.702225,12.309,51.671,19.353
2025-12-27T17:26:34.609Z,46.455,7.190,334.027,16.130,0.00,1.2780,24.735237,46.702225,12.309,51.671,19.353
2025-12-27T17:26:34.609Z,46.536,7.040,327.630,16.130,0.00,1.2780,24.735237,46.702225,12.309,51.670,19.353
2025-12-27T17:26:34.796Z,46.557,0.000,-0.002,16.130,0.00,1.2780,24.735237,46.702225,12.309,51.670,19.353
2025-12-27T17:26:35.309Z,46.523,7.271,338.247,16.130,0.00,1.2780,24.735237,46.702225,12.357,51.469,19.429
2025-12-27T17:26:35.309Z,204.800,0.000,-0.008,16.130,0.00,1.2780,24.735237,46.702225,12.357,51.469,19.429
2025-12-27T17:26:35.309Z,46.502,9.082,422.346,16.320,0.00,1.2830,24.735218,46.702183,12.357,51.874,19.278
2025-12-27T17:26:35.700Z,46.474,7.166,333.045,16.320,0.00,1.2830,24.735218,46.702183,12.393,51.722,19.334
2025-12-27T17:26:35.700Z,46.601,6.686,311.563,16.320,0.00,1.2830,24.735218,46.702183,12.393,51.722,19.334
2025-12-27T17:26:35.818Z,204.800,0.000,-0.008,16.320,0.00,1.2830,24.735218,46.702183,12.393,51.722,19.334
2025-12-27T17:26:35.818Z,46.696,0.000,-0.002,16.320,0.00,1.2830,24.735218,46.702183,12.393,51.722,19.334
2025-12-27T17:26:36.014Z,46.709,6.785,316.911,16.320,0.00,1.2830,24.735218,46.702183,12.410,51.650,19.361
2025-12-27T17:26:36.549Z,46.520,7.012,326.197,16.320,0.00,1.2830,24.735218,46.702183,12.459,51.449,19.437
2025-12-27T17:26:36.550Z,46.530,6.543,304.422,16.580,0.00,1.2870,24.735199,46.702145,12.459,51.770,19.316
2025-12-27T17:26:36.550Z,204.800,0.000,-0.008,16.580,0.00,1.2870,24.735199,46.702145,12.459,51.770,19.316
2025-12-27T17:26:36.736Z,204.800,0.000,-0.008,16.580,0.00,1.2870,24.735199,46.702145,12.459,51.770,19.316
2025-12-27T17:26:36.736Z,34.383,0.000,-0.001,16.580,0.00,1.2870,24.735199,46.702145,12.459,51.770,19.316
2025-12-27T17:26:37.048Z,46.486,0.000,-0.002,16.580,0.00,1.2870,24.735199,46.702145,12.459,51.770,19.316
2025-12-27T17:26:37.049Z,46.639,6.666,310.899,16.580,0.00,1.2870,24.735199,46.702145,12.459,51.770,19.316
2025-12-27T17:26:37.348Z,46.607,6.499,302.891,16.850,0.00,1.2920,24.735180,46.702103,12.484,52.066,19.206
2025-12-27T17:26:37.348Z,46.576,6.694,311.760,16.850,0.00,1.2920,24.735180,46.702103,12.484,52.066,19.206
2025-12-27T17:26:37.658Z,204.800,0.000,-0.008,16.850,0.00,1.2920,24.735180,46.702103,12.484,52.066,19.206
2025-12-27T17:26:37.965Z,204.800,0.000,-0.008,16.850,0.00,1.2920,24.735180,46.702103,12.484,52.066,19.206
2025-12-27T17:26:37.965Z,46.588,7.033,327.649,16.850,0.00,1.2920,24.735180,46.702103,12.484,52.066,19.206
2025-12-27T17:26:38.273Z,46.701,6.977,325.843,16.850,0.00,1.2920,24.735180,46.702103,12.512,51.950,19.249
2025-12-27T17:26:38.273Z,46.509,0.000,-0.002,16.930,0.00,1.2970,24.735163,46.702061,12.512,52.350,19.102
2025-12-27T17:26:39.002Z,35.702,6.973,248.951,16.930,0.00,1.2970,24.735163,46.702061,12.562,52.139,19.179
2025-12-27T17:26:39.003Z,46.659,6.910,322.395,16.930,0.00,1.2970,24.735163,46.702061,12.562,52.139,19.179
2025-12-27T17:26:39.003Z,46.627,0.000,-0.002,16.930,0.00,1.2970,24.735163,46.702061,12.562,52.139,19.179
2025-12-27T17:26:39.003Z,204.800,0.000,-0.008,16.930,0.00,1.2970,24.735163,46.702061,12.562,52.139,19.179
2025-12-27T17:26:39.003Z,46.605,6.788,316.348,16.930,0.00,1.2970,24.735163,46.702061,12.563,52.139,19.179
2025-12-27T17:26:39.611Z,46.544,6.891,320.749,16.930,0.00,1.2970,24.735163,46.702061,12.617,51.915,19.262
2025-12-27T17:26:39.612Z,204.800,0.000,-0.008,17.040,0.00,1.3010,24.735142,46.702019,12.617,52.232,19.145
2025-12-27T17:26:39.612Z,46.498,7.064,328.482,17.040,0.00,1.3010,24.735142,46.702019,12.617,52.232,19.145
2025-12-27T17:26:39.612Z,46.527,7.144,332.377,17.040,0.00,1.3010,24.735142,46.702019,12.617,52.232,19.145
2025-12-27T17:26:40.011Z,204.800,0.000,-0.008,17.040,0.00,1.3010,24.735142,46.702019,12.617,52.232,19.145
2025-12-27T17:26:40.011Z,46.559,6.780,315.695,17.040,0.00,1.3010,24.735142,46.702019,12.617,52.232,19.145
2025-12-27T17:26:40.124Z,46.399,7.117,330.208,17.040,0.00,1.3010,24.735142,46.702019,12.627,52.189,19.161
2025-12-27T17:26:40.568Z,204.800,0.000,-0.008,17.060,0.00,1.3060,24.735125,46.701977,12.627,52.585,19.017
2025-12-27T17:26:40.568Z,46.509,6.990,325.081,17.060,0.00,1.3060,24.735125,46.701977,12.627,52.585,19.017
2025-12-27T17:26:40.568Z,46.479,7.074,328.807,17.060,0.00,1.3060,24.735125,46.701977,12.627,52.585,19.017
2025-12-27T17:26:40.938Z,46.264,0.000,-0.002,17.060,0.00,1.3060,24.735125,46.701977,12.627,52.585,19.017
2025-12-27T17:26:41.862Z,204.800,0.000,-0.008,17.060,0.00,1.3060,24.735125,46.701977,12.627,52.585,19.017
2025-12-27T17:26:41.862Z,46.414,7.462,346.342,17.060,0.00,1.3060,24.735125,46.701977,12.627,52.585,19.017
2025-12-27T17:26:41.862Z,204.800,0.000,-0.008,17.060,0.00,1.3060,24.735125,46.701977,12.627,52.585,19.017
2025-12-27T17:26:41.862Z,46.313,7.627,353.247,17.020,0.00,1.3110,24.735106,46.701935,12.627,52.981,18.875
2025-12-27T17:26:41.862Z,204.800,0.000,-0.008,17.020,0.00,1.3110,24.735106,46.701935,12.627,52.981,18.875
2025-12-27T17:26:41.862Z,46.141,7.726,356.502,17.020,0.00,1.3110,24.735106,46.701935,12.627,52.981,18.875
2025-12-27T17:26:42.281Z,204.800,0.000,-0.008,17.020,0.00,1.3110,24.735106,46.701935,12.627,52.981,18.875
2025-12-27T17:26:42.281Z,46.327,7.638,353.843,17.020,0.00,1.3110,24.735106,46.701935,12.627,52.981,18.875
2025-12-27T17:26:42.283Z,204.800,0.000,-0.008,17.020,0.00,1.3110,24.735106,46.701935,12.627,52.981,18.875
2025-12-27T17:26:42.283Z,46.126,8.043,370.992,17.240,0.00,1.3160,24.735086,46.701893,12.627,53.377,18.735
2025-12-27T17:26:42.675Z,45.993,7.618,350.362,17.240,0.00,1.3160,24.735086,46.701893,12.665,53.216,18.791
2025-12-27T17:26:42.675Z,204.800,0.000,-0.008,17.240,0.00,1.3160,24.735086,46.701893,12.665,53.216,18.791
2025-12-27T17:26:42.772Z,46.124,7.940,366.210,17.240,0.00,1.3160,24.735086,46.701893,12.675,53.175,18.806
2025-12-27T17:26:43.278Z,204.800,0.000,-0.008,17.240,0.00,1.3160,24.735086,46.701893,12.675,53.175,18.806
2025-12-27T17:26:43.279Z,46.335,0.000,-0.002,17.240,0.00,1.3160,24.735086,46.701893,12.675,53.175,18.806
2025-12-27T17:26:43.279Z,46.563,7.890,367.359,17.460,0.00,1.3200,24.735067,46.701851,12.675,53.490,18.695
2025-12-27T17:26:43.496Z,46.475,6.989,324.837,17.460,0.00,1.3200,24.735067,46.701851,12.695,53.407,18.724
2025-12-27T17:26:43.496Z,45.913,6.790,311.737,17.460,0.00,1.3200,24.735067,46.701851,12.695,53.407,18.724
2025-12-27T17:26:43.806Z,45.936,7.744,355.717,17.460,0.00,1.3200,24.735067,46.701851,12.726,53.279,18.769
2025-12-27T17:26:43.806Z,46.582,7.721,359.669,17.460,0.00,1.3200,24.735067,46.701851,12.726,53.279,18.769
2025-12-27T17:26:44.121Z,46.449,8.135,377.885,17.460,0.00,1.3200,24.735067,46.701851,12.759,53.141,18.818
2025-12-27T17:26:44.121Z,45.613,0.000,-0.002,17.460,0.00,1.3200,24.735067,46.701851,12.759,53.141,18.818
2025-12-27T17:26:44.524Z,46.193,0.000,-0.002,17.760,0.00,1.3250,24.735048,46.701805,12.759,53.533,18.680
2025-12-27T17:26:44.524Z,45.594,7.225,329.434,17.760,0.00,1.3250,24.735048,46.701805,12.759,53.533,18.680
2025-12-27T17:26:45.082Z,45.896,6.942,318.617,17.760,0.00,1.3250,24.735048,46.701805,12.808,53.326,18.753
2025-12-27T17:26:45.083Z,45.293,7.232,327.564,17.760,0.00,1.3250,24.735048,46.701805,12.808,53.326,18.753
2025-12-27T17:26:45.083Z,204.800,0.000,-0.008,17.760,0.00,1.3250,24.735048,46.701805,12.808,53.326,18.753
2025-12-27T17:26:45.083Z,46.303,7.864,364.108,17.760,0.00,1.3250,24.735048,46.701805,12.808,53.326,18.753
2025-12-27T17:26:45.477Z,45.929,7.167,329.165,18.000,0.00,1.3300,24.735031,46.701763,12.844,53.566,18.669
2025-12-27T17:26:45.477Z,204.800,0.000,-0.008,18.000,0.00,1.3300,24.735031,46.701763,12.844,53.566,18.669
2025-12-27T17:26:45.532Z,46.247,8.127,375.834,18.000,0.00,1.3300,24.735031,46.701763,12.850,53.541,18.677
2025-12-27T17:26:45.737Z,204.800,9.108,1865.256,18.000,0.00,1.3300,24.735031,46.701763,12.956,53.103,18.831
2025-12-27T17:26:45.953Z,46.039,7.206,331.739,18.000,0.00,1.3300,24.735031,46.701763,12.976,53.022,18.860
2025-12-27T17:26:46.260Z,46.272,0.000,-0.002,18.000,0.00,1.3300,24.735031,46.701763,12.976,53.022,18.860
2025-12-27T17:26:46.261Z,46.429,9.816,455.736,18.000,0.00,1.3300,24.735031,46.701763,12.976,53.021,18.860
2025-12-27T17:26:46.358Z,204.800,0.000,-0.008,18.220,0.00,1.3350,24.735012,46.701717,12.976,53.407,18.724
2025-12-27T17:26:46.565Z,46.214,8.802,406.769,18.220,0.00,1.3350,24.735012,46.701717,12.999,53.311,18.758
2025-12-27T17:26:47.007Z,45.486,7.602,345.774,18.220,0.00,1.3350,24.735012,46.701717,13.042,53.137,18.819
2025-12-27T17:26:47.007Z,204.800,0.000,-0.008,18.220,0.00,1.3350,24.735012,46.701717,13.042,53.137,18.819
2025-12-27T17:26:47.007Z,45.485,8.223,374.021,18.220,0.00,1.3350,24.735012,46.701717,13.042,53.137,18.819
2025-12-27T17:26:47.284Z,45.170,7.575,342.155,18.220,0.00,1.3350,24.735012,46.701717,13.068,53.030,18.857
2025-12-27T17:26:47.284Z,45.769,7.235,331.124,18.540,0.00,1.3400,24.734991,46.701672,13.068,53.413,18.722
2025-12-27T17:26:47.595Z,45.875,7.255,332.831,18.540,0.00,1.3400,24.734991,46.701672,13.097,53.295,18.763
2025-12-27T17:26:47.689Z,46.206,7.671,354.454,18.540,0.00,1.3400,24.734991,46.701672,13.106,53.258,18.777
2025-12-27T17:26:47.690Z,45.708,6.990,319.509,18.540,0.00,1.3400,24.734991,46.701672,13.106,53.258,18.777
2025-12-27T17:26:47.906Z,45.477,7.705,350.384,18.540,0.00,1.3400,24.734991,46.701672,13.127,53.172,18.807
2025-12-27T17:26:48.532Z,46.059,8.246,379.818,18.540,0.00,1.3400,24.734991,46.701672,13.193,52.906,18.901
2025-12-27T17:26:48.532Z,45.606,8.412,383.654,18.800,0.00,1.3450,24.734972,46.701626,13.193,53.285,18.767
2025-12-27T17:26:48.532Z,46.163,0.000,-0.002,18.800,0.00,1.3450,24.734972,46.701626,13.193,53.285,18.767
2025-12-27T17:26:49.236Z,204.800,9.375,1919.975,18.800,0.00,1.3450,24.734972,46.701626,13.568,51.811,19.301
2025-12-27T17:26:49.236Z,44.197,8.632,381.513,18.800,0.00,1.3450,24.734972,46.701626,13.569,51.811,19.301
2025-12-27T17:26:49.236Z,46.041,8.811,405.685,18.800,0.00,1.3450,24.734972,46.701626,13.569,51.811,19.301
2025-12-27T17:26:49.236Z,46.024,8.331,383.416,18.800,0.00,1.3450,24.734972,46.701626,13.569,51.811,19.301
2025-12-27T17:26:49.236Z,45.643,8.915,406.898,18.800,0.00,1.3450,24.734972,46.701626,13.569,51.811,19.301
2025-12-27T17:26:49.542Z,45.866,8.569,393.018,19.240,0.00,1.3510,24.734951,46.701580,13.602,52.125,19.185
2025-12-27T17:26:49.542Z,204.800,0.000,-0.008,19.240,0.00,1.3510,24.734951,46.701580,13.602,52.125,19.185
2025-12-27T17:26:49.739Z,45.896,8.534,391.662,19.240,0.00,1.3510,24.734951,46.701580,13.623,52.043,19.215
2025-12-27T17:26:49.744Z,204.800,0.000,-0.008,19.240,0.00,1.3510,24.734951,46.701580,13.623,52.043,19.215
2025-12-27T17:26:50.258Z,45.596,8.367,381.500,19.240,0.00,1.3510,24.734951,46.701580,13.678,51.836,19.292
2025-12-27T17:26:50.258Z,204.800,8.086,1656.045,19.240,0.00,1.3510,24.734951,46.701580,13.678,51.836,19.292
2025-12-27T17:26:50.258Z,204.800,0.000,-0.008,19.520,0.00,1.3560,24.734930,46.701530,13.678,52.201,19.157
2025-12-27T17:26:50.555Z,45.873,8.266,379.200,19.520,0.00,1.3560,24.734930,46.701530,13.709,52.082,19.200
2025-12-27T17:26:50.555Z,45.814,8.413,385.424,19.520,0.00,1.3560,24.734930,46.701530,13.709,52.082,19.200
2025-12-27T17:26:50.872Z,204.800,0.000,-0.008,19.520,0.00,1.3560,24.734930,46.701530,13.709,52.082,19.200
2025-12-27T17:26:51.176Z,45.869,8.388,384.739,19.520,0.00,1.3560,24.734930,46.701530,13.742,51.959,19.246
2025-12-27T17:26:51.499Z,45.833,8.015,367.363,19.520,0.00,1.3560,24.734930,46.701530,13.774,51.835,19.292
2025-12-27T17:26:51.499Z,45.837,8.243,377.828,19.630,0.00,1.3610,24.734907,46.701485,13.774,52.198,19.158
2025-12-27T17:26:51.499Z,204.800,0.000,-0.008,19.630,0.00,1.3610,24.734907,46.701485,13.774,52.198,19.158
2025-12-27T17:26:51.794Z,45.950,0.000,-0.002,19.630,0.00,1.3610,24.734907,46.701485,13.774,52.198,19.158
2025-12-27T17:26:51.794Z,45.762,8.595,393.319,19.630,0.00,1.3610,24.734907,46.701485,13.774,52.198,19.158
2025-12-27T17:26:52.097Z,45.703,8.247,376.891,19.630,0.00,1.3610,24.734907,46.701485,13.806,52.078,19.202
2025-12-27T17:26:52.097Z,45.689,8.218,375.454,19.630,0.00,1.3610,24.734907,46.701485,13.806,52.078,19.202
2025-12-27T17:26:52.408Z,45.672,8.088,369.411,19.630,0.00,1.3610,24.734907,46.701485,13.838,51.958,19.246
2025-12-27T17:26:52.408Z,45.715,8.316,380.170,19.850,0.00,1.3670,24.734886,46.701435,13.838,52.391,19.087
2025-12-27T17:26:52.489Z,45.887,8.521,390.994,19.850,0.00,1.3670,24.734886,46.701435,13.847,52.358,19.099
2025-12-27T17:26:53.126Z,45.935,7.971,366.139,19.850,0.00,1.3670,24.734886,46.701435,13.912,52.115,19.189
2025-12-27T17:26:53.126Z,45.808,0.000,-0.002,19.850,0.00,1.3670,24.734886,46.701435,13.912,52.115,19.189
2025-12-27T17:26:53.126Z,45.845,0.000,-0.002,19.850,0.00,1.3670,24.734886,46.701435,13.912,52.115,19.189
2025-12-27T17:26:53.126Z,45.665,0.000,-0.002,19.850,0.00,1.3670,24.734886,46.701435,13.912,52.115,19.189
2025-12-27T17:26:53.435Z,204.800,7.812,1599.819,20.220,0.00,1.3730,24.734863,46.701385,14.049,52.032,19.219
2025-12-27T17:26:53.435Z,45.763,8.288,379.304,20.220,0.00,1.3730,24.734863,46.701385,14.049,52.032,19.219
2025-12-27T17:26:53.737Z,204.800,8.355,1711.186,20.220,0.00,1.3730,24.734863,46.701385,14.192,51.506,19.415
2025-12-27T17:26:53.737Z,45.786,8.176,374.365,20.220,0.00,1.3730,24.734863,46.701385,14.193,51.506,19.415
2025-12-27T17:26:54.365Z,45.788,8.474,388.016,20.220,0.00,1.3730,24.734863,46.701385,14.260,51.262,19.508
2025-12-27T17:26:54.365Z,204.800,8.075,1653.717,20.220,0.00,1.3730,24.734863,46.701385,14.260,51.261,19.508
2025-12-27T17:26:54.365Z,45.808,8.317,380.999,20.460,0.00,1.3780,24.734842,46.701336,14.260,51.612,19.375
2025-12-27T17:26:54.365Z,45.771,8.247,377.474,20.460,0.00,1.3780,24.734842,46.701336,14.260,51.612,19.375
2025-12-27T17:26:54.964Z,45.834,8.217,376.608,20.460,0.00,1.3780,24.734842,46.701336,14.323,51.386,19.460
2025-12-27T17:26:54.964Z,45.787,8.251,377.807,20.460,0.00,1.3780,24.734842,46.701336,14.323,51.386,19.460
2025-12-27T17:26:54.964Z,45.798,8.298,380.030,20.460,0.00,1.3780,24.734842,46.701336,14.323,51.386,19.460
2025-12-27T17:26:55.061Z,45.777,8.143,372.751,20.460,0.00,1.3780,24.734842,46.701336,14.333,51.350,19.474
2025-12-27T17:26:55.061Z,204.800,0.000,-0.008,20.460,0.00,1.3780,24.734842,46.701336,14.333,51.350,19.474
2025-12-27T17:26:55.494Z,45.757,0.000,-0.002,20.630,0.00,1.3840,24.734821,46.701283,14.333,51.769,19.317
2025-12-27T17:26:55.494Z,45.760,8.358,382.470,20.630,0.00,1.3840,24.734821,46.701283,14.333,51.769,19.317
2025-12-27T17:26:55.877Z,45.724,8.301,379.544,20.630,0.00,1.3840,24.734821,46.701283,14.373,51.624,19.371
2025-12-27T17:26:55.877Z,204.800,8.433,1727.006,20.630,0.00,1.3840,24.734821,46.701283,14.373,51.623,19.371
2025-12-27T17:26:55.877Z,45.628,0.000,-0.002,20.630,0.00,1.3840,24.734821,46.701283,14.373,51.623,19.371
2025-12-27T17:26:56.196Z,45.706,8.482,387.676,20.630,0.00,1.3840,24.734821,46.701283,14.408,51.500,19.417
2025-12-27T17:26:56.196Z,45.676,8.369,382.246,20.800,0.00,1.3890,24.734800,46.701233,14.408,51.847,19.287
2025-12-27T17:26:56.383Z,45.806,8.433,386.263,20.800,0.00,1.3890,24.734800,46.701233,14.428,51.775,19.314
2025-12-27T17:26:56.925Z,204.800,0.000,-0.008,20.800,0.00,1.3890,24.734800,46.701233,14.428,51.775,19.314
2025-12-27T17:26:56.925Z,41.563,0.000,-0.002,20.800,0.00,1.3890,24.734800,46.701233,14.428,51.775,19.314
2025-12-27T17:26:56.925Z,204.800,0.000,-0.008,20.800,0.00,1.3890,24.734800,46.701233,14.428,51.775,19.314
2025-12-27T17:26:57.224Z,45.703,8.162,373.052,20.800,0.00,1.3890,24.734800,46.701233,14.459,51.664,19.356
2025-12-27T17:26:57.224Z,204.800,0.000,-0.008,20.800,0.00,1.3890,24.734800,46.701233,14.459,51.664,19.356
2025-12-27T17:26:57.528Z,204.800,8.407,1721.733,21.020,0.00,1.3950,24.734777,46.701180,14.604,51.561,19.394
2025-12-27T17:26:57.528Z,204.800,0.000,-0.008,21.020,0.00,1.3950,24.734777,46.701180,14.604,51.561,19.394
2025-12-27T17:26:57.736Z,204.800,0.000,-0.008,21.020,0.00,1.3950,24.734777,46.701180,14.604,51.561,19.394
2025-12-27T17:26:58.023Z,45.556,0.000,-0.002,21.020,0.00,1.3950,24.734777,46.701180,14.604,51.561,19.394
2025-12-27T17:26:58.023Z,204.800,0.000,-0.008,21.020,0.00,1.3950,24.734777,46.701180,14.604,51.561,19.394
2025-12-27T17:26:58.244Z,45.638,0.000,-0.002,21.020,0.00,1.3950,24.734777,46.701180,14.604,51.561,19.394
2025-12-27T17:26:58.334Z,204.800,0.000,-0.008,21.300,0.00,1.4010,24.734755,46.701130,14.604,51.972,19.241
2025-12-27T17:26:58.554Z,45.735,8.433,385.671,21.300,0.00,1.4010,24.734755,46.701130,14.628,51.889,19.272
2025-12-27T17:26:58.554Z,45.799,8.546,391.398,21.300,0.00,1.4010,24.734755,46.701130,14.628,51.889,19.272
2025-12-27T17:26:58.860Z,45.674,8.216,375.273,21.300,0.00,1.4010,24.734755,46.701130,14.659,51.776,19.314
2025-12-27T17:26:58.860Z,45.741,8.529,390.121,21.300,0.00,1.4010,24.734755,46.701130,14.659,51.775,19.314
2025-12-27T17:26:59.049Z,45.640,8.493,387.630,21.300,0.00,1.4010,24.734755,46.701130,14.680,51.704,19.341
2025-12-27T17:26:59.488Z,204.800,0.000,-0.008,21.320,0.00,1.4070,24.734734,46.701077,14.680,52.112,19.189
2025-12-27T17:26:59.488Z,45.692,8.404,383.982,21.320,0.00,1.4070,24.734734,46.701077,14.680,52.112,19.189
2025-12-27T17:26:59.488Z,45.760,8.541,390.834,21.320,0.00,1.4070,24.734734,46.701077,14.680,52.112,19.189
2025-12-27T17:26:59.781Z,45.634,0.000,-0.002,21.320,0.00,1.4070,24.734734,46.701077,14.680,52.112,19.189
2025-12-27T17:26:59.868Z,204.800,8.897,1822.006,21.320,0.00,1.4070,24.734734,46.701077,14.724,51.956,19.247
2025-12-27T17:27:00.077Z,204.800,0.000,-0.008,21.320,0.00,1.4070,24.734734,46.701077,14.724,51.956,19.247
2025-12-27T17:27:00.077Z,204.800,8.635,1768.451,21.320,0.00,1.4070,24.734734,46.701077,14.724,51.956,19.247
2025-12-27T17:27:00.310Z,45.556,8.222,374.583,21.410,0.00,1.4130,24.734709,46.701023,14.748,52.278,19.129
2025-12-27T17:27:00.806Z,44.236,0.000,-0.002,21.410,0.00,1.4130,24.734709,46.701023,14.748,52.278,19.129
2025-12-27T17:27:00.806Z,45.566,8.491,386.916,21.410,0.00,1.4130,24.734709,46.701023,14.748,52.278,19.129
2025-12-27T17:27:00.891Z,45.437,8.684,394.595,21.410,0.00,1.4130,24.734709,46.701023,14.758,52.245,19.141
2025-12-27T17:27:00.891Z,204.800,0.000,-0.008,21.410,0.00,1.4130,24.734709,46.701023,14.758,52.245,19.141
2025-12-27T17:27:01.210Z,45.472,9.026,410.413,21.410,0.00,1.4130,24.734709,46.701023,14.794,52.116,19.188
2025-12-27T17:27:01.212Z,204.800,0.000,-0.008,21.500,0.00,1.4190,24.734686,46.700970,14.794,52.522,19.040
2025-12-27T17:27:01.531Z,45.259,8.888,402.244,21.500,0.00,1.4190,24.734686,46.700970,14.829,52.396,19.086
2025-12-27T17:27:01.531Z,45.360,9.248,419.501,21.500,0.00,1.4190,24.734686,46.700970,14.830,52.396,19.086
2025-12-27T17:27:02.056Z,45.292,9.246,418.781,21.500,0.00,1.4190,24.734686,46.700970,14.890,52.181,19.164
2025-12-27T17:27:02.056Z,45.318,9.426,427.173,21.500,0.00,1.4190,24.734686,46.700970,14.891,52.181,19.164
2025-12-27T17:27:02.541Z,45.347,9.068,411.203,21.500,0.00,1.4190,24.734686,46.700970,14.946,51.987,19.235
2025-12-27T17:27:02.542Z,45.259,0.000,-0.002,21.500,0.00,1.4190,24.734686,46.700970,14.946,51.987,19.235
2025-12-27T17:27:02.542Z,45.300,9.059,410.372,21.690,0.00,1.4250,24.734663,46.700916,14.946,52.389,19.088
2025-12-27T17:27:02.634Z,45.275,9.080,411.087,21.690,0.00,1.4250,24.734663,46.700916,14.956,52.352,19.101
2025-12-27T17:27:02.634Z,204.800,0.000,-0.008,21.690,0.00,1.4250,24.734663,46.700916,14.956,52.352,19.101
2025-12-27T17:27:02.852Z,45.281,8.989,407.041,21.690,0.00,1.4250,24.734663,46.700916,14.981,52.266,19.133
2025-12-27T17:27:03.258Z,45.324,9.058,410.528,21.690,0.00,1.4250,24.734663,46.700916,15.027,52.105,19.192
2025-12-27T17:27:03.258Z,45.322,0.000,-0.002,21.690,0.00,1.4250,24.734663,46.700916,15.027,52.105,19.192
2025-12-27T17:27:03.258Z,45.304,0.000,-0.002,21.760,0.00,1.4310,24.734640,46.700863,15.027,52.504,19.046
2025-12-27T17:27:03.557Z,45.254,8.947,404.905,21.760,0.00,1.4310,24.734640,46.700863,15.061,52.387,19.089
2025-12-27T17:27:03.557Z,47.487,9.275,440.427,21.760,0.00,1.4310,24.734640,46.700863,15.061,52.387,19.089
2025-12-27T17:27:03.750Z,45.257,9.223,417.389,21.760,0.00,1.4310,24.734640,46.700863,15.083,52.309,19.117
2025-12-27T17:27:04.134Z,45.265,9.224,417.534,21.760,0.00,1.4310,24.734640,46.700863,15.128,52.155,19.173
2025-12-27T17:27:04.134Z,204.800,8.822,1806.725,21.760,0.00,1.4310,24.734640,46.700863,15.128,52.155,19.174
2025-12-27T17:27:04.275Z,45.176,9.487,428.593,21.560,0.00,1.4370,24.734617,46.700809,15.145,52.494,19.050
2025-12-27T17:27:04.482Z,47.214,0.000,-0.002,21.560,0.00,1.4370,24.734617,46.700809,15.145,52.494,19.050
2025-12-27T17:27:04.482Z,45.130,9.830,443.643,21.560,0.00,1.4370,24.734617,46.700809,15.145,52.494,19.050
2025-12-27T17:27:04.682Z,44.984,0.000,-0.002,21.560,0.00,1.4370,24.734617,46.700809,15.145,52.494,19.050
2025-12-27T17:27:05.208Z,45.152,9.092,410.540,21.560,0.00,1.4370,24.734617,46.700809,15.205,52.286,19.125
2025-12-27T17:27:05.411Z,44.916,0.000,-0.002,21.560,0.00,1.4370,24.734617,46.700809,15.205,52.286,19.125
2025-12-27T17:27:05.417Z,44.917,9.511,427.215,21.560,0.00,1.4370,24.734617,46.700809,15.205,52.284,19.126
2025-12-27T17:27:05.417Z,44.919,9.952,447.035,21.580,0.00,1.4430,24.734594,46.700756,15.205,52.679,18.983
2025-12-27T17:27:06.037Z,45.146,9.743,439.868,21.580,0.00,1.4430,24.734594,46.700756,15.281,52.418,19.078
2025-12-27T17:27:06.037Z,45.129,9.472,427.444,21.580,0.00,1.4430,24.734594,46.700756,15.281,52.418,19.078
2025-12-27T17:27:06.037Z,204.800,9.271,1898.662,21.580,0.00,1.4430,24.734594,46.700756,15.281,52.417,19.078
2025-12-27T17:27:06.037Z,45.509,8.813,401.087,21.580,0.00,1.4430,24.734594,46.700756,15.281,52.417,19.078
2025-12-27T17:27:06.434Z,46.157,0.000,-0.002,21.580,0.00,1.4430,24.734594,46.700756,15.281,52.417,19.078
2025-12-27T17:27:06.434Z,47.122,5.221,246.013,21.610,0.00,1.4490,24.734571,46.700703,15.281,52.810,18.936
2025-12-27T17:27:06.527Z,204.800,0.000,-0.008,21.610,0.00,1.4490,24.734571,46.700703,15.281,52.810,18.936
2025-12-27T17:27:06.527Z,49.156,1.220,59.983,21.610,0.00,1.4490,24.734571,46.700703,15.281,52.810,18.936
2025-12-27T17:27:07.053Z,49.952,-0.173,-8.626,21.610,0.00,1.4490,24.734571,46.700703,15.280,52.814,18.934
2025-12-27T17:27:07.053Z,49.968,-0.041,-2.038,21.610,0.00,1.4490,24.734571,46.700703,15.280,52.814,18.934
2025-12-27T17:27:07.053Z,49.978,-0.095,-4.730,21.610,0.00,1.4490,24.734571,46.700703,15.280,52.814,18.934
2025-12-27T17:27:07.384Z,49.987,-0.173,-8.669,20.980,0.00,1.4550,24.734549,46.700649,15.279,53.210,18.794
2025-12-27T17:27:07.436Z,49.998,-0.174,-8.676,20.980,0.00,1.4550,24.734549,46.700649,15.279,53.210,18.793
2025-12-27T17:27:07.866Z,50.012,-0.251,-12.565,20.980,0.00,1.4550,24.734549,46.700649,15.277,53.216,18.792
2025-12-27T17:27:07.866Z,50.023,-0.039,-1.958,20.980,0.00,1.4550,24.734549,46.700649,15.277,53.216,18.792
2025-12-27T17:27:07.962Z,50.031,-0.059,-2.935,20.980,0.00,1.4550,24.734549,46.700649,15.277,53.216,18.791
2025-12-27T17:27:07.962Z,50.040,-0.236,-11.808,20.980,0.00,1.4550,24.734549,46.700649,15.277,53.216,18.791
2025-12-27T17:27:08.274Z,50.047,-0.196,-9.794,20.980,0.00,1.4550,24.734549,46.700649,15.277,53.219,18.790
2025-12-27T17:27:08.275Z,50.050,-0.173,-8.678,19.330,0.00,1.4600,24.734529,46.700600,15.277,53.546,18.676
2025-12-27T17:27:08.647Z,50.060,-0.065,-3.264,19.330,0.00,1.4600,24.734529,46.700600,15.276,53.547,18.675
2025-12-27T17:27:08.895Z,50.064,-0.149,-7.446,19.330,0.00,1.4600,24.734529,46.700600,15.276,53.549,18.674
2025-12-27T17:27:08.895Z,50.075,-0.220,-10.995,19.330,0.00,1.4600,24.734529,46.700600,15.276,53.549,18.674
2025-12-27T17:27:09.205Z,50.077,-0.173,-8.638,19.330,0.00,1.4600,24.734529,46.700600,15.275,53.552,18.674
2025-12-27T17:27:09.278Z,50.087,-0.215,-10.784,19.330,0.00,1.4600,24.734529,46.700600,15.275,53.552,18.673
2025-12-27T17:27:11.757Z,50.094,-0.072,-3.614,17.760,0.00,1.4650,24.734510,46.700554,15.272,53.889,18.557
2025-12-27T17:27:11.757Z,50.097,-0.139,-6.947,17.760,0.00,1.4650,24.734510,46.700554,15.272,53.889,18.557
2025-12-27T17:27:11.757Z,50.107,-0.246,-12.306,17.760,0.00,1.4650,24.734510,46.700554,15.272,53.889,18.557
2025-12-27T17:27:11.757Z,50.109,-0.168,-8.397,17.760,0.00,1.4650,24.734510,46.700554,15.272,53.889,18.557
2025-12-27T17:27:11.757Z,50.113,-0.172,-8.595,17.760,0.00,1.4650,24.734510,46.700554,15.272,53.889,18.557
2025-12-27T17:27:11.757Z,50.118,-0.147,-7.376,17.760,0.00,1.4650,24.734510,46.700554,15.272,53.889,18.557
2025-12-27T17:27:11.757Z,50.128,-0.040,-1.996,16.260,0.00,1.4700,24.734493,46.700512,15.272,54.216,18.445
2025-12-27T17:27:11.757Z,50.131,-0.182,-9.131,16.260,0.00,1.4700,24.734493,46.700512,15.272,54.216,18.445
2025-12-27T17:27:11.757Z,50.139,-0.210,-10.554,16.260,0.00,1.4700,24.734493,46.700512,15.272,54.216,18.445
2025-12-27T17:27:11.757Z,50.145,-0.214,-10.720,16.260,0.00,1.4700,24.734493,46.700512,15.272,54.216,18.445
2025-12-27T17:27:11.757Z,50.148,-0.089,-4.486,16.260,0.00,1.4700,24.734493,46.700512,15.272,54.216,18.445
2025-12-27T17:27:11.757Z,50.155,-0.017,-0.828,16.260,0.00,1.4700,24.734493,46.700512,15.272,54.216,18.445
2025-12-27T17:27:11.757Z,50.159,-0.187,-9.372,16.260,0.00,1.4700,24.734493,46.700512,15.272,54.216,18.445
2025-12-27T17:27:12.168Z,50.160,-0.170,-8.511,15.090,0.00,1.4740,24.734480,46.700470,15.271,54.481,18.355
2025-12-27T17:27:12.168Z,50.168,-0.217,-10.907,15.090,0.00,1.4740,24.734480,46.700470,15.271,54.481,18.355
2025-12-27T17:27:12.168Z,50.169,-0.149,-7.454,15.090,0.00,1.4740,24.734480,46.700470,15.271,54.481,18.355
2025-12-27T17:27:12.168Z,50.177,-0.061,-3.040,15.090,0.00,1.4740,24.734480,46.700470,15.271,54.481,18.355
2025-12-27T17:27:12.168Z,50.182,-0.228,-11.455,15.090,0.00,1.4740,24.734480,46.700470,15.271,54.481,18.355
2025-12-27T17:27:12.252Z,50.184,-0.180,-9.042,15.090,0.00,1.4740,24.734480,46.700470,15.271,54.482,18.355
2025-12-27T17:27:12.252Z,50.187,-0.176,-8.832,13.850,0.00,1.4780,24.734468,46.700436,15.271,54.744,18.267
2025-12-27T17:27:12.576Z,50.192,-0.145,-7.285,13.850,0.00,1.4780,24.734468,46.700436,15.270,54.746,18.266
2025-12-27T17:27:12.576Z,50.200,-0.029,-1.438,13.850,0.00,1.4780,24.734468,46.700436,15.270,54.746,18.266
2025-12-27T17:27:12.772Z,50.200,-0.165,-8.298,13.850,0.00,1.4780,24.734468,46.700436,15.270,54.748,18.266
2025-12-27T17:27:13.094Z,50.208,-0.210,-10.523,13.850,0.00,1.4780,24.734468,46.700436,15.269,54.751,18.264
2025-12-27T17:27:13.094Z,50.208,-0.161,-8.065,13.850,0.00,1.4780,24.734468,46.700436,15.269,54.751,18.264
2025-12-27T17:27:13.200Z,50.214,-0.074,-3.693,13.850,0.00,1.4780,24.734468,46.700436,15.269,54.752,18.264
2025-12-27T17:27:13.599Z,50.216,-0.122,-6.149,12.630,0.00,1.4820,24.734461,46.700401,15.268,55.016,18.176
2025-12-27T17:27:13.600Z,50.219,-0.160,-8.011,12.630,0.00,1.4820,24.734461,46.700401,15.268,55.016,18.176
2025-12-27T17:27:13.910Z,50.227,-0.189,-9.515,12.630,0.00,1.4820,24.734461,46.700401,15.267,55.019,18.176
2025-12-27T17:27:13.910Z,50.231,-0.225,-11.313,12.630,0.00,1.4820,24.734461,46.700401,15.267,55.019,18.176
2025-12-27T17:27:14.419Z,50.234,-0.099,-4.965,12.630,0.00,1.4820,24.734461,46.700401,15.267,55.022,18.175
2025-12-27T17:27:14.419Z,50.234,-0.155,-7.772,12.630,0.00,1.4820,24.734461,46.700401,15.267,55.022,18.175
2025-12-27T17:27:14.419Z,50.242,-0.217,-10.902,11.190,0.00,1.4850,24.734457,46.700367,15.267,55.218,18.110
2025-12-27T17:27:14.626Z,50.245,-0.225,-11.309,11.190,0.00,1.4850,24.734457,46.700367,15.266,55.220,18.109
2025-12-27T17:27:14.723Z,50.249,-0.215,-10.809,11.190,0.00,1.4850,24.734457,46.700367,15.266,55.222,18.109
2025-12-27T17:27:14.723Z,50.251,-0.076,-3.795,11.190,0.00,1.4850,24.734457,46.700367,15.266,55.222,18.109
2025-12-27T17:27:14.924Z,50.252,-0.029,-1.445,11.190,0.00,1.4850,24.734457,46.700367,15.266,55.222,18.109
2025-12-27T17:27:15.341Z,50.257,-0.196,-9.875,11.190,0.00,1.4850,24.734457,46.700367,15.265,55.226,18.107
2025-12-27T17:27:15.347Z,50.263,-0.193,-9.713,9.560,0.00,1.4880,24.734455,46.700340,15.265,55.423,18.043
2025-12-27T17:27:15.347Z,50.268,-0.202,-10.178,9.560,0.00,1.4880,24.734455,46.700340,15.265,55.423,18.043
2025-12-27T17:27:15.551Z,50.270,-0.038,-1.923,9.560,0.00,1.4880,24.734455,46.700340,15.264,55.423,18.043
2025-12-27T17:27:16.166Z,49.082,2.013,98.795,9.560,0.00,1.4880,24.734455,46.700340,15.281,55.362,18.063
2025-12-27T17:27:16.166Z,48.643,2.913,141.715,9.560,0.00,1.4880,24.734455,46.700340,15.281,55.362,18.063
2025-12-27T17:27:16.166Z,48.672,2.711,131.973,9.560,0.00,1.4880,24.734455,46.700340,15.281,55.362,18.063
2025-12-27T17:27:16.252Z,204.800,0.000,-0.008,9.560,0.00,1.4880,24.734455,46.700340,15.281,55.362,18.063
2025-12-27T17:27:16.253Z,48.425,3.508,169.875,8.170,0.00,1.4900,24.734453,46.700317,15.281,55.493,18.020
2025-12-27T17:27:16.677Z,48.320,3.603,174.089,8.170,0.00,1.4900,24.734453,46.700317,15.302,55.418,18.045
2025-12-27T17:27:16.777Z,48.343,3.586,173.356,8.170,0.00,1.4900,24.734453,46.700317,15.307,55.401,18.050
2025-12-27T17:27:16.777Z,48.428,0.000,-0.002,8.170,0.00,1.4900,24.734453,46.700317,15.307,55.401,18.050
2025-12-27T17:27:16.975Z,48.204,3.617,174.334,8.170,0.00,1.4900,24.734453,46.700317,15.316,55.366,18.062
2025-12-27T17:27:17.392Z,48.241,3.781,182.391,8.170,0.00,1.4900,24.734453,46.700317,15.337,55.290,18.087
2025-12-27T17:27:17.392Z,48.138,4.069,195.887,7.830,0.00,1.4920,24.734451,46.700298,15.337,55.420,18.044
2025-12-27T17:27:17.483Z,48.057,4.153,199.589,7.830,0.00,1.4920,24.734451,46.700298,15.342,55.402,18.050
2025-12-27T17:27:17.859Z,48.186,3.631,174.985,7.830,0.00,1.4920,24.734451,46.700298,15.361,55.336,18.071
2025-12-27T17:27:17.860Z,48.194,3.722,179.386,7.830,0.00,1.4920,24.734451,46.700298,15.361,55.336,18.071
2025-12-27T17:27:17.883Z,204.800,0.000,-0.008,7.830,0.00,1.4920,24.734451,46.700298,15.361,55.336,18.071
2025-12-27T17:27:18.212Z,48.233,3.695,178.222,7.830,0.00,1.4920,24.734451,46.700298,15.377,55.277,18.091
2025-12-27T17:27:18.309Z,48.082,3.848,185.006,7.690,0.00,1.4950,24.734447,46.700275,15.382,55.454,18.033
2025-12-27T17:27:18.310Z,204.800,0.000,-0.008,7.690,0.00,1.4950,24.734447,46.700275,15.382,55.454,18.033
2025-12-27T17:27:18.613Z,47.971,4.217,202.280,7.690,0.00,1.4950,24.734447,46.700275,15.399,55.393,18.053
2025-12-27T17:27:18.613Z,22.347,4.365,97.537,7.690,0.00,1.4950,24.734447,46.700275,15.399,55.393,18.053
2025-12-27T17:27:19.032Z,48.004,4.328,207.737,7.690,0.00,1.4950,24.734447,46.700275,15.423,55.306,18.081
2025-12-27T17:27:19.126Z,47.850,4.695,224.639,7.690,0.00,1.4950,24.734447,46.700275,15.429,55.285,18.088
2025-12-27T17:27:19.130Z,47.790,4.459,213.107,7.690,0.00,1.4950,24.734447,46.700275,15.429,55.284,18.088
2025-12-27T17:27:19.546Z,48.132,3.829,184.309,7.800,0.00,1.4970,24.734438,46.700256,15.451,55.338,18.071
2025-12-27T17:27:19.546Z,48.547,3.207,155.710,7.800,0.00,1.4970,24.734438,46.700256,15.451,55.338,18.071
2025-12-27T17:27:19.630Z,19.004,0.000,-0.001,7.800,0.00,1.4970,24.734438,46.700256,15.451,55.338,18.071
2025-12-27T17:27:19.954Z,48.103,4.153,199.752,7.800,0.00,1.4970,24.734438,46.700256,15.469,55.273,18.092
2025-12-27T17:27:20.155Z,204.800,0.000,-0.008,7.800,0.00,1.4970,24.734438,46.700256,15.469,55.273,18.092
2025-12-27T17:27:20.155Z,47.917,4.343,208.099,7.800,0.00,1.4970,24.734438,46.700256,15.469,55.273,18.092
2025-12-27T17:27:20.247Z,47.778,4.712,225.113,7.200,0.00,1.4990,24.734426,46.700241,15.474,55.382,18.056
2025-12-27T17:27:20.459Z,47.382,5.679,269.086,7.200,0.00,1.4990,24.734426,46.700241,15.490,55.325,18.075
2025-12-27T17:27:20.653Z,47.500,5.047,239.721,7.200,0.00,1.4990,24.734426,46.700241,15.503,55.279,18.090
2025-12-27T17:27:20.654Z,49.296,-0.031,-1.527,7.200,0.00,1.4990,24.734426,46.700241,15.503,55.279,18.090
2025-12-27T17:27:20.874Z,50.242,-0.154,-7.718,7.200,0.00,1.4990,24.734426,46.700241,15.503,55.281,18.089
2025-12-27T17:27:21.284Z,50.249,-0.071,-3.554,7.200,0.00,1.4990,24.734426,46.700241,15.502,55.282,18.089
2025-12-27T17:27:21.387Z,50.256,-0.129,-6.503,6.110,0.00,1.5010,24.734411,46.700233,15.502,55.412,18.047
2025-12-27T17:27:21.387Z,50.266,-0.229,-11.514,6.110,0.00,1.5010,24.734411,46.700233,15.502,55.412,18.047
2025-12-27T17:27:21.690Z,50.268,-0.171,-8.612,6.110,0.00,1.5010,24.734411,46.700233,15.501,55.415,18.046
2025-12-27T17:27:21.690Z,49.203,1.600,78.727,6.110,0.00,1.5010,24.734411,46.700233,15.501,55.415,18.046
2025-12-27T17:27:21.900Z,48.629,2.978,144.795,6.110,0.00,1.5010,24.734411,46.700233,15.510,55.384,18.056
2025-12-27T17:27:22.310Z,48.712,2.806,136.662,6.110,0.00,1.5010,24.734411,46.700233,15.525,55.329,18.074
2025-12-27T17:27:22.310Z,47.969,4.163,199.690,6.110,0.00,1.5010,24.734411,46.700233,15.525,55.329,18.074
2025-12-27T17:27:22.730Z,46.970,6.271,294.554,4.110,0.00,1.5020,24.734400,46.700233,15.560,55.271,18.093
2025-12-27T17:27:22.731Z,46.904,6.406,300.452,4.110,0.00,1.5020,24.734400,46.700233,15.560,55.271,18.093
2025-12-27T17:27:22.834Z,47.065,6.288,295.921,4.110,0.00,1.5020,24.734400,46.700233,15.568,55.241,18.103
2025-12-27T17:27:22.835Z,47.146,5.800,273.463,4.110,0.00,1.5020,24.734400,46.700233,15.568,55.241,18.103
2025-12-27T17:27:23.152Z,47.131,6.528,307.668,4.110,0.00,1.5020,24.734400,46.700233,15.595,55.144,18.134
2025-12-27T17:27:23.152Z,46.806,6.472,302.904,4.110,0.00,1.5020,24.734400,46.700233,15.595,55.144,18.134
2025-12-27T17:27:23.222Z,46.407,7.199,334.065,4.890,0.00,1.5030,24.734388,46.700233,15.602,55.186,18.121
2025-12-27T17:27:23.554Z,46.629,7.066,329.490,4.890,0.00,1.5030,24.734388,46.700233,15.632,55.078,18.156
2025-12-27T17:27:23.640Z,46.683,7.209,336.545,4.890,0.00,1.5030,24.734388,46.700233,15.640,55.050,18.165
2025-12-27T17:27:23.932Z,46.276,7.343,339.805,4.890,0.00,1.5030,24.734388,46.700233,15.668,54.953,18.197
2025-12-27T17:27:23.932Z,46.561,7.121,331.574,4.890,0.00,1.5030,24.734388,46.700233,15.668,54.953,18.197
2025-12-27T17:27:24.245Z,46.566,7.432,346.082,4.890,0.00,1.5030,24.734388,46.700233,15.698,54.848,18.232
2025-12-27T17:27:24.246Z,46.469,7.435,345.481,4.890,0.00,1.5030,24.734388,46.700233,15.698,54.848,18.232
2025-12-27T17:27:24.588Z,46.168,7.962,367.596,5.090,0.00,1.5040,24.734377,46.700233,15.733,54.789,18.252
2025-12-27T17:27:24.588Z,47.102,5.665,266.835,5.090,0.00,1.5040,24.734377,46.700233,15.733,54.789,18.252
2025-12-27T17:27:24.642Z,47.054,6.096,286.837,5.090,0.00,1.5040,24.734377,46.700233,15.737,54.774,18.257
2025-12-27T17:27:25.175Z,47.041,6.328,297.682,5.090,0.00,1.5040,24.734377,46.700233,15.781,54.621,18.308
2025-12-27T17:27:25.175Z,46.624,7.100,331.041,5.090,0.00,1.5040,24.734377,46.700233,15.781,54.621,18.308
2025-12-27T17:27:25.176Z,46.298,7.737,358.208,5.090,0.00,1.5040,24.734377,46.700233,15.781,54.621,18.308
2025-12-27T17:27:25.483Z,46.212,7.716,356.595,5.300,0.00,1.5060,24.734365,46.700241,15.812,54.643,18.301
2025-12-27T17:27:25.483Z,46.275,7.228,334.465,5.300,0.00,1.5060,24.734365,46.700241,15.812,54.643,18.301
2025-12-27T17:27:25.685Z,46.908,6.510,305.391,5.300,0.00,1.5060,24.734365,46.700241,15.829,54.583,18.321
2025-12-27T17:27:25.874Z,46.583,7.406,345.017,5.300,0.00,1.5060,24.734365,46.700241,15.847,54.521,18.342
2025-12-27T17:27:25.874Z,46.390,7.536,349.609,5.300,0.00,1.5060,24.734365,46.700241,15.847,54.521,18.342
2025-12-27T17:27:26.386Z,46.434,7.548,350.506,5.300,0.00,1.5060,24.734365,46.700241,15.897,54.350,18.399
2025-12-27T17:27:26.386Z,46.459,7.536,350.111,5.000,0.00,1.5070,24.734358,46.700249,15.897,54.413,18.378
2025-12-27T17:27:26.489Z,46.405,7.124,330.575,5.000,0.00,1.5070,24.734358,46.700249,15.906,54.381,18.389
2025-12-27T17:27:26.489Z,46.378,7.826,362.952,5.000,0.00,1.5070,24.734358,46.700249,15.906,54.381,18.389
2025-12-27T17:27:26.711Z,46.256,7.299,337.631,5.000,0.00,1.5070,24.734358,46.700249,15.927,54.309,18.413
2025-12-27T17:27:27.011Z,46.394,7.434,344.884,5.000,0.00,1.5070,24.734358,46.700249,15.956,54.211,18.446
2025-12-27T17:27:27.430Z,46.220,7.605,351.514,5.000,0.00,1.5070,24.734358,46.700249,15.997,54.073,18.494
2025-12-27T17:27:27.430Z,46.096,8.479,390.830,5.000,0.00,1.5070,24.734358,46.700249,15.997,54.073,18.494
2025-12-27T17:27:27.430Z,45.896,8.848,406.103,4.980,0.00,1.5080,24.734352,46.700260,15.997,54.135,18.472
2025-12-27T17:27:27.745Z,45.809,8.672,397.253,4.980,0.00,1.5080,24.734352,46.700260,16.032,54.018,18.512
2025-12-27T17:27:27.745Z,204.800,0.000,-0.008,4.980,0.00,1.5080,24.734352,46.700260,16.032,54.018,18.512
2025-12-27T17:27:28.040Z,45.368,9.394,426.187,4.980,0.00,1.5080,24.734352,46.700260,16.067,53.901,18.553
2025-12-27T17:27:28.040Z,45.313,9.374,424.765,4.980,0.00,1.5080,24.734352,46.700260,16.067,53.901,18.553
2025-12-27T17:27:28.561Z,44.908,10.669,479.107,4.980,0.00,1.5080,24.734352,46.700260,16.136,53.669,18.633
2025-12-27T17:27:28.564Z,44.334,11.576,513.201,5.040,0.00,1.5100,24.734350,46.700272,16.136,53.791,18.590
2025-12-27T17:27:28.564Z,44.200,11.888,525.447,5.040,0.00,1.5100,24.734350,46.700272,16.136,53.791,18.590
2025-12-27T17:27:28.565Z,44.703,11.494,513.817,5.040,0.00,1.5100,24.734350,46.700272,16.136,53.791,18.590
2025-12-27T17:27:28.966Z,44.387,10.356,459.666,5.040,0.00,1.5100,24.734350,46.700272,16.188,53.621,18.649
2025-12-27T17:27:28.966Z,44.832,10.803,484.333,5.040,0.00,1.5100,24.734350,46.700272,16.188,53.621,18.649
2025-12-27T17:27:29.042Z,204.800,0.000,-0.008,5.040,0.00,1.5100,24.734350,46.700272,16.188,53.621,18.649
2025-12-27T17:27:29.374Z,44.846,10.312,462.477,5.630,0.00,1.5110,24.734352,46.700287,16.230,53.542,18.677
2025-12-27T17:27:29.466Z,44.910,10.048,451.246,5.630,0.00,1.5110,24.734352,46.700287,16.242,53.504,18.690
2025-12-27T17:27:29.466Z,204.800,8.847,1811.803,5.630,0.00,1.5110,24.734352,46.700287,16.242,53.503,18.690
2025-12-27T17:27:29.681Z,45.723,8.709,398.219,5.630,0.00,1.5110,24.734352,46.700287,16.266,53.425,18.718
2025-12-27T17:27:29.872Z,45.691,8.661,395.711,5.630,0.00,1.5110,24.734352,46.700287,16.287,53.357,18.742
2025-12-27T17:27:30.085Z,45.610,8.407,383.435,5.630,0.00,1.5110,24.734352,46.700287,16.309,53.282,18.768
2025-12-27T17:27:30.085Z,45.665,8.788,401.306,5.630,0.00,1.5110,24.734352,46.700287,16.309,53.282,18.768
2025-12-27T17:27:30.402Z,204.800,0.000,-0.008,6.720,0.00,1.5130,24.734358,46.700302,16.309,53.405,18.725
2025-12-27T17:27:30.402Z,45.238,9.671,437.504,6.720,0.00,1.5130,24.734358,46.700302,16.309,53.405,18.725
2025-12-27T17:27:30.599Z,45.693,8.878,405.660,6.720,0.00,1.5130,24.734358,46.700302,16.332,53.332,18.750
2025-12-27T17:27:30.936Z,45.318,9.189,416.402,6.720,0.00,1.5130,24.734358,46.700302,16.371,53.205,18.795
2025-12-27T17:27:31.006Z,204.800,0.000,-0.008,6.720,0.00,1.5130,24.734358,46.700302,16.371,53.205,18.795
2025-12-27T17:27:31.526Z,45.703,8.340,381.164,6.720,0.00,1.5130,24.734358,46.700302,16.426,53.027,18.858
2025-12-27T17:27:31.526Z,45.751,8.788,402.066,8.000,0.00,1.5150,24.734365,46.700321,16.426,53.148,18.815
2025-12-27T17:27:31.526Z,45.888,8.213,376.855,8.000,0.00,1.5150,24.734365,46.700321,16.426,53.148,18.815
2025-12-27T17:27:31.836Z,46.043,8.848,407.372,8.000,0.00,1.5150,24.734365,46.700321,16.461,53.035,18.856
2025-12-27T17:27:31.837Z,46.090,8.665,399.351,8.000,0.00,1.5150,24.734365,46.700321,16.461,53.035,18.856
2025-12-27T17:27:31.837Z,45.777,6.338,290.128,8.000,0.00,1.5150,24.734365,46.700321,16.461,53.035,18.856
2025-12-27T17:27:32.149Z,46.173,6.165,284.647,8.000,0.00,1.5150,24.734365,46.700321,16.486,52.955,18.884
2025-12-27T17:27:32.149Z,46.422,7.438,345.300,8.000,0.00,1.5150,24.734365,46.700321,16.486,52.955,18.884
2025-12-27T17:27:32.579Z,204.800,0.000,-0.008,9.150,0.00,1.5170,24.734375,46.700340,16.486,53.077,18.841
2025-12-27T17:27:32.579Z,46.136,7.130,328.960,9.150,0.00,1.5170,24.734375,46.700340,16.486,53.077,18.841
2025-12-27T17:27:32.640Z,45.964,7.635,350.941,9.150,0.00,1.5170,24.734375,46.700340,16.492,53.057,18.848
2025-12-27T17:27:33.157Z,45.795,8.521,390.196,9.150,0.00,1.5170,24.734375,46.700340,16.548,52.878,18.911
2025-12-27T17:27:33.157Z,45.835,8.172,374.574,9.150,0.00,1.5170,24.734375,46.700340,16.548,52.878,18.912
2025-12-27T17:27:33.157Z,204.800,8.499,1740.623,9.150,0.00,1.5170,24.734375,46.700340,16.548,52.878,18.912
2025-12-27T17:27:33.247Z,46.036,7.956,366.240,10.020,0.00,1.5200,24.734386,46.700367,16.557,53.030,18.857
2025-12-27T17:27:33.671Z,45.868,8.228,377.418,10.020,0.00,1.5200,24.734386,46.700367,16.601,52.888,18.908
2025-12-27T17:27:33.671Z,46.149,7.874,363.376,10.020,0.00,1.5200,24.734386,46.700367,16.601,52.888,18.908
2025-12-27T17:27:33.879Z,204.800,0.000,-0.008,10.020,0.00,1.5200,24.734386,46.700367,16.601,52.888,18.908
2025-12-27T17:27:33.879Z,46.061,7.455,343.401,10.020,0.00,1.5200,24.734386,46.700367,16.601,52.888,18.908
2025-12-27T17:27:34.220Z,46.227,7.194,332.561,10.020,0.00,1.5200,24.734386,46.700367,16.633,52.788,18.944
2025-12-27T17:27:34.271Z,46.298,7.141,330.600,10.980,0.00,1.5230,24.734398,46.700390,16.637,52.953,18.885
2025-12-27T17:27:34.494Z,204.800,0.000,-0.008,10.980,0.00,1.5230,24.734398,46.700390,16.637,52.953,18.885
2025-12-27T17:27:34.494Z,204.800,0.000,-0.008,10.980,0.00,1.5230,24.734398,46.700390,16.637,52.953,18.885
2025-12-27T17:27:34.900Z,46.243,7.373,340.964,10.980,0.00,1.5230,24.734398,46.700390,16.676,52.831,18.928
2025-12-27T17:27:34.900Z,46.248,7.330,338.980,10.980,0.00,1.5230,24.734398,46.700390,16.676,52.831,18.928
2025-12-27T17:27:34.984Z,46.346,0.000,-0.002,10.980,0.00,1.5230,24.734398,46.700390,16.676,52.831,18.928
2025-12-27T17:27:35.415Z,46.385,7.248,336.212,10.980,0.00,1.5230,24.734398,46.700390,16.716,52.704,18.974
2025-12-27T17:27:35.415Z,46.288,7.089,328.131,11.480,0.00,1.5260,24.734411,46.700420,16.716,52.883,18.910
2025-12-27T17:27:35.756Z,46.232,7.325,338.634,11.480,0.00,1.5260,24.734411,46.700420,16.748,52.782,18.946
2025-12-27T17:27:35.756Z,204.800,0.000,-0.008,11.480,0.00,1.5260,24.734411,46.700420,16.748,52.782,18.946
2025-12-27T17:27:36.125Z,46.231,7.365,340.498,11.480,0.00,1.5260,24.734411,46.700420,16.783,52.672,18.985
2025-12-27T17:27:36.125Z,46.357,7.181,332.900,11.480,0.00,1.5260,24.734411,46.700420,16.783,52.672,18.985
2025-12-27T17:27:36.457Z,37.004,7.227,267.448,11.480,0.00,1.5260,24.734411,46.700420,16.808,52.595,19.013
2025-12-27T17:27:36.457Z,37.206,7.267,270.375,12.060,0.00,1.5290,24.734425,46.700447,16.808,52.773,18.949
2025-12-27T17:27:36.848Z,46.313,6.912,320.141,12.060,0.00,1.5290,24.734425,46.700447,16.843,52.664,18.988
2025-12-27T17:27:36.848Z,46.369,7.468,346.280,12.060,0.00,1.5290,24.734425,46.700447,16.843,52.664,18.988
2025-12-27T17:27:36.850Z,46.303,7.327,339.247,12.060,0.00,1.5290,24.734425,46.700447,16.843,52.664,18.988
2025-12-27T17:27:36.850Z,204.800,0.000,-0.008,12.060,0.00,1.5290,24.734425,46.700447,16.843,52.664,18.988
2025-12-27T17:27:37.156Z,35.038,6.843,239.779,12.060,0.00,1.5290,24.734425,46.700447,16.863,52.600,19.011
2025-12-27T17:27:37.249Z,46.328,7.251,335.905,12.560,0.00,1.5330,24.734438,46.700478,16.872,52.810,18.936
2025-12-27T17:27:37.668Z,36.001,7.031,253.136,12.560,0.00,1.5330,24.734438,46.700478,16.901,52.718,18.969
2025-12-27T17:27:37.668Z,46.317,7.060,327.005,12.560,0.00,1.5330,24.734438,46.700478,16.901,52.718,18.969
2025-12-27T17:27:37.971Z,204.800,7.454,1526.553,12.560,0.00,1.5330,24.734438,46.700478,17.030,52.321,19.113
2025-12-27T17:27:37.971Z,46.402,6.949,322.430,12.560,0.00,1.5330,24.734438,46.700478,17.030,52.321,19.113
2025-12-27T17:27:38.189Z,46.474,6.926,321.880,12.560,0.00,1.5330,24.734438,46.700478,17.049,52.261,19.135
2025-12-27T17:27:38.259Z,204.800,0.000,-0.008,12.560,0.00,1.5330,24.734438,46.700478,17.049,52.261,19.135
2025-12-27T17:27:38.259Z,46.302,7.115,329.427,12.780,0.00,1.5360,24.734451,46.700508,17.049,52.437,19.071
2025-12-27T17:27:38.705Z,46.436,6.999,325.000,12.780,0.00,1.5360,24.734451,46.700508,17.089,52.313,19.116
2025-12-27T17:27:38.705Z,46.399,6.757,313.516,12.780,0.00,1.5360,24.734451,46.700508,17.089,52.313,19.116
2025-12-27T17:27:39.203Z,204.800,7.206,1475.694,12.780,0.00,1.5360,24.734451,46.700508,17.294,51.695,19.344
2025-12-27T17:27:39.203Z,204.800,0.000,-0.008,12.780,0.00,1.5360,24.734451,46.700508,17.294,51.695,19.344
2025-12-27T17:27:39.203Z,204.800,0.000,-0.008,12.780,0.00,1.5360,24.734451,46.700508,17.294,51.695,19.344
2025-12-27T17:27:39.203Z,46.395,0.000,-0.002,13.110,0.00,1.5400,24.734463,46.700542,17.294,51.926,19.258
2025-12-27T17:27:39.613Z,204.800,0.000,-0.008,13.110,0.00,1.5400,24.734463,46.700542,17.294,51.926,19.258
2025-12-27T17:27:39.614Z,204.800,0.000,-0.008,13.110,0.00,1.5400,24.734463,46.700542,17.294,51.926,19.258
2025-12-27T17:27:39.713Z,46.362,7.088,328.625,13.110,0.00,1.5400,24.734463,46.700542,17.303,51.899,19.268
2025-12-27T17:27:39.898Z,46.338,7.053,326.818,13.110,0.00,1.5400,24.734463,46.700542,17.320,51.849,19.287
2025-12-27T17:27:40.331Z,46.359,6.894,319.612,13.110,0.00,1.5400,24.734463,46.700542,17.358,51.734,19.330
2025-12-27T17:27:40.331Z,46.470,0.000,-0.002,13.110,0.00,1.5400,24.734463,46.700542,17.358,51.734,19.330
2025-12-27T17:27:40.429Z,46.450,6.988,324.578,13.670,0.00,1.5430,24.734478,46.700573,17.367,51.881,19.275
2025-12-27T17:27:40.737Z,35.868,7.006,251.277,13.670,0.00,1.5430,24.734478,46.700573,17.388,51.816,19.299
2025-12-27T17:27:40.737Z,204.800,7.142,1462.592,13.670,0.00,1.5430,24.734478,46.700573,17.388,51.816,19.299
2025-12-27T17:27:41.452Z,46.350,7.423,344.074,13.670,0.00,1.5430,24.734478,46.700573,17.457,51.613,19.375
2025-12-27T17:27:41.452Z,46.134,7.203,332.299,13.670,0.00,1.5430,24.734478,46.700573,17.457,51.613,19.375
2025-12-27T17:27:41.452Z,46.203,7.317,338.071,13.670,0.00,1.5430,24.734478,46.700573,17.457,51.613,19.375
2025-12-27T17:27:41.452Z,46.386,7.120,330.283,14.090,0.00,1.5470,24.734491,46.700611,17.457,51.843,19.289
2025-12-27T17:27:41.765Z,46.316,7.421,343.732,14.090,0.00,1.5470,24.734491,46.700611,17.487,51.754,19.322
2025-12-27T17:27:41.765Z,35.436,6.921,245.250,14.090,0.00,1.5470,24.734491,46.700611,17.487,51.754,19.322
2025-12-27T17:27:41.974Z,204.800,7.327,1500.538,14.090,0.00,1.5470,24.734491,46.700611,17.574,51.497,19.419
2025-12-27T17:27:41.974Z,46.309,7.142,330.723,14.090,0.00,1.5470,24.734491,46.700611,17.574,51.497,19.419
2025-12-27T17:27:42.394Z,46.335,7.221,334.579,14.090,0.00,1.5470,24.734491,46.700611,17.613,51.383,19.462
2025-12-27T17:27:42.394Z,46.368,7.339,340.284,14.850,0.00,1.5510,24.734507,46.700645,17.613,51.610,19.376
2025-12-27T17:27:42.485Z,204.800,0.000,-0.008,14.850,0.00,1.5510,24.734507,46.700645,17.613,51.610,19.376
2025-12-27T17:27:42.485Z,204.800,0.000,-0.008,14.850,0.00,1.5510,24.734507,46.700645,17.613,51.610,19.376
2025-12-27T17:27:42.783Z,46.273,7.195,332.938,14.850,0.00,1.5510,24.734507,46.700645,17.640,51.529,19.406
2025-12-27T17:27:42.871Z,46.405,7.202,334.213,14.850,0.00,1.5510,24.734507,46.700645,17.649,51.505,19.415
2025-12-27T17:27:43.077Z,36.672,0.000,-0.001,14.850,0.00,1.5510,24.734507,46.700645,17.649,51.505,19.415
2025-12-27T17:27:43.505Z,46.364,6.880,318.982,14.850,0.00,1.5510,24.734507,46.700645,17.687,51.395,19.457
2025-12-27T17:27:43.505Z,204.800,0.000,-0.008,14.780,0.00,1.5550,24.734522,46.700684,17.687,51.621,19.372
2025-12-27T17:27:43.915Z,46.286,7.177,332.214,14.780,0.00,1.5550,24.734522,46.700684,17.724,51.511,19.413
2025-12-27T17:27:43.915Z,204.800,0.000,-0.008,14.780,0.00,1.5550,24.734522,46.700684,17.724,51.511,19.413
2025-12-27T17:27:43.915Z,46.233,7.357,340.137,14.780,0.00,1.5550,24.734522,46.700684,17.724,51.511,19.413
2025-12-27T17:27:43.915Z,204.800,0.000,-0.008,14.780,0.00,1.5550,24.734522,46.700684,17.724,51.511,19.413
2025-12-27T17:27:44.234Z,46.313,7.100,328.826,14.780,0.00,1.5550,24.734522,46.700684,17.754,51.426,19.445
2025-12-27T17:27:44.234Z,46.244,7.285,336.884,14.910,0.00,1.5590,24.734537,46.700718,17.754,51.652,19.360
2025-12-27T17:27:44.669Z,46.144,7.442,343.400,14.910,0.00,1.5590,24.734537,46.700718,17.795,51.531,19.406
2025-12-27T17:27:44.669Z,46.117,7.579,349.497,14.910,0.00,1.5590,24.734537,46.700718,17.795,51.531,19.406
2025-12-27T17:27:44.927Z,204.800,0.000,-0.008,14.910,0.00,1.5590,24.734537,46.700718,17.795,51.531,19.406
2025-12-27T17:27:44.927Z,46.083,7.602,350.344,14.910,0.00,1.5590,24.734537,46.700718,17.795,51.531,19.406
2025-12-27T17:27:45.266Z,46.056,7.530,346.810,14.910,0.00,1.5590,24.734537,46.700718,17.828,51.437,19.441
2025-12-27T17:27:45.449Z,46.180,7.633,352.513,15.370,0.00,1.5640,24.734554,46.700756,17.846,51.665,19.355
2025-12-27T17:27:45.452Z,46.132,7.273,335.534,15.370,0.00,1.5640,24.734554,46.700756,17.846,51.664,19.356
2025-12-27T17:27:45.855Z,46.206,7.337,339.014,15.370,0.00,1.5640,24.734554,46.700756,17.884,51.555,19.397
2025-12-27T17:27:45.855Z,46.105,7.437,342.867,15.370,0.00,1.5640,24.734554,46.700756,17.884,51.555,19.397
2025-12-27T17:27:45.962Z,46.220,7.112,328.702,15.370,0.00,1.5640,24.734554,46.700756,17.894,51.527,19.407
2025-12-27T17:27:45.962Z,46.201,0.000,-0.002,15.370,0.00,1.5640,24.734554,46.700756,17.894,51.527,19.407
2025-12-27T17:27:46.723Z,204.800,7.244,1483.491,15.370,0.00,1.5640,24.734554,46.700756,18.207,50.640,19.747
2025-12-27T17:27:46.723Z,46.201,7.289,336.745,15.850,0.00,1.5680,24.734571,46.700794,18.207,50.860,19.662
2025-12-27T17:27:46.723Z,46.229,7.043,325.590,15.850,0.00,1.5680,24.734571,46.700794,18.207,50.860,19.662
2025-12-27T17:27:46.723Z,204.800,0.000,-0.008,15.850,0.00,1.5680,24.734571,46.700794,18.207,50.860,19.662
2025-12-27T17:27:46.861Z,46.268,7.254,335.610,15.850,0.00,1.5680,24.734571,46.700794,18.220,50.824,19.676
2025-12-27T17:27:46.861Z,46.183,7.452,344.130,15.850,0.00,1.5680,24.734571,46.700794,18.220,50.824,19.676
2025-12-27T17:27:47.287Z,204.800,0.000,-0.008,15.850,0.00,1.5680,24.734571,46.700794,18.220,50.824,19.676
2025-12-27T17:27:47.287Z,46.225,7.306,337.735,15.700,0.00,1.5720,24.734591,46.700832,18.220,51.043,19.591
2025-12-27T17:27:47.597Z,46.235,9.030,417.510,15.700,0.00,1.5720,24.734591,46.700832,18.256,50.943,19.630
2025-12-27T17:27:47.597Z,46.186,7.481,345.498,15.700,0.00,1.5720,24.734591,46.700832,18.256,50.943,19.630
2025-12-27T17:27:47.818Z,46.191,7.299,337.171,15.700,0.00,1.5720,24.734591,46.700832,18.276,50.885,19.652
2025-12-27T17:27:48.223Z,204.800,0.000,-0.008,15.700,0.00,1.5720,24.734591,46.700832,18.276,50.885,19.652
2025-12-27T17:27:48.223Z,46.288,7.196,333.086,15.700,0.00,1.5720,24.734591,46.700832,18.276,50.885,19.652
2025-12-27T17:27:48.525Z,204.800,0.000,-0.008,16.060,0.00,1.5770,24.734610,46.700871,18.276,51.159,19.547
2025-12-27T17:27:48.525Z,46.220,7.319,338.281,16.060,0.00,1.5770,24.734610,46.700871,18.276,51.159,19.547
2025-12-27T17:27:48.708Z,204.800,0.000,-0.008,16.060,0.00,1.5770,24.734610,46.700871,18.276,51.159,19.547
2025-12-27T17:27:48.708Z,46.198,7.150,330.303,16.060,0.00,1.5770,24.734610,46.700871,18.276,51.159,19.547
2025-12-27T17:27:49.239Z,46.239,7.519,347.654,16.060,0.00,1.5770,24.734610,46.700871,18.328,51.016,19.602
2025-12-27T17:27:49.240Z,204.800,7.726,1582.334,16.060,0.00,1.5770,24.734610,46.700871,18.328,51.015,19.602
2025-12-27T17:27:49.240Z,45.991,7.740,355.982,16.060,0.00,1.5770,24.734610,46.700871,18.328,51.015,19.602
2025-12-27T17:27:49.331Z,39.627,0.000,-0.002,15.980,0.00,1.5810,24.734629,46.700909,18.328,51.234,19.518
2025-12-27T17:27:49.536Z,45.996,7.654,352.070,15.980,0.00,1.5810,24.734629,46.700909,18.348,51.178,19.540
2025-12-27T17:27:49.536Z,204.800,0.000,-0.008,15.980,0.00,1.5810,24.734629,46.700909,18.348,51.178,19.540
2025-12-27T17:27:49.849Z,45.911,7.755,356.024,15.980,0.00,1.5810,24.734629,46.700909,18.379,51.092,19.573
2025-12-27T17:27:49.930Z,45.940,0.000,-0.002,15.980,0.00,1.5810,24.734629,46.700909,18.379,51.092,19.573
2025-12-27T17:27:50.269Z,45.906,7.960,365.404,15.980,0.00,1.5810,24.734629,46.700909,18.413,50.996,19.609
2025-12-27T17:27:50.269Z,45.858,0.000,-0.002,16.080,0.00,1.5860,24.734648,46.700947,18.413,51.268,19.505
2025-12-27T17:27:50.692Z,45.803,8.106,371.271,16.080,0.00,1.5860,24.734648,46.700947,18.457,51.147,19.552
2025-12-27T17:27:50.692Z,204.800,0.000,-0.008,16.080,0.00,1.5860,24.734648,46.700947,18.457,51.147,19.552
2025-12-27T17:27:50.764Z,45.755,8.306,380.025,16.080,0.00,1.5860,24.734648,46.700947,18.464,51.125,19.560
2025-12-27T17:27:51.015Z,45.659,8.128,371.124,16.080,0.00,1.5860,24.734648,46.700947,18.490,51.054,19.587
2025-12-27T17:27:51.015Z,42.059,0.000,-0.002,16.080,0.00,1.5860,24.734648,46.700947,18.490,51.054,19.587
2025-12-27T17:27:51.180Z,45.681,8.247,376.714,16.080,0.00,1.5860,24.734648,46.700947,18.508,51.006,19.605
2025-12-27T17:27:51.377Z,45.642,8.451,385.728,16.330,0.00,1.5900,24.734669,46.700985,18.529,51.164,19.545
2025-12-27T17:27:51.595Z,45.609,8.170,372.638,16.330,0.00,1.5900,24.734669,46.700985,18.551,51.102,19.569
2025-12-27T17:27:51.595Z,41.885,8.181,342.650,16.330,0.00,1.5900,24.734669,46.700985,18.551,51.102,19.569
2025-12-27T17:27:52.006Z,204.800,0.000,-0.008,16.330,0.00,1.5900,24.734669,46.700985,18.551,51.102,19.569
2025-12-27T17:27:52.006Z,45.557,8.214,374.200,16.330,0.00,1.5900,24.734669,46.700985,18.551,51.102,19.569
2025-12-27T17:27:52.083Z,45.702,8.036,367.256,16.330,0.00,1.5900,24.734669,46.700985,18.559,51.080,19.577
2025-12-27T17:27:52.287Z,45.676,8.261,377.336,16.430,0.00,1.5950,24.734688,46.701027,18.581,51.290,19.497
2025-12-27T17:27:52.725Z,45.654,8.600,392.598,16.430,0.00,1.5950,24.734688,46.701027,18.628,51.159,19.547
2025-12-27T17:27:52.725Z,45.836,7.823,358.589,16.430,0.00,1.5950,24.734688,46.701027,18.628,51.159,19.547
2025-12-27T17:27:53.026Z,45.690,8.598,392.856,16.430,0.00,1.5950,24.734688,46.701027,18.661,51.069,19.581
2025-12-27T17:27:53.026Z,45.672,7.875,359.659,16.430,0.00,1.5950,24.734688,46.701027,18.661,51.069,19.581
2025-12-27T17:27:53.434Z,45.826,8.472,388.225,16.430,0.00,1.5950,24.734688,46.701027,18.705,50.949,19.628
2025-12-27T17:27:53.434Z,45.781,8.114,371.471,16.690,0.00,1.5990,24.734709,46.701065,18.705,51.163,19.546
2025-12-27T17:27:53.434Z,204.800,0.000,-0.008,16.690,0.00,1.5990,24.734709,46.701065,18.705,51.163,19.546
2025-12-27T17:27:53.748Z,204.800,0.000,-0.008,16.690,0.00,1.5990,24.734709,46.701065,18.705,51.163,19.546
2025-12-27T17:27:53.748Z,204.800,0.000,-0.008,16.690,0.00,1.5990,24.734709,46.701065,18.705,51.163,19.546
2025-12-27T17:27:53.835Z,43.839,8.562,375.367,16.690,0.00,1.5990,24.734709,46.701065,18.714,51.138,19.555
2025-12-27T17:27:54.159Z,45.765,8.566,392.010,16.690,0.00,1.5990,24.734709,46.701065,18.749,51.041,19.592
2025-12-27T17:27:54.246Z,45.748,8.188,374.603,16.690,0.00,1.5990,24.734709,46.701065,18.759,51.017,19.601
2025-12-27T17:27:54.247Z,42.572,8.315,353.974,16.820,0.00,1.6040,24.734728,46.701107,18.759,51.283,19.500
2025-12-27T17:27:54.663Z,204.800,0.000,-0.008,16.820,0.00,1.6040,24.734728,46.701107,18.759,51.283,19.500
2025-12-27T17:27:55.071Z,44.987,8.786,395.271,16.820,0.00,1.6040,24.734728,46.701107,18.803,51.161,19.546
2025-12-27T17:27:55.071Z,45.505,8.485,386.105,16.820,0.00,1.6040,24.734728,46.701107,18.803,51.161,19.546
2025-12-27T17:27:55.071Z,45.476,8.550,388.826,16.820,0.00,1.6040,24.734728,46.701107,18.803,51.161,19.546
2025-12-27T17:27:55.160Z,45.354,8.563,388.345,16.820,0.00,1.6040,24.734728,46.701107,18.813,51.135,19.556
2025-12-27T17:27:55.488Z,45.352,9.309,422.190,16.820,0.00,1.6090,24.734749,46.701145,18.851,51.296,19.495
2025-12-27T17:27:55.489Z,45.352,8.760,397.292,16.820,0.00,1.6090,24.734749,46.701145,18.852,51.296,19.495
2025-12-27T17:27:55.688Z,204.800,8.739,1789.670,16.820,0.00,1.6090,24.734749,46.701145,18.950,51.028,19.597
2025-12-27T17:27:55.688Z,45.397,8.649,392.618,16.820,0.00,1.6090,24.734749,46.701145,18.950,51.028,19.597
2025-12-27T17:27:56.000Z,204.800,0.000,-0.008,16.820,0.00,1.6090,24.734749,46.701145,18.950,51.028,19.597
2025-12-27T17:27:56.076Z,45.443,8.692,395.000,16.820,0.00,1.6090,24.734749,46.701145,18.959,51.005,19.606
2025-12-27T17:27:56.711Z,204.800,0.000,-0.008,17.220,0.00,1.6130,24.734770,46.701187,18.959,51.216,19.525
2025-12-27T17:27:56.711Z,45.488,8.601,391.238,17.220,0.00,1.6130,24.734770,46.701187,18.959,51.216,19.525
2025-12-27T17:27:56.711Z,45.483,8.701,395.750,17.220,0.00,1.6130,24.734770,46.701187,18.959,51.216,19.525
2025-12-27T17:27:56.711Z,45.437,8.755,397.814,17.220,0.00,1.6130,24.734770,46.701187,18.959,51.216,19.525
2025-12-27T17:27:57.124Z,45.413,8.848,401.806,17.220,0.00,1.6130,24.734770,46.701187,19.005,51.092,19.573
2025-12-27T17:27:57.124Z,204.800,0.000,-0.008,17.220,0.00,1.6130,24.734770,46.701187,19.005,51.092,19.573
2025-12-27T17:27:57.124Z,45.521,8.861,403.366,17.220,0.00,1.6130,24.734770,46.701187,19.005,51.092,19.573
2025-12-27T17:27:57.438Z,204.800,0.000,-0.008,17.330,0.00,1.6180,24.734789,46.701229,19.005,51.355,19.472
2025-12-27T17:27:57.438Z,204.800,9.047,1852.756,17.330,0.00,1.6180,24.734789,46.701229,19.005,51.355,19.472
2025-12-27T17:27:57.841Z,45.239,8.689,393.087,17.330,0.00,1.6180,24.734789,46.701229,19.049,51.236,19.517
2025-12-27T17:27:57.841Z,45.404,9.121,414.113,17.330,0.00,1.6180,24.734789,46.701229,19.049,51.236,19.517
2025-12-27T17:27:58.246Z,204.800,0.000,-0.008,17.330,0.00,1.6180,24.734789,46.701229,19.049,51.236,19.517
2025-12-27T17:27:58.246Z,45.238,0.000,-0.002,17.330,0.00,1.6180,24.734789,46.701229,19.049,51.236,19.517
2025-12-27T17:27:58.351Z,45.003,8.543,384.437,17.430,0.00,1.6230,24.734810,46.701271,19.060,51.468,19.429
2025-12-27T17:27:58.351Z,45.049,8.676,390.825,17.430,0.00,1.6230,24.734810,46.701271,19.060,51.468,19.429
2025-12-27T17:27:58.757Z,45.255,9.027,408.512,17.430,0.00,1.6230,24.734810,46.701271,19.106,51.344,19.476
2025-12-27T17:27:58.858Z,45.390,9.226,418.781,17.430,0.00,1.6230,24.734810,46.701271,19.118,51.313,19.488
2025-12-27T17:27:58.858Z,45.249,8.682,392.841,17.430,0.00,1.6230,24.734810,46.701271,19.118,51.313,19.488
2025-12-27T17:27:59.060Z,204.800,0.000,-0.008,17.430,0.00,1.6230,24.734810,46.701271,19.118,51.313,19.488
2025-12-27T17:27:59.482Z,204.800,0.000,-0.008,17.430,0.00,1.6230,24.734810,46.701271,19.118,51.313,19.488
2025-12-27T17:27:59.482Z,204.800,0.000,-0.008,17.580,0.00,1.6280,24.734829,46.701317,19.118,51.574,19.389
2025-12-27T17:27:59.573Z,204.800,8.649,1771.350,17.580,0.00,1.6280,24.734829,46.701317,19.162,51.455,19.434
2025-12-27T17:27:59.573Z,45.290,9.211,417.167,17.580,0.00,1.6280,24.734829,46.701317,19.162,51.455,19.434
2025-12-27T17:27:59.884Z,45.499,10.273,467.409,17.580,0.00,1.6280,24.734829,46.701317,19.203,51.347,19.475
2025-12-27T17:27:59.976Z,45.283,10.746,486.588,17.580,0.00,1.6280,24.734829,46.701317,19.215,51.313,19.488
2025-12-27T17:28:00.299Z,45.017,8.792,395.813,17.580,0.00,1.6280,24.734829,46.701317,19.251,51.219,19.524
2025-12-27T17:28:00.415Z,204.800,0.000,-0.008,17.950,0.00,1.6330,24.734850,46.701359,19.251,51.479,19.426
2025-12-27T17:28:00.419Z,44.787,9.996,447.697,17.950,0.00,1.6330,24.734850,46.701359,19.251,51.477,19.426
2025-12-27T17:28:00.922Z,45.224,11.231,507.893,17.950,0.00,1.6330,24.734850,46.701359,19.322,51.288,19.498
2025-12-27T17:28:00.922Z,45.174,0.000,-0.002,17.950,0.00,1.6330,24.734850,46.701359,19.322,51.288,19.498
2025-12-27T17:28:01.221Z,44.535,9.514,423.696,17.950,0.00,1.6330,24.734850,46.701359,19.357,51.195,19.533
2025-12-27T17:28:01.221Z,45.233,11.258,509.250,17.950,0.00,1.6330,24.734850,46.701359,19.357,51.195,19.533
2025-12-27T17:28:01.300Z,204.800,0.000,-0.008,18.130,0.00,1.6380,24.734869,46.701405,19.357,51.453,19.435
2025-12-27T17:28:01.300Z,44.853,9.271,415.830,18.130,0.00,1.6380,24.734869,46.701405,19.357,51.453,19.435
2025-12-27T17:28:01.661Z,204.800,0.000,-0.008,18.130,0.00,1.6380,24.734869,46.701405,19.357,51.453,19.435
2025-12-27T17:28:01.661Z,45.139,12.449,561.926,18.130,0.00,1.6380,24.734869,46.701405,19.357,51.453,19.435
2025-12-27T17:28:02.244Z,204.800,0.000,-0.008,18.130,0.00,1.6380,24.734869,46.701405,19.357,51.453,19.435
2025-12-27T17:28:02.244Z,43.689,9.952,434.795,18.130,0.00,1.6380,24.734869,46.701405,19.357,51.453,19.435
2025-12-27T17:28:02.245Z,204.800,0.000,-0.008,18.130,0.00,1.6380,24.734869,46.701405,19.357,51.453,19.435
2025-12-27T17:28:02.245Z,44.922,12.235,549.614,18.320,0.00,1.6430,24.734888,46.701450,19.357,51.712,19.338
2025-12-27T17:28:02.654Z,44.763,9.749,436.388,18.320,0.00,1.6430,24.734888,46.701450,19.407,51.579,19.388
2025-12-27T17:28:02.740Z,44.446,11.363,505.034,18.320,0.00,1.6430,24.734888,46.701450,19.419,51.547,19.400
2025-12-27T17:28:02.740Z,204.800,0.000,-0.008,18.320,0.00,1.6430,24.734888,46.701450,19.419,51.547,19.400
2025-12-27T17:28:03.166Z,48.330,9.439,456.207,18.320,0.00,1.6430,24.734888,46.701450,19.473,51.405,19.454
2025-12-27T17:28:03.166Z,44.607,8.712,388.627,18.320,0.00,1.6430,24.734888,46.701450,19.473,51.405,19.454
2025-12-27T17:28:03.497Z,44.450,9.939,441.790,18.610,0.00,1.6480,24.734909,46.701496,19.514,51.554,19.397
2025-12-27T17:28:03.497Z,43.962,0.000,-0.002,18.610,0.00,1.6480,24.734909,46.701496,19.514,51.554,19.397
2025-12-27T17:28:04.333Z,44.747,11.618,519.852,18.610,0.00,1.6480,24.734909,46.701496,19.634,51.237,19.517
2025-12-27T17:28:04.333Z,204.800,0.000,-0.008,18.610,0.00,1.6480,24.734909,46.701496,19.634,51.237,19.517
2025-12-27T17:28:04.333Z,44.110,0.000,-0.002,18.610,0.00,1.6480,24.734909,46.701496,19.634,51.237,19.517
2025-12-27T17:28:04.333Z,204.800,0.000,-0.008,18.610,0.00,1.6480,24.734909,46.701496,19.634,51.237,19.517
2025-12-27T17:28:04.333Z,43.954,10.755,472.751,18.610,0.00,1.6480,24.734909,46.701496,19.634,51.237,19.517
2025-12-27T17:28:04.629Z,43.876,10.725,470.560,19.080,0.00,1.6530,24.734928,46.701542,19.673,51.390,19.459
2025-12-27T17:28:04.629Z,204.800,10.535,2157.482,19.080,0.00,1.6530,24.734928,46.701542,19.673,51.390,19.459
2025-12-27T17:28:04.693Z,43.689,10.995,480.387,19.080,0.00,1.6530,24.734928,46.701542,19.682,51.368,19.467
2025-12-27T17:28:04.912Z,43.838,12.028,527.302,19.080,0.00,1.6530,24.734928,46.701542,19.714,51.284,19.499
2025-12-27T17:28:05.097Z,44.075,0.000,-0.002,19.080,0.00,1.6530,24.734928,46.701542,19.714,51.284,19.499
2025-12-27T17:28:05.097Z,43.498,11.534,501.717,19.080,0.00,1.6530,24.734928,46.701542,19.714,51.284,19.499
2025-12-27T17:28:05.526Z,43.912,8.577,376.619,19.260,0.00,1.6590,24.734949,46.701591,19.758,51.472,19.428
2025-12-27T17:28:05.526Z,43.943,11.596,509.579,19.260,0.00,1.6590,24.734949,46.701591,19.759,51.471,19.428
2025-12-27T17:28:05.715Z,204.800,11.648,2385.560,19.260,0.00,1.6590,24.734949,46.701591,19.884,51.147,19.551
2025-12-27T17:28:05.715Z,43.425,12.369,537.109,19.260,0.00,1.6590,24.734949,46.701591,19.884,51.147,19.551
2025-12-27T17:28:06.132Z,61.427,11.998,736.976,19.260,0.00,1.6590,24.734949,46.701591,19.969,50.928,19.635
2025-12-27T17:28:06.133Z,43.455,12.628,548.767,19.260,0.00,1.6590,24.734949,46.701591,19.969,50.928,19.635
2025-12-27T17:28:06.444Z,43.572,12.145,529.166,19.390,0.00,1.6640,24.734970,46.701637,20.015,51.061,19.584
2025-12-27T17:28:06.444Z,204.800,0.000,-0.008,19.390,0.00,1.6640,24.734970,46.701637,20.015,51.061,19.584
2025-12-27T17:28:06.521Z,204.800,12.084,2474.802,19.390,0.00,1.6640,24.734970,46.701637,20.068,50.927,19.636
2025-12-27T17:28:06.975Z,43.714,11.589,506.603,19.390,0.00,1.6640,24.734970,46.701637,20.132,50.765,19.698
2025-12-27T17:28:06.975Z,43.813,12.147,532.202,19.390,0.00,1.6640,24.734970,46.701637,20.132,50.765,19.698
2025-12-27T17:28:06.977Z,43.798,11.367,497.834,19.390,0.00,1.6640,24.734970,46.701637,20.132,50.765,19.699
2025-12-27T17:28:07.363Z,204.800,0.000,-0.008,19.390,0.00,1.6640,24.734970,46.701637,20.132,50.765,19.699
2025-12-27T17:28:07.480Z,204.800,0.000,-0.008,19.740,0.00,1.6700,24.734993,46.701687,20.132,51.063,19.584
2025-12-27T17:28:07.480Z,204.800,8.546,1750.272,19.740,0.00,1.6700,24.734993,46.701687,20.132,51.063,19.584
2025-12-27T17:28:07.875Z,43.865,0.000,-0.002,19.740,0.00,1.6700,24.734993,46.701687,20.132,51.063,19.584
2025-12-27T17:28:07.875Z,44.017,10.938,481.465,19.740,0.00,1.6700,24.734993,46.701687,20.132,51.063,19.584
2025-12-27T17:28:08.295Z,43.981,10.726,471.757,19.740,0.00,1.6700,24.734993,46.701687,20.187,50.923,19.637
2025-12-27T17:28:08.318Z,44.000,0.000,-0.002,19.740,0.00,1.6700,24.734993,46.701687,20.187,50.923,19.637
2025-12-27T17:28:08.424Z,43.793,11.579,507.076,20.080,0.00,1.6750,24.735014,46.701736,20.202,51.133,19.557
2025-12-27T17:28:08.424Z,204.800,10.979,2248.451,20.080,0.00,1.6750,24.735014,46.701736,20.202,51.133,19.557
2025-12-27T17:28:08.801Z,44.202,11.197,494.924,20.080,0.00,1.6750,24.735014,46.701736,20.254,51.002,19.607
2025-12-27T17:28:08.801Z,44.146,10.651,470.208,20.080,0.00,1.6750,24.735014,46.701736,20.254,51.002,19.607
2025-12-27T17:28:09.215Z,204.800,0.000,-0.008,20.080,0.00,1.6750,24.735014,46.701736,20.254,51.002,19.607
2025-12-27T17:28:09.215Z,44.394,10.609,470.958,20.080,0.00,1.6750,24.735014,46.701736,20.254,51.002,19.607
2025-12-27T17:28:09.245Z,51.812,10.120,524.311,20.370,0.00,1.6810,24.735035,46.701786,20.258,51.287,19.498
2025-12-27T17:28:09.511Z,43.332,13.035,564.814,20.370,0.00,1.6810,24.735035,46.701786,20.300,51.182,19.538
2025-12-27T17:28:09.758Z,44.543,10.228,455.572,20.370,0.00,1.6810,24.735035,46.701786,20.331,51.103,19.568
2025-12-27T17:28:09.758Z,42.179,15.608,658.302,20.370,0.00,1.6810,24.735035,46.701786,20.331,51.103,19.568
2025-12-27T17:28:09.919Z,44.030,10.952,482.243,20.370,0.00,1.6810,24.735035,46.701786,20.353,51.049,19.589
2025-12-27T17:28:10.229Z,43.497,12.214,531.260,20.370,0.00,1.6810,24.735035,46.701786,20.399,50.934,19.633
2025-12-27T17:28:10.229Z,44.079,11.061,487.564,20.370,0.00,1.6810,24.735035,46.701786,20.399,50.934,19.633
2025-12-27T17:28:10.636Z,44.213,10.688,472.567,20.650,0.00,1.6860,24.735054,46.701839,20.452,51.046,19.590
2025-12-27T17:28:10.636Z,44.302,10.559,467.796,20.650,0.00,1.6860,24.735054,46.701839,20.452,51.046,19.590
2025-12-27T17:28:11.049Z,204.800,0.000,-0.008,20.650,0.00,1.6860,24.735054,46.701839,20.452,51.046,19.590
2025-12-27T17:28:11.049Z,204.800,0.000,-0.008,20.650,0.00,1.6860,24.735054,46.701839,20.452,51.046,19.590
2025-12-27T17:28:11.055Z,204.800,8.680,1777.647,20.650,0.00,1.6860,24.735054,46.701839,20.455,51.039,19.593
2025-12-27T17:28:11.055Z,44.207,0.000,-0.002,20.650,0.00,1.6860,24.735054,46.701839,20.455,51.039,19.593
2025-12-27T17:28:11.577Z,204.800,0.000,-0.008,20.890,0.00,1.6920,24.735075,46.701893,20.455,51.332,19.481
2025-12-27T17:28:11.577Z,44.306,0.000,-0.002,20.890,0.00,1.6920,24.735075,46.701893,20.455,51.332,19.481
2025-12-27T17:28:11.677Z,204.800,10.701,2191.631,20.890,0.00,1.6920,24.735075,46.701893,20.516,51.179,19.539
2025-12-27T17:28:11.677Z,44.530,10.125,450.881,20.890,0.00,1.6920,24.735075,46.701893,20.516,51.179,19.539
2025-12-27T17:28:12.070Z,43.534,12.036,523.989,20.890,0.00,1.6920,24.735075,46.701893,20.573,51.037,19.594
2025-12-27T17:28:12.634Z,44.533,10.329,459.979,20.890,0.00,1.6920,24.735075,46.701893,20.645,50.859,19.662
2025-12-27T17:28:12.634Z,44.152,11.139,491.830,21.370,0.00,1.6980,24.735096,46.701946,20.645,51.149,19.551
2025-12-27T17:28:12.634Z,45.468,8.027,364.990,21.370,0.00,1.6980,24.735096,46.701946,20.645,51.149,19.551
2025-12-27T17:28:12.634Z,43.626,11.803,514.908,21.370,0.00,1.6980,24.735096,46.701946,20.645,51.149,19.551
2025-12-27T17:28:12.682Z,44.273,10.734,475.230,21.370,0.00,1.6980,24.735096,46.701946,20.652,51.134,19.557
2025-12-27T17:28:12.880Z,204.800,0.000,-0.008,21.370,0.00,1.6980,24.735096,46.701946,20.652,51.134,19.557
2025-12-27T17:28:13.240Z,44.273,10.653,471.630,21.370,0.00,1.6980,24.735096,46.701946,20.699,51.017,19.601
2025-12-27T17:28:13.240Z,204.800,0.000,-0.008,21.370,0.00,1.6980,24.735096,46.701946,20.699,51.017,19.601
2025-12-27T17:28:13.551Z,204.800,10.866,2225.326,21.610,0.00,1.7040,24.735119,46.702000,20.891,50.836,19.671
2025-12-27T17:28:13.551Z,43.065,12.992,559.482,21.610,0.00,1.7040,24.735119,46.702000,20.891,50.836,19.671
2025-12-27T17:28:13.953Z,43.894,11.480,503.920,21.610,0.00,1.7040,24.735119,46.702000,20.947,50.699,19.724
2025-12-27T17:28:13.953Z,43.976,11.149,490.302,21.610,0.00,1.7040,24.735119,46.702000,20.947,50.699,19.724
2025-12-27T17:28:14.279Z,43.865,11.593,508.524,21.610,0.00,1.7040,24.735119,46.702000,20.993,50.588,19.768
2025-12-27T17:28:14.279Z,43.816,11.272,493.893,21.610,0.00,1.7040,24.735119,46.702000,20.993,50.588,19.768
2025-12-27T17:28:14.731Z,43.809,11.522,504.776,21.980,0.00,1.7100,24.735142,46.702053,21.057,50.720,19.716
2025-12-27T17:28:14.732Z,43.665,11.401,497.828,21.980,0.00,1.7100,24.735142,46.702053,21.057,50.720,19.716
2025-12-27T17:28:14.732Z,43.615,11.673,509.137,21.980,0.00,1.7100,24.735142,46.702053,21.057,50.720,19.716
2025-12-27T17:28:14.739Z,43.574,11.538,502.741,21.980,0.00,1.7100,24.735142,46.702053,21.058,50.718,19.717
2025-12-27T17:28:15.148Z,43.838,11.350,497.545,21.980,0.00,1.7100,24.735142,46.702053,21.114,50.582,19.770
2025-12-27T17:28:15.148Z,43.807,11.632,509.570,21.980,0.00,1.7100,24.735142,46.702053,21.114,50.582,19.770
2025-12-27T17:28:15.221Z,43.794,11.603,508.146,21.980,0.00,1.7100,24.735142,46.702053,21.125,50.557,19.780
2025-12-27T17:28:15.560Z,204.800,8.558,1752.600,22.370,0.00,1.7160,24.735165,46.702110,21.289,50.448,19.822
2025-12-27T17:28:15.560Z,44.020,11.346,499.441,22.370,0.00,1.7160,24.735165,46.702110,21.289,50.448,19.822
2025-12-27T17:28:15.641Z,204.800,0.000,-0.008,22.370,0.00,1.7160,24.735165,46.702110,21.289,50.448,19.822
2025-12-27T17:28:16.296Z,44.258,10.781,477.169,22.370,0.00,1.7160,24.735165,46.702110,21.376,50.243,19.903
2025-12-27T17:28:16.298Z,44.533,9.581,426.655,22.370,0.00,1.7160,24.735165,46.702110,21.376,50.243,19.903
2025-12-27T17:28:16.298Z,44.486,9.839,437.719,22.370,0.00,1.7160,24.735165,46.702110,21.376,50.243,19.903
2025-12-27T17:28:16.498Z,204.800,0.000,-0.008,22.450,0.00,1.7230,24.735189,46.702168,21.376,50.570,19.775
2025-12-27T17:28:16.499Z,44.350,10.184,451.651,22.450,0.00,1.7230,24.735189,46.702168,21.376,50.570,19.775
2025-12-27T17:28:17.030Z,44.441,10.445,464.177,22.450,0.00,1.7230,24.735189,46.702168,21.445,50.408,19.838
2025-12-27T17:28:17.030Z,44.368,10.273,455.782,22.450,0.00,1.7230,24.735189,46.702168,21.445,50.408,19.838
2025-12-27T17:28:17.030Z,51.201,10.000,512.023,22.450,0.00,1.7230,24.735189,46.702168,21.445,50.408,19.838
2025-12-27T17:28:17.273Z,44.504,10.197,453.816,22.450,0.00,1.7230,24.735189,46.702168,21.476,50.336,19.866
2025-12-27T17:28:17.273Z,51.415,10.042,516.310,22.580,0.00,1.7290,24.735212,46.702221,21.476,50.616,19.757
2025-12-27T17:28:17.377Z,44.567,9.856,439.245,22.580,0.00,1.7290,24.735212,46.702221,21.488,50.586,19.768
2025-12-27T17:28:17.910Z,204.800,0.000,-0.008,22.580,0.00,1.7290,24.735212,46.702221,21.488,50.586,19.768
2025-12-27T17:28:17.910Z,44.492,9.884,439.765,22.580,0.00,1.7290,24.735212,46.702221,21.488,50.586,19.768
2025-12-27T17:28:17.910Z,204.800,9.846,2016.396,22.580,0.00,1.7290,24.735212,46.702221,21.488,50.586,19.768
2025-12-27T17:28:18.218Z,44.584,9.967,444.384,22.580,0.00,1.7290,24.735212,46.702221,21.526,50.497,19.803
2025-12-27T17:28:18.218Z,204.800,0.000,-0.008,22.580,0.00,1.7290,24.735212,46.702221,21.526,50.497,19.803
2025-12-27T17:28:18.641Z,44.360,10.279,455.971,22.780,0.00,1.7350,24.735237,46.702278,21.580,50.649,19.744
2025-12-27T17:28:18.641Z,44.433,10.200,453.203,22.780,0.00,1.7350,24.735237,46.702278,21.580,50.649,19.744
2025-12-27T17:28:18.727Z,44.414,0.000,-0.002,22.780,0.00,1.7350,24.735237,46.702278,21.580,50.649,19.744
2025-12-27T17:28:18.728Z,46.308,6.516,301.733,22.780,0.00,1.7350,24.735237,46.702278,21.580,50.649,19.744
2025-12-27T17:28:18.938Z,46.988,4.629,217.522,22.780,0.00,1.7350,24.735237,46.702278,21.593,50.619,19.755
2025-12-27T17:28:19.115Z,48.465,2.070,100.319,22.780,0.00,1.7350,24.735237,46.702278,21.597,50.608,19.760
2025-12-27T17:28:19.441Z,49.561,-0.139,-6.903,22.950,0.00,1.7420,24.735262,46.702335,21.597,50.933,19.633
2025-12-27T17:28:19.755Z,49.588,-0.100,-4.943,22.950,0.00,1.7420,24.735262,46.702335,21.596,50.934,19.633
2025-12-27T17:28:19.755Z,49.601,-0.058,-2.870,22.950,0.00,1.7420,24.735262,46.702335,21.596,50.934,19.633
2025-12-27T17:28:19.899Z,49.609,-0.132,-6.546,22.950,0.00,1.7420,24.735262,46.702335,21.596,50.935,19.633
2025-12-27T17:28:19.899Z,49.629,-0.224,-11.106,22.950,0.00,1.7420,24.735262,46.702335,21.596,50.935,19.633
2025-12-27T17:28:20.367Z,49.639,-0.198,-9.843,22.950,0.00,1.7420,24.735262,46.702335,21.595,50.938,19.632
2025-12-27T17:28:20.368Z,49.645,-0.123,-6.111,21.340,0.00,1.7480,24.735287,46.702389,21.595,51.216,19.525
2025-12-27T17:28:20.368Z,49.657,-0.069,-3.449,21.340,0.00,1.7480,24.735287,46.702389,21.595,51.216,19.525
2025-12-27T17:28:20.777Z,49.663,-0.128,-6.377,21.340,0.00,1.7480,24.735287,46.702389,21.594,51.218,19.525
2025-12-27T17:28:20.778Z,49.671,-0.159,-7.890,21.340,0.00,1.7480,24.735287,46.702389,21.594,51.218,19.525
2025-12-27T17:28:21.029Z,49.679,-0.167,-8.312,21.340,0.00,1.7480,24.735287,46.702389,21.594,51.219,19.524
2025-12-27T17:28:21.029Z,49.691,-0.097,-4.836,21.340,0.00,1.7480,24.735287,46.702389,21.594,51.219,19.524
2025-12-27T17:28:21.381Z,49.695,-0.137,-6.794,21.340,0.00,1.7480,24.735287,46.702389,21.593,51.221,19.523
2025-12-27T17:28:21.382Z,49.705,-0.155,-7.723,19.670,0.00,1.7530,24.735313,46.702435,21.593,51.452,19.436
2025-12-27T17:28:21.578Z,49.712,-0.153,-7.595,19.670,0.00,1.7530,24.735313,46.702435,21.592,51.453,19.435
2025-12-27T17:28:21.578Z,49.723,-0.200,-9.954,19.670,0.00,1.7530,24.735313,46.702435,21.592,51.453,19.435
2025-12-27T17:28:21.773Z,49.728,-0.057,-2.844,19.670,0.00,1.7530,24.735313,46.702435,21.592,51.453,19.435
2025-12-27T17:28:22.006Z,49.732,-0.122,-6.082,19.670,0.00,1.7530,24.735313,46.702435,21.592,51.454,19.435
2025-12-27T17:28:22.203Z,49.742,-0.044,-2.201,19.670,0.00,1.7530,24.735313,46.702435,21.592,51.455,19.435
2025-12-27T17:28:22.203Z,49.748,-0.194,-9.669,18.040,0.00,1.7590,24.735338,46.702480,21.592,51.733,19.330
2025-12-27T17:28:22.419Z,49.753,-0.185,-9.192,18.040,0.00,1.7590,24.735338,46.702480,21.591,51.734,19.330
2025-12-27T17:28:22.826Z,49.757,-0.164,-8.167,18.040,0.00,1.7590,24.735338,46.702480,21.590,51.736,19.329
2025-12-27T17:28:22.927Z,49.764,-0.136,-6.752,18.040,0.00,1.7590,24.735338,46.702480,21.590,51.737,19.329
2025-12-27T17:28:22.928Z,49.774,-0.149,-7.416,18.040,0.00,1.7590,24.735338,46.702480,21.590,51.737,19.329
2025-12-27T17:28:23.337Z,49.776,-0.171,-8.526,18.040,0.00,1.7590,24.735338,46.702480,21.589,51.739,19.328
2025-12-27T17:28:23.337Z,49.780,-0.167,-8.333,18.040,0.00,1.7590,24.735338,46.702480,21.589,51.739,19.328
2025-12-27T17:28:23.434Z,49.786,-0.131,-6.541,16.670,0.00,1.7630,24.735359,46.702518,21.589,51.925,19.259
2025-12-27T17:28:23.434Z,49.796,-0.032,-1.605,16.670,0.00,1.7630,24.735359,46.702518,21.589,51.925,19.259
2025-12-27T17:28:23.749Z,49.802,-0.114,-5.656,16.670,0.00,1.7630,24.735359,46.702518,21.589,51.926,19.258
2025-12-27T17:28:23.835Z,49.803,-0.161,-8.040,16.670,0.00,1.7630,24.735359,46.702518,21.588,51.926,19.258
2025-12-27T17:28:24.256Z,49.808,-0.163,-8.140,16.670,0.00,1.7630,24.735359,46.702518,21.587,51.929,19.257
2025-12-27T17:28:24.669Z,49.816,-0.066,-3.270,16.670,0.00,1.7630,24.735359,46.702518,21.587,51.929,19.257
2025-12-27T17:28:24.669Z,49.823,-0.031,-1.536,15.060,0.00,1.7670,24.735380,46.702553,21.587,52.115,19.188
2025-12-27T17:28:24.669Z,49.824,-0.160,-7.964,15.060,0.00,1.7670,24.735380,46.702553,21.587,52.115,19.188
2025-12-27T17:28:24.670Z,49.829,-0.163,-8.139,15.060,0.00,1.7670,24.735380,46.702553,21.587,52.115,19.188
2025-12-27T17:28:24.977Z,49.837,-0.186,-9.268,15.060,0.00,1.7670,24.735380,46.702553,21.586,52.117,19.188
2025-12-27T17:28:24.977Z,49.838,-0.129,-6.434,15.060,0.00,1.7670,24.735380,46.702553,21.586,52.117,19.188
2025-12-27T17:28:25.266Z,49.846,-0.052,-2.605,15.060,0.00,1.7670,24.735380,46.702553,21.586,52.117,19.188
2025-12-27T17:28:25.267Z,49.846,-0.134,-6.674,13.330,0.00,1.7710,24.735399,46.702587,21.586,52.302,19.120
2025-12-27T17:28:25.727Z,49.855,-0.211,-10.540,13.330,0.00,1.7710,24.735399,46.702587,21.585,52.306,19.118
2025-12-27T17:28:25.727Z,49.855,-0.153,-7.649,13.330,0.00,1.7710,24.735399,46.702587,21.585,52.306,19.118
2025-12-27T17:28:25.779Z,49.861,-0.147,-7.349,13.330,0.00,1.7710,24.735399,46.702587,21.585,52.306,19.118
2025-12-27T17:28:25.779Z,49.870,-0.026,-1.273,13.330,0.00,1.7710,24.735399,46.702587,21.585,52.306,19.118
2025-12-27T17:28:26.111Z,49.874,-0.186,-9.263,13.330,0.00,1.7710,24.735399,46.702587,21.584,52.308,19.118
2025-12-27T17:28:26.513Z,49.874,-0.178,-8.881,13.330,0.00,1.7710,24.735399,46.702587,21.583,52.310,19.117
2025-12-27T17:28:26.513Z,49.881,-0.201,-10.015,11.630,0.00,1.7750,24.735416,46.702614,21.583,52.496,19.049
2025-12-27T17:28:26.716Z,49.886,-0.031,-1.566,11.630,0.00,1.7750,24.735416,46.702614,21.583,52.496,19.049
2025-12-27T17:28:26.716Z,49.889,-0.052,-2.577,11.630,0.00,1.7750,24.735416,46.702614,21.583,52.496,19.049
2025-12-27T17:28:27.127Z,49.889,-0.148,-7.371,11.630,0.00,1.7750,24.735416,46.702614,21.582,52.498,19.048
2025-12-27T17:28:27.127Z,49.898,-0.229,-11.423,11.630,0.00,1.7750,24.735416,46.702614,21.582,52.498,19.048
2025-12-27T17:28:27.537Z,49.899,-0.192,-9.586,11.630,0.00,1.7750,24.735416,46.702614,21.581,52.501,19.047
2025-12-27T17:28:27.538Z,49.907,-0.046,-2.311,10.460,0.00,1.7770,24.735424,46.702641,21.581,52.593,19.014
2025-12-27T17:28:27.538Z,49.907,-0.148,-7.370,10.460,0.00,1.7770,24.735424,46.702641,21.581,52.593,19.014
2025-12-27T17:28:27.622Z,49.911,-0.174,-8.674,10.460,0.00,1.7770,24.735424,46.702641,21.580,52.594,19.014
2025-12-27T17:28:28.069Z,49.915,-0.182,-9.083,10.460,0.00,1.7770,24.735424,46.702641,21.579,52.597,19.013
2025-12-27T17:28:28.069Z,49.918,-0.180,-8.992,10.460,0.00,1.7770,24.735424,46.702641,21.579,52.597,19.013
2025-12-27T17:28:28.134Z,49.922,-0.155,-7.730,10.460,0.00,1.7770,24.735424,46.702641,21.579,52.597,19.013
2025-12-27T17:28:28.134Z,49.929,-0.038,-1.916,9.190,0.00,1.7800,24.735422,46.702667,21.579,52.736,18.962
2025-12-27T17:28:28.335Z,49.932,-0.074,-3.682,9.190,0.00,1.7800,24.735422,46.702667,21.579,52.736,18.962
2025-12-27T17:28:28.555Z,49.931,-0.161,-8.044,9.190,0.00,1.7800,24.735422,46.702667,21.578,52.738,18.962
2025-12-27T17:28:28.758Z,49.937,-0.182,-9.077,9.190,0.00,1.7800,24.735422,46.702667,21.578,52.739,18.961
2025-12-27T17:28:29.195Z,49.945,-0.047,-2.343,9.190,0.00,1.7800,24.735422,46.702667,21.578,52.740,18.961
2025-12-27T17:28:29.195Z,49.944,-0.154,-7.707,9.190,0.00,1.7800,24.735422,46.702667,21.578,52.740,18.961
2025-12-27T17:28:29.267Z,49.947,-0.178,-8.900,9.190,0.00,1.7800,24.735422,46.702667,21.578,52.740,18.961
2025-12-27T17:28:29.267Z,49.954,-0.213,-10.631,7.570,0.00,1.7820,24.735415,46.702686,21.578,52.833,18.928
2025-12-27T17:28:29.589Z,49.955,-0.212,-10.599,7.570,0.00,1.7820,24.735415,46.702686,21.577,52.835,18.927
2025-12-27T17:28:29.929Z,49.957,-0.128,-6.396,7.570,0.00,1.7820,24.735415,46.702686,21.576,52.837,18.926
2025-12-27T17:28:29.930Z,49.963,-0.032,-1.620,7.570,0.00,1.7820,24.735415,46.702686,21.576,52.837,18.926
2025-12-27T17:28:29.988Z,49.966,-0.199,-9.942,7.570,0.00,1.7820,24.735415,46.702686,21.576,52.837,18.926
2025-12-27T17:28:30.297Z,49.625,0.401,19.883,7.570,0.00,1.7820,24.735415,46.702686,21.578,52.833,18.928
2025-12-27T17:28:30.297Z,49.124,1.374,67.496,6.800,0.00,1.7840,24.735403,46.702702,21.578,52.925,18.894
2025-12-27T17:28:30.488Z,49.285,1.122,55.308,6.800,0.00,1.7840,24.735403,46.702702,21.580,52.918,18.897
2025-12-27T17:28:31.032Z,49.401,0.972,48.004,6.800,0.00,1.7840,24.735403,46.702702,21.588,52.901,18.903
2025-12-27T17:28:31.032Z,49.587,0.507,25.156,6.800,0.00,1.7840,24.735403,46.702702,21.588,52.901,18.903
2025-12-27T17:28:31.032Z,49.761,0.191,9.514,6.800,0.00,1.7840,24.735403,46.702702,21.588,52.901,18.903
2025-12-27T17:28:31.259Z,48.870,2.034,99.400,6.800,0.00,1.7840,24.735403,46.702702,21.594,52.885,18.909
2025-12-27T17:28:31.259Z,48.882,2.053,100.350,6.240,0.00,1.7860,24.735388,46.702705,21.594,52.978,18.876
2025-12-27T17:28:31.632Z,49.012,1.698,83.247,6.240,0.00,1.7860,24.735388,46.702705,21.603,52.957,18.883
2025-12-27T17:28:31.633Z,49.150,1.324,65.073,6.240,0.00,1.7860,24.735388,46.702705,21.603,52.957,18.883
2025-12-27T17:28:31.859Z,49.372,0.887,43.808,6.240,0.00,1.7860,24.735388,46.702705,21.605,52.950,18.886
2025-12-27T17:28:31.859Z,49.412,0.742,36.688,6.240,0.00,1.7860,24.735388,46.702705,21.605,52.950,18.886
2025-12-27T17:28:32.269Z,49.414,0.932,46.052,6.240,0.00,1.7860,24.735388,46.702705,21.611,52.937,18.890
2025-12-27T17:28:32.269Z,49.376,1.007,49.703,6.240,0.00,1.7860,24.735388,46.702705,21.611,52.937,18.890
2025-12-27T17:28:32.330Z,49.411,0.922,45.562,5.720,0.00,1.7880,24.735374,46.702709,21.611,53.028,18.858
2025-12-27T17:28:32.758Z,49.294,1.034,50.984,5.720,0.00,1.7880,24.735374,46.702709,21.617,53.013,18.863
2025-12-27T17:28:32.759Z,49.419,0.827,40.854,5.720,0.00,1.7880,24.735374,46.702709,21.617,53.013,18.863
2025-12-27T17:28:33.065Z,48.973,1.753,85.850,5.720,0.00,1.7880,24.735374,46.702709,21.625,52.995,18.870
2025-12-27T17:28:33.065Z,47.966,3.894,186.757,5.720,0.00,1.7880,24.735374,46.702709,21.625,52.995,18.870
2025-12-27T17:28:33.167Z,48.080,3.618,173.970,5.720,0.00,1.7880,24.735374,46.702709,21.630,52.983,18.874
2025-12-27T17:28:33.351Z,48.272,3.263,157.527,5.330,0.00,1.7890,24.735361,46.702705,21.638,53.009,18.865
2025-12-27T17:28:33.351Z,24.514,4.788,117.373,5.330,0.00,1.7890,24.735361,46.702705,21.638,53.009,18.865
2025-12-27T17:28:33.678Z,47.253,5.366,253.581,5.330,0.00,1.7890,24.735361,46.702705,21.661,52.953,18.885
2025-12-27T17:28:33.767Z,47.071,5.838,274.780,5.330,0.00,1.7890,24.735361,46.702705,21.668,52.936,18.891
2025-12-27T17:28:34.188Z,204.800,5.679,1163.061,5.330,0.00,1.7890,24.735361,46.702705,21.804,52.606,19.009
2025-12-27T17:28:34.188Z,46.858,5.866,274.859,5.330,0.00,1.7890,24.735361,46.702705,21.804,52.606,19.009
2025-12-27T17:28:34.278Z,46.865,5.871,275.148,5.330,0.00,1.7890,24.735361,46.702705,21.810,52.589,19.015
2025-12-27T17:28:34.278Z,46.826,0.000,-0.002,5.650,0.00,1.7910,24.735350,46.702698,21.810,52.681,18.982
2025-12-27T17:28:34.474Z,47.209,5.274,249.001,5.650,0.00,1.7910,24.735350,46.702698,21.824,52.648,18.994
2025-12-27T17:28:34.701Z,47.214,5.227,246.785,5.650,0.00,1.7910,24.735350,46.702698,21.840,52.611,19.007
2025-12-27T17:28:35.213Z,47.184,5.237,247.091,5.650,0.00,1.7910,24.735350,46.702698,21.875,52.526,19.038
2025-12-27T17:28:35.213Z,47.026,5.634,264.939,5.650,0.00,1.7910,24.735350,46.702698,21.875,52.526,19.038
2025-12-27T17:28:35.213Z,46.976,5.789,271.953,5.650,0.00,1.7910,24.735350,46.702698,21.875,52.526,19.038
2025-12-27T17:28:35.620Z,204.800,0.000,-0.008,6.540,0.00,1.7920,24.735338,46.702686,21.875,52.572,19.022
2025-12-27T17:28:35.620Z,47.377,4.784,226.631,6.540,0.00,1.7920,24.735338,46.702686,21.875,52.572,19.022
2025-12-27T17:28:35.620Z,46.883,6.352,297.798,6.540,0.00,1.7920,24.735338,46.702686,21.875,52.572,19.022
2025-12-27T17:28:35.714Z,47.021,5.682,267.170,6.540,0.00,1.7920,24.735338,46.702686,21.882,52.555,19.028
2025-12-27T17:28:36.130Z,204.800,0.000,-0.008,6.540,0.00,1.7920,24.735338,46.702686,21.882,52.555,19.028
2025-12-27T17:28:36.130Z,47.059,5.638,265.329,6.540,0.00,1.7920,24.735338,46.702686,21.882,52.555,19.028
2025-12-27T17:28:36.467Z,47.164,5.361,252.834,7.720,0.00,1.7940,24.735331,46.702667,21.905,52.590,19.015
2025-12-27T17:28:36.467Z,46.737,5.351,250.071,7.720,0.00,1.7940,24.735331,46.702667,21.905,52.590,19.015
2025-12-27T17:28:36.766Z,46.414,5.903,273.989,7.720,0.00,1.7940,24.735331,46.702667,21.928,52.535,19.035
2025-12-27T17:28:36.766Z,46.462,7.320,340.080,7.720,0.00,1.7940,24.735331,46.702667,21.928,52.535,19.035
2025-12-27T17:28:37.158Z,46.679,7.413,346.025,7.720,0.00,1.7940,24.735331,46.702667,21.966,52.445,19.068
2025-12-27T17:28:37.158Z,47.118,7.891,371.809,7.720,0.00,1.7940,24.735331,46.702667,21.966,52.445,19.068
2025-12-27T17:28:37.269Z,45.850,6.488,297.491,7.720,0.00,1.7940,24.735331,46.702667,21.975,52.423,19.076
2025-12-27T17:28:37.269Z,45.895,5.532,253.875,9.060,0.00,1.7970,24.735325,46.702644,21.975,52.560,19.026
2025-12-27T17:28:37.777Z,45.877,8.979,411.920,9.060,0.00,1.7970,24.735325,46.702644,22.033,52.421,19.076
2025-12-27T17:28:37.777Z,45.711,8.312,379.942,9.060,0.00,1.7970,24.735325,46.702644,22.033,52.421,19.076
2025-12-27T17:28:37.875Z,45.532,8.520,387.956,9.060,0.00,1.7970,24.735325,46.702644,22.044,52.396,19.085
2025-12-27T17:28:38.092Z,45.734,7.807,357.056,9.060,0.00,1.7970,24.735325,46.702644,22.065,52.345,19.104
2025-12-27T17:28:38.095Z,45.867,7.479,343.017,9.060,0.00,1.7970,24.735325,46.702644,22.066,52.344,19.104
2025-12-27T17:28:38.390Z,46.128,8.022,370.039,9.720,0.00,1.8000,24.735321,46.702618,22.096,52.408,19.081
2025-12-27T17:28:38.466Z,46.099,9.004,415.070,9.720,0.00,1.8000,24.735321,46.702618,22.105,52.387,19.089
2025-12-27T17:28:38.938Z,46.184,6.877,317.623,9.720,0.00,1.8000,24.735321,46.702618,22.146,52.289,19.125
2025-12-27T17:28:38.938Z,46.405,0.000,-0.002,9.720,0.00,1.8000,24.735321,46.702618,22.146,52.289,19.125
2025-12-27T17:28:38.990Z,46.220,7.077,327.116,9.720,0.00,1.8000,24.735321,46.702618,22.151,52.278,19.129
2025-12-27T17:28:38.991Z,204.800,0.000,-0.008,9.720,0.00,1.8000,24.735321,46.702618,22.151,52.278,19.129
2025-12-27T17:28:39.311Z,204.800,0.000,-0.008,10.390,0.00,1.8020,24.735317,46.702591,22.151,52.368,19.096
2025-12-27T17:28:39.400Z,46.282,7.294,337.585,10.390,0.00,1.8020,24.735317,46.702591,22.159,52.348,19.103
2025-12-27T17:28:39.732Z,46.012,7.440,342.336,10.390,0.00,1.8020,24.735317,46.702591,22.191,52.274,19.130
2025-12-27T17:28:39.732Z,45.901,7.613,349.451,10.390,0.00,1.8020,24.735317,46.702591,22.191,52.274,19.130
2025-12-27T17:28:40.127Z,45.987,7.709,354.522,10.390,0.00,1.8020,24.735317,46.702591,22.230,52.182,19.164
2025-12-27T17:28:40.127Z,46.121,7.706,355.395,10.390,0.00,1.8020,24.735317,46.702591,22.230,52.182,19.164
2025-12-27T17:28:40.210Z,46.038,7.725,355.662,10.390,0.00,1.8020,24.735317,46.702591,22.238,52.163,19.171
2025-12-27T17:28:40.556Z,45.948,7.936,364.645,11.060,0.00,1.8050,24.735312,46.702560,22.273,52.216,19.151
2025-12-27T17:28:40.556Z,46.075,7.083,326.362,11.060,0.00,1.8050,24.735312,46.702560,22.273,52.216,19.151
2025-12-27T17:28:40.781Z,46.339,7.169,332.206,11.060,0.00,1.8050,24.735312,46.702560,22.294,52.167,19.169
2025-12-27T17:28:40.781Z,204.800,0.000,-0.008,11.060,0.00,1.8050,24.735312,46.702560,22.294,52.167,19.169
2025-12-27T17:28:41.053Z,204.800,6.901,1413.366,11.060,0.00,1.8050,24.735312,46.702560,22.400,51.919,19.261
2025-12-27T17:28:41.146Z,46.275,6.976,322.806,11.060,0.00,1.8050,24.735312,46.702560,22.409,51.900,19.268
2025-12-27T17:28:41.667Z,204.800,0.000,-0.008,11.460,0.00,1.8090,24.735308,46.702530,22.409,52.078,19.202
2025-12-27T17:28:41.667Z,46.458,6.863,318.827,11.460,0.00,1.8090,24.735308,46.702530,22.409,52.078,19.202
2025-12-27T17:28:41.757Z,46.276,7.043,325.916,11.460,0.00,1.8090,24.735308,46.702530,22.417,52.059,19.209
2025-12-27T17:28:41.757Z,204.800,0.000,-0.008,11.460,0.00,1.8090,24.735308,46.702530,22.417,52.059,19.209
2025-12-27T17:28:42.282Z,46.293,0.000,-0.002,11.460,0.00,1.8090,24.735308,46.702530,22.417,52.059,19.209
2025-12-27T17:28:42.282Z,46.267,6.595,305.108,11.460,0.00,1.8090,24.735308,46.702530,22.417,52.059,19.209
2025-12-27T17:28:42.283Z,204.800,7.184,1471.202,11.460,0.00,1.8090,24.735308,46.702530,22.417,52.059,19.209
2025-12-27T17:28:42.361Z,204.800,0.000,-0.008,12.000,0.00,1.8120,24.735300,46.702499,22.417,52.193,19.160
2025-12-27T17:28:42.794Z,46.322,6.693,310.017,12.000,0.00,1.8120,24.735300,46.702499,22.454,52.106,19.192
2025-12-27T17:28:42.797Z,46.262,6.685,309.258,12.000,0.00,1.8120,24.735300,46.702499,22.454,52.106,19.192
2025-12-27T17:28:42.797Z,46.372,6.445,298.873,12.000,0.00,1.8120,24.735300,46.702499,22.454,52.106,19.192
2025-12-27T17:28:43.303Z,46.523,0.000,-0.002,12.000,0.00,1.8120,24.735300,46.702499,22.454,52.106,19.192
2025-12-27T17:28:43.303Z,46.440,6.557,304.498,12.000,0.00,1.8120,24.735300,46.702499,22.454,52.106,19.192
2025-12-27T17:28:43.410Z,46.467,6.686,310.661,12.870,0.00,1.8150,24.735292,46.702465,22.464,52.218,19.151
2025-12-27T17:28:43.410Z,46.462,6.290,292.264,12.870,0.00,1.8150,24.735292,46.702465,22.464,52.218,19.151
2025-12-27T17:28:43.713Z,46.295,6.837,316.530,12.870,0.00,1.8150,24.735292,46.702465,22.490,52.156,19.173
2025-12-27T17:28:44.023Z,46.500,6.545,304.365,12.870,0.00,1.8150,24.735292,46.702465,22.516,52.095,19.196
2025-12-27T17:28:44.023Z,46.481,6.716,312.162,12.870,0.00,1.8150,24.735292,46.702465,22.516,52.095,19.196
2025-12-27T17:28:44.108Z,46.550,0.000,-0.002,12.870,0.00,1.8150,24.735292,46.702465,22.516,52.095,19.196
2025-12-27T17:28:44.534Z,204.800,0.000,-0.008,13.580,0.00,1.8190,24.735285,46.702431,22.516,52.273,19.130
2025-12-27T17:28:44.534Z,46.566,6.507,302.988,13.580,0.00,1.8190,24.735285,46.702431,22.516,52.273,19.130
2025-12-27T17:28:45.044Z,204.800,0.000,-0.008,13.580,0.00,1.8190,24.735285,46.702431,22.516,52.273,19.130
2025-12-27T17:28:45.044Z,46.480,6.295,292.589,13.580,0.00,1.8190,24.735285,46.702431,22.517,52.273,19.130
2025-12-27T17:28:45.044Z,46.649,6.403,298.695,13.580,0.00,1.8190,24.735285,46.702431,22.517,52.273,19.130
2025-12-27T17:28:45.044Z,204.800,0.000,-0.008,13.580,0.00,1.8190,24.735285,46.702431,22.517,52.273,19.130
2025-12-27T17:28:45.349Z,46.616,6.314,294.347,13.580,0.00,1.8190,24.735285,46.702431,22.541,52.215,19.152
2025-12-27T17:28:45.349Z,46.561,6.395,297.745,14.190,0.00,1.8230,24.735273,46.702393,22.541,52.392,19.087
2025-12-27T17:28:45.556Z,46.643,6.395,298.263,14.190,0.00,1.8230,24.735273,46.702393,22.559,52.353,19.101
2025-12-27T17:28:45.866Z,204.800,0.000,-0.008,14.190,0.00,1.8230,24.735273,46.702393,22.559,52.353,19.101
2025-12-27T17:28:45.866Z,204.800,0.000,-0.008,14.190,0.00,1.8230,24.735273,46.702393,22.559,52.353,19.101
2025-12-27T17:28:45.946Z,46.444,6.509,302.283,14.190,0.00,1.8230,24.735273,46.702393,22.565,52.337,19.107
2025-12-27T17:28:46.290Z,46.459,6.577,305.582,14.190,0.00,1.8230,24.735273,46.702393,22.594,52.270,19.132
2025-12-27T17:28:46.369Z,46.514,0.000,-0.002,14.610,0.00,1.8270,24.735262,46.702354,22.594,52.447,19.067
2025-12-27T17:28:46.374Z,46.570,6.176,287.622,14.610,0.00,1.8270,24.735262,46.702354,22.595,52.446,19.067
2025-12-27T17:28:46.566Z,46.502,0.000,-0.002,14.610,0.00,1.8270,24.735262,46.702354,22.595,52.446,19.067
2025-12-27T17:28:46.771Z,46.524,6.482,301.564,14.610,0.00,1.8270,24.735262,46.702354,22.612,52.406,19.082
2025-12-27T17:28:46.870Z,204.800,0.000,-0.008,14.610,0.00,1.8270,24.735262,46.702354,22.612,52.406,19.082
2025-12-27T17:28:47.078Z,46.406,6.742,312.871,14.610,0.00,1.8270,24.735262,46.702354,22.630,52.364,19.097
2025-12-27T17:28:47.280Z,46.564,6.393,297.699,15.080,0.00,1.8310,24.735252,46.702316,22.647,52.502,19.047
2025-12-27T17:28:47.281Z,204.800,0.000,-0.008,15.080,0.00,1.8310,24.735252,46.702316,22.647,52.502,19.047
2025-12-27T17:28:47.481Z,46.639,6.225,290.317,15.080,0.00,1.8310,24.735252,46.702316,22.663,52.464,19.061
2025-12-27T17:28:47.811Z,46.519,6.481,301.468,15.080,0.00,1.8310,24.735252,46.702316,22.691,52.400,19.084
2025-12-27T17:28:48.119Z,204.800,6.701,1372.280,15.080,0.00,1.8310,24.735252,46.702316,22.808,52.131,19.182
2025-12-27T17:28:48.119Z,46.471,6.690,310.883,15.080,0.00,1.8310,24.735252,46.702316,22.808,52.131,19.182
2025-12-27T17:28:48.421Z,46.354,6.692,310.187,15.080,0.00,1.8310,24.735252,46.702316,22.834,52.072,19.204
2025-12-27T17:28:48.421Z,204.800,6.504,1331.968,15.240,0.00,1.8350,24.735241,46.702274,22.834,52.247,19.140
2025-12-27T17:28:48.731Z,46.407,9.064,420.624,15.240,0.00,1.8350,24.735241,46.702274,22.870,52.164,19.170
2025-12-27T17:28:48.731Z,46.405,6.748,313.148,15.240,0.00,1.8350,24.735241,46.702274,22.870,52.164,19.170
2025-12-27T17:28:49.069Z,46.322,6.821,315.946,15.240,0.00,1.8350,24.735241,46.702274,22.900,52.096,19.195
2025-12-27T17:28:49.069Z,204.800,0.000,-0.008,15.240,0.00,1.8350,24.735241,46.702274,22.900,52.096,19.195
2025-12-27T17:28:49.237Z,46.346,6.945,321.882,15.240,0.00,1.8350,24.735241,46.702274,22.915,52.062,19.208
2025-12-27T17:28:49.237Z,46.229,7.040,325.457,15.280,0.00,1.8400,24.735228,46.702236,22.915,52.281,19.128
2025-12-27T17:28:49.490Z,204.800,0.000,-0.008,15.280,0.00,1.8400,24.735228,46.702236,22.915,52.281,19.128
2025-12-27T17:28:49.664Z,46.167,0.000,-0.002,15.280,0.00,1.8400,24.735228,46.702236,22.915,52.281,19.128
2025-12-27T17:28:49.664Z,46.282,6.911,319.873,15.280,0.00,1.8400,24.735228,46.702236,22.915,52.281,19.128
2025-12-27T17:28:49.829Z,204.800,7.008,1435.202,15.280,0.00,1.8400,24.735228,46.702236,22.981,52.130,19.183
2025-12-27T17:28:50.040Z,46.201,7.063,326.302,15.280,0.00,1.8400,24.735228,46.702236,23.000,52.087,19.199
2025-12-27T17:28:50.370Z,46.151,7.002,323.145,15.280,0.00,1.8400,24.735228,46.702236,23.030,52.020,19.223
2025-12-27T17:28:50.370Z,46.281,6.812,315.266,15.430,0.00,1.8440,24.735214,46.702194,23.030,52.194,19.159
2025-12-27T17:28:50.679Z,204.800,7.009,1435.436,15.430,0.00,1.8440,24.735214,46.702194,23.153,51.916,19.262
2025-12-27T17:28:50.679Z,35.621,0.000,-0.001,15.430,0.00,1.8440,24.735214,46.702194,23.153,51.916,19.262
2025-12-27T17:28:50.960Z,46.266,7.042,325.830,15.430,0.00,1.8440,24.735214,46.702194,23.178,51.859,19.283
2025-12-27T17:28:51.071Z,46.262,6.929,320.545,15.430,0.00,1.8440,24.735214,46.702194,23.188,51.837,19.291
2025-12-27T17:28:51.071Z,46.148,6.791,313.404,15.430,0.00,1.8440,24.735214,46.702194,23.188,51.837,19.291
2025-12-27T17:28:51.277Z,46.163,7.178,331.345,15.370,0.00,1.8480,24.735199,46.702156,23.207,51.967,19.243
2025-12-27T17:28:51.510Z,46.297,7.126,329.924,15.370,0.00,1.8480,24.735199,46.702156,23.228,51.919,19.261
2025-12-27T17:28:51.819Z,46.062,7.187,331.050,15.370,0.00,1.8480,24.735199,46.702156,23.257,51.856,19.284
2025-12-27T17:28:51.819Z,46.279,6.968,322.449,15.370,0.00,1.8480,24.735199,46.702156,23.257,51.856,19.284
2025-12-27T17:28:52.225Z,46.106,6.994,322.472,15.370,0.00,1.8480,24.735199,46.702156,23.293,51.775,19.314
2025-12-27T17:28:52.225Z,46.244,7.227,334.225,15.370,0.00,1.8480,24.735199,46.702156,23.293,51.775,19.314
2025-12-27T17:28:52.225Z,46.200,7.181,331.754,15.670,0.00,1.8520,24.735184,46.702118,23.293,51.947,19.250
2025-12-27T17:28:52.945Z,46.144,6.999,322.944,15.670,0.00,1.8520,24.735184,46.702118,23.358,51.803,19.304
2025-12-27T17:28:52.945Z,46.169,0.000,-0.002,15.670,0.00,1.8520,24.735184,46.702118,23.358,51.803,19.304
2025-12-27T17:28:52.945Z,204.800,0.000,-0.008,15.670,0.00,1.8520,24.735184,46.702118,23.358,51.803,19.304
2025-12-27T17:28:52.945Z,204.800,0.000,-0.008,15.670,0.00,1.8520,24.735184,46.702118,23.358,51.803,19.304
2025-12-27T17:28:53.124Z,46.250,6.805,314.733,15.670,0.00,1.8520,24.735184,46.702118,23.373,51.768,19.317
2025-12-27T17:28:53.125Z,46.242,6.931,320.520,15.670,0.00,1.8520,24.735184,46.702118,23.373,51.768,19.317
2025-12-27T17:28:53.537Z,204.800,0.000,-0.008,15.760,0.00,1.8570,24.735167,46.702076,23.373,51.982,19.237
2025-12-27T17:28:53.537Z,36.007,7.033,253.229,15.760,0.00,1.8570,24.735167,46.702076,23.373,51.982,19.237
2025-12-27T17:28:53.633Z,46.137,6.834,315.319,15.760,0.00,1.8570,24.735167,46.702076,23.382,51.964,19.244
2025-12-27T17:28:53.839Z,204.800,0.000,-0.008,15.760,0.00,1.8570,24.735167,46.702076,23.382,51.964,19.244
2025-12-27T17:28:54.049Z,46.193,7.008,323.723,15.760,0.00,1.8570,24.735167,46.702076,23.401,51.922,19.260
2025-12-27T17:28:54.049Z,46.163,0.000,-0.002,15.760,0.00,1.8570,24.735167,46.702076,23.401,51.922,19.260
2025-12-27T17:28:54.477Z,46.197,6.752,311.926,16.020,0.00,1.8610,24.735149,46.702038,23.438,52.010,19.227
2025-12-27T17:28:54.477Z,34.695,0.000,-0.001,16.020,0.00,1.8610,24.735149,46.702038,23.438,52.010,19.227
2025-12-27T17:28:54.546Z,46.176,6.894,318.337,16.020,0.00,1.8610,24.735149,46.702038,23.444,51.997,19.232
2025-12-27T17:28:54.980Z,46.340,7.029,325.722,16.020,0.00,1.8610,24.735149,46.702038,23.483,51.910,19.264
2025-12-27T17:28:54.981Z,204.800,0.000,-0.008,16.020,0.00,1.8610,24.735149,46.702038,23.483,51.910,19.264
2025-12-27T17:28:55.414Z,204.800,0.000,-0.008,16.020,0.00,1.8610,24.735149,46.702038,23.483,51.910,19.264
2025-12-27T17:28:55.414Z,46.438,0.000,-0.002,16.300,0.00,1.8660,24.735130,46.702000,23.483,52.123,19.186
2025-12-27T17:28:55.697Z,46.192,7.309,337.598,16.300,0.00,1.8660,24.735130,46.702000,23.510,52.064,19.207
2025-12-27T17:28:55.697Z,46.064,7.286,335.628,16.300,0.00,1.8660,24.735130,46.702000,23.510,52.064,19.207
2025-12-27T17:28:55.786Z,204.800,6.430,1316.889,16.300,0.00,1.8660,24.735130,46.702000,23.542,51.992,19.234
2025-12-27T17:28:55.791Z,45.932,7.544,346.529,16.300,0.00,1.8660,24.735130,46.702000,23.543,51.991,19.234
2025-12-27T17:28:56.105Z,45.885,7.404,339.717,16.300,0.00,1.8660,24.735130,46.702000,23.572,51.926,19.258
2025-12-27T17:28:56.195Z,204.800,7.605,1557.491,16.300,0.00,1.8660,24.735130,46.702000,23.611,51.841,19.290
2025-12-27T17:28:56.509Z,204.800,0.000,-0.008,16.110,0.00,1.8710,24.735111,46.701958,23.611,52.052,19.211
2025-12-27T17:28:56.510Z,204.800,0.000,-0.008,16.110,0.00,1.8710,24.735111,46.701958,23.611,52.052,19.211
2025-12-27T17:28:56.920Z,204.800,0.000,-0.008,16.110,0.00,1.8710,24.735111,46.701958,23.611,52.052,19.211
2025-12-27T17:28:56.920Z,46.176,0.000,-0.002,16.110,0.00,1.8710,24.735111,46.701958,23.611,52.052,19.211
2025-12-27T17:28:57.228Z,204.800,0.000,-0.008,16.110,0.00,1.8710,24.735111,46.701958,23.611,52.052,19.211
2025-12-27T17:28:57.228Z,45.878,7.836,359.510,16.110,0.00,1.8710,24.735111,46.701958,23.611,52.052,19.211
2025-12-27T17:28:57.750Z,45.952,8.025,368.744,16.500,0.00,1.8750,24.735094,46.701920,23.664,52.104,19.193
2025-12-27T17:28:57.751Z,46.012,7.694,354.000,16.500,0.00,1.8750,24.735094,46.701920,23.664,52.104,19.193
2025-12-27T17:28:57.751Z,45.932,7.174,329.522,16.500,0.00,1.8750,24.735094,46.701920,23.664,52.104,19.193
2025-12-27T17:28:58.068Z,46.011,7.719,355.168,16.500,0.00,1.8750,24.735094,46.701920,23.696,52.035,19.218
2025-12-27T17:28:58.068Z,45.825,7.502,343.787,16.500,0.00,1.8750,24.735094,46.701920,23.696,52.035,19.218
2025-12-27T17:28:58.561Z,45.989,7.708,354.497,16.500,0.00,1.8750,24.735094,46.701920,23.744,51.928,19.257
2025-12-27T17:28:58.561Z,45.952,7.725,354.960,16.500,0.00,1.8750,24.735094,46.701920,23.744,51.928,19.257
2025-12-27T17:28:58.585Z,45.763,7.443,340.596,16.650,0.00,1.8790,24.735077,46.701878,23.747,52.092,19.197
2025-12-27T17:28:58.585Z,45.985,7.596,349.294,16.650,0.00,1.8790,24.735077,46.701878,23.747,52.092,19.197
2025-12-27T17:28:58.940Z,204.800,0.000,-0.008,16.650,0.00,1.8790,24.735077,46.701878,23.747,52.092,19.197
2025-12-27T17:28:58.940Z,204.800,0.000,-0.008,16.650,0.00,1.8790,24.735077,46.701878,23.747,52.092,19.197
2025-12-27T17:28:59.188Z,45.840,7.241,331.911,16.650,0.00,1.8790,24.735077,46.701878,23.769,52.042,19.215
2025-12-27T17:28:59.188Z,45.922,7.658,351.679,16.650,0.00,1.8790,24.735077,46.701878,23.769,52.042,19.215
2025-12-27T17:28:59.266Z,204.800,0.000,-0.008,16.870,0.00,1.8840,24.735058,46.701836,23.769,52.252,19.138
2025-12-27T17:28:59.484Z,45.818,7.858,360.039,16.870,0.00,1.8840,24.735058,46.701836,23.791,52.204,19.156
2025-12-27T17:28:59.894Z,204.800,0.000,-0.008,16.870,0.00,1.8840,24.735058,46.701836,23.791,52.204,19.156
2025-12-27T17:28:59.894Z,45.755,7.972,364.759,16.870,0.00,1.8840,24.735058,46.701836,23.791,52.204,19.156
2025-12-27T17:28:59.894Z,45.737,7.654,350.089,16.870,0.00,1.8840,24.735058,46.701836,23.791,52.204,19.156
2025-12-27T17:29:00.084Z,45.885,0.000,-0.002,16.870,0.00,1.8840,24.735058,46.701836,23.791,52.204,19.156
2025-12-27T17:29:00.405Z,45.629,7.944,362.486,17.110,0.00,1.8890,24.735041,46.701794,23.824,52.343,19.105
2025-12-27T17:29:00.606Z,45.681,8.273,377.910,17.110,0.00,1.8890,24.735041,46.701794,23.845,52.297,19.122
2025-12-27T17:29:00.606Z,204.800,7.051,1444.116,17.110,0.00,1.8890,24.735041,46.701794,23.845,52.297,19.122
2025-12-27T17:29:01.123Z,204.800,8.042,1647.037,17.110,0.00,1.8890,24.735041,46.701794,24.081,51.783,19.311
2025-12-27T17:29:01.123Z,45.637,7.937,362.233,17.110,0.00,1.8890,24.735041,46.701794,24.081,51.783,19.311
2025-12-27T17:29:01.343Z,45.664,7.811,356.670,17.110,0.00,1.8890,24.735041,46.701794,24.103,51.736,19.329
2025-12-27T17:29:01.343Z,204.800,0.000,-0.008,17.110,0.00,1.8890,24.735041,46.701794,24.103,51.736,19.329
2025-12-27T17:29:01.637Z,45.701,0.000,-0.002,17.560,0.00,1.8940,24.735023,46.701748,24.103,51.944,19.252
2025-12-27T17:29:01.637Z,45.558,6.605,300.931,17.560,0.00,1.8940,24.735023,46.701748,24.103,51.944,19.252
2025-12-27T17:29:01.637Z,45.537,0.000,-0.002,17.560,0.00,1.8940,24.735023,46.701748,24.103,51.944,19.252
2025-12-27T17:29:02.051Z,45.781,8.539,390.944,17.560,0.00,1.8940,24.735023,46.701748,24.148,51.847,19.287
2025-12-27T17:29:02.051Z,46.232,0.000,-0.002,17.560,0.00,1.8940,24.735023,46.701748,24.148,51.847,19.287
2025-12-27T17:29:02.334Z,45.481,0.000,-0.002,17.560,0.00,1.8940,24.735023,46.701748,24.148,51.847,19.287
2025-12-27T17:29:02.334Z,32.853,0.000,-0.001,17.780,0.00,1.8990,24.735004,46.701706,24.148,52.054,19.211
2025-12-27T17:29:02.756Z,46.137,6.509,300.299,17.780,0.00,1.8990,24.735004,46.701706,24.183,51.978,19.239
2025-12-27T17:29:02.757Z,46.218,7.436,343.682,17.780,0.00,1.8990,24.735004,46.701706,24.183,51.978,19.239
2025-12-27T17:29:02.858Z,45.565,0.000,-0.002,17.780,0.00,1.8990,24.735004,46.701706,24.183,51.978,19.239
2025-12-27T17:29:02.858Z,204.800,0.000,-0.008,17.780,0.00,1.8990,24.735004,46.701706,24.183,51.978,19.239
2025-12-27T17:29:03.375Z,46.224,6.726,310.915,17.780,0.00,1.8990,24.735004,46.701706,24.228,51.883,19.274
2025-12-27T17:29:03.375Z,204.800,0.000,-0.008,18.090,0.00,1.9040,24.734985,46.701660,24.228,52.089,19.198
2025-12-27T17:29:03.466Z,46.337,8.596,398.335,18.090,0.00,1.9040,24.734985,46.701660,24.238,52.067,19.206
2025-12-27T17:29:03.467Z,45.501,0.000,-0.002,18.090,0.00,1.9040,24.734985,46.701660,24.238,52.067,19.206
2025-12-27T17:29:03.887Z,45.151,6.366,287.447,18.090,0.00,1.9040,24.734985,46.701660,24.271,51.995,19.232
2025-12-27T17:29:03.887Z,204.800,0.000,-0.008,18.090,0.00,1.9040,24.734985,46.701660,24.271,51.995,19.232
2025-12-27T17:29:04.074Z,45.052,7.356,331.417,18.090,0.00,1.9040,24.734985,46.701660,24.289,51.958,19.246
2025-12-27T17:29:04.076Z,204.800,0.000,-0.008,18.090,0.00,1.9040,24.734985,46.701660,24.289,51.958,19.246
2025-12-27T17:29:04.273Z,46.069,6.935,319.464,18.350,0.00,1.9090,24.734964,46.701614,24.306,52.127,19.184
2025-12-27T17:29:04.688Z,45.045,7.350,331.066,18.350,0.00,1.9090,24.734964,46.701614,24.344,52.045,19.214
2025-12-27T17:29:04.762Z,46.002,6.885,316.732,18.350,0.00,1.9090,24.734964,46.701614,24.351,52.031,19.219
2025-12-27T17:29:04.762Z,46.074,7.047,324.672,18.350,0.00,1.9090,24.734964,46.701614,24.351,52.031,19.219
2025-12-27T17:29:05.220Z,48.445,0.000,-0.002,18.350,0.00,1.9090,24.734964,46.701614,24.351,52.031,19.219
2025-12-27T17:29:05.223Z,46.146,0.000,-0.002,18.350,0.00,1.9090,24.734964,46.701614,24.351,52.031,19.219
2025-12-27T17:29:05.410Z,204.800,0.000,-0.008,18.650,0.00,1.9140,24.734945,46.701569,24.351,52.236,19.144
2025-12-27T17:29:05.410Z,204.800,0.000,-0.008,18.650,0.00,1.9140,24.734945,46.701569,24.351,52.236,19.144
2025-12-27T17:29:05.730Z,204.800,0.000,-0.008,18.650,0.00,1.9140,24.734945,46.701569,24.351,52.236,19.144
2025-12-27T17:29:05.730Z,45.708,7.370,336.861,18.650,0.00,1.9140,24.734945,46.701569,24.351,52.236,19.144
2025-12-27T17:29:06.242Z,45.815,7.711,353.265,18.650,0.00,1.9140,24.734945,46.701569,24.401,52.129,19.183
2025-12-27T17:29:06.242Z,46.018,7.543,347.110,18.650,0.00,1.9140,24.734945,46.701569,24.401,52.129,19.183
2025-12-27T17:29:06.242Z,204.800,0.000,-0.008,18.650,0.00,1.9140,24.734945,46.701569,24.401,52.129,19.183
2025-12-27T17:29:06.450Z,45.705,7.470,341.394,18.890,0.00,1.9190,24.734924,46.701523,24.421,52.292,19.123
2025-12-27T17:29:06.450Z,45.621,7.986,364.347,18.890,0.00,1.9190,24.734924,46.701523,24.421,52.292,19.124
2025-12-27T17:29:06.767Z,204.800,0.000,-0.008,18.890,0.00,1.9190,24.734924,46.701523,24.421,52.292,19.124
2025-12-27T17:29:06.768Z,45.570,7.468,340.319,18.890,0.00,1.9190,24.734924,46.701523,24.421,52.292,19.124
2025-12-27T17:29:07.062Z,45.619,7.575,345.558,18.890,0.00,1.9190,24.734924,46.701523,24.449,52.231,19.146
2025-12-27T17:29:07.151Z,43.456,8.488,368.840,18.890,0.00,1.9190,24.734924,46.701523,24.458,52.212,19.153
2025-12-27T17:29:07.445Z,45.645,0.000,-0.002,19.320,0.00,1.9240,24.734903,46.701477,24.458,52.416,19.078
2025-12-27T17:29:07.566Z,45.744,7.970,364.571,19.320,0.00,1.9240,24.734903,46.701477,24.470,52.390,19.088
2025-12-27T17:29:07.572Z,45.696,0.000,-0.002,19.320,0.00,1.9240,24.734903,46.701477,24.470,52.390,19.088
2025-12-27T17:29:08.027Z,45.639,7.749,353.639,19.320,0.00,1.9240,24.734903,46.701477,24.515,52.294,19.123
2025-12-27T17:29:08.189Z,204.800,0.000,-0.008,19.320,0.00,1.9240,24.734903,46.701477,24.515,52.294,19.123
2025-12-27T17:29:08.189Z,45.787,7.840,358.959,19.320,0.00,1.9240,24.734903,46.701477,24.515,52.294,19.123
2025-12-27T17:29:08.189Z,204.800,7.876,1613.006,19.500,0.00,1.9300,24.734882,46.701427,24.515,52.539,19.033
2025-12-27T17:29:08.595Z,204.800,0.000,-0.008,19.500,0.00,1.9300,24.734882,46.701427,24.515,52.539,19.033
2025-12-27T17:29:08.596Z,45.625,8.004,365.163,19.500,0.00,1.9300,24.734882,46.701427,24.515,52.539,19.034
2025-12-27T17:29:08.690Z,45.699,7.745,353.938,19.500,0.00,1.9300,24.734882,46.701427,24.524,52.519,19.041
2025-12-27T17:29:09.412Z,45.832,7.946,364.177,19.500,0.00,1.9300,24.734882,46.701427,24.598,52.363,19.097
2025-12-27T17:29:09.413Z,45.904,7.870,361.251,19.500,0.00,1.9300,24.734882,46.701427,24.598,52.363,19.097
2025-12-27T17:29:09.413Z,45.874,7.804,357.994,19.500,0.00,1.9300,24.734882,46.701427,24.598,52.363,19.097
2025-12-27T17:29:09.413Z,45.705,7.292,333.265,19.890,0.00,1.9350,24.734859,46.701382,24.598,52.566,19.024
2025-12-27T17:29:09.827Z,45.685,7.817,357.130,19.890,0.00,1.9350,24.734859,46.701382,24.639,52.478,19.055
2025-12-27T17:29:09.827Z,45.828,8.146,373.315,19.890,0.00,1.9350,24.734859,46.701382,24.639,52.478,19.055
2025-12-27T17:29:10.135Z,45.823,7.630,349.625,19.890,0.00,1.9350,24.734859,46.701382,24.669,52.415,19.079
2025-12-27T17:29:10.135Z,45.884,7.952,364.888,19.890,0.00,1.9350,24.734859,46.701382,24.669,52.415,19.079
2025-12-27T17:29:10.244Z,45.583,7.583,345.677,19.890,0.00,1.9350,24.734859,46.701382,24.679,52.393,19.087
2025-12-27T17:29:10.245Z,45.860,0.000,-0.002,20.000,0.00,1.9410,24.734838,46.701332,24.679,52.636,18.999
2025-12-27T17:29:10.547Z,204.800,0.000,-0.008,20.000,0.00,1.9410,24.734838,46.701332,24.679,52.636,18.999
2025-12-27T17:29:10.547Z,204.800,0.000,-0.008,20.000,0.00,1.9410,24.734838,46.701332,24.679,52.636,18.999
2025-12-27T17:29:11.050Z,204.800,0.000,-0.008,20.000,0.00,1.9410,24.734838,46.701332,24.679,52.636,18.999
2025-12-27T17:29:11.050Z,45.602,7.350,335.172,20.000,0.00,1.9410,24.734838,46.701332,24.679,52.636,18.999
2025-12-27T17:29:11.146Z,45.595,7.659,349.232,20.000,0.00,1.9410,24.734838,46.701332,24.688,52.616,19.006
2025-12-27T17:29:11.146Z,204.800,0.000,-0.008,20.220,0.00,1.9460,24.734818,46.701283,24.688,52.818,18.933
2025-12-27T17:29:11.475Z,45.714,7.726,353.188,20.220,0.00,1.9460,24.734818,46.701283,24.721,52.749,18.958
2025-12-27T17:29:11.475Z,45.663,7.847,358.319,20.220,0.00,1.9460,24.734818,46.701283,24.721,52.749,18.958
2025-12-27T17:29:11.646Z,204.800,0.000,-0.008,20.220,0.00,1.9460,24.734818,46.701283,24.721,52.749,18.958
2025-12-27T17:29:11.860Z,45.725,7.418,339.203,20.220,0.00,1.9460,24.734818,46.701283,24.741,52.706,18.973
2025-12-27T17:29:12.284Z,204.800,0.000,-0.008,20.220,0.00,1.9460,24.734818,46.701283,24.741,52.706,18.973
2025-12-27T17:29:12.284Z,45.778,7.534,344.883,20.220,0.00,1.9460,24.734818,46.701283,24.741,52.706,18.973
2025-12-27T17:29:12.284Z,45.750,0.000,-0.002,20.500,0.00,1.9520,24.734795,46.701229,24.741,52.949,18.886
2025-12-27T17:29:12.587Z,45.784,7.444,340.817,20.500,0.00,1.9520,24.734795,46.701229,24.770,52.888,18.908
2025-12-27T17:29:12.670Z,39.505,0.000,-0.002,20.500,0.00,1.9520,24.734795,46.701229,24.770,52.888,18.908
2025-12-27T17:29:13.106Z,45.791,7.719,353.463,20.500,0.00,1.9520,24.734795,46.701229,24.812,52.796,18.941
2025-12-27T17:29:13.106Z,45.726,7.724,353.212,20.500,0.00,1.9520,24.734795,46.701229,24.812,52.796,18.941
2025-12-27T17:29:13.212Z,204.800,0.000,-0.008,20.500,0.00,1.9520,24.734795,46.701229,24.812,52.796,18.941
2025-12-27T17:29:13.212Z,45.739,7.514,343.703,20.690,0.00,1.9580,24.734774,46.701180,24.812,53.038,18.854
2025-12-27T17:29:13.629Z,45.741,7.989,365.413,20.690,0.00,1.9580,24.734774,46.701180,24.855,52.948,18.887
2025-12-27T17:29:13.629Z,204.800,0.000,-0.008,20.690,0.00,1.9580,24.734774,46.701180,24.855,52.948,18.887
2025-12-27T17:29:14.244Z,45.728,7.680,351.202,20.690,0.00,1.9580,24.734774,46.701180,24.915,52.820,18.932
2025-12-27T17:29:14.244Z,45.713,7.757,354.595,20.690,0.00,1.9580,24.734774,46.701180,24.915,52.820,18.932
2025-12-27T17:29:14.246Z,45.748,0.000,-0.002,20.690,0.00,1.9580,24.734774,46.701180,24.915,52.820,18.932
2025-12-27T17:29:14.246Z,45.690,7.936,362.616,20.690,0.00,1.9580,24.734774,46.701180,24.915,52.820,18.932
2025-12-27T17:29:14.534Z,45.814,7.758,355.451,20.820,0.00,1.9640,24.734751,46.701126,24.943,53.001,18.868
2025-12-27T17:29:14.943Z,45.511,7.880,358.627,20.820,0.00,1.9640,24.734751,46.701126,24.984,52.914,18.899
2025-12-27T17:29:14.944Z,204.800,7.472,1530.319,20.820,0.00,1.9640,24.734751,46.701126,24.984,52.914,18.899
2025-12-27T17:29:15.044Z,45.682,0.000,-0.002,20.820,0.00,1.9640,24.734751,46.701126,24.984,52.914,18.899
2025-12-27T17:29:15.045Z,45.674,7.743,353.630,20.820,0.00,1.9640,24.734751,46.701126,24.984,52.914,18.899
2025-12-27T17:29:15.450Z,45.742,8.036,367.602,20.820,0.00,1.9640,24.734751,46.701126,25.025,52.826,18.930
2025-12-27T17:29:15.450Z,38.747,7.568,293.227,21.040,0.00,1.9690,24.734730,46.701077,25.025,53.026,18.859
2025-12-27T17:29:15.651Z,204.800,0.000,-0.008,21.040,0.00,1.9690,24.734730,46.701077,25.025,53.026,18.859
2025-12-27T17:29:15.656Z,45.542,0.000,-0.002,21.040,0.00,1.9690,24.734730,46.701077,25.025,53.026,18.859
2025-12-27T17:29:15.860Z,45.505,8.349,379.903,21.040,0.00,1.9690,24.734730,46.701077,25.047,52.981,18.875
2025-12-27T17:29:15.864Z,45.429,8.205,372.751,21.040,0.00,1.9690,24.734730,46.701077,25.047,52.980,18.875
2025-12-27T17:29:16.186Z,204.800,0.000,-0.008,21.040,0.00,1.9690,24.734730,46.701077,25.047,52.980,18.875
2025-12-27T17:29:16.261Z,45.482,8.000,363.880,20.950,0.00,1.9750,24.734707,46.701023,25.055,53.203,18.796
2025-12-27T17:29:16.583Z,45.387,8.501,385.828,20.950,0.00,1.9750,24.734707,46.701023,25.089,53.130,18.822
2025-12-27T17:29:16.583Z,45.467,8.174,371.667,20.950,0.00,1.9750,24.734707,46.701023,25.089,53.130,18.822
2025-12-27T17:29:16.660Z,204.800,8.549,1750.873,20.950,0.00,1.9750,24.734707,46.701023,25.127,53.050,18.850
2025-12-27T17:29:16.991Z,204.800,0.000,-0.008,20.950,0.00,1.9750,24.734707,46.701023,25.127,53.050,18.850
2025-12-27T17:29:17.078Z,45.351,8.451,383.280,20.950,0.00,1.9750,24.734707,46.701023,25.136,53.031,18.857
2025-12-27T17:29:17.507Z,45.392,8.797,399.303,20.950,0.00,1.9750,24.734707,46.701023,25.184,52.931,18.893
2025-12-27T17:29:17.507Z,45.256,8.789,397.762,20.960,0.00,1.9810,24.734686,46.700970,25.184,53.169,18.808
2025-12-27T17:29:17.711Z,45.187,9.076,410.108,20.960,0.00,1.9810,24.734686,46.700970,25.207,53.120,18.825
2025-12-27T17:29:17.711Z,45.073,8.900,401.164,20.960,0.00,1.9810,24.734686,46.700970,25.207,53.120,18.825
2025-12-27T17:29:18.020Z,45.175,8.920,402.976,20.960,0.00,1.9810,24.734686,46.700970,25.242,53.047,18.851
2025-12-27T17:29:18.020Z,45.236,8.893,402.277,20.960,0.00,1.9810,24.734686,46.700970,25.242,53.047,18.851
2025-12-27T17:29:18.426Z,45.231,8.651,391.275,20.960,0.00,1.9810,24.734686,46.700970,25.286,52.954,18.884
2025-12-27T17:29:18.426Z,204.800,8.610,1763.319,21.280,0.00,1.9870,24.734663,46.700916,25.286,53.192,18.800
2025-12-27T17:29:18.838Z,204.800,8.504,1741.584,21.280,0.00,1.9870,24.734663,46.700916,25.485,52.776,18.948
2025-12-27T17:29:18.838Z,45.170,9.288,419.517,21.280,0.00,1.9870,24.734663,46.700916,25.485,52.776,18.948
2025-12-27T17:29:18.937Z,45.185,8.824,398.730,21.280,0.00,1.9870,24.734663,46.700916,25.496,52.753,18.956
2025-12-27T17:29:18.937Z,45.130,8.927,402.880,21.280,0.00,1.9870,24.734663,46.700916,25.496,52.753,18.956
2025-12-27T17:29:19.391Z,204.800,0.000,-0.008,21.280,0.00,1.9870,24.734663,46.700916,25.496,52.753,18.956
2025-12-27T17:29:19.391Z,44.671,10.150,453.401,21.280,0.00,1.9930,24.734640,46.700863,25.496,52.989,18.872
2025-12-27T17:29:19.437Z,44.676,9.933,443.777,21.280,0.00,1.9930,24.734640,46.700863,25.502,52.977,18.876
2025-12-27T17:29:19.784Z,204.800,0.000,-0.008,21.280,0.00,1.9930,24.734640,46.700863,25.502,52.977,18.876
2025-12-27T17:29:19.784Z,44.367,10.424,462.462,21.280,0.00,1.9930,24.734640,46.700863,25.502,52.977,18.876
2025-12-27T17:29:19.844Z,44.328,10.294,456.329,21.280,0.00,1.9930,24.734640,46.700863,25.509,52.961,18.882
2025-12-27T17:29:20.267Z,204.800,10.640,2179.029,21.280,0.00,1.9930,24.734640,46.700863,25.766,52.434,19.072
2025-12-27T17:29:20.267Z,204.800,0.000,-0.008,21.280,0.00,1.9930,24.734640,46.700863,25.766,52.434,19.072
2025-12-27T17:29:20.360Z,44.217,10.694,472.859,21.450,0.00,1.9990,24.734617,46.700813,25.778,52.642,18.996
2025-12-27T17:29:20.738Z,44.264,8.645,382.674,21.450,0.00,1.9990,24.734617,46.700813,25.818,52.560,19.026
2025-12-27T17:29:20.738Z,204.800,0.000,-0.008,21.450,0.00,1.9990,24.734617,46.700813,25.818,52.560,19.026
2025-12-27T17:29:20.771Z,44.239,10.221,452.189,21.450,0.00,1.9990,24.734617,46.700813,25.822,52.552,19.029
2025-12-27T17:29:21.088Z,44.411,0.000,-0.002,21.450,0.00,1.9990,24.734617,46.700813,25.822,52.552,19.029
2025-12-27T17:29:21.358Z,204.800,10.195,2087.850,21.450,0.00,1.9990,24.734617,46.700813,25.978,52.236,19.144
2025-12-27T17:29:21.358Z,44.421,10.465,464.892,21.520,0.00,2.0040,24.734596,46.700760,25.978,52.428,19.074
2025-12-27T17:29:21.709Z,44.567,0.000,-0.002,21.520,0.00,2.0040,24.734596,46.700760,25.978,52.428,19.074
2025-12-27T17:29:21.712Z,44.408,10.027,445.266,21.520,0.00,2.0040,24.734596,46.700760,25.979,52.428,19.074
2025-12-27T17:29:21.712Z,44.548,9.580,426.779,21.520,0.00,2.0040,24.734596,46.700760,25.979,52.428,19.074
2025-12-27T17:29:22.417Z,204.800,0.000,-0.008,21.520,0.00,2.0040,24.734596,46.700760,25.979,52.428,19.074
2025-12-27T17:29:22.417Z,44.776,9.574,428.663,21.520,0.00,2.0040,24.734596,46.700760,25.979,52.428,19.074
2025-12-27T17:29:22.417Z,44.737,0.000,-0.002,21.520,0.00,2.0040,24.734596,46.700760,25.979,52.428,19.074
2025-12-27T17:29:23.037Z,44.764,9.471,423.965,21.690,0.00,2.0100,24.734573,46.700706,26.052,52.511,19.044
2025-12-27T17:29:23.037Z,44.737,9.340,417.844,21.690,0.00,2.0100,24.734573,46.700706,26.052,52.511,19.044
2025-12-27T17:29:23.037Z,204.800,0.000,-0.008,21.690,0.00,2.0100,24.734573,46.700706,26.052,52.511,19.044
2025-12-27T17:29:23.037Z,44.738,9.758,436.552,21.690,0.00,2.0100,24.734573,46.700706,26.052,52.511,19.044
2025-12-27T17:29:23.037Z,45.455,8.199,372.709,21.690,0.00,2.0100,24.734573,46.700706,26.052,52.511,19.044
2025-12-27T17:29:23.446Z,204.800,6.074,1243.952,21.690,0.00,2.0100,24.734573,46.700706,26.193,52.228,19.147
2025-12-27T17:29:23.446Z,48.461,1.818,88.084,21.890,0.00,2.0170,24.734549,46.700649,26.193,52.495,19.049
2025-12-27T17:29:23.536Z,49.498,-0.178,-8.829,21.890,0.00,2.0170,24.734549,46.700649,26.193,52.496,19.049
2025-12-27T17:29:23.536Z,49.525,-0.095,-4.708,21.890,0.00,2.0170,24.734549,46.700649,26.193,52.496,19.049
2025-12-27T17:29:23.871Z,49.537,-0.098,-4.836,21.890,0.00,2.0170,24.734549,46.700649,26.192,52.497,19.049
2025-12-27T17:29:23.871Z,49.545,-0.196,-9.722,21.890,0.00,2.0170,24.734549,46.700649,26.192,52.497,19.049
2025-12-27T17:29:24.050Z,49.559,-0.253,-12.523,21.890,0.00,2.0170,24.734549,46.700649,26.192,52.498,19.048
2025-12-27T17:29:24.293Z,49.565,-0.188,-9.329,20.740,0.00,2.0230,24.734528,46.700596,26.191,52.728,18.965
2025-12-27T17:29:24.670Z,49.573,-0.137,-6.798,20.740,0.00,2.0230,24.734528,46.700596,26.190,52.730,18.965
2025-12-27T17:29:24.670Z,49.584,-0.086,-4.248,20.740,0.00,2.0230,24.734528,46.700596,26.190,52.730,18.965
2025-12-27T17:29:24.670Z,49.592,-0.255,-12.626,20.740,0.00,2.0230,24.734528,46.700596,26.190,52.730,18.965
2025-12-27T17:29:24.982Z,49.597,-0.204,-10.130,20.740,0.00,2.0230,24.734528,46.700596,26.189,52.731,18.964
2025-12-27T17:29:25.070Z,49.606,-0.168,-8.341,20.740,0.00,2.0230,24.734528,46.700596,26.189,52.732,18.964
2025-12-27T17:29:25.564Z,49.612,-0.180,-8.954,20.740,0.00,2.0230,24.734528,46.700596,26.188,52.734,18.963
2025-12-27T17:29:25.564Z,49.622,-0.091,-4.517,19.240,0.00,2.0280,24.734509,46.700546,26.188,52.925,18.895
2025-12-27T17:29:25.564Z,49.628,-0.222,-11.030,19.240,0.00,2.0280,24.734509,46.700546,26.188,52.925,18.895
2025-12-27T17:29:25.863Z,49.631,-0.200,-9.925,19.240,0.00,2.0280,24.734509,46.700546,26.187,52.927,18.894
2025-12-27T17:29:25.863Z,49.640,-0.245,-12.153,19.240,0.00,2.0280,24.734509,46.700546,26.187,52.927,18.894
2025-12-27T17:29:26.426Z,49.643,-0.182,-9.029,19.240,0.00,2.0280,24.734509,46.700546,26.186,52.930,18.893
2025-12-27T17:29:26.426Z,49.652,-0.088,-4.349,19.240,0.00,2.0280,24.734509,46.700546,26.186,52.930,18.893
2025-12-27T17:29:26.426Z,49.654,-0.199,-9.882,17.820,0.00,2.0330,24.734491,46.700500,26.186,53.121,18.825
2025-12-27T17:29:26.426Z,49.661,-0.201,-9.967,17.820,0.00,2.0330,24.734491,46.700500,26.186,53.121,18.825
2025-12-27T17:29:26.923Z,49.669,-0.104,-5.169,17.820,0.00,2.0330,24.734491,46.700500,26.185,53.122,18.825
2025-12-27T17:29:26.923Z,49.671,-0.173,-8.593,17.820,0.00,2.0330,24.734491,46.700500,26.185,53.122,18.825
2025-12-27T17:29:27.014Z,49.676,-0.179,-8.897,17.820,0.00,2.0330,24.734491,46.700500,26.185,53.123,18.824
2025-12-27T17:29:27.016Z,49.681,-0.209,-10.388,17.820,0.00,2.0330,24.734491,46.700500,26.185,53.123,18.824
2025-12-27T17:29:27.448Z,49.689,-0.238,-11.813,16.410,0.00,2.0380,24.734478,46.700459,26.183,53.316,18.756
2025-12-27T17:29:27.448Z,49.692,-0.215,-10.691,16.410,0.00,2.0380,24.734478,46.700459,26.183,53.316,18.756
2025-12-27T17:29:27.747Z,49.700,-0.064,-3.183,16.410,0.00,2.0380,24.734478,46.700459,26.183,53.317,18.756
2025-12-27T17:29:27.747Z,49.704,-0.079,-3.917,16.410,0.00,2.0380,24.734478,46.700459,26.183,53.317,18.756
2025-12-27T17:29:27.852Z,49.707,-0.221,-11.004,16.410,0.00,2.0380,24.734478,46.700459,26.183,53.318,18.756
2025-12-27T17:29:28.258Z,49.711,-0.218,-10.836,16.410,0.00,2.0380,24.734478,46.700459,26.181,53.320,18.755
2025-12-27T17:29:28.259Z,49.715,-0.178,-8.864,16.410,0.00,2.0380,24.734478,46.700459,26.181,53.320,18.755
2025-12-27T17:29:28.259Z,49.723,-0.072,-3.579,15.000,0.00,2.0420,24.734468,46.700417,26.181,53.473,18.701
2025-12-27T17:29:28.770Z,49.727,-0.080,-3.984,15.000,0.00,2.0420,24.734468,46.700417,26.181,53.474,18.701
2025-12-27T17:29:28.770Z,49.727,-0.196,-9.752,15.000,0.00,2.0420,24.734468,46.700417,26.181,53.474,18.701
2025-12-27T17:29:29.073Z,49.735,-0.247,-12.281,15.000,0.00,2.0420,24.734468,46.700417,26.180,53.476,18.700
2025-12-27T17:29:29.170Z,49.736,-0.188,-9.374,15.000,0.00,2.0420,24.734468,46.700417,26.180,53.477,18.700
2025-12-27T17:29:29.170Z,49.742,-0.082,-4.080,15.000,0.00,2.0420,24.734468,46.700417,26.180,53.477,18.700
2025-12-27T17:29:29.897Z,49.744,-0.172,-8.566,13.960,0.00,2.0460,24.734463,46.700378,26.178,53.633,18.645
2025-12-27T17:29:29.897Z,49.752,-0.265,-13.196,13.960,0.00,2.0460,24.734463,46.700378,26.178,53.633,18.645
2025-12-27T17:29:29.897Z,49.752,-0.194,-9.664,13.960,0.00,2.0460,24.734463,46.700378,26.178,53.633,18.645
2025-12-27T17:29:29.897Z,49.756,-0.182,-9.042,13.960,0.00,2.0460,24.734463,46.700378,26.178,53.633,18.645
2025-12-27T17:29:29.986Z,49.760,-0.180,-8.940,13.960,0.00,2.0460,24.734463,46.700378,26.178,53.634,18.645
2025-12-27T17:29:29.986Z,49.767,-0.073,-3.639,13.960,0.00,2.0460,24.734463,46.700378,26.178,53.634,18.645
2025-12-27T17:29:30.415Z,49.770,-0.228,-11.363,12.090,0.00,2.0490,24.734459,46.700344,26.176,53.751,18.604
2025-12-27T17:29:30.416Z,49.774,-0.244,-12.123,12.090,0.00,2.0490,24.734459,46.700344,26.176,53.751,18.604
2025-12-27T17:29:30.615Z,49.774,-0.188,-9.345,12.090,0.00,2.0490,24.734459,46.700344,26.176,53.752,18.604
2025-12-27T17:29:30.615Z,49.782,-0.070,-3.468,12.090,0.00,2.0490,24.734459,46.700344,26.176,53.752,18.604
2025-12-27T17:29:30.918Z,49.785,-0.130,-6.470,12.090,0.00,2.0490,24.734459,46.700344,26.175,53.753,18.604
2025-12-27T17:29:31.236Z,49.787,-0.213,-10.611,12.090,0.00,2.0490,24.734459,46.700344,26.174,53.755,18.603
2025-12-27T17:29:31.236Z,49.791,-0.213,-10.604,12.090,0.00,2.0490,24.734459,46.700344,26.174,53.755,18.603
2025-12-27T17:29:31.314Z,49.795,-0.112,-5.567,10.760,0.00,2.0530,24.734455,46.700314,26.174,53.908,18.550
2025-12-27T17:29:31.843Z,49.796,-0.146,-7.281,10.760,0.00,2.0530,24.734455,46.700314,26.173,53.910,18.549
2025-12-27T17:29:31.843Z,49.799,-0.173,-8.596,10.760,0.00,2.0530,24.734455,46.700314,26.173,53.910,18.549
2025-12-27T17:29:31.843Z,49.806,-0.251,-12.507,10.760,0.00,2.0530,24.734455,46.700314,26.173,53.910,18.549
2025-12-27T17:29:32.150Z,49.713,-0.036,-1.796,10.760,0.00,2.0530,24.734455,46.700314,26.173,53.911,18.549
2025-12-27T17:29:32.150Z,49.159,1.161,57.074,10.760,0.00,2.0530,24.734455,46.700314,26.173,53.911,18.549
2025-12-27T17:29:32.228Z,48.750,1.965,95.801,9.090,0.00,2.0550,24.734451,46.700287,26.175,53.983,18.524
2025-12-27T17:29:32.433Z,48.917,1.640,80.225,9.090,0.00,2.0550,24.734451,46.700287,26.180,53.973,18.528
2025-12-27T17:29:32.969Z,49.035,1.201,58.899,9.090,0.00,2.0550,24.734451,46.700287,26.188,53.955,18.534
2025-12-27T17:29:32.969Z,48.992,1.220,59.758,9.090,0.00,2.0550,24.734451,46.700287,26.188,53.955,18.534
2025-12-27T17:29:33.083Z,48.786,1.651,80.537,9.090,0.00,2.0550,24.734451,46.700287,26.191,53.950,18.536
2025-12-27T17:29:33.083Z,204.800,2.286,468.085,9.090,0.00,2.0550,24.734451,46.700287,26.191,53.950,18.536
2025-12-27T17:29:33.484Z,48.784,1.827,89.136,9.090,0.00,2.0550,24.734451,46.700287,26.201,53.930,18.543
2025-12-27T17:29:33.484Z,48.639,1.852,90.080,7.950,0.00,2.0580,24.734446,46.700264,26.201,54.044,18.503
2025-12-27T17:29:33.784Z,48.722,1.844,89.836,7.950,0.00,2.0580,24.734446,46.700264,26.208,54.029,18.509
2025-12-27T17:29:33.784Z,48.709,1.928,93.913,7.950,0.00,2.0580,24.734446,46.700264,26.208,54.029,18.509
2025-12-27T17:29:33.872Z,48.885,1.603,78.360,7.950,0.00,2.0580,24.734446,46.700264,26.210,54.025,18.510
2025-12-27T17:29:34.199Z,48.898,1.573,76.905,7.950,0.00,2.0580,24.734446,46.700264,26.217,54.010,18.515
2025-12-27T17:29:34.199Z,48.796,1.807,88.179,7.950,0.00,2.0580,24.734446,46.700264,26.217,54.010,18.515
2025-12-27T17:29:34.290Z,48.395,2.583,125.008,7.020,0.00,2.0590,24.734438,46.700249,26.220,54.042,18.504
2025-12-27T17:29:34.618Z,48.339,2.835,137.045,7.020,0.00,2.0590,24.734438,46.700249,26.233,54.016,18.513
2025-12-27T17:29:34.700Z,47.186,5.386,254.130,7.020,0.00,2.0590,24.734438,46.700249,26.239,54.004,18.517
2025-12-27T17:29:34.700Z,47.321,4.874,230.632,7.020,0.00,2.0590,24.734438,46.700249,26.239,54.004,18.517
2025-12-27T17:29:34.910Z,47.698,4.047,193.052,7.020,0.00,2.0590,24.734438,46.700249,26.250,53.981,18.525
2025-12-27T17:29:35.093Z,47.495,4.337,206.006,7.020,0.00,2.0590,24.734438,46.700249,26.260,53.959,18.532
2025-12-27T17:29:35.440Z,47.484,4.663,221.402,6.240,0.00,2.0610,24.734425,46.700237,26.282,53.992,18.521
2025-12-27T17:29:35.440Z,47.475,4.236,201.127,6.240,0.00,2.0610,24.734425,46.700237,26.282,53.992,18.521
2025-12-27T17:29:35.532Z,204.800,0.000,-0.008,6.240,0.00,2.0610,24.734425,46.700237,26.282,53.992,18.521
2025-12-27T17:29:35.852Z,46.943,5.188,243.556,6.240,0.00,2.0610,24.734425,46.700237,26.303,53.947,18.537
2025-12-27T17:29:36.063Z,47.238,4.458,210.585,6.240,0.00,2.0610,24.734425,46.700237,26.316,53.922,18.545
2025-12-27T17:29:36.063Z,49.059,1.231,60.387,6.240,0.00,2.0610,24.734425,46.700237,26.316,53.922,18.545
2025-12-27T17:29:36.340Z,49.798,-0.165,-8.195,6.240,0.00,2.0610,24.734425,46.700237,26.315,53.923,18.545
2025-12-27T17:29:36.343Z,49.632,0.184,9.150,5.570,0.00,2.0630,24.734411,46.700230,26.315,53.999,18.519
2025-12-27T17:29:36.961Z,46.877,5.688,266.613,5.570,0.00,2.0630,24.734411,46.700230,26.361,53.906,18.551
2025-12-27T17:29:36.964Z,46.896,5.624,263.750,5.570,0.00,2.0630,24.734411,46.700230,26.361,53.905,18.551
2025-12-27T17:29:36.964Z,46.762,6.117,286.048,5.570,0.00,2.0630,24.734411,46.700230,26.361,53.905,18.551
2025-12-27T17:29:36.964Z,46.800,5.640,263.941,5.570,0.00,2.0630,24.734411,46.700230,26.361,53.905,18.551
2025-12-27T17:29:37.426Z,46.794,6.367,297.923,5.570,0.00,2.0630,24.734411,46.700230,26.399,53.827,18.578
2025-12-27T17:29:37.426Z,46.718,6.221,290.635,5.020,0.00,2.0640,24.734400,46.700226,26.399,53.865,18.565
2025-12-27T17:29:37.680Z,46.673,6.295,293.787,5.020,0.00,2.0640,24.734400,46.700226,26.420,53.823,18.580
2025-12-27T17:29:37.680Z,46.791,6.376,298.349,5.020,0.00,2.0640,24.734400,46.700226,26.420,53.823,18.580
2025-12-27T17:29:38.190Z,46.487,6.457,300.164,5.020,0.00,2.0640,24.734400,46.700226,26.463,53.736,18.609
2025-12-27T17:29:38.190Z,46.497,7.031,326.923,5.020,0.00,2.0640,24.734400,46.700226,26.463,53.736,18.609
2025-12-27T17:29:38.190Z,46.142,6.528,301.209,5.020,0.00,2.0640,24.734400,46.700226,26.463,53.736,18.609
2025-12-27T17:29:38.268Z,46.530,7.104,330.563,5.350,0.00,2.0660,24.734386,46.700230,26.470,53.797,18.588
2025-12-27T17:29:38.492Z,46.310,7.709,356.983,5.350,0.00,2.0660,24.734386,46.700230,26.492,53.752,18.604
2025-12-27T17:29:38.492Z,45.999,6.721,309.151,5.350,0.00,2.0660,24.734386,46.700230,26.492,53.752,18.604
2025-12-27T17:29:39.107Z,46.159,6.559,302.761,5.350,0.00,2.0660,24.734386,46.700230,26.544,53.647,18.640
2025-12-27T17:29:39.107Z,46.226,6.183,285.839,5.350,0.00,2.0660,24.734386,46.700230,26.544,53.647,18.640
2025-12-27T17:29:39.107Z,46.571,5.948,277.003,5.350,0.00,2.0660,24.734386,46.700230,26.544,53.647,18.640
2025-12-27T17:29:39.209Z,204.800,0.000,-0.008,5.350,0.00,2.0660,24.734386,46.700230,26.544,53.647,18.640
2025-12-27T17:29:39.522Z,46.480,6.694,311.139,5.830,0.00,2.0670,24.734373,46.700233,26.571,53.630,18.646
2025-12-27T17:29:39.522Z,46.353,6.831,316.641,5.830,0.00,2.0670,24.734373,46.700233,26.571,53.630,18.646
2025-12-27T17:29:39.622Z,46.266,6.563,303.622,5.830,0.00,2.0670,24.734373,46.700233,26.579,53.613,18.652
2025-12-27T17:29:39.933Z,204.800,0.000,-0.008,5.830,0.00,2.0670,24.734373,46.700233,26.579,53.613,18.652
2025-12-27T17:29:40.137Z,46.470,6.639,308.504,5.830,0.00,2.0670,24.734373,46.700233,26.597,53.578,18.664
2025-12-27T17:29:40.137Z,46.219,7.008,323.879,5.830,0.00,2.0670,24.734373,46.700233,26.597,53.578,18.664
2025-12-27T17:29:40.252Z,46.284,6.813,315.357,5.850,0.00,2.0690,24.734362,46.700241,26.607,53.633,18.645
2025-12-27T17:29:40.751Z,46.281,6.581,304.565,5.850,0.00,2.0690,24.734362,46.700241,26.649,53.548,18.675
2025-12-27T17:29:40.751Z,46.369,6.744,312.702,5.850,0.00,2.0690,24.734362,46.700241,26.649,53.548,18.675
2025-12-27T17:29:41.058Z,46.518,6.176,287.285,5.850,0.00,2.0690,24.734362,46.700241,26.674,53.499,18.692
2025-12-27T17:29:41.059Z,29.089,0.000,-0.001,5.850,0.00,2.0690,24.734362,46.700241,26.674,53.499,18.692
2025-12-27T17:29:41.142Z,46.573,6.290,292.951,5.850,0.00,2.0690,24.734362,46.700241,26.680,53.485,18.697
2025-12-27T17:29:41.143Z,46.581,6.059,282.236,5.850,0.00,2.0690,24.734362,46.700241,26.680,53.485,18.697
2025-12-27T17:29:41.584Z,46.886,5.606,262.866,5.930,0.00,2.0700,24.734354,46.700253,26.713,53.458,18.706
2025-12-27T17:29:41.585Z,46.982,5.722,268.808,5.930,0.00,2.0700,24.734354,46.700253,26.713,53.458,18.706
2025-12-27T17:29:41.791Z,46.945,0.000,-0.002,5.930,0.00,2.0700,24.734354,46.700253,26.713,53.458,18.706
2025-12-27T17:29:41.791Z,46.865,5.599,262.411,5.930,0.00,2.0700,24.734354,46.700253,26.713,53.458,18.706
2025-12-27T17:29:42.202Z,46.734,5.737,268.122,5.930,0.00,2.0700,24.734354,46.700253,26.743,53.397,18.728
2025-12-27T17:29:42.202Z,204.800,0.000,-0.008,5.930,0.00,2.0700,24.734354,46.700253,26.743,53.397,18.728
2025-12-27T17:29:42.385Z,46.866,5.364,251.386,6.070,0.00,2.0720,24.734350,46.700268,26.756,53.446,18.711
2025-12-27T17:29:42.385Z,47.102,5.677,267.377,6.070,0.00,2.0720,24.734350,46.700268,26.756,53.446,18.711
2025-12-27T17:29:42.591Z,204.800,0.000,-0.008,6.070,0.00,2.0720,24.734350,46.700268,26.756,53.446,18.711
2025-12-27T17:29:43.103Z,47.092,5.048,237.734,6.070,0.00,2.0720,24.734350,46.700268,26.790,53.378,18.734
2025-12-27T17:29:43.104Z,46.948,5.202,244.233,6.070,0.00,2.0720,24.734350,46.700268,26.790,53.378,18.734
2025-12-27T17:29:43.213Z,204.800,0.000,-0.008,6.070,0.00,2.0720,24.734350,46.700268,26.790,53.378,18.734
2025-12-27T17:29:43.213Z,47.171,4.699,221.659,5.760,0.00,2.0730,24.734352,46.700283,26.790,53.416,18.721
2025-12-27T17:29:43.574Z,47.380,4.654,220.513,5.760,0.00,2.0730,24.734352,46.700283,26.812,53.372,18.737
2025-12-27T17:29:43.610Z,204.800,0.000,-0.008,5.760,0.00,2.0730,24.734352,46.700283,26.812,53.372,18.737
2025-12-27T17:29:44.026Z,47.590,3.986,189.694,5.760,0.00,2.0730,24.734352,46.700283,26.834,53.328,18.752
2025-12-27T17:29:44.026Z,204.800,0.000,-0.008,5.760,0.00,2.0730,24.734352,46.700283,26.834,53.328,18.752
2025-12-27T17:29:44.336Z,204.800,3.982,815.452,5.760,0.00,2.0730,24.734352,46.700283,26.904,53.189,18.801
2025-12-27T17:29:44.337Z,204.800,0.000,-0.008,5.760,0.00,2.0730,24.734352,46.700283,26.904,53.189,18.801
2025-12-27T17:29:44.418Z,204.800,0.000,-0.008,5.610,0.00,2.0750,24.734356,46.700298,26.904,53.263,18.775
2025-12-27T17:29:44.418Z,48.568,1.832,88.982,5.610,0.00,2.0750,24.734356,46.700298,26.904,53.263,18.775
2025-12-27T17:29:44.708Z,47.543,4.215,200.393,5.610,0.00,2.0750,24.734356,46.700298,26.920,53.231,18.786
2025-12-27T17:29:44.949Z,204.800,0.000,-0.008,5.610,0.00,2.0750,24.734356,46.700298,26.920,53.231,18.786
2025-12-27T17:29:45.360Z,47.154,5.021,236.755,5.610,0.00,2.0750,24.734356,46.700298,26.947,53.178,18.805
2025-12-27T17:29:45.360Z,46.889,5.656,265.192,5.610,0.00,2.0750,24.734356,46.700298,26.947,53.178,18.805
2025-12-27T17:29:45.361Z,204.800,0.000,-0.008,6.130,0.00,2.0770,24.734362,46.700314,26.947,53.252,18.779
2025-12-27T17:29:45.361Z,46.577,6.215,289.491,6.130,0.00,2.0770,24.734362,46.700314,26.947,53.252,18.779
2025-12-27T17:29:45.779Z,46.670,6.078,283.682,6.130,0.00,2.0770,24.734362,46.700314,26.980,53.187,18.802
2025-12-27T17:29:45.779Z,46.688,5.885,274.742,6.130,0.00,2.0770,24.734362,46.700314,26.980,53.187,18.802
2025-12-27T17:29:46.174Z,46.707,6.015,280.926,6.130,0.00,2.0770,24.734362,46.700314,27.011,53.126,18.823
2025-12-27T17:29:46.266Z,46.718,5.844,273.007,6.130,0.00,2.0770,24.734362,46.700314,27.018,53.112,18.828
2025-12-27T17:29:46.266Z,46.744,5.768,269.623,6.800,0.00,2.0780,24.734369,46.700329,27.018,53.149,18.815
2025-12-27T17:29:46.688Z,46.702,6.291,293.793,6.800,0.00,2.0780,24.734369,46.700329,27.053,53.082,18.839
2025-12-27T17:29:46.688Z,204.800,0.000,-0.008,6.800,0.00,2.0780,24.734369,46.700329,27.053,53.082,18.839
2025-12-27T17:29:46.714Z,46.944,5.352,251.262,6.800,0.00,2.0780,24.734369,46.700329,27.054,53.078,18.840
2025-12-27T17:29:47.000Z,47.000,5.230,245.824,6.800,0.00,2.0780,24.734369,46.700329,27.074,53.040,18.854
2025-12-27T17:29:47.000Z,47.062,5.297,249.275,6.800,0.00,2.0780,24.734369,46.700329,27.074,53.040,18.854
2025-12-27T17:29:47.202Z,204.800,0.000,-0.008,6.800,0.00,2.0780,24.734369,46.700329,27.074,53.040,18.854
2025-12-27T17:29:47.445Z,46.754,5.788,270.631,7.280,0.00,2.0800,24.734379,46.700344,27.092,53.078,18.840
2025-12-27T17:29:47.445Z,46.718,5.822,271.987,7.280,0.00,2.0800,24.734379,46.700344,27.092,53.078,18.840
2025-12-27T17:29:47.709Z,46.876,5.762,270.112,7.280,0.00,2.0800,24.734379,46.700344,27.112,53.039,18.854
2025-12-27T17:29:47.849Z,46.930,5.469,256.646,7.280,0.00,2.0800,24.734379,46.700344,27.122,53.020,18.861
2025-12-27T17:29:48.224Z,204.800,0.000,-0.008,7.280,0.00,2.0800,24.734379,46.700344,27.122,53.020,18.861
2025-12-27T17:29:48.224Z,47.143,4.999,235.643,7.280,0.00,2.0800,24.734379,46.700344,27.122,53.020,18.861
2025-12-27T17:29:48.325Z,204.800,0.000,-0.008,7.960,0.00,2.0830,24.734388,46.700363,27.122,53.130,18.822
2025-12-27T17:29:48.752Z,47.023,5.146,241.969,7.960,0.00,2.0830,24.734388,46.700363,27.151,53.074,18.842
2025-12-27T17:29:48.754Z,47.039,5.104,240.071,7.960,0.00,2.0830,24.734388,46.700363,27.151,53.074,18.842
2025-12-27T17:29:48.828Z,47.320,5.444,257.602,7.960,0.00,2.0830,24.734388,46.700363,27.156,53.063,18.845
2025-12-27T17:29:48.828Z,47.391,5.172,245.124,7.960,0.00,2.0830,24.734388,46.700363,27.156,53.063,18.845
2025-12-27T17:29:49.353Z,47.514,4.313,204.932,7.960,0.00,2.0830,24.734388,46.700363,27.186,53.005,18.866
2025-12-27T17:29:49.353Z,204.800,0.000,-0.008,8.950,0.00,2.0850,24.734400,46.700382,27.186,53.079,18.840
2025-12-27T17:29:49.445Z,47.110,3.884,182.978,8.950,0.00,2.0850,24.734400,46.700382,27.191,53.070,18.843
2025-12-27T17:29:49.451Z,47.283,4.624,218.622,8.950,0.00,2.0850,24.734400,46.700382,27.191,53.069,18.843
2025-12-27T17:29:49.865Z,46.981,4.945,232.313,8.950,0.00,2.0850,24.734400,46.700382,27.218,53.017,18.862
2025-12-27T17:29:49.865Z,204.800,0.000,-0.008,8.950,0.00,2.0850,24.734400,46.700382,27.218,53.017,18.862
2025-12-27T17:29:50.172Z,46.924,5.101,239.378,8.950,0.00,2.0850,24.734400,46.700382,27.238,52.977,18.876
2025-12-27T17:29:50.173Z,46.956,5.177,243.099,8.950,0.00,2.0850,24.734400,46.700382,27.238,52.977,18.876
2025-12-27T17:29:50.355Z,46.946,5.414,254.178,9.760,0.00,2.0870,24.734411,46.700405,27.251,53.025,18.859
2025-12-27T17:29:50.569Z,204.800,0.000,-0.008,9.760,0.00,2.0870,24.734411,46.700405,27.251,53.025,18.859
2025-12-27T17:29:50.571Z,204.800,0.000,-0.008,9.760,0.00,2.0870,24.734411,46.700405,27.251,53.025,18.859
2025-12-27T17:29:50.993Z,204.800,0.000,-0.008,9.760,0.00,2.0870,24.734411,46.700405,27.251,53.025,18.859
2025-12-27T17:29:50.993Z,204.800,0.000,-0.008,9.760,0.00,2.0870,24.734411,46.700405,27.251,53.025,18.859
2025-12-27T17:29:51.298Z,204.800,5.742,1175.921,9.760,0.00,2.0870,24.734411,46.700405,27.351,52.832,18.928
2025-12-27T17:29:51.298Z,46.888,5.436,254.881,10.020,0.00,2.0900,24.734425,46.700428,27.351,52.942,18.889
2025-12-27T17:29:51.385Z,46.873,5.283,247.629,10.020,0.00,2.0900,24.734425,46.700428,27.357,52.931,18.893
2025-12-27T17:29:51.799Z,204.800,0.000,-0.008,10.020,0.00,2.0900,24.734425,46.700428,27.357,52.931,18.893
2025-12-27T17:29:51.799Z,46.827,5.658,264.930,10.020,0.00,2.0900,24.734425,46.700428,27.357,52.930,18.893
2025-12-27T17:29:51.909Z,204.800,0.000,-0.008,10.020,0.00,2.0900,24.734425,46.700428,27.357,52.930,18.893
2025-12-27T17:29:52.322Z,46.845,5.518,258.486,10.020,0.00,2.0900,24.734425,46.700428,27.386,52.873,18.913
2025-12-27T17:29:52.322Z,204.800,0.000,-0.008,10.020,0.00,2.0900,24.734425,46.700428,27.386,52.873,18.913
2025-12-27T17:29:52.322Z,46.856,5.486,257.076,10.570,0.00,2.0930,24.734438,46.700451,27.386,52.983,18.874
2025-12-27T17:29:52.630Z,46.770,0.000,-0.002,10.570,0.00,2.0930,24.734438,46.700451,27.386,52.983,18.874
2025-12-27T17:29:53.033Z,204.800,0.000,-0.008,10.570,0.00,2.0930,24.734438,46.700451,27.386,52.983,18.874
2025-12-27T17:29:53.035Z,46.675,0.000,-0.002,10.570,0.00,2.0930,24.734438,46.700451,27.386,52.983,18.874
2025-12-27T17:29:53.036Z,46.498,6.211,288.791,10.570,0.00,2.0930,24.734438,46.700451,27.386,52.983,18.874
2025-12-27T17:29:53.344Z,204.800,0.000,-0.008,10.570,0.00,2.0930,24.734438,46.700451,27.386,52.983,18.874
2025-12-27T17:29:53.344Z,204.800,0.000,-0.008,11.150,0.00,2.0960,24.734451,46.700478,27.386,53.092,18.835
2025-12-27T17:29:53.690Z,204.800,0.000,-0.008,11.150,0.00,2.0960,24.734451,46.700478,27.386,53.092,18.835
2025-12-27T17:29:53.690Z,204.800,0.000,-0.008,11.150,0.00,2.0960,24.734451,46.700478,27.386,53.092,18.835
2025-12-27T17:29:53.939Z,204.800,9.094,1862.389,11.150,0.00,2.0960,24.734451,46.700478,27.515,52.843,18.924
2025-12-27T17:29:53.940Z,46.580,5.672,264.180,11.150,0.00,2.0960,24.734451,46.700478,27.515,52.843,18.924
2025-12-27T17:29:54.306Z,46.669,5.996,279.845,11.150,0.00,2.0960,24.734451,46.700478,27.544,52.789,18.943
2025-12-27T17:29:54.306Z,204.800,0.000,-0.008,11.330,0.00,2.0990,24.734465,46.700504,27.544,52.897,18.904
2025-12-27T17:29:54.362Z,46.646,5.956,277.822,11.330,0.00,2.0990,24.734465,46.700504,27.548,52.889,18.907
2025-12-27T17:29:54.561Z,204.800,0.000,-0.008,11.330,0.00,2.0990,24.734465,46.700504,27.548,52.889,18.907
2025-12-27T17:29:54.769Z,46.614,6.078,283.308,11.330,0.00,2.0990,24.734465,46.700504,27.565,52.858,18.919
2025-12-27T17:29:54.769Z,204.800,0.000,-0.008,11.330,0.00,2.0990,24.734465,46.700504,27.565,52.858,18.919
2025-12-27T17:29:55.292Z,46.470,6.261,290.952,11.330,0.00,2.0990,24.734465,46.700504,27.607,52.777,18.948
2025-12-27T17:29:55.292Z,204.800,0.000,-0.008,11.330,0.00,2.0990,24.734465,46.700504,27.607,52.777,18.948
2025-12-27T17:29:55.292Z,204.800,0.000,-0.008,11.800,0.00,2.1020,24.734480,46.700531,27.607,52.886,18.909
2025-12-27T17:29:55.701Z,46.483,6.438,299.245,11.800,0.00,2.1020,24.734480,46.700531,27.641,52.821,18.932
2025-12-27T17:29:55.701Z,46.557,6.145,286.104,11.800,0.00,2.1020,24.734480,46.700531,27.641,52.821,18.932
2025-12-27T17:29:55.791Z,46.613,0.000,-0.002,11.800,0.00,2.1020,24.734480,46.700531,27.641,52.821,18.932
2025-12-27T17:29:55.994Z,204.800,0.000,-0.008,11.800,0.00,2.1020,24.734480,46.700531,27.641,52.821,18.932
2025-12-27T17:29:56.517Z,204.800,0.000,-0.008,11.800,0.00,2.1020,24.734480,46.700531,27.641,52.821,18.932
2025-12-27T17:29:56.517Z,46.632,5.807,270.812,12.240,0.00,2.1060,24.734495,46.700562,27.641,52.965,18.880
2025-12-27T17:29:56.524Z,204.800,0.000,-0.008,12.240,0.00,2.1060,24.734495,46.700562,27.641,52.965,18.880
2025-12-27T17:29:56.524Z,46.748,5.556,259.712,12.240,0.00,2.1060,24.734495,46.700562,27.641,52.965,18.880
2025-12-27T17:29:56.825Z,29.469,5.756,169.618,12.240,0.00,2.1060,24.734495,46.700562,27.655,52.938,18.890
2025-12-27T17:29:56.912Z,46.653,0.000,-0.002,12.240,0.00,2.1060,24.734495,46.700562,27.655,52.938,18.890
2025-12-27T17:29:57.505Z,46.650,5.862,273.485,12.240,0.00,2.1060,24.734495,46.700562,27.700,52.852,18.921
2025-12-27T17:29:57.505Z,46.621,5.888,274.508,12.950,0.00,2.1090,24.734510,46.700592,27.700,52.960,18.882
2025-12-27T17:29:57.505Z,46.693,5.890,275.037,12.950,0.00,2.1090,24.734510,46.700592,27.700,52.960,18.882
2025-12-27T17:29:57.750Z,46.818,5.706,267.132,12.950,0.00,2.1090,24.734510,46.700592,27.718,52.926,18.894
2025-12-27T17:29:57.750Z,46.624,5.770,269.014,12.950,0.00,2.1090,24.734510,46.700592,27.718,52.926,18.894
2025-12-27T17:29:57.841Z,46.651,5.695,265.655,12.950,0.00,2.1090,24.734510,46.700592,27.725,52.913,18.899
2025-12-27T17:29:58.262Z,46.569,6.104,284.274,12.950,0.00,2.1090,24.734510,46.700592,27.758,52.849,18.922
2025-12-27T17:29:58.262Z,46.650,6.093,284.238,12.950,0.00,2.1090,24.734510,46.700592,27.758,52.849,18.922
2025-12-27T17:29:58.570Z,204.800,0.000,-0.008,13.460,0.00,2.1130,24.734526,46.700623,27.758,52.994,18.870
2025-12-27T17:29:58.571Z,46.496,6.117,284.403,13.460,0.00,2.1130,24.734526,46.700623,27.758,52.993,18.870
2025-12-27T17:29:58.643Z,46.491,6.114,284.245,13.460,0.00,2.1130,24.734526,46.700623,27.764,52.983,18.874
2025-12-27T17:29:58.978Z,204.800,6.399,1310.507,13.460,0.00,2.1130,24.734526,46.700623,27.886,52.751,18.957
2025-12-27T17:29:58.980Z,46.553,6.119,284.853,13.460,0.00,2.1130,24.734526,46.700623,27.886,52.750,18.957
2025-12-27T17:29:59.183Z,46.481,0.000,-0.002,13.460,0.00,2.1130,24.734526,46.700623,27.886,52.750,18.957
2025-12-27T17:29:59.270Z,46.385,6.323,293.290,13.670,0.00,2.1170,24.734541,46.700657,27.893,52.880,18.911
2025-12-27T17:29:59.489Z,30.714,0.000,-0.001,13.670,0.00,2.1170,24.734541,46.700657,27.893,52.880,18.911
2025-12-27T17:29:59.489Z,46.428,6.515,302.477,13.670,0.00,2.1170,24.734541,46.700657,27.893,52.880,18.911
2025-12-27T17:30:00.101Z,46.362,6.338,293.836,13.670,0.00,2.1170,24.734541,46.700657,27.943,52.786,18.945
2025-12-27T17:30:00.101Z,204.800,0.000,-0.008,13.670,0.00,2.1170,24.734541,46.700657,27.943,52.786,18.945
2025-12-27T17:30:00.114Z,46.294,6.411,296.797,13.670,0.00,2.1170,24.734541,46.700657,27.944,52.784,18.945
2025-12-27T17:30:00.114Z,204.800,6.375,1305.538,13.670,0.00,2.1170,24.734541,46.700657,27.944,52.784,18.945
2025-12-27T17:30:00.515Z,204.800,0.000,-0.008,14.080,0.00,2.1200,24.734558,46.700687,27.944,52.891,18.907
2025-12-27T17:30:00.732Z,46.382,6.459,299.579,14.080,0.00,2.1200,24.734558,46.700687,27.962,52.857,18.919
2025-12-27T17:30:00.732Z,46.252,6.670,308.510,14.080,0.00,2.1200,24.734558,46.700687,27.962,52.857,18.919
2025-12-27T17:30:01.178Z,204.800,0.000,-0.008,14.080,0.00,2.1200,24.734558,46.700687,27.962,52.857,18.919
2025-12-27T17:30:01.178Z,46.307,6.490,300.512,14.080,0.00,2.1200,24.734558,46.700687,27.962,52.857,18.919
2025-12-27T17:30:01.209Z,46.156,6.954,320.990,14.080,0.00,2.1200,24.734558,46.700687,27.965,52.852,18.921
2025-12-27T17:30:01.209Z,46.215,6.849,316.548,14.200,0.00,2.1240,24.734575,46.700722,27.965,52.995,18.870
2025-12-27T17:30:01.428Z,46.134,6.984,322.218,14.200,0.00,2.1240,24.734575,46.700722,27.985,52.958,18.883
2025-12-27T17:30:01.844Z,46.129,7.211,332.651,14.200,0.00,2.1240,24.734575,46.700722,28.023,52.885,18.909
2025-12-27T17:30:01.844Z,46.250,6.794,314.201,14.200,0.00,2.1240,24.734575,46.700722,28.023,52.885,18.909
2025-12-27T17:30:01.844Z,46.249,6.702,309.977,14.200,0.00,2.1240,24.734575,46.700722,28.023,52.885,18.909
2025-12-27T17:30:02.031Z,204.800,0.000,-0.008,14.200,0.00,2.1240,24.734575,46.700722,28.023,52.885,18.909
2025-12-27T17:30:02.344Z,204.800,9.032,1849.662,14.760,0.00,2.1290,24.734591,46.700760,28.184,52.761,18.953
2025-12-27T17:30:02.344Z,46.219,6.786,313.623,14.760,0.00,2.1290,24.734591,46.700760,28.184,52.761,18.953
2025-12-27T17:30:02.870Z,204.800,0.000,-0.008,14.760,0.00,2.1290,24.734591,46.700760,28.184,52.761,18.953
2025-12-27T17:30:02.870Z,46.344,6.724,311.635,14.760,0.00,2.1290,24.734591,46.700760,28.184,52.761,18.953
2025-12-27T17:30:03.165Z,204.800,0.000,-0.008,14.760,0.00,2.1290,24.734591,46.700760,28.184,52.761,18.953
2025-12-27T17:30:03.165Z,46.313,6.431,297.821,14.760,0.00,2.1290,24.734591,46.700760,28.184,52.761,18.953
2025-12-27T17:30:03.278Z,204.800,6.476,1326.218,14.760,0.00,2.1290,24.734591,46.700760,28.225,52.684,18.981
2025-12-27T17:30:03.278Z,33.395,0.000,-0.001,15.200,0.00,2.1320,24.734608,46.700794,28.225,52.790,18.943
2025-12-27T17:30:03.586Z,46.251,6.728,311.187,15.200,0.00,2.1320,24.734608,46.700794,28.252,52.740,18.961
2025-12-27T17:30:03.676Z,46.419,6.640,308.227,15.200,0.00,2.1320,24.734608,46.700794,28.259,52.726,18.966
2025-12-27T17:30:04.201Z,46.394,6.380,296.013,15.200,0.00,2.1320,24.734608,46.700794,28.303,52.645,18.995
2025-12-27T17:30:04.201Z,46.289,6.269,290.208,15.200,0.00,2.1320,24.734608,46.700794,28.303,52.645,18.995
2025-12-27T17:30:04.201Z,46.395,6.450,299.244,15.200,0.00,2.1320,24.734608,46.700794,28.303,52.645,18.995
2025-12-27T17:30:04.708Z,46.283,6.588,304.898,15.410,0.00,2.1370,24.734625,46.700832,28.345,52.742,18.960
2025-12-27T17:30:04.708Z,46.281,6.367,294.681,15.410,0.00,2.1370,24.734625,46.700832,28.346,52.742,18.960
2025-12-27T17:30:04.708Z,46.402,6.163,285.954,15.410,0.00,2.1370,24.734625,46.700832,28.346,52.742,18.960
2025-12-27T17:30:04.812Z,46.351,6.549,303.577,15.410,0.00,2.1370,24.734625,46.700832,28.354,52.726,18.966
2025-12-27T17:30:04.812Z,46.192,6.652,307.269,15.410,0.00,2.1370,24.734625,46.700832,28.354,52.726,18.966
2025-12-27T17:30:05.319Z,204.800,0.000,-0.008,15.410,0.00,2.1370,24.734625,46.700832,28.354,52.726,18.966
2025-12-27T17:30:05.319Z,204.800,0.000,-0.008,15.650,0.00,2.1410,24.734644,46.700871,28.354,52.867,18.915
2025-12-27T17:30:05.407Z,46.221,6.451,298.148,15.650,0.00,2.1410,24.734644,46.700871,28.362,52.853,18.920
2025-12-27T17:30:05.849Z,46.194,6.325,292.175,15.650,0.00,2.1410,24.734644,46.700871,28.397,52.786,18.944
2025-12-27T17:30:05.849Z,46.249,6.514,301.252,15.650,0.00,2.1410,24.734644,46.700871,28.397,52.786,18.944
2025-12-27T17:30:05.934Z,46.210,6.930,320.250,15.650,0.00,2.1410,24.734644,46.700871,28.405,52.772,18.949
2025-12-27T17:30:05.934Z,204.800,6.946,1422.452,15.650,0.00,2.1410,24.734644,46.700871,28.405,52.772,18.949
2025-12-27T17:30:06.342Z,204.800,0.000,-0.008,15.650,0.00,2.1410,24.734644,46.700871,28.405,52.772,18.949
2025-12-27T17:30:06.342Z,46.249,6.764,312.814,15.740,0.00,2.1450,24.734661,46.700909,28.405,52.913,18.899
2025-12-27T17:30:06.653Z,46.107,6.797,313.407,15.740,0.00,2.1450,24.734661,46.700909,28.432,52.863,18.917
2025-12-27T17:30:06.653Z,46.134,6.948,320.519,15.740,0.00,2.1450,24.734661,46.700909,28.432,52.863,18.917
2025-12-27T17:30:06.974Z,204.800,0.000,-0.008,15.740,0.00,2.1450,24.734661,46.700909,28.432,52.863,18.917
2025-12-27T17:30:06.975Z,204.800,0.000,-0.008,15.740,0.00,2.1450,24.734661,46.700909,28.432,52.863,18.917
2025-12-27T17:30:07.167Z,204.800,0.000,-0.008,15.740,0.00,2.1450,24.734661,46.700909,28.432,52.863,18.917
2025-12-27T17:30:07.167Z,46.008,6.889,316.972,15.760,0.00,2.1500,24.734678,46.700951,28.432,53.038,18.854
2025-12-27T17:30:07.678Z,45.984,7.045,323.943,15.760,0.00,2.1500,24.734678,46.700951,28.478,52.953,18.885
2025-12-27T17:30:07.678Z,45.922,7.273,334.004,15.760,0.00,2.1500,24.734678,46.700951,28.478,52.953,18.885
2025-12-27T17:30:07.678Z,45.924,7.178,329.656,15.760,0.00,2.1500,24.734678,46.700951,28.478,52.953,18.885
2025-12-27T17:30:07.984Z,204.800,0.000,-0.008,15.760,0.00,2.1500,24.734678,46.700951,28.478,52.953,18.885
2025-12-27T17:30:08.080Z,204.800,0.000,-0.008,15.760,0.00,2.1500,24.734678,46.700951,28.478,52.953,18.885
2025-12-27T17:30:08.298Z,204.800,0.000,-0.008,15.760,0.00,2.1500,24.734678,46.700951,28.478,52.953,18.885
2025-12-27T17:30:08.298Z,45.944,7.283,334.623,15.650,0.00,2.1540,24.734695,46.700989,28.478,53.093,18.835
2025-12-27T17:30:08.706Z,45.851,7.123,326.620,15.650,0.00,2.1540,24.734695,46.700989,28.515,53.024,18.859
2025-12-27T17:30:08.710Z,45.779,7.535,344.943,15.650,0.00,2.1540,24.734695,46.700989,28.516,53.023,18.860
2025-12-27T17:30:09.115Z,204.800,0.000,-0.008,15.650,0.00,2.1540,24.734695,46.700989,28.516,53.023,18.860
2025-12-27T17:30:09.116Z,204.800,0.000,-0.008,15.650,0.00,2.1540,24.734695,46.700989,28.516,53.023,18.860
2025-12-27T17:30:09.227Z,45.779,7.650,350.217,15.650,0.00,2.1540,24.734695,46.700989,28.527,53.003,18.867
2025-12-27T17:30:09.227Z,204.800,0.000,-0.008,15.890,0.00,2.1590,24.734713,46.701027,28.527,53.179,18.805
2025-12-27T17:30:09.527Z,45.802,7.401,338.964,15.890,0.00,2.1590,24.734713,46.701027,28.555,53.126,18.823
2025-12-27T17:30:09.537Z,45.814,0.000,-0.002,15.890,0.00,2.1590,24.734713,46.701027,28.555,53.126,18.823
2025-12-27T17:30:09.958Z,38.448,7.509,288.727,15.890,0.00,2.1590,24.734713,46.701027,28.589,53.063,18.845
2025-12-27T17:30:09.959Z,45.795,7.637,349.730,15.890,0.00,2.1590,24.734713,46.701027,28.589,53.063,18.845
2025-12-27T17:30:10.256Z,204.800,0.000,-0.008,15.890,0.00,2.1590,24.734713,46.701027,28.589,53.063,18.845
2025-12-27T17:30:10.257Z,45.762,7.477,342.172,16.080,0.00,2.1630,24.734730,46.701065,28.589,53.203,18.796
2025-12-27T17:30:10.550Z,204.800,8.017,1641.936,16.080,0.00,2.1630,24.734730,46.701065,28.722,52.955,18.884
2025-12-27T17:30:10.643Z,45.718,7.897,361.014,16.080,0.00,2.1630,24.734730,46.701065,28.732,52.938,18.890
2025-12-27T17:30:10.644Z,204.800,0.000,-0.008,16.080,0.00,2.1630,24.734730,46.701065,28.732,52.938,18.890
2025-12-27T17:30:11.058Z,45.669,7.641,348.968,16.080,0.00,2.1630,24.734730,46.701065,28.772,52.864,18.916
2025-12-27T17:30:11.161Z,204.800,0.000,-0.008,16.080,0.00,2.1630,24.734730,46.701065,28.772,52.864,18.916
2025-12-27T17:30:11.167Z,45.711,7.583,346.614,16.080,0.00,2.1630,24.734730,46.701065,28.772,52.863,18.917
2025-12-27T17:30:11.572Z,45.664,7.853,358.594,16.220,0.00,2.1680,24.734747,46.701107,28.813,52.963,18.881
2025-12-27T17:30:11.665Z,39.345,0.000,-0.002,16.220,0.00,2.1680,24.734747,46.701107,28.813,52.963,18.881
2025-12-27T17:30:11.665Z,45.731,7.512,343.553,16.220,0.00,2.1680,24.734747,46.701107,28.813,52.963,18.881
2025-12-27T17:30:12.082Z,45.606,7.667,349.647,16.220,0.00,2.1680,24.734747,46.701107,28.853,52.888,18.908
2025-12-27T17:30:12.082Z,204.800,0.000,-0.008,16.220,0.00,2.1680,24.734747,46.701107,28.853,52.888,18.908
2025-12-27T17:30:12.170Z,45.710,0.000,-0.002,16.220,0.00,2.1680,24.734747,46.701107,28.853,52.888,18.908
2025-12-27T17:30:12.170Z,45.732,7.677,351.109,16.370,0.00,2.1720,24.734762,46.701149,28.853,53.027,18.858
2025-12-27T17:30:12.507Z,45.653,7.400,337.850,16.370,0.00,2.1720,24.734762,46.701149,28.885,52.969,18.879
2025-12-27T17:30:12.807Z,45.561,7.381,336.293,16.370,0.00,2.1720,24.734762,46.701149,28.913,52.918,18.897
2025-12-27T17:30:12.807Z,45.597,7.567,345.039,16.370,0.00,2.1720,24.734762,46.701149,28.913,52.917,18.897
2025-12-27T17:30:13.210Z,45.631,7.702,351.461,16.370,0.00,2.1720,24.734762,46.701149,28.952,52.846,18.923
2025-12-27T17:30:13.210Z,204.800,0.000,-0.008,16.370,0.00,2.1720,24.734762,46.701149,28.952,52.846,18.923
2025-12-27T17:30:13.485Z,45.636,0.000,-0.002,16.520,0.00,2.1770,24.734779,46.701187,28.952,53.018,18.861
2025-12-27T17:30:13.488Z,45.590,7.579,345.514,16.520,0.00,2.1770,24.734779,46.701187,28.953,53.018,18.862
2025-12-27T17:30:13.734Z,45.574,7.690,350.461,16.520,0.00,2.1770,24.734779,46.701187,28.976,52.974,18.877
2025-12-27T17:30:13.734Z,45.650,7.729,352.827,16.520,0.00,2.1770,24.734779,46.701187,28.976,52.974,18.877
2025-12-27T17:30:14.339Z,204.800,0.000,-0.008,16.520,0.00,2.1770,24.734779,46.701187,28.976,52.974,18.877
2025-12-27T17:30:14.340Z,204.800,0.000,-0.008,16.520,0.00,2.1770,24.734779,46.701187,28.976,52.974,18.877
2025-12-27T17:30:14.340Z,45.548,8.200,373.516,16.520,0.00,2.1770,24.734779,46.701187,28.976,52.974,18.877
2025-12-27T17:30:14.340Z,45.636,7.829,357.265,16.560,0.00,2.1810,24.734795,46.701229,28.976,53.112,18.828
2025-12-27T17:30:14.444Z,45.466,7.748,352.262,16.560,0.00,2.1810,24.734795,46.701229,28.987,53.093,18.835
2025-12-27T17:30:14.847Z,45.494,8.257,375.650,16.560,0.00,2.1810,24.734795,46.701229,29.029,53.016,18.862
2025-12-27T17:30:14.850Z,45.682,7.942,362.800,16.560,0.00,2.1810,24.734795,46.701229,29.029,53.016,18.862
2025-12-27T17:30:15.266Z,45.397,7.634,346.536,16.560,0.00,2.1810,24.734795,46.701229,29.069,52.943,18.888
2025-12-27T17:30:15.266Z,45.637,7.980,364.173,16.560,0.00,2.1810,24.734795,46.701229,29.069,52.943,18.888
2025-12-27T17:30:15.266Z,45.471,8.376,380.867,16.630,0.00,2.1860,24.734814,46.701271,29.069,53.115,18.827
2025-12-27T17:30:15.566Z,45.517,8.071,367.357,16.630,0.00,2.1860,24.734814,46.701271,29.100,53.059,18.847
2025-12-27T17:30:16.074Z,45.428,8.014,364.059,16.630,0.00,2.1860,24.734814,46.701271,29.151,52.966,18.880
2025-12-27T17:30:16.074Z,45.577,7.927,361.295,16.630,0.00,2.1860,24.734814,46.701271,29.151,52.966,18.880
2025-12-27T17:30:16.074Z,45.456,8.029,364.975,16.630,0.00,2.1860,24.734814,46.701271,29.151,52.965,18.880
2025-12-27T17:30:16.075Z,45.501,8.093,368.248,16.630,0.00,2.1860,24.734814,46.701271,29.151,52.965,18.880
2025-12-27T17:30:16.489Z,45.524,0.000,-0.002,16.630,0.00,2.1860,24.734814,46.701271,29.151,52.965,18.880
2025-12-27T17:30:16.489Z,204.800,0.000,-0.008,16.590,0.00,2.1910,24.734831,46.701313,29.151,53.137,18.819
2025-12-27T17:30:16.598Z,204.800,0.000,-0.008,16.590,0.00,2.1910,24.734831,46.701313,29.151,53.137,18.819
2025-12-27T17:30:16.599Z,45.295,7.913,358.407,16.590,0.00,2.1910,24.734831,46.701313,29.151,53.137,18.819
2025-12-27T17:30:16.768Z,45.505,8.481,385.930,16.590,0.00,2.1910,24.734831,46.701313,29.169,53.104,18.831
2025-12-27T17:30:16.988Z,45.515,8.326,378.941,16.590,0.00,2.1910,24.734831,46.701313,29.192,53.062,18.846
2025-12-27T17:30:17.442Z,45.508,8.088,368.048,16.590,0.00,2.1910,24.734831,46.701313,29.239,52.978,18.876
2025-12-27T17:30:17.442Z,204.800,0.000,-0.008,16.910,0.00,2.1950,24.734848,46.701355,29.239,53.114,18.827
2025-12-27T17:30:17.596Z,45.475,8.183,372.104,16.910,0.00,2.1950,24.734848,46.701355,29.255,53.086,18.838
2025-12-27T17:30:17.648Z,45.444,7.976,362.440,16.910,0.00,2.1950,24.734848,46.701355,29.260,53.076,18.841
2025-12-27T17:30:18.043Z,45.413,0.000,-0.002,16.910,0.00,2.1950,24.734848,46.701355,29.260,53.076,18.841
2025-12-27T17:30:18.043Z,204.800,0.000,-0.008,16.910,0.00,2.1950,24.734848,46.701355,29.260,53.076,18.841
2025-12-27T17:30:18.280Z,45.508,8.099,368.557,16.910,0.00,2.1950,24.734848,46.701355,29.284,53.032,18.857
2025-12-27T17:30:18.280Z,45.547,0.000,-0.002,17.040,0.00,2.2000,24.734865,46.701397,29.284,53.203,18.796
2025-12-27T17:30:18.581Z,204.800,0.000,-0.008,17.040,0.00,2.2000,24.734865,46.701397,29.284,53.203,18.796
2025-12-27T17:30:18.583Z,45.518,7.739,352.260,17.040,0.00,2.2000,24.734865,46.701397,29.284,53.202,18.796
2025-12-27T17:30:18.728Z,204.800,0.000,-0.008,17.040,0.00,2.2000,24.734865,46.701397,29.284,53.202,18.796
2025-12-27T17:30:19.245Z,204.800,7.834,1604.467,17.040,0.00,2.2000,24.734865,46.701397,29.515,52.787,18.944
2025-12-27T17:30:19.245Z,45.448,7.921,359.976,17.040,0.00,2.2000,24.734865,46.701397,29.515,52.787,18.944
2025-12-27T17:30:19.245Z,45.534,7.885,359.050,17.040,0.00,2.2000,24.734865,46.701397,29.515,52.787,18.944
2025-12-27T17:30:19.345Z,45.379,8.315,377.326,17.080,0.00,2.2050,24.734884,46.701439,29.525,52.937,18.890
2025-12-27T17:30:19.763Z,45.425,7.917,359.619,17.080,0.00,2.2050,24.734884,46.701439,29.567,52.863,18.917
2025-12-27T17:30:19.763Z,204.800,0.000,-0.008,17.080,0.00,2.2050,24.734884,46.701439,29.567,52.863,18.917
2025-12-27T17:30:19.970Z,45.322,8.647,391.897,17.080,0.00,2.2050,24.734884,46.701439,29.590,52.823,18.931
2025-12-27T17:30:20.175Z,43.374,8.471,367.443,17.080,0.00,2.2050,24.734884,46.701439,29.611,52.785,18.945
2025-12-27T17:30:20.175Z,45.252,8.559,387.304,17.080,0.00,2.2050,24.734884,46.701439,29.611,52.785,18.945
2025-12-27T17:30:20.369Z,45.337,8.130,368.565,17.150,0.00,2.2090,24.734903,46.701481,29.630,52.885,18.909
2025-12-27T17:30:20.369Z,204.800,0.000,-0.008,17.150,0.00,2.2090,24.734903,46.701481,29.630,52.885,18.909
2025-12-27T17:30:20.559Z,45.342,8.505,385.622,17.150,0.00,2.2090,24.734903,46.701481,29.651,52.848,18.922
2025-12-27T17:30:20.763Z,45.254,8.341,377.479,17.150,0.00,2.2090,24.734903,46.701481,29.672,52.810,18.936
2025-12-27T17:30:21.297Z,204.800,0.000,-0.008,17.150,0.00,2.2090,24.734903,46.701481,29.672,52.810,18.936
2025-12-27T17:30:21.297Z,45.313,8.318,376.917,17.150,0.00,2.2090,24.734903,46.701481,29.672,52.810,18.936
2025-12-27T17:30:21.302Z,45.206,7.933,358.613,17.450,0.00,2.2140,24.734922,46.701523,29.673,52.978,18.876
2025-12-27T17:30:21.302Z,45.553,8.552,389.585,17.450,0.00,2.2140,24.734922,46.701523,29.673,52.978,18.876
2025-12-27T17:30:21.607Z,204.800,0.000,-0.008,17.450,0.00,2.2140,24.734922,46.701523,29.673,52.978,18.876
2025-12-27T17:30:21.914Z,204.800,0.000,-0.008,17.450,0.00,2.2140,24.734922,46.701523,29.673,52.978,18.876
2025-12-27T17:30:21.914Z,45.067,7.867,354.546,17.450,0.00,2.2140,24.734922,46.701523,29.673,52.978,18.876
2025-12-27T17:30:22.126Z,45.235,8.315,376.141,17.450,0.00,2.2140,24.734922,46.701523,29.695,52.938,18.890
2025-12-27T17:30:22.126Z,45.301,8.763,396.990,17.450,0.00,2.2140,24.734922,46.701523,29.695,52.938,18.890
2025-12-27T17:30:22.634Z,45.311,8.715,394.875,17.460,0.00,2.2190,24.734941,46.701569,29.751,53.007,18.865
2025-12-27T17:30:22.634Z,45.118,8.648,390.166,17.460,0.00,2.2190,24.734941,46.701569,29.751,53.007,18.865
2025-12-27T17:30:23.038Z,204.800,0.000,-0.008,17.460,0.00,2.2190,24.734941,46.701569,29.751,53.007,18.865
2025-12-27T17:30:23.038Z,204.800,0.000,-0.008,17.460,0.00,2.2190,24.734941,46.701569,29.751,53.007,18.865
2025-12-27T17:30:23.038Z,45.139,8.762,395.508,17.460,0.00,2.2190,24.734941,46.701569,29.751,53.007,18.865
2025-12-27T17:30:23.038Z,45.268,9.112,412.498,17.460,0.00,2.2190,24.734941,46.701569,29.751,53.007,18.865
2025-12-27T17:30:23.247Z,45.142,8.849,399.459,17.610,0.00,2.2240,24.734961,46.701611,29.774,53.134,18.820
2025-12-27T17:30:23.655Z,45.204,9.097,411.232,17.610,0.00,2.2240,24.734961,46.701611,29.821,53.051,18.850
2025-12-27T17:30:23.656Z,45.111,8.842,398.868,17.610,0.00,2.2240,24.734961,46.701611,29.821,53.051,18.850
2025-12-27T17:30:23.656Z,45.091,9.293,419.042,17.610,0.00,2.2240,24.734961,46.701611,29.821,53.051,18.850
2025-12-27T17:30:23.958Z,204.800,0.000,-0.008,17.610,0.00,2.2240,24.734961,46.701611,29.821,53.051,18.850
2025-12-27T17:30:24.059Z,204.800,0.000,-0.008,17.610,0.00,2.2240,24.734961,46.701611,29.821,53.051,18.850
2025-12-27T17:30:24.374Z,44.858,0.000,-0.002,17.610,0.00,2.2240,24.734961,46.701611,29.821,53.051,18.850
2025-12-27T17:30:24.374Z,204.800,0.000,-0.008,17.560,0.00,2.2290,24.734980,46.701656,29.821,53.218,18.791
2025-12-27T17:30:24.791Z,45.116,0.000,-0.002,17.560,0.00,2.2290,24.734980,46.701656,29.821,53.218,18.791
2025-12-27T17:30:24.794Z,45.029,0.000,-0.002,17.560,0.00,2.2290,24.734980,46.701656,29.821,53.218,18.791
2025-12-27T17:30:24.794Z,45.331,0.000,-0.002,17.560,0.00,2.2290,24.734980,46.701656,29.821,53.218,18.791
2025-12-27T17:30:25.192Z,204.800,0.000,-0.008,17.560,0.00,2.2290,24.734980,46.701656,29.821,53.218,18.791
2025-12-27T17:30:25.192Z,45.432,0.000,-0.002,17.560,0.00,2.2290,24.734980,46.701656,29.821,53.218,18.791
2025-12-27T17:30:25.297Z,204.800,0.000,-0.008,17.910,0.00,2.2340,24.734999,46.701698,29.821,53.386,18.732
2025-12-27T17:30:25.504Z,204.800,0.000,-0.008,17.910,0.00,2.2340,24.734999,46.701698,29.821,53.386,18.732
2025-12-27T17:30:25.909Z,204.800,0.000,-0.008,17.910,0.00,2.2340,24.734999,46.701698,29.821,53.386,18.732
2025-12-27T17:30:25.909Z,45.243,8.634,390.624,17.910,0.00,2.2340,24.734999,46.701698,29.821,53.386,18.732
2025-12-27T17:30:25.995Z,45.261,9.010,407.817,17.910,0.00,2.2340,24.734999,46.701698,29.830,53.369,18.738
2025-12-27T17:30:25.996Z,45.391,9.762,443.128,17.910,0.00,2.2340,24.734999,46.701698,29.830,53.368,18.738
2025-12-27T17:30:26.417Z,45.364,0.000,-0.002,18.080,0.00,2.2390,24.735018,46.701744,29.830,53.536,18.679
2025-12-27T17:30:26.417Z,204.800,0.000,-0.008,18.080,0.00,2.2390,24.735018,46.701744,29.830,53.536,18.679
2025-12-27T17:30:26.738Z,44.567,8.829,393.465,18.080,0.00,2.2390,24.735018,46.701744,29.865,53.473,18.701
2025-12-27T17:30:26.738Z,204.800,0.000,-0.008,18.080,0.00,2.2390,24.735018,46.701744,29.865,53.473,18.701
2025-12-27T17:30:27.137Z,204.800,8.989,1840.990,18.080,0.00,2.2390,24.735018,46.701744,30.070,53.110,18.829
2025-12-27T17:30:27.138Z,45.182,7.995,361.251,18.080,0.00,2.2390,24.735018,46.701744,30.070,53.110,18.829
2025-12-27T17:30:27.751Z,44.540,0.000,-0.002,18.080,0.00,2.2390,24.735018,46.701744,30.070,53.110,18.829
2025-12-27T17:30:27.751Z,44.839,11.710,525.048,18.220,0.00,2.2440,24.735037,46.701790,30.070,53.276,18.770
2025-12-27T17:30:27.751Z,44.088,8.433,371.810,18.220,0.00,2.2440,24.735037,46.701790,30.070,53.276,18.770
2025-12-27T17:30:27.751Z,43.780,8.888,389.142,18.220,0.00,2.2440,24.735037,46.701790,30.070,53.276,18.770
2025-12-27T17:30:27.829Z,204.800,0.000,-0.008,18.220,0.00,2.2440,24.735037,46.701790,30.070,53.276,18.770
2025-12-27T17:30:28.265Z,45.074,10.714,482.913,18.220,0.00,2.2440,24.735037,46.701790,30.128,53.173,18.807
2025-12-27T17:30:28.265Z,44.335,8.430,373.748,18.220,0.00,2.2440,24.735037,46.701790,30.128,53.173,18.807
2025-12-27T17:30:28.265Z,44.554,8.304,369.965,18.630,0.00,2.2490,24.735058,46.701836,30.128,53.339,18.748
2025-12-27T17:30:28.992Z,44.240,8.771,388.030,18.630,0.00,2.2490,24.735058,46.701836,30.207,53.200,18.797
2025-12-27T17:30:28.992Z,45.553,8.537,388.894,18.630,0.00,2.2490,24.735058,46.701836,30.207,53.200,18.797
2025-12-27T17:30:28.992Z,47.719,0.000,-0.002,18.630,0.00,2.2490,24.735058,46.701836,30.207,53.200,18.797
2025-12-27T17:30:29.331Z,204.800,0.000,-0.008,18.630,0.00,2.2490,24.735058,46.701836,30.207,53.200,18.797
2025-12-27T17:30:29.331Z,44.799,9.034,404.727,18.630,0.00,2.2490,24.735058,46.701836,30.207,53.200,18.797
2025-12-27T17:30:29.331Z,45.370,0.000,-0.002,18.780,0.00,2.2540,24.735077,46.701881,30.207,53.366,18.739
2025-12-27T17:30:29.369Z,45.380,9.569,434.227,18.780,0.00,2.2540,24.735077,46.701881,30.211,53.358,18.741
2025-12-27T17:30:29.716Z,45.549,8.916,406.126,18.780,0.00,2.2540,24.735077,46.701881,30.250,53.289,18.766
2025-12-27T17:30:29.789Z,44.791,0.000,-0.002,18.780,0.00,2.2540,24.735077,46.701881,30.250,53.289,18.766
2025-12-27T17:30:29.794Z,204.800,0.000,-0.008,18.780,0.00,2.2540,24.735077,46.701881,30.250,53.289,18.766
2025-12-27T17:30:30.416Z,204.800,0.000,-0.008,18.780,0.00,2.2540,24.735077,46.701881,30.250,53.289,18.766
2025-12-27T17:30:30.416Z,204.800,0.000,-0.008,18.780,0.00,2.2540,24.735077,46.701881,30.250,53.289,18.766
2025-12-27T17:30:30.499Z,204.800,8.838,1810.115,18.980,0.00,2.2600,24.735094,46.701931,30.292,53.413,18.722
2025-12-27T17:30:30.499Z,204.800,0.000,-0.008,18.980,0.00,2.2600,24.735094,46.701931,30.292,53.413,18.722
2025-12-27T17:30:30.920Z,204.800,0.000,-0.008,18.980,0.00,2.2600,24.735094,46.701931,30.292,53.413,18.722
2025-12-27T17:30:30.920Z,45.042,10.287,463.335,18.980,0.00,2.2600,24.735094,46.701931,30.292,53.413,18.722
2025-12-27T17:30:31.034Z,44.747,9.669,432.661,18.980,0.00,2.2600,24.735094,46.701931,30.306,53.389,18.731
2025-12-27T17:30:31.034Z,44.269,10.065,445.589,18.980,0.00,2.2600,24.735094,46.701931,30.306,53.389,18.731
2025-12-27T17:30:31.438Z,204.800,0.000,-0.008,19.280,0.00,2.2650,24.735115,46.701977,30.306,53.554,18.673
2025-12-27T17:30:31.440Z,44.492,9.500,422.695,19.280,0.00,2.2650,24.735115,46.701977,30.306,53.553,18.673
2025-12-27T17:30:31.532Z,204.800,8.759,1793.897,19.280,0.00,2.2650,24.735115,46.701977,30.352,53.472,18.701
2025-12-27T17:30:31.731Z,44.645,10.350,462.056,19.280,0.00,2.2650,24.735115,46.701977,30.378,53.427,18.717
2025-12-27T17:30:31.932Z,44.411,9.270,411.673,19.280,0.00,2.2650,24.735115,46.701977,30.401,53.387,18.731
2025-12-27T17:30:32.259Z,44.719,9.268,414.443,19.280,0.00,2.2650,24.735115,46.701977,30.438,53.321,18.754
2025-12-27T17:30:32.259Z,44.566,0.000,-0.002,19.280,0.00,2.2650,24.735115,46.701977,30.438,53.321,18.754
2025-12-27T17:30:32.671Z,44.596,9.614,428.739,19.590,0.00,2.2700,24.735138,46.702026,30.487,53.399,18.727
2025-12-27T17:30:32.679Z,204.800,0.000,-0.008,19.590,0.00,2.2700,24.735138,46.702026,30.487,53.399,18.727
2025-12-27T17:30:32.679Z,44.379,9.721,431.405,19.590,0.00,2.2700,24.735138,46.702026,30.487,53.399,18.727
2025-12-27T17:30:33.077Z,44.427,9.877,438.819,19.590,0.00,2.2700,24.735138,46.702026,30.536,53.314,18.757
2025-12-27T17:30:33.077Z,204.800,0.000,-0.008,19.590,0.00,2.2700,24.735138,46.702026,30.536,53.314,18.757
2025-12-27T17:30:33.588Z,44.469,9.839,437.551,19.590,0.00,2.2700,24.735138,46.702026,30.598,53.206,18.795
2025-12-27T17:30:33.588Z,44.480,9.717,432.222,19.710,0.00,2.2760,24.735163,46.702072,30.598,53.402,18.726
2025-12-27T17:30:33.588Z,44.639,9.349,417.311,19.710,0.00,2.2760,24.735163,46.702072,30.598,53.402,18.726
2025-12-27T17:30:33.673Z,44.465,10.199,453.506,19.710,0.00,2.2760,24.735163,46.702072,30.609,53.383,18.732
2025-12-27T17:30:33.673Z,204.800,0.000,-0.008,19.710,0.00,2.2760,24.735163,46.702072,30.609,53.383,18.732
2025-12-27T17:30:33.889Z,44.187,10.119,447.104,19.710,0.00,2.2760,24.735163,46.702072,30.636,53.337,18.749
2025-12-27T17:30:34.202Z,44.326,10.169,450.759,19.710,0.00,2.2760,24.735163,46.702072,30.675,53.268,18.773
2025-12-27T17:30:34.283Z,44.278,10.444,462.437,19.910,0.00,2.2810,24.735186,46.702122,30.685,53.413,18.722
2025-12-27T17:30:34.824Z,44.384,10.454,463.976,19.910,0.00,2.2810,24.735186,46.702122,30.755,53.292,18.764
2025-12-27T17:30:34.824Z,44.065,10.385,457.617,19.910,0.00,2.2810,24.735186,46.702122,30.755,53.292,18.764
2025-12-27T17:30:34.824Z,44.097,10.216,450.512,19.910,0.00,2.2810,24.735186,46.702122,30.755,53.292,18.764
2025-12-27T17:30:35.432Z,44.154,10.607,468.318,19.910,0.00,2.2810,24.735186,46.702122,30.834,53.156,18.813
2025-12-27T17:30:35.432Z,44.421,0.000,-0.002,19.910,0.00,2.2810,24.735186,46.702122,30.834,53.156,18.813
2025-12-27T17:30:35.432Z,44.175,10.310,455.461,19.910,0.00,2.2810,24.735186,46.702122,30.834,53.156,18.813
2025-12-27T17:30:35.432Z,204.800,10.042,2056.561,19.950,0.00,2.2870,24.735209,46.702168,30.834,53.350,18.744
2025-12-27T17:30:35.860Z,44.817,9.492,425.418,19.950,0.00,2.2870,24.735209,46.702168,30.885,53.263,18.775
2025-12-27T17:30:35.860Z,44.763,9.693,433.881,19.950,0.00,2.2870,24.735209,46.702168,30.885,53.263,18.775
2025-12-27T17:30:35.860Z,204.800,8.742,1790.334,19.950,0.00,2.2870,24.735209,46.702168,30.885,53.263,18.775
2025-12-27T17:30:36.150Z,44.393,9.719,431.462,19.950,0.00,2.2870,24.735209,46.702168,30.919,53.203,18.796
2025-12-27T17:30:36.150Z,44.445,9.765,434.010,19.950,0.00,2.2870,24.735209,46.702168,30.919,53.203,18.796
2025-12-27T17:30:36.242Z,204.800,0.000,-0.008,20.350,0.00,2.2920,24.735233,46.702217,30.919,53.365,18.739
2025-12-27T17:30:36.557Z,44.354,9.816,435.384,20.350,0.00,2.2920,24.735233,46.702217,30.957,53.299,18.762
2025-12-27T17:30:36.659Z,44.413,9.947,441.764,20.350,0.00,2.2920,24.735233,46.702217,30.970,53.278,18.770
2025-12-27T17:30:36.950Z,44.405,9.817,435.928,20.350,0.00,2.2920,24.735233,46.702217,31.005,53.217,18.791
2025-12-27T17:30:36.950Z,44.299,9.826,435.289,20.350,0.00,2.2920,24.735233,46.702217,31.005,53.217,18.791
2025-12-27T17:30:37.165Z,49.068,0.000,-0.002,20.350,0.00,2.2920,24.735233,46.702217,31.005,53.217,18.791
2025-12-27T17:30:37.165Z,44.321,10.050,445.444,20.670,0.00,2.2980,24.735258,46.702267,31.005,53.410,18.723
2025-12-27T17:30:37.582Z,44.437,9.802,435.578,20.670,0.00,2.2980,24.735258,46.702267,31.056,53.324,18.753
2025-12-27T17:30:37.582Z,204.800,8.667,1775.084,20.670,0.00,2.2980,24.735258,46.702267,31.056,53.324,18.753
2025-12-27T17:30:37.770Z,44.383,9.840,436.717,20.670,0.00,2.2980,24.735258,46.702267,31.079,53.284,18.767
2025-12-27T17:30:37.770Z,44.422,9.594,426.161,20.670,0.00,2.2980,24.735258,46.702267,31.079,53.284,18.767
2025-12-27T17:30:38.158Z,204.800,0.000,-0.008,20.670,0.00,2.2980,24.735258,46.702267,31.079,53.284,18.767
2025-12-27T17:30:38.178Z,44.422,9.566,424.940,20.670,0.00,2.2980,24.735258,46.702267,31.081,53.280,18.769
2025-12-27T17:30:38.478Z,44.537,9.319,415.046,20.800,0.00,2.3040,24.735281,46.702316,31.115,53.414,18.722
2025-12-27T17:30:38.478Z,204.800,0.000,-0.008,20.800,0.00,2.3040,24.735281,46.702316,31.115,53.414,18.722
2025-12-27T17:30:38.590Z,44.762,9.226,412.951,20.800,0.00,2.3040,24.735281,46.702316,31.128,53.392,18.729
2025-12-27T17:30:38.910Z,45.047,8.420,379.287,20.800,0.00,2.3040,24.735281,46.702316,31.162,53.334,18.750
2025-12-27T17:30:39.259Z,47.101,9.199,433.301,20.800,0.00,2.3040,24.735281,46.702316,31.204,53.262,18.775
2025-12-27T17:30:39.259Z,48.732,1.758,85.680,20.800,0.00,2.3040,24.735281,46.702316,31.204,53.262,18.775
2025-12-27T17:30:39.832Z,49.045,0.121,5.955,20.740,0.00,2.3100,24.735306,46.702370,31.205,53.453,18.708
2025-12-27T17:30:39.832Z,49.265,-0.079,-3.909,20.740,0.00,2.3100,24.735306,46.702370,31.205,53.453,18.708
2025-12-27T17:30:39.832Z,49.268,-0.125,-6.142,20.740,0.00,2.3100,24.735306,46.702370,31.205,53.453,18.708
2025-12-27T17:30:39.832Z,49.287,-0.225,-11.099,20.740,0.00,2.3100,24.735306,46.702370,31.205,53.453,18.708
2025-12-27T17:30:40.065Z,49.293,-0.206,-10.150,20.740,0.00,2.3100,24.735306,46.702370,31.204,53.454,18.708
2025-12-27T17:30:40.065Z,49.302,-0.172,-8.493,20.740,0.00,2.3100,24.735306,46.702370,31.204,53.454,18.708
2025-12-27T17:30:40.438Z,49.311,-0.189,-9.343,20.740,0.00,2.3100,24.735306,46.702370,31.203,53.456,18.707
2025-12-27T17:30:40.545Z,49.323,-0.144,-7.093,19.060,0.00,2.3150,24.735329,46.702415,31.203,53.616,18.651
2025-12-27T17:30:40.545Z,49.333,-0.280,-13.798,19.060,0.00,2.3150,24.735329,46.702415,31.203,53.616,18.651
2025-12-27T17:30:40.963Z,49.338,-0.223,-11.014,19.060,0.00,2.3150,24.735329,46.702415,31.202,53.619,18.650
2025-12-27T17:30:40.963Z,49.347,-0.235,-11.611,19.060,0.00,2.3150,24.735329,46.702415,31.202,53.619,18.650
2025-12-27T17:30:41.269Z,49.350,-0.185,-9.138,19.060,0.00,2.3150,24.735329,46.702415,31.201,53.620,18.650
2025-12-27T17:30:41.269Z,49.360,-0.102,-5.039,19.060,0.00,2.3150,24.735329,46.702415,31.201,53.620,18.650
2025-12-27T17:30:41.344Z,49.362,-0.197,-9.741,17.850,0.00,2.3200,24.735350,46.702461,31.201,53.781,18.594
2025-12-27T17:30:41.580Z,49.373,-0.271,-13.380,17.850,0.00,2.3200,24.735350,46.702461,31.200,53.782,18.594
2025-12-27T17:30:41.583Z,49.378,-0.240,-11.865,17.850,0.00,2.3200,24.735350,46.702461,31.200,53.782,18.594
2025-12-27T17:30:41.770Z,49.381,-0.182,-9.004,17.850,0.00,2.3200,24.735350,46.702461,31.199,53.783,18.593
2025-12-27T17:30:42.206Z,49.388,-0.170,-8.395,17.850,0.00,2.3200,24.735350,46.702461,31.198,53.785,18.593
2025-12-27T17:30:42.206Z,49.397,-0.243,-11.984,17.850,0.00,2.3200,24.735350,46.702461,31.198,53.785,18.593
2025-12-27T17:30:42.206Z,49.403,-0.267,-13.194,16.220,0.00,2.3250,24.735369,46.702499,31.198,53.945,18.537
2025-12-27T17:30:42.506Z,49.408,-0.253,-12.524,16.220,0.00,2.3250,24.735369,46.702499,31.197,53.947,18.537
2025-12-27T17:30:43.210Z,49.410,-0.181,-8.959,16.220,0.00,2.3250,24.735369,46.702499,31.196,53.950,18.536
2025-12-27T17:30:43.211Z,49.418,-0.101,-5.015,16.220,0.00,2.3250,24.735369,46.702499,31.196,53.950,18.536
2025-12-27T17:30:43.211Z,49.420,-0.197,-9.745,16.220,0.00,2.3250,24.735369,46.702499,31.196,53.950,18.536
2025-12-27T17:30:43.211Z,49.424,-0.191,-9.427,16.220,0.00,2.3250,24.735369,46.702499,31.196,53.950,18.536
2025-12-27T17:30:43.211Z,49.429,-0.194,-9.603,16.220,0.00,2.3250,24.735369,46.702499,31.196,53.950,18.536
2025-12-27T17:30:43.547Z,49.436,-0.171,-8.475,14.690,0.00,2.3290,24.735388,46.702538,31.195,54.079,18.491
2025-12-27T17:30:43.547Z,49.441,-0.182,-8.992,14.690,0.00,2.3290,24.735388,46.702538,31.195,54.079,18.491
2025-12-27T17:30:43.599Z,49.445,-0.218,-10.776,14.690,0.00,2.3290,24.735388,46.702538,31.195,54.080,18.491
2025-12-27T17:30:43.928Z,49.451,-0.231,-11.400,14.690,0.00,2.3290,24.735388,46.702538,31.194,54.081,18.491
2025-12-27T17:30:43.928Z,49.454,-0.212,-10.472,14.690,0.00,2.3290,24.735388,46.702538,31.194,54.081,18.491
2025-12-27T17:30:44.336Z,49.458,-0.156,-7.717,14.690,0.00,2.3290,24.735388,46.702538,31.193,54.083,18.490
2025-12-27T17:30:44.336Z,49.461,-0.187,-9.230,13.240,0.00,2.3330,24.735401,46.702572,31.193,54.211,18.446
2025-12-27T17:30:44.424Z,49.467,-0.231,-11.407,13.240,0.00,2.3330,24.735401,46.702572,31.193,54.212,18.446
2025-12-27T17:30:45.057Z,49.472,-0.242,-11.995,13.240,0.00,2.3330,24.735401,46.702572,31.190,54.215,18.445
2025-12-27T17:30:45.057Z,49.475,-0.196,-9.686,13.240,0.00,2.3330,24.735401,46.702572,31.190,54.215,18.445
2025-12-27T17:30:45.057Z,49.483,-0.117,-5.786,13.240,0.00,2.3330,24.735401,46.702572,31.190,54.215,18.445
2025-12-27T17:30:45.068Z,49.487,-0.120,-5.914,13.240,0.00,2.3330,24.735401,46.702572,31.190,54.215,18.445
2025-12-27T17:30:45.244Z,49.489,-0.226,-11.174,11.720,0.00,2.3360,24.735409,46.702602,31.190,54.313,18.412
2025-12-27T17:30:45.449Z,49.494,-0.270,-13.354,11.720,0.00,2.3360,24.735409,46.702602,31.189,54.314,18.412
2025-12-27T17:30:45.449Z,49.499,-0.269,-13.299,11.720,0.00,2.3360,24.735409,46.702602,31.189,54.314,18.412
2025-12-27T17:30:45.664Z,49.503,-0.129,-6.364,11.720,0.00,2.3360,24.735409,46.702602,31.189,54.315,18.411
2025-12-27T17:30:45.855Z,49.502,-0.189,-9.368,11.720,0.00,2.3360,24.735409,46.702602,31.188,54.315,18.411
2025-12-27T17:30:46.064Z,49.506,-0.199,-9.828,11.720,0.00,2.3360,24.735409,46.702602,31.188,54.316,18.411
2025-12-27T17:30:46.304Z,49.514,-0.253,-12.521,11.720,0.00,2.3360,24.735409,46.702602,31.187,54.318,18.410
2025-12-27T17:30:46.304Z,49.518,-0.206,-10.208,10.060,0.00,2.3390,24.735409,46.702633,31.187,54.414,18.378
2025-12-27T17:30:46.704Z,49.521,-0.125,-6.208,10.060,0.00,2.3390,24.735409,46.702633,31.186,54.415,18.377
2025-12-27T17:30:46.705Z,49.521,-0.193,-9.540,10.060,0.00,2.3390,24.735409,46.702633,31.186,54.415,18.377
2025-12-27T17:30:48.028Z,49.529,-0.294,-14.537,10.060,0.00,2.3390,24.735409,46.702633,31.181,54.425,18.374
2025-12-27T17:30:48.028Z,49.531,-0.282,-13.948,10.060,0.00,2.3390,24.735409,46.702633,31.181,54.425,18.374
2025-12-27T17:30:48.031Z,49.535,-0.233,-11.549,10.060,0.00,2.3390,24.735409,46.702633,31.181,54.425,18.374
2025-12-27T17:30:48.031Z,49.534,-0.194,-9.612,8.650,0.00,2.3420,24.735399,46.702656,31.181,54.521,18.342
2025-12-27T17:30:48.031Z,49.540,-0.145,-7.159,8.650,0.00,2.3420,24.735399,46.702656,31.181,54.521,18.342
2025-12-27T17:30:48.031Z,49.542,-0.206,-10.200,8.650,0.00,2.3420,24.735399,46.702656,31.181,54.521,18.342
2025-12-27T17:30:48.031Z,49.546,-0.199,-9.864,8.650,0.00,2.3420,24.735399,46.702656,31.181,54.521,18.342
2025-12-27T17:30:48.236Z,49.548,-0.200,-9.895,8.650,0.00,2.3420,24.735399,46.702656,31.180,54.522,18.341
2025-12-27T17:30:48.236Z,49.555,-0.132,-6.560,8.650,0.00,2.3420,24.735399,46.702656,31.180,54.522,18.341
2025-12-27T17:30:48.236Z,49.555,-0.190,-9.418,7.650,0.00,2.3440,24.735384,46.702671,31.180,54.586,18.320
2025-12-27T17:30:48.642Z,49.559,-0.234,-11.602,7.650,0.00,2.3440,24.735384,46.702671,31.179,54.588,18.319
2025-12-27T17:30:48.948Z,49.561,-0.200,-9.927,7.650,0.00,2.3440,24.735384,46.702671,31.178,54.590,18.318
2025-12-27T17:30:48.948Z,49.568,-0.295,-14.647,7.650,0.00,2.3440,24.735384,46.702671,31.178,54.590,18.318
2025-12-27T17:30:48.948Z,49.571,-0.115,-5.686,7.650,0.00,2.3440,24.735384,46.702671,31.178,54.590,18.318
2025-12-27T17:30:49.056Z,49.569,-0.195,-9.659,7.650,0.00,2.3440,24.735384,46.702671,31.178,54.590,18.318
2025-12-27T17:30:49.351Z,49.576,-0.238,-11.774,7.650,0.00,2.3440,24.735384,46.702671,31.177,54.592,18.318
2025-12-27T17:30:49.351Z,49.581,-0.315,-15.594,6.800,0.00,2.3460,24.735367,46.702675,31.177,54.656,18.296
2025-12-27T17:30:49.764Z,49.582,-0.211,-10.444,6.800,0.00,2.3460,24.735367,46.702675,31.176,54.658,18.296
2025-12-27T17:30:49.764Z,49.587,-0.118,-5.856,6.800,0.00,2.3460,24.735367,46.702675,31.176,54.658,18.296
2025-12-27T17:30:50.019Z,49.585,-0.196,-9.709,6.800,0.00,2.3460,24.735367,46.702675,31.175,54.659,18.295
2025-12-27T17:30:50.019Z,49.592,-0.307,-15.223,6.800,0.00,2.3460,24.735367,46.702675,31.175,54.659,18.295
2025-12-27T17:30:50.380Z,49.591,-0.210,-10.405,6.800,0.00,2.3460,24.735367,46.702675,31.174,54.661,18.295
2025-12-27T17:30:50.381Z,49.597,-0.313,-15.546,5.980,0.00,2.3480,24.735352,46.702671,31.174,54.725,18.273
2025-12-27T17:30:50.661Z,49.596,-0.192,-9.501,5.980,0.00,2.3480,24.735352,46.702671,31.173,54.727,18.273
2025-12-27T17:30:50.661Z,49.603,-0.114,-5.673,5.980,0.00,2.3480,24.735352,46.702671,31.173,54.727,18.273
2025-12-27T17:30:50.781Z,49.602,-0.205,-10.174,5.980,0.00,2.3480,24.735352,46.702671,31.173,54.727,18.272
2025-12-27T17:30:51.204Z,49.610,-0.312,-15.465,5.980,0.00,2.3480,24.735352,46.702671,31.171,54.730,18.271
2025-12-27T17:30:51.204Z,49.612,-0.195,-9.665,5.980,0.00,2.3480,24.735352,46.702671,31.171,54.730,18.271
2025-12-27T17:30:51.204Z,49.372,0.315,15.549,5.980,0.00,2.3480,24.735352,46.702671,31.171,54.730,18.271
2025-12-27T17:30:51.508Z,48.754,1.539,75.008,4.910,0.00,2.3490,24.735340,46.702663,31.177,54.751,18.264
2025-12-27T17:30:51.508Z,48.764,1.230,60.001,4.910,0.00,2.3490,24.735340,46.702663,31.177,54.751,18.264
2025-12-27T17:30:51.813Z,48.952,0.974,47.691,4.910,0.00,2.3490,24.735340,46.702663,31.181,54.744,18.267
2025-12-27T17:30:51.813Z,48.231,2.509,121.005,4.910,0.00,2.3490,24.735340,46.702663,31.181,54.744,18.267
2025-12-27T17:30:52.226Z,48.381,2.178,105.353,4.910,0.00,2.3490,24.735340,46.702663,31.193,54.723,18.274
2025-12-27T17:30:52.226Z,48.421,2.080,100.692,4.910,0.00,2.3490,24.735340,46.702663,31.193,54.723,18.274
2025-12-27T17:30:52.309Z,47.775,3.376,161.295,4.520,0.00,2.3500,24.735332,46.702656,31.197,54.749,18.265
2025-12-27T17:30:52.523Z,47.986,2.937,140.922,4.520,0.00,2.3500,24.735332,46.702656,31.206,54.734,18.270
2025-12-27T17:30:52.523Z,48.379,2.103,101.762,4.520,0.00,2.3500,24.735332,46.702656,31.206,54.734,18.270
2025-12-27T17:30:52.839Z,48.124,2.709,130.349,4.520,0.00,2.3500,24.735332,46.702656,31.217,54.714,18.277
2025-12-27T17:30:52.937Z,47.627,3.601,171.523,4.520,0.00,2.3500,24.735332,46.702656,31.222,54.706,18.280
2025-12-27T17:30:53.348Z,47.563,3.840,182.662,4.520,0.00,2.3500,24.735332,46.702656,31.242,54.669,18.292
2025-12-27T17:30:53.348Z,47.517,3.958,188.060,4.540,0.00,2.3510,24.735327,46.702644,31.243,54.701,18.281
2025-12-27T17:30:53.348Z,47.218,4.446,209.932,4.540,0.00,2.3510,24.735327,46.702644,31.243,54.701,18.281
2025-12-27T17:30:53.762Z,47.056,4.837,227.622,4.540,0.00,2.3510,24.735327,46.702644,31.269,54.655,18.296
2025-12-27T17:30:53.854Z,204.800,0.000,-0.008,4.540,0.00,2.3510,24.735327,46.702644,31.269,54.655,18.296
2025-12-27T17:30:53.858Z,22.510,0.000,-0.001,4.540,0.00,2.3510,24.735327,46.702644,31.269,54.655,18.296
2025-12-27T17:30:54.283Z,27.740,0.000,-0.001,4.540,0.00,2.3510,24.735327,46.702644,31.269,54.655,18.296
2025-12-27T17:30:54.283Z,47.066,5.236,246.457,4.540,0.00,2.3510,24.735327,46.702644,31.269,54.655,18.296
2025-12-27T17:30:54.580Z,47.052,5.273,248.117,5.060,0.00,2.3530,24.735321,46.702633,31.289,54.683,18.287
2025-12-27T17:30:54.581Z,46.333,6.523,302.225,5.060,0.00,2.3530,24.735321,46.702633,31.289,54.683,18.287
2025-12-27T17:30:54.887Z,46.688,5.868,273.976,5.060,0.00,2.3530,24.735321,46.702633,31.313,54.643,18.301
2025-12-27T17:30:54.887Z,46.591,5.337,248.666,5.060,0.00,2.3530,24.735321,46.702633,31.313,54.643,18.301
2025-12-27T17:30:54.977Z,46.745,5.541,259.002,5.060,0.00,2.3530,24.735321,46.702633,31.319,54.631,18.304
2025-12-27T17:30:55.411Z,46.809,5.640,264.015,5.060,0.00,2.3530,24.735321,46.702633,31.351,54.576,18.323
2025-12-27T17:30:55.411Z,46.932,0.000,-0.002,5.830,0.00,2.3540,24.735317,46.702618,31.351,54.608,18.312
2025-12-27T17:30:55.807Z,47.171,0.000,-0.002,5.830,0.00,2.3540,24.735317,46.702618,31.351,54.608,18.312
2025-12-27T17:30:55.811Z,47.187,4.546,214.535,5.830,0.00,2.3540,24.735317,46.702618,31.351,54.607,18.313
2025-12-27T17:30:55.812Z,47.034,4.856,228.391,5.830,0.00,2.3540,24.735317,46.702618,31.351,54.607,18.313
2025-12-27T17:30:55.888Z,47.200,4.489,211.889,5.830,0.00,2.3540,24.735317,46.702618,31.356,54.599,18.315
2025-12-27T17:30:56.171Z,24.154,0.000,-0.001,5.830,0.00,2.3540,24.735317,46.702618,31.356,54.599,18.315
2025-12-27T17:30:56.525Z,204.800,0.000,-0.008,6.610,0.00,2.3560,24.735312,46.702602,31.356,54.663,18.294
2025-12-27T17:30:56.526Z,47.100,4.782,225.217,6.610,0.00,2.3560,24.735312,46.702602,31.356,54.663,18.294
2025-12-27T17:30:56.526Z,46.944,4.975,233.525,6.610,0.00,2.3560,24.735312,46.702602,31.356,54.663,18.294
2025-12-27T17:30:56.834Z,204.800,0.000,-0.008,6.610,0.00,2.3560,24.735312,46.702602,31.356,54.663,18.294
2025-12-27T17:30:57.156Z,47.065,4.835,227.557,6.610,0.00,2.3560,24.735312,46.702602,31.376,54.628,18.306
2025-12-27T17:30:57.156Z,204.800,0.000,-0.008,6.610,0.00,2.3560,24.735312,46.702602,31.376,54.628,18.306
2025-12-27T17:30:57.234Z,46.639,5.747,268.019,6.610,0.00,2.3560,24.735312,46.702602,31.382,54.618,18.309
2025-12-27T17:30:57.234Z,46.445,6.048,280.915,7.060,0.00,2.3580,24.735308,46.702583,31.382,54.681,18.288
2025-12-27T17:30:57.688Z,46.566,5.728,266.712,7.060,0.00,2.3580,24.735308,46.702583,31.415,54.623,18.307
2025-12-27T17:30:57.688Z,204.800,0.000,-0.008,7.060,0.00,2.3580,24.735308,46.702583,31.415,54.623,18.307
2025-12-27T17:30:57.951Z,204.800,6.257,1281.397,7.060,0.00,2.3580,24.735308,46.702583,31.509,54.461,18.362
2025-12-27T17:30:58.064Z,204.800,0.000,-0.008,7.060,0.00,2.3580,24.735308,46.702583,31.509,54.461,18.362
2025-12-27T17:30:58.064Z,46.422,6.495,301.493,7.060,0.00,2.3580,24.735308,46.702583,31.509,54.461,18.362
2025-12-27T17:30:58.573Z,46.601,6.102,284.341,7.500,0.00,2.3600,24.735302,46.702564,31.549,54.455,18.364
2025-12-27T17:30:58.573Z,46.285,6.382,295.397,7.500,0.00,2.3600,24.735302,46.702564,31.549,54.455,18.364
2025-12-27T17:30:58.670Z,204.800,0.000,-0.008,7.500,0.00,2.3600,24.735302,46.702564,31.549,54.455,18.364
2025-12-27T17:30:58.670Z,46.296,6.628,306.849,7.500,0.00,2.3600,24.735302,46.702564,31.549,54.455,18.364
2025-12-27T17:30:58.983Z,204.800,0.000,-0.008,7.500,0.00,2.3600,24.735302,46.702564,31.549,54.455,18.364
2025-12-27T17:30:58.984Z,46.276,6.186,286.264,7.500,0.00,2.3600,24.735302,46.702564,31.549,54.455,18.364
2025-12-27T17:30:59.278Z,204.800,0.000,-0.008,7.500,0.00,2.3600,24.735302,46.702564,31.549,54.455,18.364
2025-12-27T17:30:59.280Z,46.292,6.024,278.840,7.930,0.00,2.3620,24.735298,46.702541,31.549,54.518,18.343
2025-12-27T17:31:00.418Z,46.317,6.617,306.456,7.930,0.00,2.3620,24.735298,46.702541,31.646,54.351,18.399
2025-12-27T17:31:00.418Z,204.800,0.000,-0.008,7.930,0.00,2.3620,24.735298,46.702541,31.646,54.351,18.399
2025-12-27T17:31:00.418Z,45.935,6.884,316.234,7.930,0.00,2.3620,24.735298,46.702541,31.646,54.351,18.399
2025-12-27T17:31:00.418Z,46.171,0.000,-0.002,7.930,0.00,2.3620,24.735298,46.702541,31.646,54.351,18.399
2025-12-27T17:31:00.418Z,45.745,6.188,283.054,7.930,0.00,2.3620,24.735298,46.702541,31.646,54.351,18.399
2025-12-27T17:31:00.418Z,204.800,6.780,1388.530,8.570,0.00,2.3650,24.735294,46.702518,31.646,54.446,18.367
2025-12-27T17:31:00.719Z,204.800,0.000,-0.008,8.570,0.00,2.3650,24.735294,46.702518,31.646,54.446,18.367
2025-12-27T17:31:00.719Z,45.966,5.710,262.459,8.570,0.00,2.3650,24.735294,46.702518,31.646,54.446,18.367
2025-12-27T17:31:00.827Z,46.117,4.809,221.778,8.570,0.00,2.3650,24.735294,46.702518,31.653,54.434,18.371
2025-12-27T17:31:01.446Z,46.112,0.000,-0.002,8.570,0.00,2.3650,24.735294,46.702518,31.653,54.434,18.371
2025-12-27T17:31:01.446Z,204.800,6.029,1234.764,8.570,0.00,2.3650,24.735294,46.702518,31.653,54.434,18.371
2025-12-27T17:31:01.446Z,46.520,7.466,347.325,9.130,0.00,2.3680,24.735291,46.702492,31.653,54.529,18.339
2025-12-27T17:31:01.446Z,204.800,0.000,-0.008,9.130,0.00,2.3680,24.735291,46.702492,31.653,54.529,18.339
2025-12-27T17:31:01.753Z,46.641,5.016,233.969,9.130,0.00,2.3680,24.735291,46.702492,31.673,54.495,18.350
2025-12-27T17:31:01.758Z,46.138,5.724,264.090,9.130,0.00,2.3680,24.735291,46.702492,31.673,54.494,18.351
2025-12-27T17:31:02.260Z,204.800,0.000,-0.008,9.130,0.00,2.3680,24.735291,46.702492,31.673,54.494,18.351
2025-12-27T17:31:02.261Z,46.281,6.108,282.674,9.130,0.00,2.3680,24.735291,46.702492,31.673,54.494,18.351
2025-12-27T17:31:02.354Z,47.156,4.684,220.884,9.130,0.00,2.3680,24.735291,46.702492,31.679,54.484,18.354
2025-12-27T17:31:02.354Z,46.287,6.488,300.296,9.630,0.00,2.3700,24.735285,46.702469,31.679,54.547,18.333
2025-12-27T17:31:02.565Z,46.377,6.445,298.885,9.630,0.00,2.3700,24.735285,46.702469,31.696,54.517,18.343
2025-12-27T17:31:02.565Z,46.150,6.340,292.606,9.630,0.00,2.3700,24.735285,46.702469,31.696,54.517,18.343
2025-12-27T17:31:03.075Z,46.271,6.142,284.173,9.630,0.00,2.3700,24.735285,46.702469,31.737,54.448,18.366
2025-12-27T17:31:03.075Z,204.800,0.000,-0.008,9.630,0.00,2.3700,24.735285,46.702469,31.737,54.448,18.366
2025-12-27T17:31:03.159Z,204.800,0.000,-0.008,9.630,0.00,2.3700,24.735285,46.702469,31.737,54.448,18.366
2025-12-27T17:31:03.604Z,46.024,6.935,319.156,9.980,0.00,2.3730,24.735281,46.702442,31.776,54.475,18.357
2025-12-27T17:31:03.604Z,31.827,0.000,-0.001,9.980,0.00,2.3730,24.735281,46.702442,31.776,54.475,18.357
2025-12-27T17:31:03.675Z,46.213,6.705,309.838,9.980,0.00,2.3730,24.735281,46.702442,31.782,54.464,18.361
2025-12-27T17:31:03.675Z,204.800,6.490,1329.100,9.980,0.00,2.3730,24.735281,46.702442,31.782,54.464,18.361
2025-12-27T17:31:04.106Z,46.069,6.436,296.517,9.980,0.00,2.3730,24.735281,46.702442,31.818,54.403,18.381
2025-12-27T17:31:04.224Z,46.161,6.615,305.362,9.980,0.00,2.3730,24.735281,46.702442,31.828,54.386,18.387
2025-12-27T17:31:04.224Z,204.800,0.000,-0.008,10.650,0.00,2.3760,24.735275,46.702412,31.828,54.481,18.355
2025-12-27T17:31:04.406Z,204.800,0.000,-0.008,10.650,0.00,2.3760,24.735275,46.702412,31.828,54.481,18.355
2025-12-27T17:31:04.816Z,204.800,0.000,-0.008,10.650,0.00,2.3760,24.735275,46.702412,31.828,54.481,18.355
2025-12-27T17:31:04.816Z,204.800,0.000,-0.008,10.650,0.00,2.3760,24.735275,46.702412,31.828,54.481,18.355
2025-12-27T17:31:05.230Z,46.270,0.000,-0.002,10.650,0.00,2.3760,24.735275,46.702412,31.828,54.481,18.355
2025-12-27T17:31:05.230Z,204.800,0.000,-0.008,10.650,0.00,2.3760,24.735275,46.702412,31.828,54.481,18.355
2025-12-27T17:31:05.230Z,204.800,0.000,-0.008,10.650,0.00,2.3760,24.735275,46.702412,31.828,54.481,18.355
2025-12-27T17:31:05.840Z,46.584,5.748,267.781,11.300,0.00,2.3790,24.735270,46.702381,31.873,54.497,18.350
2025-12-27T17:31:05.841Z,204.800,0.000,-0.008,11.300,0.00,2.3790,24.735270,46.702381,31.873,54.497,18.350
2025-12-27T17:31:05.841Z,46.603,5.555,258.887,11.300,0.00,2.3790,24.735270,46.702381,31.873,54.497,18.350
2025-12-27T17:31:05.841Z,46.538,5.676,264.144,11.300,0.00,2.3790,24.735270,46.702381,31.873,54.497,18.350
2025-12-27T17:31:06.553Z,46.421,5.875,272.705,11.300,0.00,2.3790,24.735270,46.702381,31.927,54.405,18.381
2025-12-27T17:31:06.553Z,204.800,0.000,-0.008,11.300,0.00,2.3790,24.735270,46.702381,31.927,54.405,18.381
2025-12-27T17:31:06.553Z,204.800,0.000,-0.008,11.760,0.00,2.3820,24.735260,46.702351,31.927,54.499,18.349
2025-12-27T17:31:06.553Z,46.485,5.982,278.079,11.760,0.00,2.3820,24.735260,46.702351,31.927,54.499,18.349
2025-12-27T17:31:06.553Z,204.800,0.000,-0.008,11.760,0.00,2.3820,24.735260,46.702351,31.927,54.499,18.349
2025-12-27T17:31:06.966Z,204.800,0.000,-0.008,11.760,0.00,2.3820,24.735260,46.702351,31.927,54.499,18.349
2025-12-27T17:31:07.278Z,204.800,0.000,-0.008,11.760,0.00,2.3820,24.735260,46.702351,31.927,54.499,18.349
2025-12-27T17:31:07.278Z,204.800,0.000,-0.008,11.760,0.00,2.3820,24.735260,46.702351,31.927,54.499,18.349
2025-12-27T17:31:07.278Z,46.422,5.931,275.326,11.760,0.00,2.3820,24.735260,46.702351,31.927,54.499,18.349
2025-12-27T17:31:07.470Z,46.449,5.794,269.108,12.410,0.00,2.3850,24.735252,46.702320,31.941,54.569,18.325
2025-12-27T17:31:07.470Z,46.251,0.000,-0.002,12.410,0.00,2.3850,24.735252,46.702320,31.941,54.569,18.325
2025-12-27T17:31:07.796Z,46.302,6.207,287.375,12.410,0.00,2.3850,24.735252,46.702320,31.967,54.524,18.340
2025-12-27T17:31:07.797Z,46.396,6.017,279.164,12.410,0.00,2.3850,24.735252,46.702320,31.967,54.524,18.340
2025-12-27T17:31:08.404Z,204.800,0.000,-0.008,12.410,0.00,2.3850,24.735252,46.702320,31.967,54.524,18.340
2025-12-27T17:31:08.404Z,46.320,6.048,280.123,12.410,0.00,2.3850,24.735252,46.702320,31.967,54.524,18.340
2025-12-27T17:31:08.404Z,46.491,0.000,-0.002,12.610,0.00,2.3890,24.735241,46.702286,31.967,54.649,18.298
2025-12-27T17:31:08.404Z,46.337,6.097,282.513,12.610,0.00,2.3890,24.735241,46.702286,31.967,54.649,18.298
2025-12-27T17:31:09.264Z,204.800,0.000,-0.008,12.610,0.00,2.3890,24.735241,46.702286,31.967,54.649,18.298
2025-12-27T17:31:09.264Z,46.390,6.028,279.623,12.610,0.00,2.3890,24.735241,46.702286,31.967,54.649,18.298
2025-12-27T17:31:09.264Z,204.800,0.000,-0.008,12.610,0.00,2.3890,24.735241,46.702286,31.967,54.649,18.298
2025-12-27T17:31:09.264Z,46.399,6.112,283.584,12.610,0.00,2.3890,24.735241,46.702286,31.967,54.649,18.298
2025-12-27T17:31:09.264Z,46.393,6.091,282.598,12.870,0.00,2.3920,24.735229,46.702255,31.967,54.743,18.267
2025-12-27T17:31:09.533Z,204.800,0.000,-0.008,12.870,0.00,2.3920,24.735229,46.702255,31.967,54.743,18.267
2025-12-27T17:31:09.533Z,204.800,0.000,-0.008,12.870,0.00,2.3920,24.735229,46.702255,31.967,54.743,18.267
2025-12-27T17:31:09.735Z,46.337,6.117,283.457,12.870,0.00,2.3920,24.735229,46.702255,31.983,54.716,18.276
2025-12-27T17:31:10.075Z,46.350,6.119,283.626,12.870,0.00,2.3920,24.735229,46.702255,32.010,54.670,18.292
2025-12-27T17:31:10.075Z,46.442,6.052,281.077,12.870,0.00,2.3920,24.735229,46.702255,32.010,54.670,18.292
2025-12-27T17:31:10.343Z,204.800,0.000,-0.008,12.870,0.00,2.3920,24.735229,46.702255,32.010,54.670,18.292
2025-12-27T17:31:10.343Z,204.800,0.000,-0.008,13.190,0.00,2.3960,24.735218,46.702221,32.010,54.795,18.250
2025-12-27T17:31:10.710Z,204.800,0.000,-0.008,13.190,0.00,2.3960,24.735218,46.702221,32.010,54.795,18.250
2025-12-27T17:31:10.710Z,204.800,0.000,-0.008,13.190,0.00,2.3960,24.735218,46.702221,32.010,54.795,18.250
2025-12-27T17:31:11.066Z,204.800,5.953,1219.225,13.190,0.00,2.3960,24.735218,46.702221,32.131,54.589,18.319
2025-12-27T17:31:11.068Z,46.380,6.181,286.674,13.190,0.00,2.3960,24.735218,46.702221,32.131,54.589,18.319
2025-12-27T17:31:11.068Z,46.284,5.942,275.031,13.190,0.00,2.3960,24.735218,46.702221,32.131,54.589,18.319
2025-12-27T17:31:11.399Z,204.800,0.000,-0.008,13.580,0.00,2.4000,24.735205,46.702187,32.131,54.714,18.277
2025-12-27T17:31:11.579Z,46.336,5.843,270.756,13.580,0.00,2.4000,24.735205,46.702187,32.145,54.690,18.285
2025-12-27T17:31:11.579Z,46.141,6.037,278.578,13.580,0.00,2.4000,24.735205,46.702187,32.145,54.690,18.285
2025-12-27T17:31:11.906Z,30.697,5.996,184.047,13.580,0.00,2.4000,24.735205,46.702187,32.161,54.662,18.294
2025-12-27T17:31:11.906Z,46.276,5.843,270.374,13.580,0.00,2.4000,24.735205,46.702187,32.161,54.662,18.294
2025-12-27T17:31:12.067Z,46.170,6.146,283.781,13.580,0.00,2.4000,24.735205,46.702187,32.174,54.641,18.301
2025-12-27T17:31:12.399Z,204.800,0.000,-0.008,13.580,0.00,2.4000,24.735205,46.702187,32.174,54.641,18.301
2025-12-27T17:31:12.399Z,46.378,6.030,279.649,13.960,0.00,2.4040,24.735189,46.702152,32.174,54.765,18.260
2025-12-27T17:31:12.804Z,46.381,6.011,278.792,13.960,0.00,2.4040,24.735189,46.702152,32.205,54.712,18.278
2025-12-27T17:31:12.805Z,46.316,5.813,269.250,13.960,0.00,2.4040,24.735189,46.702152,32.205,54.712,18.278
2025-12-27T17:31:12.805Z,46.395,5.936,275.410,13.960,0.00,2.4040,24.735189,46.702152,32.205,54.711,18.278
2025-12-27T17:31:13.000Z,46.356,5.878,272.497,13.960,0.00,2.4040,24.735189,46.702152,32.220,54.686,18.286
2025-12-27T17:31:13.308Z,46.458,5.970,277.346,13.960,0.00,2.4040,24.735189,46.702152,32.244,54.646,18.300
2025-12-27T17:31:13.308Z,46.472,5.664,263.232,14.330,0.00,2.4080,24.735174,46.702118,32.244,54.770,18.258
2025-12-27T17:31:13.619Z,204.800,0.000,-0.008,14.330,0.00,2.4080,24.735174,46.702118,32.244,54.770,18.258
2025-12-27T17:31:13.619Z,204.800,5.623,1151.522,14.330,0.00,2.4080,24.735174,46.702118,32.244,54.770,18.258
2025-12-27T17:31:14.080Z,46.446,5.778,268.382,14.330,0.00,2.4080,24.735174,46.702118,32.278,54.712,18.278
2025-12-27T17:31:14.082Z,204.800,0.000,-0.008,14.330,0.00,2.4080,24.735174,46.702118,32.278,54.712,18.278
2025-12-27T17:31:14.241Z,46.474,5.868,272.711,14.330,0.00,2.4080,24.735174,46.702118,32.290,54.691,18.284
2025-12-27T17:31:14.241Z,46.410,0.000,-0.002,14.610,0.00,2.4120,24.735159,46.702080,32.290,54.815,18.243
2025-12-27T17:31:14.559Z,46.394,5.929,275.069,14.610,0.00,2.4120,24.735159,46.702080,32.315,54.774,18.257
2025-12-27T17:31:14.559Z,46.470,5.827,270.795,14.610,0.00,2.4120,24.735159,46.702080,32.315,54.774,18.257
2025-12-27T17:31:14.743Z,204.800,5.725,1172.491,14.610,0.00,2.4120,24.735159,46.702080,32.374,54.673,18.291
2025-12-27T17:31:14.958Z,46.398,5.986,277.733,14.610,0.00,2.4120,24.735159,46.702080,32.391,54.645,18.300
2025-12-27T17:31:14.958Z,204.800,0.000,-0.008,14.610,0.00,2.4120,24.735159,46.702080,32.391,54.645,18.300
2025-12-27T17:31:15.154Z,46.384,5.992,277.942,14.610,0.00,2.4120,24.735159,46.702080,32.406,54.620,18.308
2025-12-27T17:31:15.452Z,204.800,5.860,1200.116,14.870,0.00,2.4160,24.735144,46.702045,32.505,54.576,18.323
2025-12-27T17:31:15.459Z,46.329,5.961,276.156,14.870,0.00,2.4160,24.735144,46.702045,32.506,54.575,18.323
2025-12-27T17:31:15.662Z,204.800,0.000,-0.008,14.870,0.00,2.4160,24.735144,46.702045,32.506,54.575,18.323
2025-12-27T17:31:15.861Z,46.284,6.231,288.419,14.870,0.00,2.4160,24.735144,46.702045,32.522,54.548,18.332
2025-12-27T17:31:16.072Z,204.800,0.000,-0.008,14.870,0.00,2.4160,24.735144,46.702045,32.522,54.548,18.332
2025-12-27T17:31:16.072Z,46.253,6.166,285.206,14.870,0.00,2.4160,24.735144,46.702045,32.522,54.548,18.332
2025-12-27T17:31:16.801Z,204.800,0.000,-0.008,14.820,0.00,2.4200,24.735128,46.702007,32.522,54.671,18.291
2025-12-27T17:31:16.802Z,46.256,6.203,286.908,14.820,0.00,2.4200,24.735128,46.702007,32.522,54.671,18.291
2025-12-27T17:31:16.802Z,46.262,6.259,289.540,14.820,0.00,2.4200,24.735128,46.702007,32.522,54.671,18.291
2025-12-27T17:31:16.886Z,204.800,0.000,-0.008,14.820,0.00,2.4200,24.735128,46.702007,32.522,54.671,18.291
2025-12-27T17:31:16.889Z,46.599,5.572,259.663,14.820,0.00,2.4200,24.735128,46.702007,32.522,54.671,18.291
2025-12-27T17:31:17.218Z,46.016,0.000,-0.002,14.820,0.00,2.4200,24.735128,46.702007,32.522,54.671,18.291
2025-12-27T17:31:17.218Z,46.067,6.660,306.802,15.040,0.00,2.4240,24.735113,46.701969,32.522,54.794,18.250
2025-12-27T17:31:17.531Z,45.834,0.000,-0.002,15.040,0.00,2.4240,24.735113,46.701969,32.522,54.794,18.250
2025-12-27T17:31:17.531Z,45.920,6.584,302.326,15.040,0.00,2.4240,24.735113,46.701969,32.522,54.794,18.250
2025-12-27T17:31:18.127Z,204.800,6.436,1318.178,15.040,0.00,2.4240,24.735113,46.701969,32.741,54.428,18.373
2025-12-27T17:31:18.128Z,204.800,0.000,-0.008,15.040,0.00,2.4240,24.735113,46.701969,32.741,54.428,18.373
2025-12-27T17:31:18.128Z,46.091,6.651,306.536,15.040,0.00,2.4240,24.735113,46.701969,32.741,54.428,18.373
2025-12-27T17:31:18.129Z,45.915,7.044,323.406,15.040,0.00,2.4240,24.735113,46.701969,32.741,54.428,18.373
2025-12-27T17:31:18.435Z,45.925,6.456,296.505,15.280,0.00,2.4280,24.735098,46.701931,32.766,54.508,18.346
2025-12-27T17:31:18.435Z,45.955,6.778,311.474,15.280,0.00,2.4280,24.735098,46.701931,32.766,54.508,18.346
2025-12-27T17:31:18.633Z,46.026,6.932,319.053,15.280,0.00,2.4280,24.735098,46.701931,32.783,54.479,18.356
2025-12-27T17:31:18.834Z,45.914,6.658,305.701,15.280,0.00,2.4280,24.735098,46.701931,32.801,54.450,18.365
2025-12-27T17:31:19.050Z,45.970,6.433,295.712,15.280,0.00,2.4280,24.735098,46.701931,32.818,54.421,18.375
2025-12-27T17:31:19.050Z,45.962,0.000,-0.002,15.280,0.00,2.4280,24.735098,46.701931,32.818,54.421,18.375
2025-12-27T17:31:19.350Z,204.800,0.000,-0.008,15.480,0.00,2.4330,24.735083,46.701893,32.818,54.573,18.324
2025-12-27T17:31:19.350Z,204.800,0.000,-0.008,15.480,0.00,2.4330,24.735083,46.701893,32.818,54.573,18.324
2025-12-27T17:31:19.649Z,204.800,0.000,-0.008,15.480,0.00,2.4330,24.735083,46.701893,32.818,54.573,18.324
2025-12-27T17:31:19.649Z,204.800,0.000,-0.008,15.480,0.00,2.4330,24.735083,46.701893,32.818,54.573,18.324
2025-12-27T17:31:19.872Z,204.800,0.000,-0.008,15.480,0.00,2.4330,24.735083,46.701893,32.818,54.573,18.324
2025-12-27T17:31:20.306Z,204.800,7.172,1468.921,15.480,0.00,2.4330,24.735083,46.701893,32.995,54.281,18.423
2025-12-27T17:31:20.306Z,204.800,0.000,-0.008,15.480,0.00,2.4330,24.735083,46.701893,32.995,54.281,18.423
2025-12-27T17:31:20.306Z,45.907,6.889,316.268,15.630,0.00,2.4370,24.735065,46.701855,32.995,54.402,18.382
2025-12-27T17:31:20.572Z,45.886,6.923,317.672,15.630,0.00,2.4370,24.735065,46.701855,33.019,54.363,18.395
2025-12-27T17:31:20.776Z,45.853,6.857,314.405,15.630,0.00,2.4370,24.735065,46.701855,33.037,54.334,18.405
2025-12-27T17:31:20.777Z,45.890,6.953,319.081,15.630,0.00,2.4370,24.735065,46.701855,33.037,54.334,18.405
2025-12-27T17:31:20.980Z,46.034,6.465,297.624,15.630,0.00,2.4370,24.735065,46.701855,33.053,54.306,18.414
2025-12-27T17:31:21.309Z,204.800,0.000,-0.008,15.630,0.00,2.4370,24.735065,46.701855,33.053,54.306,18.414
2025-12-27T17:31:21.321Z,204.800,0.000,-0.008,15.520,0.00,2.4410,24.735050,46.701813,33.053,54.427,18.373
2025-12-27T17:31:21.858Z,45.813,6.852,313.905,15.520,0.00,2.4410,24.735050,46.701813,33.100,54.350,18.399
2025-12-27T17:31:21.858Z,45.837,6.898,316.191,15.520,0.00,2.4410,24.735050,46.701813,33.100,54.350,18.399
2025-12-27T17:31:21.858Z,204.800,7.189,1472.217,15.520,0.00,2.4410,24.735050,46.701813,33.100,54.350,18.399
2025-12-27T17:31:22.004Z,45.793,7.044,322.560,15.520,0.00,2.4410,24.735050,46.701813,33.113,54.328,18.407
2025-12-27T17:31:22.004Z,204.800,0.000,-0.008,15.520,0.00,2.4410,24.735050,46.701813,33.113,54.328,18.407
2025-12-27T17:31:22.341Z,45.838,6.934,317.825,15.760,0.00,2.4460,24.735033,46.701775,33.143,54.431,18.372
2025-12-27T17:31:22.341Z,204.800,0.000,-0.008,15.760,0.00,2.4460,24.735033,46.701775,33.143,54.431,18.372
2025-12-27T17:31:22.634Z,45.787,7.196,329.493,15.760,0.00,2.4460,24.735033,46.701775,33.170,54.387,18.387
2025-12-27T17:31:22.635Z,45.763,7.134,326.472,15.760,0.00,2.4460,24.735033,46.701775,33.170,54.387,18.387
2025-12-27T17:31:23.249Z,45.797,6.990,320.120,15.760,0.00,2.4460,24.735033,46.701775,33.225,54.297,18.417
2025-12-27T17:31:23.249Z,45.896,6.975,320.107,15.760,0.00,2.4460,24.735033,46.701775,33.225,54.297,18.417
2025-12-27T17:31:23.574Z,45.751,7.069,323.392,15.760,0.00,2.4460,24.735033,46.701775,33.254,54.249,18.433
2025-12-27T17:31:23.575Z,35.458,0.000,-0.001,16.080,0.00,2.4500,24.735018,46.701736,33.254,54.370,18.393
2025-12-27T17:31:23.575Z,45.768,7.054,322.848,16.080,0.00,2.4500,24.735018,46.701736,33.254,54.370,18.393
2025-12-27T17:31:23.765Z,204.800,0.000,-0.008,16.080,0.00,2.4500,24.735018,46.701736,33.254,54.370,18.393
2025-12-27T17:31:23.768Z,45.788,7.096,324.913,16.080,0.00,2.4500,24.735018,46.701736,33.254,54.369,18.393
2025-12-27T17:31:24.073Z,45.724,6.941,317.359,16.080,0.00,2.4500,24.735018,46.701736,33.281,54.325,18.408
2025-12-27T17:31:24.080Z,45.804,7.084,324.471,16.080,0.00,2.4500,24.735018,46.701736,33.282,54.324,18.408
2025-12-27T17:31:24.265Z,204.800,0.000,-0.008,16.240,0.00,2.4550,24.735001,46.701694,33.282,54.475,18.357
2025-12-27T17:31:24.566Z,204.800,0.000,-0.008,16.240,0.00,2.4550,24.735001,46.701694,33.282,54.475,18.357
2025-12-27T17:31:24.567Z,45.830,6.679,306.123,16.240,0.00,2.4550,24.735001,46.701694,33.282,54.475,18.357
2025-12-27T17:31:24.782Z,45.765,6.893,315.454,16.240,0.00,2.4550,24.735001,46.701694,33.300,54.444,18.368
2025-12-27T17:31:25.044Z,45.710,7.311,334.168,16.240,0.00,2.4550,24.735001,46.701694,33.325,54.404,18.381
2025-12-27T17:31:25.044Z,45.631,6.670,304.358,16.240,0.00,2.4550,24.735001,46.701694,33.325,54.404,18.381
2025-12-27T17:31:25.303Z,45.768,7.071,323.620,16.650,0.00,2.4590,24.734982,46.701656,33.348,54.486,18.353
2025-12-27T17:31:25.672Z,45.816,6.579,301.424,16.650,0.00,2.4590,24.734982,46.701656,33.379,54.435,18.370
2025-12-27T17:31:25.675Z,45.883,7.353,337.355,16.650,0.00,2.4590,24.734982,46.701656,33.379,54.435,18.371
2025-12-27T17:31:25.675Z,45.680,7.020,320.682,16.650,0.00,2.4590,24.734982,46.701656,33.379,54.435,18.371
2025-12-27T17:31:26.223Z,204.800,6.679,1367.897,16.650,0.00,2.4590,24.734982,46.701656,33.587,54.098,18.485
2025-12-27T17:31:26.223Z,204.800,0.000,-0.008,16.650,0.00,2.4590,24.734982,46.701656,33.587,54.098,18.485
2025-12-27T17:31:26.228Z,45.671,6.783,309.779,16.650,0.00,2.4590,24.734982,46.701656,33.588,54.097,18.485
2025-12-27T17:31:26.527Z,45.659,6.964,317.960,16.740,0.00,2.4640,24.734964,46.701614,33.614,54.203,18.449
2025-12-27T17:31:26.527Z,45.622,0.000,-0.002,16.740,0.00,2.4640,24.734964,46.701614,33.614,54.203,18.449
2025-12-27T17:31:26.842Z,204.800,0.000,-0.008,16.740,0.00,2.4640,24.734964,46.701614,33.614,54.203,18.449
2025-12-27T17:31:26.842Z,45.890,6.588,302.311,16.740,0.00,2.4640,24.734964,46.701614,33.614,54.203,18.449
2025-12-27T17:31:27.143Z,45.883,0.000,-0.002,16.740,0.00,2.4640,24.734964,46.701614,33.614,54.203,18.449
2025-12-27T17:31:27.143Z,204.800,8.913,1825.381,16.740,0.00,2.4640,24.734964,46.701614,33.614,54.203,18.449
2025-12-27T17:31:27.466Z,45.816,6.949,318.361,17.060,0.00,2.4680,24.734945,46.701572,33.643,54.276,18.424
2025-12-27T17:31:27.466Z,45.832,6.650,304.779,17.060,0.00,2.4680,24.734945,46.701572,33.643,54.276,18.424
2025-12-27T17:31:27.541Z,45.834,6.846,313.759,17.060,0.00,2.4680,24.734945,46.701572,33.650,54.265,18.428
2025-12-27T17:31:27.750Z,45.838,7.030,322.256,17.060,0.00,2.4680,24.734945,46.701572,33.668,54.235,18.438
2025-12-27T17:31:27.949Z,36.677,0.000,-0.001,17.060,0.00,2.4680,24.734945,46.701572,33.668,54.235,18.438
2025-12-27T17:31:28.261Z,45.793,7.068,323.671,17.060,0.00,2.4680,24.734945,46.701572,33.696,54.190,18.454
2025-12-27T17:31:28.261Z,45.727,6.766,309.387,17.060,0.00,2.4680,24.734945,46.701572,33.696,54.190,18.454
2025-12-27T17:31:28.456Z,204.800,0.000,-0.008,17.300,0.00,2.4730,24.734926,46.701527,33.696,54.338,18.403
2025-12-27T17:31:28.456Z,45.732,6.918,316.362,17.300,0.00,2.4730,24.734926,46.701527,33.696,54.338,18.403
2025-12-27T17:31:28.666Z,45.837,7.045,322.923,17.300,0.00,2.4730,24.734926,46.701527,33.715,54.308,18.413
2025-12-27T17:31:29.006Z,45.612,7.437,339.204,17.300,0.00,2.4730,24.734926,46.701527,33.747,54.257,18.431
2025-12-27T17:31:29.006Z,204.800,6.642,1360.303,17.300,0.00,2.4730,24.734926,46.701527,33.747,54.256,18.431
2025-12-27T17:31:29.287Z,45.714,7.539,344.637,17.300,0.00,2.4730,24.734926,46.701527,33.774,54.213,18.446
2025-12-27T17:31:29.489Z,45.518,6.933,315.578,17.330,0.00,2.4780,24.734909,46.701485,33.792,54.333,18.405
2025-12-27T17:31:29.489Z,45.506,6.815,310.114,17.330,0.00,2.4780,24.734909,46.701485,33.792,54.333,18.405
2025-12-27T17:31:29.684Z,37.382,7.301,272.936,17.330,0.00,2.4780,24.734909,46.701485,33.807,54.309,18.413
2025-12-27T17:31:29.685Z,204.800,7.328,1500.819,17.330,0.00,2.4780,24.734909,46.701485,33.807,54.309,18.413
2025-12-27T17:31:29.905Z,45.810,7.442,340.893,17.330,0.00,2.4780,24.734909,46.701485,33.828,54.275,18.425
2025-12-27T17:31:30.098Z,45.835,7.635,349.929,17.330,0.00,2.4780,24.734909,46.701485,33.846,54.245,18.435
2025-12-27T17:31:30.303Z,45.979,7.233,332.585,17.670,0.00,2.4830,24.734890,46.701443,33.865,54.363,18.395
2025-12-27T17:31:30.583Z,45.562,6.546,298.233,17.670,0.00,2.4830,24.734890,46.701443,33.888,54.325,18.408
2025-12-27T17:31:30.583Z,45.722,8.123,371.382,17.670,0.00,2.4830,24.734890,46.701443,33.888,54.325,18.408
2025-12-27T17:31:30.891Z,45.801,0.000,-0.002,17.670,0.00,2.4830,24.734890,46.701443,33.888,54.325,18.408
2025-12-27T17:31:31.051Z,204.800,8.844,1811.256,17.670,0.00,2.4830,24.734890,46.701443,33.969,54.197,18.451
2025-12-27T17:31:31.051Z,204.800,0.000,-0.008,17.670,0.00,2.4830,24.734890,46.701443,33.969,54.197,18.451
2025-12-27T17:31:31.548Z,204.800,0.000,-0.008,17.670,0.00,2.4830,24.734890,46.701443,33.969,54.197,18.451
2025-12-27T17:31:31.548Z,46.080,6.524,300.613,17.830,0.00,2.4880,24.734871,46.701397,33.969,54.344,18.401
2025-12-27T17:31:31.548Z,45.910,6.272,287.970,17.830,0.00,2.4880,24.734871,46.701397,33.969,54.344,18.401
2025-12-27T17:31:31.959Z,204.800,6.143,1258.030,17.830,0.00,2.4880,24.734871,46.701397,34.112,54.115,18.479
2025-12-27T17:31:31.962Z,45.341,7.221,327.403,17.830,0.00,2.4880,24.734871,46.701397,34.112,54.115,18.479
2025-12-27T17:31:31.962Z,46.192,7.247,334.743,17.830,0.00,2.4880,24.734871,46.701397,34.112,54.115,18.479
2025-12-27T17:31:32.251Z,204.800,0.000,-0.008,17.830,0.00,2.4880,24.734871,46.701397,34.112,54.115,18.479
2025-12-27T17:31:32.255Z,46.061,7.045,324.499,18.090,0.00,2.4930,24.734850,46.701351,34.113,54.261,18.429
2025-12-27T17:31:32.449Z,204.800,6.720,1376.155,18.090,0.00,2.4930,24.734850,46.701351,34.187,54.144,18.469
2025-12-27T17:31:32.654Z,45.531,6.359,289.552,18.090,0.00,2.4930,24.734850,46.701351,34.203,54.117,18.478
2025-12-27T17:31:32.982Z,46.175,0.000,-0.002,18.090,0.00,2.4930,24.734850,46.701351,34.203,54.117,18.478
2025-12-27T17:31:32.982Z,45.617,7.967,363.412,18.090,0.00,2.4930,24.734850,46.701351,34.203,54.117,18.478
2025-12-27T17:31:33.064Z,45.099,6.418,289.431,18.090,0.00,2.4930,24.734850,46.701351,34.210,54.107,18.482
2025-12-27T17:31:33.286Z,45.895,6.040,277.187,18.240,0.00,2.4980,24.734831,46.701309,34.227,54.226,18.441
2025-12-27T17:31:33.483Z,45.960,0.000,-0.002,18.240,0.00,2.4980,24.734831,46.701309,34.227,54.226,18.441
2025-12-27T17:31:33.486Z,45.862,6.015,275.867,18.240,0.00,2.4980,24.734831,46.701309,34.227,54.226,18.441
2025-12-27T17:31:33.673Z,44.838,6.476,290.352,18.240,0.00,2.4980,24.734831,46.701309,34.242,54.202,18.450
2025-12-27T17:31:33.877Z,204.800,0.000,-0.008,18.240,0.00,2.4980,24.734831,46.701309,34.242,54.202,18.450
2025-12-27T17:31:34.304Z,44.907,6.778,304.388,18.240,0.00,2.4980,24.734831,46.701309,34.278,54.145,18.469
2025-12-27T17:31:34.304Z,45.946,6.376,292.945,18.240,0.00,2.4980,24.734831,46.701309,34.278,54.145,18.469
2025-12-27T17:31:34.517Z,45.955,9.076,417.062,18.520,0.00,2.5030,24.734812,46.701260,34.303,54.252,18.433
2025-12-27T17:31:34.517Z,204.800,0.000,-0.008,18.520,0.00,2.5030,24.734812,46.701260,34.303,54.252,18.433
2025-12-27T17:31:34.822Z,204.800,0.000,-0.008,18.520,0.00,2.5030,24.734812,46.701260,34.303,54.252,18.433
2025-12-27T17:31:34.822Z,45.438,6.221,282.680,18.520,0.00,2.5030,24.734812,46.701260,34.303,54.252,18.433
2025-12-27T17:31:35.006Z,45.436,6.478,294.345,18.520,0.00,2.5030,24.734812,46.701260,34.318,54.228,18.441
2025-12-27T17:31:35.222Z,45.253,6.605,298.903,18.520,0.00,2.5030,24.734812,46.701260,34.336,54.199,18.450
2025-12-27T17:31:35.223Z,45.148,7.385,333.430,18.870,0.00,2.5080,24.734791,46.701214,34.336,54.345,18.401
2025-12-27T17:31:35.655Z,45.442,0.000,-0.002,18.870,0.00,2.5080,24.734791,46.701214,34.336,54.345,18.401
2025-12-27T17:31:35.655Z,204.800,8.919,1826.600,18.870,0.00,2.5080,24.734791,46.701214,34.336,54.345,18.401
2025-12-27T17:31:35.716Z,45.215,0.000,-0.002,18.870,0.00,2.5080,24.734791,46.701214,34.336,54.345,18.401
2025-12-27T17:31:36.051Z,45.571,6.959,317.111,18.870,0.00,2.5080,24.734791,46.701214,34.366,54.298,18.417
2025-12-27T17:31:36.051Z,45.693,7.546,344.782,18.870,0.00,2.5080,24.734791,46.701214,34.366,54.298,18.417
2025-12-27T17:31:36.357Z,45.788,7.860,359.877,19.020,0.00,2.5140,24.734772,46.701168,34.396,54.424,18.374
2025-12-27T17:31:36.358Z,42.036,0.000,-0.002,19.020,0.00,2.5140,24.734772,46.701168,34.396,54.424,18.374
2025-12-27T17:31:36.671Z,204.800,0.000,-0.008,19.020,0.00,2.5140,24.734772,46.701168,34.396,54.424,18.374
2025-12-27T17:31:36.671Z,45.389,6.724,305.181,19.020,0.00,2.5140,24.734772,46.701168,34.396,54.424,18.374
2025-12-27T17:31:36.978Z,45.218,7.151,323.357,19.020,0.00,2.5140,24.734772,46.701168,34.424,54.381,18.389
2025-12-27T17:31:36.979Z,45.318,6.846,310.265,19.020,0.00,2.5140,24.734772,46.701168,34.424,54.381,18.389
2025-12-27T17:31:37.323Z,45.454,7.316,332.559,19.020,0.00,2.5140,24.734772,46.701168,34.456,54.330,18.406
2025-12-27T17:31:37.323Z,45.460,7.758,352.674,19.150,0.00,2.5190,24.734751,46.701118,34.456,54.475,18.357
2025-12-27T17:31:37.467Z,45.627,7.669,349.905,19.150,0.00,2.5190,24.734751,46.701118,34.470,54.453,18.364
2025-12-27T17:31:37.668Z,204.800,0.000,-0.008,19.150,0.00,2.5190,24.734751,46.701118,34.470,54.453,18.364
2025-12-27T17:31:37.877Z,45.241,6.893,311.867,19.150,0.00,2.5190,24.734751,46.701118,34.488,54.425,18.374
2025-12-27T17:31:37.877Z,45.128,7.208,325.265,19.150,0.00,2.5190,24.734751,46.701118,34.488,54.425,18.374
2025-12-27T17:31:38.210Z,45.358,0.000,-0.002,19.150,0.00,2.5190,24.734751,46.701118,34.488,54.425,18.374
2025-12-27T17:31:38.210Z,204.800,8.876,1817.740,19.280,0.00,2.5240,24.734730,46.701073,34.488,54.570,18.325
2025-12-27T17:31:38.386Z,45.170,7.341,331.601,19.280,0.00,2.5240,24.734730,46.701073,34.504,54.544,18.334
2025-12-27T17:31:38.605Z,204.800,0.000,-0.008,19.280,0.00,2.5240,24.734730,46.701073,34.504,54.544,18.334
2025-12-27T17:31:38.809Z,45.311,7.594,344.102,19.280,0.00,2.5240,24.734730,46.701073,34.524,54.513,18.344
2025-12-27T17:31:38.814Z,45.332,7.554,342.442,19.280,0.00,2.5240,24.734730,46.701073,34.524,54.512,18.344
2025-12-27T17:31:38.998Z,204.800,0.000,-0.008,19.280,0.00,2.5240,24.734730,46.701073,34.524,54.512,18.344
2025-12-27T17:31:39.241Z,45.198,8.013,362.191,19.280,0.00,2.5240,24.734730,46.701073,34.549,54.474,18.357
2025-12-27T17:31:39.428Z,45.295,8.086,366.242,19.210,0.00,2.5300,24.734711,46.701023,34.568,54.617,18.309
2025-12-27T17:31:39.429Z,204.800,0.000,-0.008,19.210,0.00,2.5300,24.734711,46.701023,34.568,54.617,18.309
2025-12-27T17:31:39.623Z,45.082,8.031,362.053,19.210,0.00,2.5300,24.734711,46.701023,34.587,54.586,18.320
2025-12-27T17:31:39.950Z,204.800,0.000,-0.008,19.210,0.00,2.5300,24.734711,46.701023,34.587,54.586,18.320
2025-12-27T17:31:39.950Z,45.153,7.708,348.017,19.210,0.00,2.5300,24.734711,46.701023,34.587,54.586,18.320
2025-12-27T17:31:40.251Z,45.227,8.376,378.835,19.210,0.00,2.5300,24.734711,46.701023,34.619,54.537,18.336
2025-12-27T17:31:40.251Z,44.906,8.659,388.824,19.330,0.00,2.5350,24.734690,46.700977,34.619,54.681,18.288
2025-12-27T17:31:40.566Z,44.970,8.252,371.105,19.330,0.00,2.5350,24.734690,46.700977,34.651,54.630,18.305
2025-12-27T17:31:40.566Z,44.900,8.821,396.078,19.330,0.00,2.5350,24.734690,46.700977,34.651,54.630,18.305
2025-12-27T17:31:40.878Z,44.835,8.611,386.080,19.330,0.00,2.5350,24.734690,46.700977,34.685,54.577,18.323
2025-12-27T17:31:40.884Z,44.858,8.853,397.107,19.330,0.00,2.5350,24.734690,46.700977,34.686,54.576,18.323
2025-12-27T17:31:41.062Z,44.728,9.101,407.057,19.330,0.00,2.5350,24.734690,46.700977,34.706,54.544,18.334
2025-12-27T17:31:41.382Z,44.695,9.331,417.059,19.500,0.00,2.5400,24.734669,46.700928,34.743,54.630,18.305
2025-12-27T17:31:41.385Z,44.620,9.759,435.440,19.500,0.00,2.5400,24.734669,46.700928,34.743,54.629,18.305
2025-12-27T17:31:41.570Z,204.800,9.404,1925.897,19.500,0.00,2.5400,24.734669,46.700928,34.842,54.474,18.357
2025-12-27T17:31:41.905Z,204.800,0.000,-0.008,19.500,0.00,2.5400,24.734669,46.700928,34.842,54.474,18.357
2025-12-27T17:31:41.905Z,47.297,0.000,-0.002,19.500,0.00,2.5400,24.734669,46.700928,34.842,54.474,18.357
2025-12-27T17:31:42.089Z,204.800,0.000,-0.008,19.500,0.00,2.5400,24.734669,46.700928,34.842,54.474,18.357
2025-12-27T17:31:42.089Z,44.730,0.000,-0.002,19.500,0.00,2.5400,24.734669,46.700928,34.842,54.474,18.357
2025-12-27T17:31:42.449Z,204.800,0.000,-0.008,19.890,0.00,2.5460,24.734648,46.700878,34.842,54.646,18.299
2025-12-27T17:31:43.015Z,44.427,9.664,429.323,19.890,0.00,2.5460,24.734648,46.700878,34.910,54.541,18.335
2025-12-27T17:31:43.016Z,44.401,9.526,422.972,19.890,0.00,2.5460,24.734648,46.700878,34.910,54.541,18.335
2025-12-27T17:31:43.016Z,44.339,10.096,447.631,19.890,0.00,2.5460,24.734648,46.700878,34.910,54.541,18.335
2025-12-27T17:31:43.154Z,44.063,10.099,445.001,19.890,0.00,2.5460,24.734648,46.700878,34.927,54.514,18.344
2025-12-27T17:31:43.154Z,44.337,10.240,453.999,19.890,0.00,2.5460,24.734648,46.700878,34.927,54.514,18.344
2025-12-27T17:31:43.352Z,44.121,9.953,439.156,19.980,0.00,2.5510,24.734627,46.700829,34.951,54.619,18.309
2025-12-27T17:31:43.534Z,44.193,10.293,454.874,19.980,0.00,2.5510,24.734627,46.700829,34.974,54.583,18.321
2025-12-27T17:31:43.535Z,204.800,0.000,-0.008,19.980,0.00,2.5510,24.734627,46.700829,34.974,54.583,18.321
2025-12-27T17:31:43.722Z,43.786,0.000,-0.002,19.980,0.00,2.5510,24.734627,46.700829,34.974,54.583,18.321
2025-12-27T17:31:43.928Z,204.800,0.000,-0.008,19.980,0.00,2.5510,24.734627,46.700829,34.974,54.583,18.321
2025-12-27T17:31:44.244Z,204.800,0.000,-0.008,19.980,0.00,2.5510,24.734627,46.700829,34.974,54.583,18.321
2025-12-27T17:31:44.244Z,44.069,10.538,464.395,19.980,0.00,2.5510,24.734627,46.700829,34.974,54.583,18.321
2025-12-27T17:31:44.569Z,43.848,10.544,462.347,19.930,0.00,2.5570,24.734606,46.700779,35.016,54.689,18.285
2025-12-27T17:31:44.569Z,43.715,11.565,505.554,19.930,0.00,2.5570,24.734606,46.700779,35.016,54.689,18.285
2025-12-27T17:31:44.766Z,204.800,0.000,-0.008,19.930,0.00,2.5570,24.734606,46.700779,35.016,54.689,18.285
2025-12-27T17:31:44.767Z,43.889,11.274,494.827,19.930,0.00,2.5570,24.734606,46.700779,35.016,54.689,18.285
2025-12-27T17:31:45.061Z,43.986,10.764,473.482,19.930,0.00,2.5570,24.734606,46.700779,35.055,54.629,18.305
2025-12-27T17:31:45.367Z,43.892,11.183,490.830,19.930,0.00,2.5570,24.734606,46.700779,35.096,54.564,18.327
2025-12-27T17:31:45.369Z,43.537,11.509,501.062,20.060,0.00,2.5620,24.734585,46.700729,35.097,54.706,18.280
2025-12-27T17:31:45.666Z,57.848,0.000,-0.002,20.060,0.00,2.5620,24.734585,46.700729,35.097,54.706,18.280
2025-12-27T17:31:45.669Z,43.622,10.834,472.584,20.060,0.00,2.5620,24.734585,46.700729,35.097,54.705,18.280
2025-12-27T17:31:45.863Z,43.697,11.186,488.799,20.060,0.00,2.5620,24.734585,46.700729,35.123,54.664,18.293
2025-12-27T17:31:45.863Z,43.802,10.889,476.956,20.060,0.00,2.5620,24.734585,46.700729,35.123,54.664,18.293
2025-12-27T17:31:46.166Z,43.653,11.191,488.502,20.060,0.00,2.5620,24.734585,46.700729,35.165,54.600,18.315
2025-12-27T17:31:46.172Z,43.540,11.113,483.858,20.560,0.00,2.5680,24.734564,46.700676,35.165,54.770,18.258
2025-12-27T17:31:46.383Z,43.620,11.101,484.230,20.560,0.00,2.5680,24.734564,46.700676,35.194,54.726,18.273
2025-12-27T17:31:46.590Z,43.520,11.833,514.958,20.560,0.00,2.5680,24.734564,46.700676,35.223,54.680,18.288
2025-12-27T17:31:46.714Z,43.457,11.689,507.960,20.560,0.00,2.5680,24.734564,46.700676,35.241,54.653,18.297
2025-12-27T17:31:46.887Z,43.517,11.840,515.228,20.560,0.00,2.5680,24.734564,46.700676,35.265,54.614,18.310
2025-12-27T17:31:47.092Z,43.347,11.470,497.209,20.560,0.00,2.5680,24.734564,46.700676,35.294,54.570,18.325
2025-12-27T17:31:47.306Z,43.396,0.000,-0.002,20.560,0.00,2.5680,24.734564,46.700676,35.294,54.570,18.325
2025-12-27T17:31:47.307Z,43.511,11.073,481.786,20.850,0.00,2.5740,24.734543,46.700626,35.294,54.740,18.268
2025-12-27T17:31:47.513Z,34.629,0.000,-0.001,20.850,0.00,2.5740,24.734543,46.700626,35.294,54.740,18.268
2025-12-27T17:31:47.839Z,204.800,3.635,744.515,20.850,0.00,2.5740,24.734543,46.700626,35.361,54.636,18.303
2025-12-27T17:31:47.840Z,48.645,0.384,18.668,20.850,0.00,2.5740,24.734543,46.700626,35.361,54.636,18.303
2025-12-27T17:31:48.127Z,49.075,-0.205,-10.081,20.850,0.00,2.5740,24.734543,46.700626,35.360,54.637,18.303
2025-12-27T17:31:48.127Z,49.093,-0.123,-6.041,20.850,0.00,2.5740,24.734543,46.700626,35.360,54.637,18.303
2025-12-27T17:31:48.338Z,49.102,-0.195,-9.564,20.630,0.00,2.5800,24.734522,46.700573,35.360,54.808,18.246
2025-12-27T17:31:48.663Z,49.116,-0.201,-9.897,20.630,0.00,2.5800,24.734522,46.700573,35.359,54.809,18.245
2025-12-27T17:31:48.663Z,49.129,-0.291,-14.290,20.630,0.00,2.5800,24.734522,46.700573,35.359,54.809,18.245
2025-12-27T17:31:51.224Z,49.134,-0.207,-10.166,20.630,0.00,2.5800,24.734522,46.700573,35.352,54.820,18.241
2025-12-27T17:31:51.224Z,49.146,-0.156,-7.653,20.630,0.00,2.5800,24.734522,46.700573,35.352,54.820,18.241
2025-12-27T17:31:51.225Z,49.150,-0.201,-9.875,20.630,0.00,2.5800,24.734522,46.700573,35.352,54.820,18.241
2025-12-27T17:31:51.225Z,49.160,-0.238,-11.709,19.060,0.00,2.5850,24.734503,46.700523,35.352,54.962,18.194
2025-12-27T17:31:51.225Z,49.167,-0.241,-11.869,19.060,0.00,2.5850,24.734503,46.700523,35.352,54.962,18.194
2025-12-27T17:31:51.225Z,49.176,-0.286,-14.066,19.060,0.00,2.5850,24.734503,46.700523,35.352,54.962,18.194
2025-12-27T17:31:51.225Z,49.180,-0.178,-8.778,19.060,0.00,2.5850,24.734503,46.700523,35.352,54.962,18.194
2025-12-27T17:31:51.225Z,49.189,-0.161,-7.905,19.060,0.00,2.5850,24.734503,46.700523,35.352,54.962,18.194
2025-12-27T17:31:51.225Z,49.193,-0.285,-14.010,19.060,0.00,2.5850,24.734503,46.700523,35.352,54.962,18.194
2025-12-27T17:31:51.225Z,49.202,-0.273,-13.448,19.060,0.00,2.5850,24.734503,46.700523,35.352,54.962,18.194
2025-12-27T17:31:51.247Z,49.208,-0.301,-14.818,17.870,0.00,2.5910,24.734488,46.700474,35.352,55.132,18.138
2025-12-27T17:31:51.248Z,49.214,-0.146,-7.207,17.870,0.00,2.5910,24.734488,46.700474,35.352,55.132,18.138
2025-12-27T17:31:51.248Z,49.221,-0.142,-6.966,17.870,0.00,2.5910,24.734488,46.700474,35.352,55.132,18.138
2025-12-27T17:31:51.248Z,49.224,-0.257,-12.628,17.870,0.00,2.5910,24.734488,46.700474,35.352,55.132,18.138
2025-12-27T17:31:51.248Z,49.231,-0.291,-14.305,17.870,0.00,2.5910,24.734488,46.700474,35.352,55.132,18.138
2025-12-27T17:31:51.395Z,49.232,-0.218,-10.720,17.870,0.00,2.5910,24.734488,46.700474,35.351,55.132,18.138
2025-12-27T17:31:51.395Z,49.240,-0.146,-7.202,16.960,0.00,2.5950,24.734476,46.700428,35.351,55.246,18.101
2025-12-27T17:31:51.395Z,49.241,-0.197,-9.710,16.960,0.00,2.5950,24.734476,46.700428,35.351,55.246,18.101
2025-12-27T17:31:51.607Z,49.251,-0.255,-12.535,16.960,0.00,2.5950,24.734476,46.700428,35.351,55.247,18.101
2025-12-27T17:31:51.914Z,49.252,-0.208,-10.225,16.960,0.00,2.5950,24.734476,46.700428,35.350,55.248,18.100
2025-12-27T17:31:51.914Z,49.257,-0.206,-10.132,16.960,0.00,2.5950,24.734476,46.700428,35.350,55.248,18.100
2025-12-27T17:31:52.232Z,49.261,-0.197,-9.693,16.960,0.00,2.5950,24.734476,46.700428,35.349,55.249,18.100
2025-12-27T17:31:52.314Z,49.269,-0.152,-7.471,15.330,0.00,2.6000,24.734468,46.700386,35.349,55.391,18.053
2025-12-27T17:31:52.314Z,49.273,-0.288,-14.191,15.330,0.00,2.6000,24.734468,46.700386,35.349,55.391,18.053
2025-12-27T17:31:52.636Z,49.277,-0.242,-11.938,15.330,0.00,2.6000,24.734468,46.700386,35.348,55.393,18.053
2025-12-27T17:31:52.735Z,49.279,-0.211,-10.394,15.330,0.00,2.6000,24.734468,46.700386,35.347,55.393,18.053
2025-12-27T17:31:53.151Z,49.286,-0.164,-8.085,15.330,0.00,2.6000,24.734468,46.700386,35.346,55.395,18.052
2025-12-27T17:31:53.151Z,49.287,-0.206,-10.132,15.330,0.00,2.6000,24.734468,46.700386,35.346,55.395,18.052
2025-12-27T17:31:53.161Z,49.295,-0.258,-12.712,15.330,0.00,2.6000,24.734468,46.700386,35.346,55.395,18.052
2025-12-27T17:31:53.460Z,49.296,-0.217,-10.687,13.700,0.00,2.6040,24.734463,46.700348,35.345,55.509,18.015
2025-12-27T17:31:53.563Z,49.301,-0.245,-12.061,13.700,0.00,2.6040,24.734463,46.700348,35.345,55.510,18.015
2025-12-27T17:31:53.563Z,49.308,-0.145,-7.146,13.700,0.00,2.6040,24.734463,46.700348,35.345,55.510,18.015
2025-12-27T17:31:53.757Z,49.309,-0.162,-7.992,13.700,0.00,2.6040,24.734463,46.700348,35.345,55.511,18.015
2025-12-27T17:31:53.976Z,49.312,-0.225,-11.072,13.700,0.00,2.6040,24.734463,46.700348,35.344,55.512,18.014
2025-12-27T17:31:54.378Z,49.317,-0.264,-13.019,13.700,0.00,2.6040,24.734463,46.700348,35.343,55.514,18.014
2025-12-27T17:31:54.378Z,49.322,-0.290,-14.322,12.090,0.00,2.6070,24.734455,46.700314,35.343,55.599,17.986
2025-12-27T17:31:54.480Z,49.324,-0.195,-9.626,12.090,0.00,2.6070,24.734455,46.700314,35.342,55.599,17.986
2025-12-27T17:31:54.888Z,49.329,-0.152,-7.512,12.090,0.00,2.6070,24.734455,46.700314,35.341,55.601,17.985
2025-12-27T17:31:54.888Z,49.333,-0.307,-15.140,12.090,0.00,2.6070,24.734455,46.700314,35.341,55.601,17.985
2025-12-27T17:31:54.888Z,49.337,-0.275,-13.568,12.090,0.00,2.6070,24.734455,46.700314,35.341,55.601,17.985
2025-12-27T17:31:54.984Z,49.341,-0.296,-14.596,12.090,0.00,2.6070,24.734455,46.700314,35.341,55.601,17.985
2025-12-27T17:31:55.188Z,49.343,-0.157,-7.734,10.540,0.00,2.6100,24.734449,46.700283,35.341,55.687,17.958
2025-12-27T17:31:55.607Z,49.343,-0.203,-10.034,10.540,0.00,2.6100,24.734449,46.700283,35.339,55.689,17.957
2025-12-27T17:31:55.607Z,49.350,-0.288,-14.213,10.540,0.00,2.6100,24.734449,46.700283,35.339,55.689,17.957
2025-12-27T17:31:55.912Z,49.349,-0.205,-10.139,10.540,0.00,2.6100,24.734449,46.700283,35.339,55.690,17.957
2025-12-27T17:31:55.912Z,49.354,-0.210,-10.381,10.540,0.00,2.6100,24.734449,46.700283,35.339,55.690,17.957
2025-12-27T17:31:56.221Z,49.360,-0.162,-7.982,10.540,0.00,2.6100,24.734449,46.700283,35.338,55.691,17.956
2025-12-27T17:31:56.221Z,49.361,-0.193,-9.548,10.540,0.00,2.6100,24.734449,46.700283,35.338,55.691,17.956
2025-12-27T17:31:56.526Z,49.365,-0.246,-12.133,9.070,0.00,2.6130,24.734442,46.700260,35.337,55.778,17.928
2025-12-27T17:31:56.527Z,49.369,-0.224,-11.081,9.070,0.00,2.6130,24.734442,46.700260,35.337,55.778,17.928
2025-12-27T17:31:56.771Z,49.370,-0.251,-12.409,9.070,0.00,2.6130,24.734442,46.700260,35.336,55.779,17.928
2025-12-27T17:31:56.772Z,49.372,-0.180,-8.884,9.070,0.00,2.6130,24.734442,46.700260,35.336,55.779,17.928
2025-12-27T17:31:56.923Z,49.377,-0.165,-8.148,9.070,0.00,2.6130,24.734442,46.700260,35.336,55.779,17.928
2025-12-27T17:31:57.311Z,49.379,-0.226,-11.140,9.070,0.00,2.6130,24.734442,46.700260,35.334,55.781,17.927
2025-12-27T17:31:57.311Z,49.383,-0.232,-11.472,7.300,0.00,2.6150,24.734430,46.700245,35.334,55.838,17.909
2025-12-27T17:31:57.656Z,49.385,-0.217,-10.736,7.300,0.00,2.6150,24.734430,46.700245,35.333,55.840,17.908
2025-12-27T17:31:57.656Z,49.391,-0.144,-7.099,7.300,0.00,2.6150,24.734430,46.700245,35.333,55.840,17.908
2025-12-27T17:31:57.656Z,49.390,-0.199,-9.848,7.300,0.00,2.6150,24.734430,46.700245,35.333,55.840,17.908
2025-12-27T17:31:57.956Z,49.397,-0.280,-13.812,7.300,0.00,2.6150,24.734430,46.700245,35.332,55.841,17.908
2025-12-27T17:31:57.956Z,49.400,-0.300,-14.819,7.300,0.00,2.6150,24.734430,46.700245,35.332,55.841,17.908
2025-12-27T17:31:58.273Z,49.402,-0.257,-12.706,7.300,0.00,2.6150,24.734430,46.700245,35.331,55.843,17.907
2025-12-27T17:31:58.613Z,49.296,0.016,0.769,5.890,0.00,2.6170,24.734417,46.700233,35.331,55.900,17.889
2025-12-27T17:31:58.613Z,46.697,5.216,243.552,5.890,0.00,2.6170,24.734417,46.700233,35.331,55.900,17.889
2025-12-27T17:31:58.667Z,46.604,5.272,245.685,5.890,0.00,2.6170,24.734417,46.700233,35.335,55.894,17.891
2025-12-27T17:31:59.502Z,46.663,5.316,248.042,5.890,0.00,2.6170,24.734417,46.700233,35.392,55.803,17.920
2025-12-27T17:31:59.502Z,47.389,3.888,184.257,5.890,0.00,2.6170,24.734417,46.700233,35.392,55.803,17.920
2025-12-27T17:31:59.502Z,47.313,3.976,188.124,5.890,0.00,2.6170,24.734417,46.700233,35.392,55.803,17.920
2025-12-27T17:31:59.502Z,47.504,3.556,168.945,4.630,0.00,2.6180,24.734406,46.700226,35.392,55.831,17.911
2025-12-27T17:31:59.502Z,47.827,2.872,137.342,4.630,0.00,2.6180,24.734406,46.700226,35.392,55.831,17.911
2025-12-27T17:31:59.912Z,48.037,2.284,109.706,4.630,0.00,2.6180,24.734406,46.700226,35.405,55.811,17.917
2025-12-27T17:31:59.912Z,204.800,3.244,664.367,4.630,0.00,2.6180,24.734406,46.700226,35.405,55.811,17.917
2025-12-27T17:32:00.014Z,47.369,4.031,190.938,4.630,0.00,2.6180,24.734406,46.700226,35.410,55.803,17.920
2025-12-27T17:32:00.014Z,47.026,4.439,208.760,4.630,0.00,2.6180,24.734406,46.700226,35.410,55.803,17.920
2025-12-27T17:32:00.345Z,46.995,4.683,220.088,4.650,0.00,2.6190,24.734394,46.700222,35.431,55.799,17.921
2025-12-27T17:32:00.345Z,46.916,5.012,235.147,4.650,0.00,2.6190,24.734394,46.700222,35.431,55.799,17.921
2025-12-27T17:32:00.701Z,204.800,4.710,964.515,4.650,0.00,2.6190,24.734394,46.700222,35.526,55.650,17.970
2025-12-27T17:32:00.701Z,46.904,4.585,215.037,4.650,0.00,2.6190,24.734394,46.700222,35.526,55.650,17.970
2025-12-27T17:32:00.934Z,46.757,5.215,243.853,4.650,0.00,2.6190,24.734394,46.700222,35.542,55.625,17.978
2025-12-27T17:32:01.126Z,46.867,4.972,233.010,4.650,0.00,2.6190,24.734394,46.700222,35.554,55.605,17.984
2025-12-27T17:32:01.126Z,46.860,4.841,226.867,4.650,0.00,2.6190,24.734394,46.700222,35.554,55.605,17.984
2025-12-27T17:32:01.449Z,46.685,5.158,240.784,4.820,0.00,2.6210,24.734383,46.700222,35.576,55.628,17.977
2025-12-27T17:32:01.449Z,46.681,5.089,237.574,4.820,0.00,2.6210,24.734383,46.700222,35.576,55.628,17.977
2025-12-27T17:32:01.742Z,46.814,5.187,242.845,4.820,0.00,2.6210,24.734383,46.700222,35.595,55.597,17.987
2025-12-27T17:32:01.743Z,46.866,4.783,224.150,4.820,0.00,2.6210,24.734383,46.700222,35.596,55.597,17.987
2025-12-27T17:32:01.951Z,46.870,4.893,229.314,4.820,0.00,2.6210,24.734383,46.700222,35.609,55.576,17.993
2025-12-27T17:32:02.148Z,46.214,6.353,293.591,4.820,0.00,2.6210,24.734383,46.700222,35.625,55.551,18.001
2025-12-27T17:32:02.470Z,46.238,6.273,290.072,4.720,0.00,2.6220,24.734371,46.700222,35.651,55.539,18.005
2025-12-27T17:32:02.473Z,46.144,6.202,286.182,4.720,0.00,2.6220,24.734371,46.700222,35.651,55.538,18.006
2025-12-27T17:32:02.768Z,46.274,6.506,301.044,4.720,0.00,2.6220,24.734371,46.700222,35.676,55.500,18.018
2025-12-27T17:32:02.768Z,46.084,6.213,286.331,4.720,0.00,2.6220,24.734371,46.700222,35.676,55.500,18.018
2025-12-27T17:32:02.977Z,46.064,6.206,285.884,4.720,0.00,2.6220,24.734371,46.700222,35.692,55.474,18.026
2025-12-27T17:32:02.978Z,46.138,6.769,312.295,4.720,0.00,2.6220,24.734371,46.700222,35.692,55.474,18.026
2025-12-27T17:32:03.182Z,46.007,7.041,323.920,4.500,0.00,2.6230,24.734360,46.700226,35.711,55.473,18.027
2025-12-27T17:32:03.505Z,45.783,7.176,328.525,4.500,0.00,2.6230,24.734360,46.700226,35.740,55.428,18.042
2025-12-27T17:32:03.913Z,45.691,7.429,339.429,4.500,0.00,2.6230,24.734360,46.700226,35.779,55.368,18.061
2025-12-27T17:32:03.914Z,45.768,7.560,346.014,4.500,0.00,2.6230,24.734360,46.700226,35.779,55.368,18.061
2025-12-27T17:32:03.914Z,45.586,7.931,361.561,4.500,0.00,2.6230,24.734360,46.700226,35.779,55.368,18.061
2025-12-27T17:32:04.212Z,45.681,7.514,343.265,4.500,0.00,2.6230,24.734360,46.700226,35.807,55.324,18.075
2025-12-27T17:32:04.212Z,45.941,6.696,307.610,4.500,0.00,2.6230,24.734360,46.700226,35.807,55.324,18.075
2025-12-27T17:32:04.512Z,45.938,7.124,327.245,4.410,0.00,2.6240,24.734352,46.700230,35.834,55.310,18.080
2025-12-27T17:32:04.512Z,45.746,6.718,307.330,4.410,0.00,2.6240,24.734352,46.700230,35.834,55.310,18.080
2025-12-27T17:32:05.026Z,45.988,7.429,341.656,4.410,0.00,2.6240,24.734352,46.700230,35.883,55.235,18.105
2025-12-27T17:32:05.026Z,45.703,6.955,317.858,4.410,0.00,2.6240,24.734352,46.700230,35.883,55.235,18.105
2025-12-27T17:32:05.026Z,45.811,7.301,334.462,4.410,0.00,2.6240,24.734352,46.700230,35.883,55.235,18.105
2025-12-27T17:32:05.438Z,45.892,6.633,304.408,4.410,0.00,2.6240,24.734352,46.700230,35.918,55.181,18.122
2025-12-27T17:32:05.438Z,204.800,0.000,-0.008,4.260,0.00,2.6250,24.734344,46.700237,35.918,55.209,18.113
2025-12-27T17:32:05.438Z,45.863,6.748,309.471,4.260,0.00,2.6250,24.734344,46.700237,35.918,55.209,18.113
2025-12-27T17:32:05.850Z,45.827,6.984,320.038,4.260,0.00,2.6250,24.734344,46.700237,35.955,55.153,18.131
2025-12-27T17:32:05.850Z,45.646,7.323,334.277,4.260,0.00,2.6250,24.734344,46.700237,35.955,55.153,18.131
2025-12-27T17:32:05.850Z,204.800,0.000,-0.008,4.260,0.00,2.6250,24.734344,46.700237,35.955,55.153,18.131
2025-12-27T17:32:06.258Z,45.745,0.000,-0.002,4.260,0.00,2.6250,24.734344,46.700237,35.955,55.153,18.131
2025-12-27T17:32:06.258Z,45.718,0.000,-0.002,4.260,0.00,2.6250,24.734344,46.700237,35.955,55.153,18.131
2025-12-27T17:32:06.361Z,45.777,7.248,331.813,4.190,0.00,2.6270,24.734339,46.700249,35.964,55.194,18.118
2025-12-27T17:32:06.767Z,36.669,0.000,-0.001,4.190,0.00,2.6270,24.734339,46.700249,35.964,55.194,18.118
2025-12-27T17:32:06.767Z,204.800,8.845,1811.358,4.190,0.00,2.6270,24.734339,46.700249,35.964,55.194,18.118
2025-12-27T17:32:06.848Z,45.284,8.139,368.556,4.190,0.00,2.6270,24.734339,46.700249,35.973,55.181,18.122
2025-12-27T17:32:07.195Z,45.221,8.703,393.565,4.190,0.00,2.6270,24.734339,46.700249,36.011,55.123,18.141
2025-12-27T17:32:07.195Z,45.102,8.858,399.497,4.190,0.00,2.6270,24.734339,46.700249,36.011,55.123,18.141
2025-12-27T17:32:07.586Z,45.041,9.100,409.877,3.850,0.00,2.6270,24.734337,46.700256,36.055,55.055,18.164
2025-12-27T17:32:07.586Z,44.507,9.823,437.208,3.850,0.00,2.6270,24.734337,46.700256,36.055,55.055,18.164
2025-12-27T17:32:08.022Z,44.774,9.120,408.335,3.850,0.00,2.6270,24.734337,46.700256,36.105,54.979,18.189
2025-12-27T17:32:08.023Z,44.712,9.291,415.425,3.850,0.00,2.6270,24.734337,46.700256,36.105,54.979,18.189
2025-12-27T17:32:08.023Z,44.630,9.477,422.977,3.850,0.00,2.6270,24.734337,46.700256,36.105,54.979,18.189
2025-12-27T17:32:08.304Z,44.869,0.000,-0.002,3.850,0.00,2.6270,24.734337,46.700256,36.105,54.979,18.189
2025-12-27T17:32:08.304Z,44.918,8.817,396.019,3.930,0.00,2.6290,24.734337,46.700268,36.105,55.035,18.170
2025-12-27T17:32:08.406Z,45.004,8.788,395.484,3.930,0.00,2.6290,24.734337,46.700268,36.116,55.017,18.176
2025-12-27T17:32:08.806Z,45.014,8.757,394.199,3.930,0.00,2.6290,24.734337,46.700268,36.160,54.951,18.198
2025-12-27T17:32:08.806Z,44.947,8.321,374.013,3.930,0.00,2.6290,24.734337,46.700268,36.160,54.951,18.198
2025-12-27T17:32:09.123Z,44.999,8.577,385.976,3.930,0.00,2.6290,24.734337,46.700268,36.194,54.899,18.215
2025-12-27T17:32:09.124Z,47.052,3.837,180.524,3.930,0.00,2.6290,24.734337,46.700268,36.194,54.899,18.215
2025-12-27T17:32:09.848Z,47.518,3.023,143.653,3.930,0.00,2.6290,24.734337,46.700268,36.223,54.855,18.230
2025-12-27T17:32:09.859Z,46.177,6.140,283.527,4.000,0.00,2.6300,24.734339,46.700279,36.223,54.882,18.221
2025-12-27T17:32:09.860Z,45.351,7.806,354.014,4.000,0.00,2.6300,24.734339,46.700279,36.223,54.882,18.221
2025-12-27T17:32:09.860Z,204.800,8.863,1815.131,4.000,0.00,2.6300,24.734339,46.700279,36.223,54.882,18.221
2025-12-27T17:32:09.860Z,45.832,7.247,332.154,4.000,0.00,2.6300,24.734339,46.700279,36.223,54.882,18.221
2025-12-27T17:32:10.355Z,45.843,6.638,304.304,4.000,0.00,2.6300,24.734339,46.700279,36.265,54.818,18.242
2025-12-27T17:32:10.355Z,45.994,6.484,298.223,4.000,0.00,2.6300,24.734339,46.700279,36.265,54.818,18.242
2025-12-27T17:32:10.358Z,204.800,0.000,-0.008,3.300,0.00,2.6310,24.734343,46.700287,36.265,54.846,18.233
2025-12-27T17:32:10.358Z,46.164,5.866,270.792,3.300,0.00,2.6310,24.734343,46.700287,36.265,54.846,18.233
2025-12-27T17:32:10.761Z,46.486,5.450,253.331,3.300,0.00,2.6310,24.734343,46.700287,36.294,54.803,18.247
2025-12-27T17:32:10.848Z,46.537,5.322,247.678,3.300,0.00,2.6310,24.734343,46.700287,36.300,54.794,18.250
2025-12-27T17:32:10.849Z,204.800,0.000,-0.008,3.300,0.00,2.6310,24.734343,46.700287,36.300,54.794,18.250
2025-12-27T17:32:11.274Z,204.800,0.000,-0.008,3.300,0.00,2.6310,24.734343,46.700287,36.300,54.794,18.250
2025-12-27T17:32:11.381Z,47.126,4.080,192.254,3.910,0.00,2.6320,24.734348,46.700294,36.305,54.813,18.244
2025-12-27T17:32:11.382Z,204.800,0.000,-0.008,3.910,0.00,2.6320,24.734348,46.700294,36.305,54.813,18.244
2025-12-27T17:32:11.752Z,47.171,3.824,180.376,3.910,0.00,2.6320,24.734348,46.700294,36.324,54.785,18.253
2025-12-27T17:32:11.993Z,46.804,4.922,230.384,3.910,0.00,2.6320,24.734348,46.700294,36.339,54.761,18.261
2025-12-27T17:32:11.993Z,46.651,5.793,270.234,3.910,0.00,2.6320,24.734348,46.700294,36.339,54.761,18.261
2025-12-27T17:32:12.434Z,46.511,5.031,234.002,3.910,0.00,2.6320,24.734348,46.700294,36.368,54.718,18.275
2025-12-27T17:32:12.434Z,204.800,0.000,-0.008,3.910,0.00,2.6320,24.734348,46.700294,36.368,54.718,18.275
2025-12-27T17:32:12.434Z,46.604,5.241,244.237,4.170,0.00,2.6330,24.734354,46.700302,36.368,54.746,18.266
2025-12-27T17:32:12.711Z,46.484,5.295,246.155,4.170,0.00,2.6330,24.734354,46.700302,36.387,54.717,18.276
2025-12-27T17:32:12.712Z,204.800,0.000,-0.008,4.170,0.00,2.6330,24.734354,46.700302,36.387,54.717,18.276
2025-12-27T17:32:12.805Z,204.800,0.000,-0.008,4.170,0.00,2.6330,24.734354,46.700302,36.387,54.717,18.276
2025-12-27T17:32:13.010Z,46.338,5.534,256.437,4.170,0.00,2.6330,24.734354,46.700302,36.402,54.695,18.283
2025-12-27T17:32:13.221Z,46.167,5.696,262.960,4.170,0.00,2.6330,24.734354,46.700302,36.417,54.672,18.291
2025-12-27T17:32:13.221Z,204.800,0.000,-0.008,5.000,0.00,2.6340,24.734360,46.700314,36.417,54.700,18.282
2025-12-27T17:32:13.535Z,204.800,0.000,-0.008,5.000,0.00,2.6340,24.734360,46.700314,36.417,54.700,18.282
2025-12-27T17:32:13.535Z,45.937,6.422,294.999,5.000,0.00,2.6340,24.734360,46.700314,36.417,54.700,18.282
2025-12-27T17:32:13.834Z,45.671,6.541,298.718,5.000,0.00,2.6340,24.734360,46.700314,36.442,54.662,18.294
2025-12-27T17:32:13.834Z,204.800,0.000,-0.008,5.000,0.00,2.6340,24.734360,46.700314,36.442,54.662,18.294
2025-12-27T17:32:14.144Z,45.722,7.018,320.868,5.000,0.00,2.6340,24.734360,46.700314,36.469,54.621,18.308
2025-12-27T17:32:14.483Z,204.800,0.000,-0.008,5.000,0.00,2.6340,24.734360,46.700314,36.469,54.621,18.308
2025-12-27T17:32:14.483Z,45.840,6.536,299.611,5.670,0.00,2.6350,24.734367,46.700325,36.469,54.648,18.299
2025-12-27T17:32:14.541Z,45.858,6.581,301.787,5.670,0.00,2.6350,24.734367,46.700325,36.474,54.641,18.301
2025-12-27T17:32:14.862Z,45.827,6.469,296.439,5.670,0.00,2.6350,24.734367,46.700325,36.501,54.602,18.314
2025-12-27T17:32:14.862Z,46.010,6.549,301.321,5.670,0.00,2.6350,24.734367,46.700325,36.501,54.602,18.315
2025-12-27T17:32:14.949Z,46.030,6.442,296.519,5.670,0.00,2.6350,24.734367,46.700325,36.508,54.591,18.318
2025-12-27T17:32:15.267Z,45.954,6.559,301.421,5.670,0.00,2.6350,24.734367,46.700325,36.535,54.551,18.331
2025-12-27T17:32:15.445Z,45.928,6.433,295.449,6.570,0.00,2.6370,24.734373,46.700344,36.549,54.584,18.320
2025-12-27T17:32:15.445Z,204.800,0.000,-0.008,6.570,0.00,2.6370,24.734373,46.700344,36.549,54.584,18.320
2025-12-27T17:32:15.568Z,45.909,6.798,312.110,6.570,0.00,2.6370,24.734373,46.700344,36.560,54.568,18.326
2025-12-27T17:32:16.045Z,45.863,6.631,304.111,6.570,0.00,2.6370,24.734373,46.700344,36.600,54.508,18.346
2025-12-27T17:32:16.045Z,45.814,7.004,320.867,6.570,0.00,2.6370,24.734373,46.700344,36.600,54.508,18.346
2025-12-27T17:32:16.076Z,204.800,0.000,-0.008,6.570,0.00,2.6370,24.734373,46.700344,36.600,54.508,18.346
2025-12-27T17:32:16.407Z,204.800,0.000,-0.008,7.170,0.00,2.6390,24.734381,46.700359,36.600,54.563,18.328
2025-12-27T17:32:16.407Z,45.853,7.206,330.423,7.170,0.00,2.6390,24.734381,46.700359,36.600,54.563,18.328
2025-12-27T17:32:16.807Z,46.060,6.209,285.983,7.170,0.00,2.6390,24.734381,46.700359,36.632,54.515,18.343
2025-12-27T17:32:16.807Z,46.035,0.000,-0.002,7.170,0.00,2.6390,24.734381,46.700359,36.632,54.515,18.343
2025-12-27T17:32:17.022Z,204.800,0.000,-0.008,7.170,0.00,2.6390,24.734381,46.700359,36.632,54.515,18.343
2025-12-27T17:32:17.022Z,46.040,6.107,281.145,7.170,0.00,2.6390,24.734381,46.700359,36.632,54.515,18.343
2025-12-27T17:32:17.307Z,46.286,5.923,274.141,7.170,0.00,2.6390,24.734381,46.700359,36.654,54.483,18.354
2025-12-27T17:32:17.319Z,46.167,5.843,269.748,7.930,0.00,2.6410,24.734390,46.700378,36.654,54.536,18.336
2025-12-27T17:32:17.729Z,46.006,0.000,-0.002,7.930,0.00,2.6410,24.734390,46.700378,36.654,54.536,18.336
2025-12-27T17:32:17.729Z,45.954,6.219,285.800,7.930,0.00,2.6410,24.734390,46.700378,36.654,54.536,18.336
2025-12-27T17:32:18.051Z,45.988,6.423,295.396,7.930,0.00,2.6410,24.734390,46.700378,36.681,54.497,18.350
2025-12-27T17:32:18.052Z,204.800,0.000,-0.008,7.930,0.00,2.6410,24.734390,46.700378,36.681,54.497,18.350
2025-12-27T17:32:18.127Z,204.800,0.000,-0.008,7.930,0.00,2.6410,24.734390,46.700378,36.681,54.497,18.350
2025-12-27T17:32:18.444Z,46.008,6.152,283.023,8.650,0.00,2.6440,24.734400,46.700397,36.706,54.542,18.335
2025-12-27T17:32:18.444Z,45.918,6.536,300.122,8.650,0.00,2.6440,24.734400,46.700397,36.706,54.542,18.335
2025-12-27T17:32:18.520Z,45.981,7.136,328.138,8.650,0.00,2.6440,24.734400,46.700397,36.713,54.531,18.338
2025-12-27T17:32:18.953Z,46.135,7.059,325.684,8.650,0.00,2.6440,24.734400,46.700397,36.752,54.473,18.358
2025-12-27T17:32:19.069Z,46.275,8.098,374.756,8.650,0.00,2.6440,24.734400,46.700397,36.764,54.456,18.364
2025-12-27T17:32:19.131Z,204.800,0.000,-0.008,8.650,0.00,2.6440,24.734400,46.700397,36.764,54.456,18.364
2025-12-27T17:32:19.365Z,46.446,7.686,357.000,9.520,0.00,2.6460,24.734411,46.700420,36.787,54.476,18.357
2025-12-27T17:32:19.461Z,46.230,6.862,317.250,9.520,0.00,2.6460,24.734411,46.700420,36.796,54.463,18.361
2025-12-27T17:32:19.461Z,204.800,0.000,-0.008,9.520,0.00,2.6460,24.734411,46.700420,36.796,54.463,18.361
2025-12-27T17:32:19.800Z,46.320,6.653,308.170,9.520,0.00,2.6460,24.734411,46.700420,36.825,54.420,18.376
2025-12-27T17:32:20.186Z,204.800,0.000,-0.008,9.520,0.00,2.6460,24.734411,46.700420,36.825,54.420,18.376
2025-12-27T17:32:20.186Z,46.071,5.959,274.527,9.520,0.00,2.6460,24.734411,46.700420,36.825,54.420,18.376
2025-12-27T17:32:20.288Z,46.035,6.279,289.042,9.520,0.00,2.6460,24.734411,46.700420,36.833,54.408,18.380
2025-12-27T17:32:20.353Z,46.056,6.184,284.813,9.720,0.00,2.6490,24.734423,46.700443,36.838,54.482,18.355
2025-12-27T17:32:20.799Z,204.800,6.605,1352.780,9.720,0.00,2.6490,24.734423,46.700443,37.005,54.235,18.438
2025-12-27T17:32:20.799Z,46.098,5.958,274.637,9.720,0.00,2.6490,24.734423,46.700443,37.005,54.235,18.438
2025-12-27T17:32:20.905Z,46.189,6.236,288.029,9.720,0.00,2.6490,24.734423,46.700443,37.014,54.223,18.442
2025-12-27T17:32:20.907Z,45.992,6.151,282.904,9.720,0.00,2.6490,24.734423,46.700443,37.014,54.223,18.442
2025-12-27T17:32:21.309Z,46.007,0.000,-0.002,9.720,0.00,2.6490,24.734423,46.700443,37.014,54.223,18.442
2025-12-27T17:32:21.309Z,46.011,6.318,290.714,10.220,0.00,2.6520,24.734436,46.700466,37.014,54.304,18.415
2025-12-27T17:32:21.504Z,45.989,5.743,264.107,10.220,0.00,2.6520,24.734436,46.700466,37.028,54.283,18.422
2025-12-27T17:32:21.505Z,45.986,6.015,276.600,10.220,0.00,2.6520,24.734436,46.700466,37.028,54.283,18.422
2025-12-27T17:32:21.704Z,45.861,0.000,-0.002,10.220,0.00,2.6520,24.734436,46.700466,37.028,54.283,18.422
2025-12-27T17:32:22.131Z,45.874,6.518,299.015,10.220,0.00,2.6520,24.734436,46.700466,37.064,54.231,18.440
2025-12-27T17:32:22.131Z,204.800,0.000,-0.008,10.220,0.00,2.6520,24.734436,46.700466,37.064,54.231,18.440
2025-12-27T17:32:22.205Z,45.863,0.000,-0.002,10.430,0.00,2.6550,24.734447,46.700493,37.064,54.312,18.412
2025-12-27T17:32:22.421Z,46.022,6.406,294.802,10.430,0.00,2.6550,24.734447,46.700493,37.082,54.286,18.421
2025-12-27T17:32:22.745Z,45.764,6.644,304.060,10.430,0.00,2.6550,24.734447,46.700493,37.109,54.246,18.435
2025-12-27T17:32:22.745Z,45.832,6.660,305.236,10.430,0.00,2.6550,24.734447,46.700493,37.109,54.246,18.435
2025-12-27T17:32:22.831Z,45.801,6.391,292.732,10.430,0.00,2.6550,24.734447,46.700493,37.116,54.235,18.438
2025-12-27T17:32:23.154Z,45.695,6.800,310.712,10.430,0.00,2.6550,24.734447,46.700493,37.144,54.195,18.452
2025-12-27T17:32:23.360Z,45.656,6.918,315.850,10.430,0.00,2.6550,24.734447,46.700493,37.162,54.168,18.461
2025-12-27T17:32:23.360Z,45.614,6.915,315.404,10.980,0.00,2.6580,24.734463,46.700520,37.162,54.249,18.434
2025-12-27T17:32:23.767Z,204.800,0.000,-0.008,10.980,0.00,2.6580,24.734463,46.700520,37.162,54.249,18.434
2025-12-27T17:32:23.767Z,45.690,7.033,321.319,10.980,0.00,2.6580,24.734463,46.700520,37.162,54.249,18.434
2025-12-27T17:32:23.767Z,45.760,6.832,312.646,10.980,0.00,2.6580,24.734463,46.700520,37.162,54.249,18.434
2025-12-27T17:32:24.077Z,204.800,0.000,-0.008,10.980,0.00,2.6580,24.734463,46.700520,37.162,54.249,18.434
2025-12-27T17:32:24.174Z,45.759,6.633,303.501,10.980,0.00,2.6580,24.734463,46.700520,37.170,54.237,18.438
2025-12-27T17:32:24.175Z,45.765,6.834,312.769,11.650,0.00,2.6610,24.734476,46.700546,37.170,54.318,18.410
2025-12-27T17:32:25.916Z,45.807,6.675,305.766,11.650,0.00,2.6610,24.734476,46.700546,37.318,54.102,18.484
2025-12-27T17:32:25.917Z,45.814,6.573,301.120,11.650,0.00,2.6610,24.734476,46.700546,37.318,54.102,18.484
2025-12-27T17:32:25.917Z,45.831,6.427,294.534,11.650,0.00,2.6610,24.734476,46.700546,37.318,54.102,18.484
2025-12-27T17:32:25.917Z,45.955,6.377,293.072,11.650,0.00,2.6610,24.734476,46.700546,37.318,54.102,18.484
2025-12-27T17:32:25.917Z,32.318,0.000,-0.001,11.650,0.00,2.6610,24.734476,46.700546,37.318,54.102,18.484
2025-12-27T17:32:25.917Z,45.960,6.243,286.948,11.650,0.00,2.6610,24.734476,46.700546,37.318,54.102,18.484
2025-12-27T17:32:25.917Z,204.800,0.000,-0.008,12.390,0.00,2.6640,24.734493,46.700573,37.318,54.183,18.456
2025-12-27T17:32:25.917Z,45.910,6.401,293.878,12.390,0.00,2.6640,24.734493,46.700573,37.318,54.183,18.456
2025-12-27T17:32:25.917Z,45.898,6.487,297.738,12.390,0.00,2.6640,24.734493,46.700573,37.318,54.183,18.456
2025-12-27T17:32:25.917Z,204.800,6.421,1314.975,12.390,0.00,2.6640,24.734493,46.700573,37.318,54.183,18.456
2025-12-27T17:32:26.021Z,45.940,0.000,-0.002,12.390,0.00,2.6640,24.734493,46.700573,37.318,54.183,18.456
2025-12-27T17:32:26.324Z,45.839,6.295,288.574,12.390,0.00,2.6640,24.734493,46.700573,37.343,54.147,18.468
2025-12-27T17:32:26.324Z,45.951,6.040,277.556,12.850,0.00,2.6680,24.734509,46.700603,37.343,54.254,18.432
2025-12-27T17:32:26.432Z,45.995,6.231,286.599,12.850,0.00,2.6680,24.734509,46.700603,37.351,54.242,18.436
2025-12-27T17:32:26.845Z,204.800,0.000,-0.008,12.850,0.00,2.6680,24.734509,46.700603,37.351,54.242,18.436
2025-12-27T17:32:26.845Z,204.800,0.000,-0.008,12.850,0.00,2.6680,24.734509,46.700603,37.351,54.242,18.436
2025-12-27T17:32:26.931Z,45.857,6.556,300.642,12.850,0.00,2.6680,24.734509,46.700603,37.358,54.231,18.440
2025-12-27T17:32:27.485Z,45.816,6.389,292.709,12.850,0.00,2.6680,24.734509,46.700603,37.403,54.166,18.462
2025-12-27T17:32:27.485Z,45.868,6.366,291.993,13.630,0.00,2.6710,24.734526,46.700634,37.403,54.246,18.434
2025-12-27T17:32:27.485Z,45.863,6.545,300.169,13.630,0.00,2.6710,24.734526,46.700634,37.403,54.246,18.434
2025-12-27T17:32:28.702Z,46.012,6.221,286.236,13.630,0.00,2.6710,24.734526,46.700634,37.500,54.106,18.482
2025-12-27T17:32:28.702Z,45.994,5.892,271.009,13.630,0.00,2.6710,24.734526,46.700634,37.500,54.106,18.482
2025-12-27T17:32:29.099Z,46.021,6.202,285.409,13.630,0.00,2.6710,24.734526,46.700634,37.532,54.061,18.498
2025-12-27T17:32:29.099Z,204.800,0.000,-0.008,13.630,0.00,2.6710,24.734526,46.700634,37.532,54.061,18.498
2025-12-27T17:32:29.099Z,46.023,6.341,291.827,13.630,0.00,2.6710,24.734526,46.700634,37.532,54.061,18.498
2025-12-27T17:32:29.099Z,45.870,6.393,293.252,13.870,0.00,2.6750,24.734545,46.700665,37.532,54.168,18.461
2025-12-27T17:32:29.099Z,45.924,6.229,286.059,13.870,0.00,2.6750,24.734545,46.700665,37.532,54.168,18.461
2025-12-27T17:32:29.099Z,45.987,6.227,286.354,13.870,0.00,2.6750,24.734545,46.700665,37.532,54.168,18.461
2025-12-27T17:32:29.499Z,204.800,0.000,-0.008,13.870,0.00,2.6750,24.734545,46.700665,37.532,54.168,18.461
2025-12-27T17:32:29.499Z,45.826,0.000,-0.002,13.870,0.00,2.6750,24.734545,46.700665,37.532,54.168,18.461
2025-12-27T17:32:29.500Z,45.849,6.467,296.487,13.870,0.00,2.6750,24.734545,46.700665,37.532,54.168,18.461
2025-12-27T17:32:29.500Z,45.892,6.426,294.901,14.450,0.00,2.6790,24.734562,46.700699,37.532,54.274,18.425
2025-12-27T17:32:29.841Z,45.973,6.391,293.813,14.450,0.00,2.6790,24.734562,46.700699,37.560,54.234,18.439
2025-12-27T17:32:29.841Z,45.744,6.548,299.511,14.450,0.00,2.6790,24.734562,46.700699,37.560,54.234,18.439
2025-12-27T17:32:29.841Z,45.687,6.982,319.008,14.450,0.00,2.6790,24.734562,46.700699,37.560,54.234,18.439
2025-12-27T17:32:30.113Z,45.804,6.502,297.812,14.450,0.00,2.6790,24.734562,46.700699,37.582,54.201,18.450
2025-12-27T17:32:30.114Z,45.782,6.514,298.227,14.450,0.00,2.6790,24.734562,46.700699,37.582,54.201,18.450
2025-12-27T17:32:30.218Z,45.680,6.805,310.830,14.430,0.00,2.6830,24.734581,46.700733,37.591,54.295,18.418
2025-12-27T17:32:30.410Z,204.800,0.000,-0.008,14.430,0.00,2.6830,24.734581,46.700733,37.591,54.295,18.418
2025-12-27T17:32:30.733Z,45.797,6.799,311.381,14.430,0.00,2.6830,24.734581,46.700733,37.619,54.254,18.432
2025-12-27T17:32:30.733Z,45.710,6.631,303.104,14.430,0.00,2.6830,24.734581,46.700733,37.619,54.254,18.432
2025-12-27T17:32:30.843Z,45.737,6.584,301.117,14.430,0.00,2.6830,24.734581,46.700733,37.628,54.241,18.436
2025-12-27T17:32:31.031Z,204.800,0.000,-0.008,14.430,0.00,2.6830,24.734581,46.700733,37.628,54.241,18.436
2025-12-27T17:32:31.255Z,45.782,6.885,315.217,14.430,0.00,2.6830,24.734581,46.700733,37.648,54.213,18.446
2025-12-27T17:32:31.255Z,45.747,6.752,308.884,14.910,0.00,2.6870,24.734598,46.700768,37.648,54.319,18.410
2025-12-27T17:32:31.842Z,45.795,6.730,308.190,14.910,0.00,2.6870,24.734598,46.700768,37.698,54.247,18.434
2025-12-27T17:32:31.842Z,45.732,6.764,309.324,14.910,0.00,2.6870,24.734598,46.700768,37.698,54.247,18.434
2025-12-27T17:32:31.948Z,204.800,6.551,1341.725,14.910,0.00,2.6870,24.734598,46.700768,37.737,54.190,18.454
2025-12-27T17:32:31.948Z,204.800,6.820,1396.647,14.910,0.00,2.6870,24.734598,46.700768,37.738,54.190,18.454
2025-12-27T17:32:32.266Z,204.800,0.000,-0.008,14.910,0.00,2.6870,24.734598,46.700768,37.738,54.190,18.454
2025-12-27T17:32:32.266Z,204.800,6.393,1309.194,15.370,0.00,2.6910,24.734617,46.700806,37.738,54.296,18.418
2025-12-27T17:32:32.690Z,45.835,6.543,299.918,15.370,0.00,2.6910,24.734617,46.700806,37.773,54.245,18.435
2025-12-27T17:32:32.690Z,45.746,6.387,292.199,15.370,0.00,2.6910,24.734617,46.700806,37.773,54.245,18.435
2025-12-27T17:32:32.690Z,45.720,0.000,-0.002,15.370,0.00,2.6910,24.734617,46.700806,37.773,54.245,18.435
2025-12-27T17:32:32.989Z,204.800,0.000,-0.008,15.370,0.00,2.6910,24.734617,46.700806,37.773,54.245,18.435
2025-12-27T17:32:33.244Z,204.800,6.842,1401.147,15.370,0.00,2.6910,24.734617,46.700806,37.872,54.103,18.483
2025-12-27T17:32:33.244Z,45.715,6.912,315.979,15.370,0.00,2.6910,24.734617,46.700806,37.872,54.103,18.483
2025-12-27T17:32:33.700Z,45.655,6.708,306.246,15.850,0.00,2.6960,24.734634,46.700844,37.911,54.180,18.457
2025-12-27T17:32:33.701Z,204.800,0.000,-0.008,15.850,0.00,2.6960,24.734634,46.700844,37.911,54.180,18.457
2025-12-27T17:32:33.701Z,204.800,0.000,-0.008,15.850,0.00,2.6960,24.734634,46.700844,37.911,54.180,18.457
2025-12-27T17:32:33.911Z,204.800,0.000,-0.008,15.850,0.00,2.6960,24.734634,46.700844,37.911,54.180,18.457
2025-12-27T17:32:33.911Z,204.800,0.000,-0.008,15.850,0.00,2.6960,24.734634,46.700844,37.911,54.180,18.457
2025-12-27T17:32:34.215Z,45.692,6.784,309.974,15.850,0.00,2.6960,24.734634,46.700844,37.937,54.142,18.470
2025-12-27T17:32:34.607Z,45.728,7.028,321.373,15.700,0.00,2.7000,24.734652,46.700886,37.972,54.198,18.451
2025-12-27T17:32:34.607Z,45.709,6.994,319.674,15.700,0.00,2.7000,24.734652,46.700886,37.972,54.198,18.451
2025-12-27T17:32:34.623Z,45.496,6.873,312.709,15.700,0.00,2.7000,24.734652,46.700886,37.974,54.196,18.452
2025-12-27T17:32:34.912Z,45.417,7.046,319.990,15.700,0.00,2.7000,24.734652,46.700886,37.999,54.159,18.464
2025-12-27T17:32:34.912Z,45.477,6.877,312.755,15.700,0.00,2.7000,24.734652,46.700886,37.999,54.159,18.464
2025-12-27T17:32:35.234Z,45.599,7.249,330.568,15.700,0.00,2.7000,24.734652,46.700886,38.029,54.117,18.479
2025-12-27T17:32:35.322Z,204.800,0.000,-0.008,15.580,0.00,2.7050,24.734669,46.700924,38.029,54.248,18.434
2025-12-27T17:32:35.322Z,204.800,0.000,-0.008,15.580,0.00,2.7050,24.734669,46.700924,38.029,54.248,18.434
2025-12-27T17:32:35.778Z,204.800,0.000,-0.008,15.580,0.00,2.7050,24.734669,46.700924,38.029,54.248,18.434
2025-12-27T17:32:35.778Z,45.519,7.279,331.339,15.580,0.00,2.7050,24.734669,46.700924,38.029,54.248,18.434
2025-12-27T17:32:36.151Z,45.500,7.610,346.238,15.580,0.00,2.7050,24.734669,46.700924,38.065,54.197,18.451
2025-12-27T17:32:36.151Z,45.410,7.585,344.435,15.580,0.00,2.7050,24.734669,46.700924,38.065,54.197,18.451
2025-12-27T17:32:36.151Z,45.346,7.537,341.763,15.580,0.00,2.7050,24.734669,46.700924,38.065,54.197,18.451
2025-12-27T17:32:36.567Z,45.360,7.357,333.696,15.630,0.00,2.7090,24.734686,46.700962,38.103,54.247,18.434
2025-12-27T17:32:36.567Z,204.800,0.000,-0.008,15.630,0.00,2.7090,24.734686,46.700962,38.103,54.247,18.434
2025-12-27T17:32:36.871Z,45.342,0.000,-0.002,15.630,0.00,2.7090,24.734686,46.700962,38.103,54.247,18.434
2025-12-27T17:32:36.871Z,204.800,8.848,1812.092,15.630,0.00,2.7090,24.734686,46.700962,38.103,54.247,18.434
2025-12-27T17:32:37.081Z,45.223,7.593,343.374,15.630,0.00,2.7090,24.734686,46.700962,38.123,54.219,18.444
2025-12-27T17:32:37.085Z,45.211,7.448,336.716,15.630,0.00,2.7090,24.734686,46.700962,38.124,54.218,18.444
2025-12-27T17:32:37.491Z,45.283,7.444,337.101,15.630,0.00,2.7130,24.734701,46.701000,38.162,54.269,18.427
2025-12-27T17:32:37.491Z,45.286,0.000,-0.002,15.630,0.00,2.7130,24.734701,46.701000,38.162,54.269,18.427
2025-12-27T17:32:37.575Z,204.800,0.000,-0.008,15.630,0.00,2.7130,24.734701,46.701000,38.162,54.269,18.427
2025-12-27T17:32:38.005Z,45.277,7.936,359.304,15.630,0.00,2.7130,24.734701,46.701000,38.205,54.208,18.447
2025-12-27T17:32:38.005Z,45.230,7.589,343.242,15.630,0.00,2.7130,24.734701,46.701000,38.205,54.208,18.447
2025-12-27T17:32:38.081Z,204.800,0.000,-0.008,15.630,0.00,2.7130,24.734701,46.701000,38.205,54.208,18.447
2025-12-27T17:32:38.312Z,45.202,7.826,353.764,15.760,0.00,2.7180,24.734718,46.701042,38.227,54.307,18.414
2025-12-27T17:32:38.315Z,45.157,0.000,-0.002,15.760,0.00,2.7180,24.734718,46.701042,38.227,54.307,18.414
2025-12-27T17:32:38.510Z,204.800,0.000,-0.008,15.760,0.00,2.7180,24.734718,46.701042,38.227,54.307,18.414
2025-12-27T17:32:38.707Z,45.182,7.789,351.914,15.760,0.00,2.7180,24.734718,46.701042,38.247,54.279,18.423
2025-12-27T17:32:39.128Z,45.092,7.860,354.437,15.760,0.00,2.7180,24.734718,46.701042,38.288,54.220,18.443
2025-12-27T17:32:39.129Z,204.800,0.000,-0.008,15.760,0.00,2.7180,24.734718,46.701042,38.288,54.220,18.443
2025-12-27T17:32:39.129Z,45.079,8.052,362.985,15.760,0.00,2.7180,24.734718,46.701042,38.288,54.220,18.443
2025-12-27T17:32:39.539Z,204.800,0.000,-0.008,15.930,0.00,2.7220,24.734734,46.701080,38.288,54.325,18.408
2025-12-27T17:32:39.539Z,45.030,8.124,365.828,15.930,0.00,2.7220,24.734734,46.701080,38.288,54.325,18.408
2025-12-27T17:32:39.846Z,45.051,0.000,-0.002,15.930,0.00,2.7220,24.734734,46.701080,38.288,54.325,18.408
2025-12-27T17:32:39.847Z,44.999,8.168,367.541,15.930,0.00,2.7220,24.734734,46.701080,38.288,54.325,18.408
2025-12-27T17:32:40.147Z,45.037,8.219,370.172,15.930,0.00,2.7220,24.734734,46.701080,38.319,54.281,18.423
2025-12-27T17:32:40.148Z,204.800,8.095,1657.756,15.930,0.00,2.7220,24.734734,46.701080,38.319,54.281,18.423
2025-12-27T17:32:40.481Z,45.023,7.935,357.249,16.130,0.00,2.7270,24.734751,46.701122,38.352,54.364,18.394
2025-12-27T17:32:40.481Z,204.800,0.000,-0.008,16.130,0.00,2.7270,24.734751,46.701122,38.352,54.364,18.394
2025-12-27T17:32:40.785Z,44.982,8.290,372.905,16.130,0.00,2.7270,24.734751,46.701122,38.384,54.320,18.410
2025-12-27T17:32:40.785Z,204.800,0.000,-0.008,16.130,0.00,2.7270,24.734751,46.701122,38.384,54.320,18.410
2025-12-27T17:32:41.076Z,44.859,8.387,376.246,16.130,0.00,2.7270,24.734751,46.701122,38.414,54.277,18.424
2025-12-27T17:32:41.077Z,204.800,0.000,-0.008,16.130,0.00,2.7270,24.734751,46.701122,38.414,54.277,18.424
2025-12-27T17:32:41.382Z,44.837,8.427,377.827,16.130,0.00,2.7270,24.734751,46.701122,38.446,54.231,18.440
2025-12-27T17:32:41.382Z,44.858,8.500,381.297,16.350,0.00,2.7310,24.734766,46.701164,38.446,54.335,18.404
2025-12-27T17:32:41.462Z,43.907,0.000,-0.002,16.350,0.00,2.7310,24.734766,46.701164,38.446,54.335,18.404
2025-12-27T17:32:41.904Z,44.786,8.361,374.458,16.350,0.00,2.7310,24.734766,46.701164,38.492,54.270,18.426
2025-12-27T17:32:41.906Z,204.800,0.000,-0.008,16.350,0.00,2.7310,24.734766,46.701164,38.492,54.270,18.426
2025-12-27T17:32:42.204Z,44.737,8.514,380.893,16.350,0.00,2.7310,24.734766,46.701164,38.524,54.226,18.441
2025-12-27T17:32:42.204Z,204.800,0.000,-0.008,16.350,0.00,2.7310,24.734766,46.701164,38.524,54.226,18.441
2025-12-27T17:32:42.507Z,44.759,8.457,378.547,16.170,0.00,2.7360,24.734781,46.701202,38.556,54.311,18.413
2025-12-27T17:32:42.508Z,44.730,8.672,387.912,16.170,0.00,2.7360,24.734781,46.701202,38.556,54.311,18.413
2025-12-27T17:32:42.603Z,204.800,0.000,-0.008,16.170,0.00,2.7360,24.734781,46.701202,38.556,54.311,18.413
2025-12-27T17:32:42.977Z,44.733,8.637,386.358,16.170,0.00,2.7360,24.734781,46.701202,38.596,54.254,18.432
2025-12-27T17:32:43.020Z,204.800,0.000,-0.008,16.170,0.00,2.7360,24.734781,46.701202,38.596,54.254,18.432
2025-12-27T17:32:43.021Z,44.828,8.628,386.759,16.170,0.00,2.7360,24.734781,46.701202,38.596,54.254,18.432
2025-12-27T17:32:43.328Z,44.727,8.637,386.319,16.200,0.00,2.7400,24.734797,46.701244,38.629,54.311,18.412
2025-12-27T17:32:43.415Z,204.800,0.000,-0.008,16.200,0.00,2.7400,24.734797,46.701244,38.629,54.311,18.412
2025-12-27T17:32:43.845Z,44.708,8.667,387.479,16.200,0.00,2.7400,24.734797,46.701244,38.675,54.247,18.434
2025-12-27T17:32:43.845Z,44.732,8.420,376.645,16.200,0.00,2.7400,24.734797,46.701244,38.675,54.247,18.434
2025-12-27T17:32:43.942Z,204.800,8.786,1799.373,16.200,0.00,2.7400,24.734797,46.701244,38.724,54.179,18.457
2025-12-27T17:32:43.942Z,204.800,0.000,-0.008,16.200,0.00,2.7400,24.734797,46.701244,38.724,54.179,18.457
2025-12-27T17:32:44.168Z,44.612,8.769,391.203,16.200,0.00,2.7400,24.734797,46.701244,38.748,54.144,18.469
2025-12-27T17:32:44.351Z,44.612,8.973,400.322,16.430,0.00,2.7450,24.734812,46.701286,38.769,54.245,18.435
2025-12-27T17:32:44.530Z,204.800,0.000,-0.008,16.430,0.00,2.7450,24.734812,46.701286,38.769,54.245,18.435
2025-12-27T17:32:44.869Z,204.800,0.000,-0.008,16.430,0.00,2.7450,24.734812,46.701286,38.769,54.245,18.435
2025-12-27T17:32:44.869Z,44.499,8.684,386.447,16.430,0.00,2.7450,24.734812,46.701286,38.769,54.245,18.435
2025-12-27T17:32:45.389Z,44.462,8.927,396.903,16.430,0.00,2.7450,24.734812,46.701286,38.826,54.165,18.462
2025-12-27T17:32:45.390Z,44.449,8.812,391.669,16.430,0.00,2.7450,24.734812,46.701286,38.826,54.165,18.462
2025-12-27T17:32:45.675Z,44.451,8.945,397.630,16.540,0.00,2.7490,24.734829,46.701328,38.858,54.224,18.442
2025-12-27T17:32:45.675Z,44.470,9.247,411.221,16.540,0.00,2.7490,24.734829,46.701328,38.858,54.224,18.442
2025-12-27T17:32:45.675Z,47.586,9.294,442.266,16.540,0.00,2.7490,24.734829,46.701328,38.858,54.224,18.442
2025-12-27T17:32:45.761Z,204.800,9.121,1867.959,16.540,0.00,2.7490,24.734829,46.701328,38.902,54.161,18.463
2025-12-27T17:32:46.194Z,204.800,0.000,-0.008,16.540,0.00,2.7490,24.734829,46.701328,38.902,54.161,18.463
2025-12-27T17:32:46.194Z,204.800,9.368,1918.584,16.540,0.00,2.7490,24.734829,46.701328,38.902,54.161,18.463
2025-12-27T17:32:46.194Z,47.588,0.000,-0.002,16.800,0.00,2.7540,24.734844,46.701370,38.902,54.290,18.420
2025-12-27T17:32:46.493Z,47.445,9.267,439.656,16.800,0.00,2.7540,24.734844,46.701370,38.939,54.239,18.437
2025-12-27T17:32:46.586Z,204.800,0.000,-0.008,16.800,0.00,2.7540,24.734844,46.701370,38.939,54.239,18.437
2025-12-27T17:32:46.591Z,204.800,0.000,-0.008,16.800,0.00,2.7540,24.734844,46.701370,38.939,54.239,18.437
2025-12-27T17:32:46.805Z,204.800,9.481,1941.772,16.800,0.00,2.7540,24.734844,46.701370,39.054,54.079,18.492
2025-12-27T17:32:46.896Z,204.800,0.000,-0.008,16.800,0.00,2.7540,24.734844,46.701370,39.054,54.079,18.492
2025-12-27T17:32:47.108Z,204.800,0.000,-0.008,16.800,0.00,2.7540,24.734844,46.701370,39.054,54.079,18.492
2025-12-27T17:32:47.423Z,44.287,9.617,425.907,16.820,0.00,2.7590,24.734861,46.701412,39.091,54.155,18.466
2025-12-27T17:32:47.423Z,44.192,9.623,425.260,16.820,0.00,2.7590,24.734861,46.701412,39.092,54.155,18.466
2025-12-27T17:32:47.731Z,44.210,9.420,416.479,16.820,0.00,2.7590,24.734861,46.701412,39.127,54.106,18.482
2025-12-27T17:32:47.844Z,44.411,9.738,432.475,16.820,0.00,2.7590,24.734861,46.701412,39.141,54.087,18.489
2025-12-27T17:32:48.139Z,44.223,9.468,418.693,16.820,0.00,2.7590,24.734861,46.701412,39.175,54.040,18.505
2025-12-27T17:32:48.140Z,44.192,9.310,411.412,16.820,0.00,2.7590,24.734861,46.701412,39.175,54.039,18.505
2025-12-27T17:32:48.237Z,44.244,9.558,422.905,16.830,0.00,2.7630,24.734879,46.701454,39.186,54.126,18.475
2025-12-27T17:32:48.865Z,44.079,0.000,-0.002,16.830,0.00,2.7630,24.734879,46.701454,39.186,54.126,18.475
2025-12-27T17:32:48.866Z,204.800,9.827,2012.537,16.830,0.00,2.7630,24.734879,46.701454,39.187,54.126,18.476
2025-12-27T17:32:48.866Z,44.069,10.305,454.119,16.830,0.00,2.7630,24.734879,46.701454,39.187,54.126,18.476
2025-12-27T17:32:49.165Z,43.996,10.062,442.693,16.830,0.00,2.7630,24.734879,46.701454,39.223,54.075,18.493
2025-12-27T17:32:49.165Z,44.059,10.526,463.767,16.830,0.00,2.7630,24.734879,46.701454,39.223,54.075,18.493
2025-12-27T17:32:49.480Z,43.923,10.145,445.611,16.830,0.00,2.7630,24.734879,46.701454,39.262,54.021,18.511
2025-12-27T17:32:49.480Z,43.997,10.103,444.522,17.080,0.00,2.7680,24.734898,46.701496,39.262,54.149,18.468
2025-12-27T17:32:49.882Z,44.034,0.000,-0.002,17.080,0.00,2.7680,24.734898,46.701496,39.262,54.149,18.468
2025-12-27T17:32:49.882Z,43.954,9.944,437.096,17.080,0.00,2.7680,24.734898,46.701496,39.262,54.149,18.468
2025-12-27T17:32:49.882Z,51.289,0.000,-0.002,17.080,0.00,2.7680,24.734898,46.701496,39.262,54.149,18.468
2025-12-27T17:32:49.970Z,43.980,10.023,440.810,17.080,0.00,2.7680,24.734898,46.701496,39.273,54.134,18.473
2025-12-27T17:32:50.393Z,43.963,10.164,446.854,17.080,0.00,2.7680,24.734898,46.701496,39.326,54.061,18.497
2025-12-27T17:32:50.393Z,51.539,10.066,518.812,17.390,0.00,2.7730,24.734917,46.701538,39.326,54.189,18.454
2025-12-27T17:32:50.501Z,204.800,0.000,-0.008,17.390,0.00,2.7730,24.734917,46.701538,39.326,54.189,18.454
2025-12-27T17:32:50.904Z,43.768,10.837,474.302,17.390,0.00,2.7730,24.734917,46.701538,39.379,54.115,18.479
2025-12-27T17:32:50.905Z,43.563,10.853,472.796,17.390,0.00,2.7730,24.734917,46.701538,39.379,54.115,18.479
2025-12-27T17:32:50.905Z,43.558,10.845,472.383,17.390,0.00,2.7730,24.734917,46.701538,39.379,54.115,18.479
2025-12-27T17:32:51.315Z,43.610,10.533,459.351,17.390,0.00,2.7730,24.734917,46.701538,39.431,54.044,18.504
2025-12-27T17:32:51.315Z,43.596,10.969,478.222,17.630,0.00,2.7770,24.734936,46.701580,39.431,54.145,18.469
2025-12-27T17:32:51.635Z,43.682,10.962,478.849,17.630,0.00,2.7770,24.734936,46.701580,39.474,54.087,18.489
2025-12-27T17:32:51.635Z,43.632,10.929,476.845,17.630,0.00,2.7770,24.734936,46.701580,39.474,54.087,18.489
2025-12-27T17:32:51.710Z,43.989,10.719,471.529,17.630,0.00,2.7770,24.734936,46.701580,39.484,54.073,18.493
2025-12-27T17:32:52.148Z,43.538,10.488,456.611,17.630,0.00,2.7770,24.734936,46.701580,39.539,53.997,18.519
2025-12-27T17:32:52.436Z,43.467,10.098,438.934,17.630,0.00,2.7770,24.734936,46.701580,39.574,53.949,18.536
2025-12-27T17:32:52.436Z,43.250,11.240,486.149,17.630,0.00,2.7770,24.734936,46.701580,39.574,53.949,18.536
2025-12-27T17:32:52.436Z,43.624,11.408,497.674,17.780,0.00,2.7820,24.734955,46.701626,39.574,54.076,18.493
2025-12-27T17:32:52.532Z,42.686,12.898,550.561,17.780,0.00,2.7820,24.734955,46.701626,39.589,54.056,18.499
2025-12-27T17:32:52.881Z,42.524,0.000,-0.002,17.780,0.00,2.7820,24.734955,46.701626,39.589,54.056,18.499
2025-12-27T17:32:52.881Z,42.813,11.485,491.720,17.780,0.00,2.7820,24.734955,46.701626,39.589,54.056,18.499
2025-12-27T17:32:53.835Z,42.489,12.634,536.810,17.780,0.00,2.7820,24.734955,46.701626,39.731,53.862,18.566
2025-12-27T17:32:53.835Z,42.864,0.000,-0.002,17.780,0.00,2.7820,24.734955,46.701626,39.731,53.862,18.566
2025-12-27T17:32:53.835Z,43.513,14.346,624.228,18.090,0.00,2.7870,24.734974,46.701668,39.731,53.988,18.523
2025-12-27T17:32:53.835Z,204.800,0.000,-0.008,18.090,0.00,2.7870,24.734974,46.701668,39.731,53.988,18.523
2025-12-27T17:32:53.835Z,42.535,11.659,495.915,18.090,0.00,2.7870,24.734974,46.701668,39.731,53.988,18.523
2025-12-27T17:32:53.835Z,42.645,11.590,494.241,18.090,0.00,2.7870,24.734974,46.701668,39.731,53.988,18.523
2025-12-27T17:32:54.181Z,204.800,0.000,-0.008,18.090,0.00,2.7870,24.734974,46.701668,39.731,53.988,18.523
2025-12-27T17:32:54.182Z,42.672,11.717,499.987,18.090,0.00,2.7870,24.734974,46.701668,39.731,53.988,18.523
2025-12-27T17:32:54.266Z,43.452,11.825,513.845,18.460,0.00,2.7920,24.734995,46.701714,39.743,54.097,18.485
2025-12-27T17:32:55.504Z,42.882,11.077,474.991,18.460,0.00,2.7920,24.734995,46.701714,39.907,53.876,18.561
2025-12-27T17:32:55.505Z,42.763,10.573,452.132,18.460,0.00,2.7920,24.734995,46.701714,39.907,53.876,18.561
2025-12-27T17:32:55.505Z,42.831,11.251,481.894,18.460,0.00,2.7920,24.734995,46.701714,39.907,53.876,18.561
2025-12-27T17:32:55.505Z,204.800,11.484,2351.927,18.460,0.00,2.7920,24.734995,46.701714,39.907,53.876,18.561
2025-12-27T17:32:55.505Z,204.800,0.000,-0.008,18.460,0.00,2.7920,24.734995,46.701714,39.907,53.876,18.561
2025-12-27T17:32:55.505Z,204.800,0.000,-0.008,18.460,0.00,2.7920,24.734995,46.701714,39.907,53.876,18.561
2025-12-27T17:32:55.505Z,43.631,11.386,496.785,19.000,0.00,2.7980,24.735018,46.701759,39.907,54.026,18.510
2025-12-27T17:32:55.505Z,43.594,11.211,488.736,19.000,0.00,2.7980,24.735018,46.701759,39.907,54.026,18.510
2025-12-27T17:32:56.641Z,204.800,0.000,-0.008,19.000,0.00,2.7980,24.735018,46.701759,39.907,54.026,18.510
2025-12-27T17:32:56.641Z,43.281,10.148,439.212,19.000,0.00,2.7980,24.735018,46.701759,39.907,54.026,18.510
2025-12-27T17:32:56.641Z,42.603,12.277,523.047,19.000,0.00,2.7980,24.735018,46.701759,39.907,54.026,18.510
2025-12-27T17:32:56.641Z,204.800,0.000,-0.008,19.000,0.00,2.7980,24.735018,46.701759,39.907,54.026,18.510
2025-12-27T17:32:56.641Z,43.216,11.298,488.258,19.370,0.00,2.8030,24.735039,46.701805,39.907,54.151,18.467
2025-12-27T17:32:56.641Z,42.752,12.323,526.820,19.370,0.00,2.8030,24.735039,46.701805,39.907,54.151,18.467
2025-12-27T17:32:56.666Z,66.459,0.000,-0.003,19.370,0.00,2.8030,24.735039,46.701805,39.907,54.151,18.467
2025-12-27T17:32:56.784Z,204.800,0.000,-0.008,19.370,0.00,2.8030,24.735039,46.701805,39.907,54.151,18.467
2025-12-27T17:32:56.841Z,43.650,10.874,474.661,19.370,0.00,2.8030,24.735039,46.701805,39.914,54.141,18.470
2025-12-27T17:32:57.700Z,43.741,10.944,478.703,19.370,0.00,2.8030,24.735039,46.701805,40.028,53.987,18.523
2025-12-27T17:32:57.700Z,44.075,9.519,419.540,19.370,0.00,2.8030,24.735039,46.701805,40.028,53.987,18.523
2025-12-27T17:32:57.700Z,204.800,0.000,-0.008,19.830,0.00,2.8080,24.735060,46.701855,40.028,54.111,18.480
2025-12-27T17:32:57.700Z,204.800,0.000,-0.008,19.830,0.00,2.8080,24.735060,46.701855,40.028,54.111,18.480
2025-12-27T17:32:57.749Z,204.800,0.000,-0.008,19.830,0.00,2.8080,24.735060,46.701855,40.028,54.111,18.480
2025-12-27T17:32:57.967Z,204.800,0.000,-0.008,19.830,0.00,2.8080,24.735060,46.701855,40.028,54.111,18.480
2025-12-27T17:32:58.858Z,44.165,8.757,386.747,19.830,0.00,2.8080,24.735060,46.701855,40.124,53.982,18.525
2025-12-27T17:32:58.858Z,44.181,9.840,434.750,19.830,0.00,2.8080,24.735060,46.701855,40.124,53.982,18.525
2025-12-27T17:32:58.858Z,204.800,0.000,-0.008,20.240,0.00,2.8140,24.735083,46.701904,40.124,54.132,18.473
2025-12-27T17:32:58.858Z,44.129,9.009,397.567,20.240,0.00,2.8140,24.735083,46.701904,40.124,54.132,18.473
2025-12-27T17:32:58.858Z,44.208,9.954,440.059,20.240,0.00,2.8140,24.735083,46.701904,40.124,54.132,18.473
2025-12-27T17:32:58.858Z,44.332,8.641,383.057,20.240,0.00,2.8140,24.735083,46.701904,40.124,54.132,18.473
2025-12-27T17:32:59.213Z,43.540,10.236,445.693,20.240,0.00,2.8140,24.735083,46.701904,40.168,54.073,18.494
2025-12-27T17:32:59.213Z,44.955,7.626,342.819,20.240,0.00,2.8140,24.735083,46.701904,40.168,54.073,18.494
2025-12-27T17:32:59.213Z,43.887,9.597,421.185,20.080,0.00,2.8200,24.735104,46.701954,40.168,54.222,18.443
2025-12-27T17:32:59.507Z,204.800,8.202,1679.725,20.080,0.00,2.8200,24.735104,46.701954,40.306,54.037,18.506
2025-12-27T17:32:59.508Z,204.800,9.937,2035.131,20.080,0.00,2.8200,24.735104,46.701954,40.306,54.037,18.506
2025-12-27T17:32:59.700Z,44.177,9.608,424.432,20.080,0.00,2.8200,24.735104,46.701954,40.328,54.007,18.516
2025-12-27T17:33:00.126Z,44.118,0.000,-0.002,20.080,0.00,2.8200,24.735104,46.701954,40.328,54.007,18.516
2025-12-27T17:33:00.126Z,204.800,8.576,1756.397,20.080,0.00,2.8200,24.735104,46.701954,40.328,54.007,18.516
2025-12-27T17:33:00.441Z,204.800,9.984,2044.717,20.080,0.00,2.8200,24.735104,46.701954,40.507,53.768,18.598
2025-12-27T17:33:00.441Z,44.123,9.336,411.927,20.150,0.00,2.8250,24.735125,46.702003,40.507,53.891,18.556
2025-12-27T17:33:00.441Z,204.800,0.000,-0.008,20.150,0.00,2.8250,24.735125,46.702003,40.507,53.891,18.556
2025-12-27T17:33:00.730Z,44.072,9.478,417.703,20.150,0.00,2.8250,24.735125,46.702003,40.541,53.847,18.571
2025-12-27T17:33:01.047Z,44.010,9.975,438.998,20.150,0.00,2.8250,24.735125,46.702003,40.580,53.796,18.589
2025-12-27T17:33:01.047Z,204.800,0.000,-0.008,20.150,0.00,2.8250,24.735125,46.702003,40.580,53.796,18.589
2025-12-27T17:33:01.141Z,43.989,9.870,434.177,20.150,0.00,2.8250,24.735125,46.702003,40.591,53.781,18.594
2025-12-27T17:33:01.333Z,204.800,0.000,-0.008,20.460,0.00,2.8310,24.735147,46.702053,40.591,53.928,18.543
2025-12-27T17:33:01.546Z,43.919,9.623,422.620,20.460,0.00,2.8310,24.735147,46.702053,40.616,53.895,18.555
2025-12-27T17:33:01.547Z,204.800,0.000,-0.008,20.460,0.00,2.8310,24.735147,46.702053,40.616,53.895,18.555
2025-12-27T17:33:01.742Z,43.856,9.784,429.104,20.460,0.00,2.8310,24.735147,46.702053,40.639,53.864,18.565
2025-12-27T17:33:02.077Z,43.916,8.577,376.690,20.460,0.00,2.8310,24.735147,46.702053,40.674,53.818,18.581
2025-12-27T17:33:02.154Z,43.768,9.595,419.947,20.460,0.00,2.8310,24.735147,46.702053,40.683,53.806,18.585
2025-12-27T17:33:02.154Z,43.906,10.078,442.498,20.520,0.00,2.8370,24.735172,46.702106,40.683,53.953,18.535
2025-12-27T17:33:02.354Z,43.951,9.785,430.077,20.520,0.00,2.8370,24.735172,46.702106,40.707,53.922,18.545
2025-12-27T17:33:02.987Z,43.838,9.645,422.817,20.520,0.00,2.8370,24.735172,46.702106,40.782,53.823,18.579
2025-12-27T17:33:02.987Z,204.800,0.000,-0.008,20.520,0.00,2.8370,24.735172,46.702106,40.782,53.823,18.579
2025-12-27T17:33:02.988Z,44.031,9.863,434.280,20.520,0.00,2.8370,24.735172,46.702106,40.782,53.823,18.579
2025-12-27T17:33:03.080Z,43.937,9.380,412.131,20.520,0.00,2.8370,24.735172,46.702106,40.792,53.809,18.584
2025-12-27T17:33:03.080Z,204.800,0.000,-0.008,20.520,0.00,2.8370,24.735172,46.702106,40.792,53.809,18.584
2025-12-27T17:33:03.506Z,44.088,9.799,432.002,20.540,0.00,2.8420,24.735195,46.702156,40.843,53.864,18.565
2025-12-27T17:33:03.621Z,43.950,0.000,-0.002,20.540,0.00,2.8420,24.735195,46.702156,40.843,53.864,18.565
2025-12-27T17:33:03.621Z,43.964,9.450,415.476,20.540,0.00,2.8420,24.735195,46.702156,40.843,53.864,18.565
2025-12-27T17:33:04.009Z,44.000,9.516,418.683,20.540,0.00,2.8420,24.735195,46.702156,40.888,53.805,18.586
2025-12-27T17:33:04.010Z,50.217,0.000,-0.002,20.540,0.00,2.8420,24.735195,46.702156,40.888,53.805,18.586
2025-12-27T17:33:04.625Z,43.977,9.554,420.176,20.540,0.00,2.8420,24.735195,46.702156,40.960,53.710,18.618
2025-12-27T17:33:04.625Z,44.014,8.596,378.367,20.450,0.00,2.8480,24.735220,46.702206,40.960,53.857,18.568
2025-12-27T17:33:04.626Z,44.033,9.558,420.882,20.450,0.00,2.8480,24.735220,46.702206,40.960,53.857,18.568
2025-12-27T17:33:04.626Z,44.094,9.382,413.695,20.450,0.00,2.8480,24.735220,46.702206,40.960,53.857,18.568
2025-12-27T17:33:05.344Z,44.034,9.488,417.789,20.450,0.00,2.8480,24.735220,46.702206,41.044,53.748,18.605
2025-12-27T17:33:05.344Z,204.800,0.000,-0.008,20.450,0.00,2.8480,24.735220,46.702206,41.044,53.748,18.605
2025-12-27T17:33:05.344Z,44.023,9.455,416.226,20.450,0.00,2.8480,24.735220,46.702206,41.044,53.748,18.605
2025-12-27T17:33:05.344Z,43.912,0.000,-0.002,20.450,0.00,2.8480,24.735220,46.702206,41.044,53.748,18.605
2025-12-27T17:33:05.662Z,44.052,9.598,422.816,20.540,0.00,2.8540,24.735243,46.702255,41.081,53.845,18.572
2025-12-27T17:33:05.663Z,43.965,0.000,-0.002,20.540,0.00,2.8540,24.735243,46.702255,41.081,53.845,18.572
2025-12-27T17:33:05.663Z,44.083,9.810,432.460,20.540,0.00,2.8540,24.735243,46.702255,41.081,53.845,18.572
2025-12-27T17:33:06.924Z,204.800,0.000,-0.008,20.540,0.00,2.8540,24.735243,46.702255,41.081,53.845,18.572
2025-12-27T17:33:06.924Z,44.176,9.181,405.589,20.540,0.00,2.8540,24.735243,46.702255,41.081,53.845,18.572
2025-12-27T17:33:06.926Z,44.145,0.000,-0.002,20.540,0.00,2.8540,24.735243,46.702255,41.081,53.845,18.572
2025-12-27T17:33:06.926Z,44.307,9.084,402.470,20.610,0.00,2.8590,24.735268,46.702305,41.081,53.966,18.530
2025-12-27T17:33:06.926Z,204.800,0.000,-0.008,20.610,0.00,2.8590,24.735268,46.702305,41.081,53.966,18.530
2025-12-27T17:33:06.926Z,45.847,5.605,256.953,20.610,0.00,2.8590,24.735268,46.702305,41.081,53.966,18.530
2025-12-27T17:33:06.969Z,48.279,0.365,17.612,20.610,0.00,2.8590,24.735268,46.702305,41.081,53.966,18.530
2025-12-27T17:33:06.969Z,48.722,-0.201,-9.804,20.610,0.00,2.8590,24.735268,46.702305,41.081,53.966,18.530
2025-12-27T17:33:07.721Z,48.736,-0.202,-9.852,20.610,0.00,2.8590,24.735268,46.702305,41.079,53.969,18.529
2025-12-27T17:33:07.722Z,48.748,-0.200,-9.731,20.280,0.00,2.8650,24.735291,46.702351,41.079,54.115,18.479
2025-12-27T17:33:07.722Z,48.759,-0.212,-10.325,20.280,0.00,2.8650,24.735291,46.702351,41.079,54.115,18.479
2025-12-27T17:33:07.722Z,48.768,-0.205,-9.977,20.280,0.00,2.8650,24.735291,46.702351,41.079,54.115,18.479
2025-12-27T17:33:07.722Z,48.778,-0.218,-10.653,20.280,0.00,2.8650,24.735291,46.702351,41.079,54.115,18.479
2025-12-27T17:33:08.103Z,48.785,-0.190,-9.290,20.280,0.00,2.8650,24.735291,46.702351,41.078,54.116,18.479
2025-12-27T17:33:08.103Z,48.794,-0.192,-9.361,20.280,0.00,2.8650,24.735291,46.702351,41.078,54.116,18.479
2025-12-27T17:33:08.185Z,48.801,-0.199,-9.716,20.280,0.00,2.8650,24.735291,46.702351,41.078,54.116,18.479
2025-12-27T17:33:08.740Z,48.811,-0.217,-10.587,18.540,0.00,2.8700,24.735313,46.702400,41.077,54.240,18.436
2025-12-27T17:33:08.740Z,48.817,-0.210,-10.237,18.540,0.00,2.8700,24.735313,46.702400,41.077,54.240,18.436
2025-12-27T17:33:08.740Z,48.825,-0.192,-9.370,18.540,0.00,2.8700,24.735313,46.702400,41.077,54.240,18.436
2025-12-27T17:33:09.681Z,48.831,-0.193,-9.411,18.540,0.00,2.8700,24.735313,46.702400,41.074,54.243,18.435
2025-12-27T17:33:09.682Z,48.838,-0.229,-11.202,18.540,0.00,2.8700,24.735313,46.702400,41.074,54.243,18.435
2025-12-27T17:33:09.682Z,48.843,-0.210,-10.248,18.540,0.00,2.8700,24.735313,46.702400,41.074,54.243,18.435
2025-12-27T17:33:09.682Z,48.850,-0.206,-10.066,17.430,0.00,2.8750,24.735334,46.702442,41.074,54.365,18.394
2025-12-27T17:33:09.682Z,48.855,-0.204,-9.947,17.430,0.00,2.8750,24.735334,46.702442,41.074,54.365,18.394
2025-12-27T17:33:09.682Z,48.861,-0.204,-9.989,17.430,0.00,2.8750,24.735334,46.702442,41.074,54.365,18.394
2025-12-27T17:33:10.609Z,48.868,-0.211,-10.309,17.430,0.00,2.8750,24.735334,46.702442,41.071,54.369,18.393
2025-12-27T17:33:10.609Z,48.873,-0.210,-10.254,17.430,0.00,2.8750,24.735334,46.702442,41.071,54.369,18.393
2025-12-27T17:33:10.609Z,48.878,-0.203,-9.908,17.430,0.00,2.8750,24.735334,46.702442,41.071,54.369,18.393
2025-12-27T17:33:10.609Z,48.883,-0.183,-8.934,15.700,0.00,2.8790,24.735352,46.702480,41.071,54.466,18.360
2025-12-27T17:33:10.609Z,48.889,-0.194,-9.506,15.700,0.00,2.8790,24.735352,46.702480,41.071,54.466,18.360
2025-12-27T17:33:10.609Z,48.895,-0.213,-10.430,15.700,0.00,2.8790,24.735352,46.702480,41.071,54.466,18.360
2025-12-27T17:33:10.760Z,48.899,-0.210,-10.252,15.700,0.00,2.8790,24.735352,46.702480,41.071,54.467,18.360
2025-12-27T17:33:10.760Z,48.908,-0.296,-14.470,15.700,0.00,2.8790,24.735352,46.702480,41.071,54.467,18.360
2025-12-27T17:33:10.961Z,48.910,-0.133,-6.485,15.700,0.00,2.8790,24.735352,46.702480,41.071,54.467,18.360
2025-12-27T17:33:11.167Z,48.913,-0.140,-6.870,15.700,0.00,2.8790,24.735352,46.702480,41.070,54.468,18.360
2025-12-27T17:33:11.583Z,48.919,-0.202,-9.870,14.020,0.00,2.8840,24.735367,46.702518,41.069,54.591,18.318
2025-12-27T17:33:11.583Z,48.927,-0.287,-14.028,14.020,0.00,2.8840,24.735367,46.702518,41.069,54.591,18.318
2025-12-27T17:33:11.583Z,48.928,-0.196,-9.610,14.020,0.00,2.8840,24.735367,46.702518,41.069,54.591,18.318
2025-12-27T17:33:11.887Z,48.936,-0.182,-8.891,14.020,0.00,2.8840,24.735367,46.702518,41.068,54.592,18.318
2025-12-27T17:33:11.887Z,48.936,-0.193,-9.438,14.020,0.00,2.8840,24.735367,46.702518,41.068,54.592,18.318
2025-12-27T17:33:12.203Z,48.944,-0.236,-11.529,14.020,0.00,2.8840,24.735367,46.702518,41.067,54.593,18.317
2025-12-27T17:33:12.452Z,48.945,-0.210,-10.267,12.300,0.00,2.8870,24.735380,46.702549,41.067,54.667,18.292
2025-12-27T17:33:12.453Z,48.949,-0.199,-9.741,12.300,0.00,2.8870,24.735380,46.702549,41.067,54.667,18.292
2025-12-27T17:33:12.616Z,48.952,-0.195,-9.535,12.300,0.00,2.8870,24.735380,46.702549,41.066,54.668,18.292
2025-12-27T17:33:12.916Z,48.959,-0.179,-8.752,12.300,0.00,2.8870,24.735380,46.702549,41.065,54.669,18.292
2025-12-27T17:33:12.916Z,48.963,-0.214,-10.456,12.300,0.00,2.8870,24.735380,46.702549,41.065,54.669,18.292
2025-12-27T17:33:13.005Z,48.970,-0.259,-12.678,12.300,0.00,2.8870,24.735380,46.702549,41.065,54.669,18.292
2025-12-27T17:33:13.436Z,48.973,-0.184,-9.034,10.850,0.00,2.8900,24.735394,46.702576,41.064,54.744,18.267
2025-12-27T17:33:13.436Z,48.975,-0.161,-7.897,10.850,0.00,2.8900,24.735394,46.702576,41.064,54.744,18.267
2025-12-27T17:33:13.685Z,48.979,-0.171,-8.361,10.850,0.00,2.8900,24.735394,46.702576,41.063,54.745,18.267
2025-12-27T17:33:13.685Z,48.982,-0.207,-10.144,10.850,0.00,2.8900,24.735394,46.702576,41.063,54.745,18.267
2025-12-27T17:33:13.852Z,48.984,-0.192,-9.397,10.850,0.00,2.8900,24.735394,46.702576,41.063,54.745,18.266
2025-12-27T17:33:14.212Z,48.989,-0.211,-10.321,10.850,0.00,2.8900,24.735394,46.702576,41.062,54.746,18.266
2025-12-27T17:33:14.212Z,48.997,-0.131,-6.424,10.850,0.00,2.8900,24.735394,46.702576,41.062,54.746,18.266
2025-12-27T17:33:14.581Z,48.996,-0.199,-9.745,9.350,0.00,2.8930,24.735405,46.702599,41.061,54.821,18.241
2025-12-27T17:33:14.581Z,49.004,-0.254,-12.444,9.350,0.00,2.8930,24.735405,46.702599,41.061,54.821,18.241
2025-12-27T17:33:14.653Z,49.004,-0.208,-10.212,9.350,0.00,2.8930,24.735405,46.702599,41.061,54.821,18.241
2025-12-27T17:33:15.066Z,49.010,-0.229,-11.210,9.350,0.00,2.8930,24.735405,46.702599,41.060,54.823,18.241
2025-12-27T17:33:15.067Z,49.015,-0.138,-6.742,9.350,0.00,2.8930,24.735405,46.702599,41.060,54.823,18.241
2025-12-27T17:33:15.067Z,49.017,-0.157,-7.719,9.350,0.00,2.8930,24.735405,46.702599,41.060,54.823,18.241
2025-12-27T17:33:15.487Z,49.017,-0.212,-10.374,8.130,0.00,2.8950,24.735411,46.702621,41.058,54.873,18.224
2025-12-27T17:33:15.487Z,49.023,-0.276,-13.543,8.130,0.00,2.8950,24.735411,46.702621,41.058,54.873,18.224
2025-12-27T17:33:15.487Z,48.967,-0.062,-3.013,8.130,0.00,2.8950,24.735411,46.702621,41.058,54.873,18.224
2025-12-27T17:33:15.668Z,48.886,0.117,5.714,8.130,0.00,2.8950,24.735411,46.702621,41.059,54.873,18.224
2025-12-27T17:33:15.869Z,49.020,-0.137,-6.739,8.130,0.00,2.8950,24.735411,46.702621,41.058,54.873,18.224
2025-12-27T17:33:16.407Z,49.017,-0.159,-7.779,8.130,0.00,2.8950,24.735411,46.702621,41.057,54.875,18.223
2025-12-27T17:33:16.407Z,48.992,-0.148,-7.255,8.130,0.00,2.8950,24.735411,46.702621,41.057,54.875,18.223
2025-12-27T17:33:16.407Z,49.039,-0.195,-9.544,6.330,0.00,2.8970,24.735411,46.702641,41.057,54.924,18.207
2025-12-27T17:33:16.707Z,49.046,-0.162,-7.933,6.330,0.00,2.8970,24.735411,46.702641,41.056,54.924,18.207
2025-12-27T17:33:16.707Z,49.045,-0.188,-9.207,6.330,0.00,2.8970,24.735411,46.702641,41.056,54.924,18.207
2025-12-27T17:33:16.793Z,48.714,0.403,19.648,6.330,0.00,2.8970,24.735411,46.702641,41.057,54.924,18.207
2025-12-27T17:33:17.115Z,47.993,1.802,86.489,6.330,0.00,2.8970,24.735411,46.702641,41.065,54.913,18.210
2025-12-27T17:33:17.115Z,48.112,1.577,75.885,6.330,0.00,2.8970,24.735411,46.702641,41.065,54.913,18.210
2025-12-27T17:33:17.734Z,48.249,1.343,64.791,5.460,0.00,2.8990,24.735407,46.702656,41.076,54.947,18.199
2025-12-27T17:33:17.734Z,48.340,1.204,58.189,5.460,0.00,2.8990,24.735407,46.702656,41.076,54.947,18.199
2025-12-27T17:33:17.734Z,204.800,0.986,201.969,5.460,0.00,2.8990,24.735407,46.702656,41.076,54.947,18.199
2025-12-27T17:33:17.822Z,48.345,1.058,51.125,5.460,0.00,2.8990,24.735407,46.702656,41.077,54.946,18.200
2025-12-27T17:33:18.030Z,48.295,1.181,57.043,5.460,0.00,2.8990,24.735407,46.702656,41.080,54.941,18.201
2025-12-27T17:33:18.034Z,48.370,1.125,54.403,5.460,0.00,2.8990,24.735407,46.702656,41.080,54.941,18.201
2025-12-27T17:33:18.348Z,48.319,1.282,61.941,5.040,0.00,2.9000,24.735399,46.702667,41.086,54.958,18.196
2025-12-27T17:33:18.549Z,204.800,1.240,253.969,5.040,0.00,2.9000,24.735399,46.702667,41.100,54.939,18.202
2025-12-27T17:33:18.549Z,48.240,1.230,59.322,5.040,0.00,2.9000,24.735399,46.702667,41.100,54.939,18.202
2025-12-27T17:33:18.858Z,48.328,1.193,57.634,5.040,0.00,2.9000,24.735399,46.702667,41.105,54.933,18.204
2025-12-27T17:33:18.948Z,48.215,1.477,71.233,5.040,0.00,2.9000,24.735399,46.702667,41.107,54.930,18.205
2025-12-27T17:33:18.948Z,47.709,2.519,120.156,5.040,0.00,2.9000,24.735399,46.702667,41.107,54.930,18.205
2025-12-27T17:33:19.470Z,48.341,1.051,50.817,5.040,0.00,2.9000,24.735399,46.702667,41.114,54.920,18.208
2025-12-27T17:33:19.470Z,48.808,0.179,8.736,4.720,0.00,2.9010,24.735392,46.702675,41.114,54.945,18.200
2025-12-27T17:33:19.470Z,48.607,0.637,30.982,4.720,0.00,2.9010,24.735392,46.702675,41.114,54.945,18.200
2025-12-27T17:33:19.881Z,48.189,1.567,75.524,4.720,0.00,2.9010,24.735392,46.702675,41.123,54.933,18.204
2025-12-27T17:33:19.882Z,48.217,1.331,64.191,4.720,0.00,2.9010,24.735392,46.702675,41.123,54.933,18.204
2025-12-27T17:33:19.882Z,48.322,1.109,53.579,4.720,0.00,2.9010,24.735392,46.702675,41.123,54.933,18.204
2025-12-27T17:33:20.396Z,48.124,1.610,77.462,4.720,0.00,2.9010,24.735392,46.702675,41.134,54.918,18.209
2025-12-27T17:33:20.492Z,48.099,1.702,81.850,4.500,0.00,2.9030,24.735382,46.702682,41.136,54.964,18.194
2025-12-27T17:33:20.492Z,48.644,0.639,31.072,4.500,0.00,2.9030,24.735382,46.702682,41.136,54.964,18.194
2025-12-27T17:33:20.802Z,47.935,2.040,97.766,4.500,0.00,2.9030,24.735382,46.702682,41.144,54.953,18.197
2025-12-27T17:33:20.802Z,48.295,1.339,64.672,4.500,0.00,2.9030,24.735382,46.702682,41.144,54.953,18.197
2025-12-27T17:33:21.008Z,48.076,1.516,72.878,4.500,0.00,2.9030,24.735382,46.702682,41.148,54.947,18.199
2025-12-27T17:33:21.008Z,48.238,1.456,70.225,4.500,0.00,2.9030,24.735382,46.702682,41.148,54.947,18.199
2025-12-27T17:33:21.620Z,48.200,1.487,71.683,4.320,0.00,2.9040,24.735371,46.702682,41.161,54.955,18.197
2025-12-27T17:33:21.620Z,48.174,1.501,72.321,4.320,0.00,2.9040,24.735371,46.702682,41.161,54.955,18.197
2025-12-27T17:33:21.629Z,48.212,1.413,68.103,4.320,0.00,2.9040,24.735371,46.702682,41.161,54.955,18.197
2025-12-27T17:33:21.630Z,48.231,1.487,71.720,4.320,0.00,2.9040,24.735371,46.702682,41.161,54.955,18.197
2025-12-27T17:33:21.936Z,48.157,1.414,68.107,4.320,0.00,2.9040,24.735371,46.702682,41.167,54.947,18.199
2025-12-27T17:33:22.013Z,48.219,1.581,76.216,4.320,0.00,2.9040,24.735371,46.702682,41.168,54.945,18.200
2025-12-27T17:33:22.234Z,48.346,1.228,59.359,4.320,0.00,2.9040,24.735371,46.702682,41.172,54.940,18.202
2025-12-27T17:33:22.234Z,48.369,1.063,51.409,4.330,0.00,2.9050,24.735359,46.702682,41.172,54.965,18.194
2025-12-27T17:33:22.643Z,48.096,1.796,86.363,4.330,0.00,2.9050,24.735359,46.702682,41.182,54.952,18.198
2025-12-27T17:33:22.756Z,48.273,1.267,61.146,4.330,0.00,2.9050,24.735359,46.702682,41.184,54.949,18.199
2025-12-27T17:33:22.756Z,48.192,1.381,66.552,4.330,0.00,2.9050,24.735359,46.702682,41.184,54.949,18.199
2025-12-27T17:33:23.058Z,48.112,1.477,71.071,4.330,0.00,2.9050,24.735359,46.702682,41.190,54.941,18.201
2025-12-27T17:33:23.058Z,48.350,1.304,63.048,4.330,0.00,2.9050,24.735359,46.702682,41.190,54.941,18.201
2025-12-27T17:33:23.256Z,48.301,0.000,-0.002,4.000,0.00,2.9060,24.735350,46.702682,41.190,54.965,18.193
2025-12-27T17:33:23.570Z,48.146,1.879,90.466,4.000,0.00,2.9060,24.735350,46.702682,41.198,54.955,18.197
2025-12-27T17:33:23.662Z,48.083,1.815,87.272,4.000,0.00,2.9060,24.735350,46.702682,41.200,54.952,18.198
2025-12-27T17:33:23.663Z,47.931,9.361,448.705,4.000,0.00,2.9060,24.735350,46.702682,41.200,54.952,18.198
2025-12-27T17:33:24.083Z,47.738,2.352,112.295,4.000,0.00,2.9060,24.735350,46.702682,41.213,54.934,18.204
2025-12-27T17:33:24.083Z,204.800,0.000,-0.008,4.000,0.00,2.9060,24.735350,46.702682,41.213,54.934,18.204
2025-12-27T17:33:24.171Z,47.656,2.683,127.869,4.000,0.00,2.9060,24.735350,46.702682,41.216,54.930,18.205
2025-12-27T17:33:24.492Z,47.604,2.750,130.926,4.200,0.00,2.9070,24.735340,46.702679,41.228,54.939,18.202
2025-12-27T17:33:24.585Z,47.501,2.892,137.364,4.200,0.00,2.9070,24.735340,46.702679,41.231,54.934,18.204
2025-12-27T17:33:24.585Z,47.670,2.623,125.029,4.200,0.00,2.9070,24.735340,46.702679,41.231,54.934,18.204
2025-12-27T17:33:25.104Z,47.603,2.655,126.368,4.200,0.00,2.9070,24.735340,46.702679,41.249,54.910,18.212
2025-12-27T17:33:25.104Z,47.823,2.425,115.969,4.200,0.00,2.9070,24.735340,46.702679,41.249,54.910,18.212
2025-12-27T17:33:25.617Z,47.456,2.982,141.493,4.200,0.00,2.9070,24.735340,46.702679,41.270,54.883,18.221
2025-12-27T17:33:25.617Z,47.679,2.637,125.739,4.390,0.00,2.9090,24.735332,46.702671,41.270,54.931,18.205
2025-12-27T17:33:25.617Z,204.800,0.000,-0.008,4.390,0.00,2.9090,24.735332,46.702671,41.270,54.931,18.205
2025-12-27T17:33:25.823Z,204.800,0.000,-0.008,4.390,0.00,2.9090,24.735332,46.702671,41.270,54.931,18.205
2025-12-27T17:33:25.823Z,47.658,2.633,125.502,4.390,0.00,2.9090,24.735332,46.702671,41.270,54.931,18.205
2025-12-27T17:33:26.021Z,204.800,0.000,-0.008,4.390,0.00,2.9090,24.735332,46.702671,41.270,54.931,18.205
2025-12-27T17:33:26.022Z,47.873,2.302,110.195,4.390,0.00,2.9090,24.735332,46.702671,41.270,54.931,18.205
2025-12-27T17:33:26.438Z,48.005,1.951,93.666,4.690,0.00,2.9100,24.735325,46.702660,41.280,54.941,18.201
2025-12-27T17:33:26.438Z,47.963,1.863,89.338,4.690,0.00,2.9100,24.735325,46.702660,41.281,54.941,18.201
2025-12-27T17:33:26.540Z,47.657,2.585,123.196,4.690,0.00,2.9100,24.735325,46.702660,41.284,54.937,18.203
2025-12-27T17:33:26.872Z,47.700,2.716,129.574,4.690,0.00,2.9100,24.735325,46.702660,41.296,54.921,18.208
2025-12-27T17:33:26.935Z,47.244,3.403,160.772,4.690,0.00,2.9100,24.735325,46.702660,41.299,54.917,18.209
2025-12-27T17:33:26.935Z,204.800,4.029,825.202,4.690,0.00,2.9100,24.735325,46.702660,41.299,54.917,18.209
2025-12-27T17:33:27.360Z,47.970,9.369,449.436,4.690,0.00,2.9100,24.735325,46.702660,41.352,54.846,18.233
2025-12-27T17:33:27.361Z,204.800,3.152,645.578,4.930,0.00,2.9110,24.735319,46.702648,41.352,54.871,18.225
2025-12-27T17:33:27.666Z,47.156,3.975,187.455,4.930,0.00,2.9110,24.735319,46.702648,41.368,54.849,18.232
2025-12-27T17:33:27.761Z,47.162,3.885,183.233,4.930,0.00,2.9110,24.735319,46.702648,41.373,54.843,18.234
2025-12-27T17:33:27.764Z,47.124,3.763,177.320,4.930,0.00,2.9110,24.735319,46.702648,41.373,54.843,18.234
2025-12-27T17:33:28.076Z,46.839,4.315,202.121,4.930,0.00,2.9110,24.735319,46.702648,41.390,54.820,18.242
2025-12-27T17:33:28.167Z,204.800,0.000,-0.008,4.930,0.00,2.9110,24.735319,46.702648,41.390,54.820,18.242
2025-12-27T17:33:28.482Z,46.879,4.525,212.120,5.150,0.00,2.9130,24.735313,46.702637,41.409,54.843,18.234
2025-12-27T17:33:28.482Z,46.930,4.239,198.938,5.150,0.00,2.9130,24.735313,46.702637,41.409,54.843,18.234
2025-12-27T17:33:28.786Z,204.800,0.000,-0.008,5.150,0.00,2.9130,24.735313,46.702637,41.409,54.843,18.234
2025-12-27T17:33:28.787Z,46.704,4.769,222.752,5.150,0.00,2.9130,24.735313,46.702637,41.409,54.843,18.234
2025-12-27T17:33:28.881Z,46.853,4.270,200.076,5.150,0.00,2.9130,24.735313,46.702637,41.414,54.836,18.236
2025-12-27T17:33:29.198Z,204.800,0.000,-0.008,5.150,0.00,2.9130,24.735313,46.702637,41.414,54.836,18.236
2025-12-27T17:33:30.022Z,47.021,4.123,193.883,5.720,0.00,2.9140,24.735310,46.702621,41.458,54.802,18.248
2025-12-27T17:33:30.022Z,46.988,3.904,183.455,5.720,0.00,2.9140,24.735310,46.702621,41.458,54.802,18.248
2025-12-27T17:33:30.022Z,47.082,4.013,188.953,5.720,0.00,2.9140,24.735310,46.702621,41.458,54.802,18.248
2025-12-27T17:33:30.022Z,204.800,0.000,-0.008,5.720,0.00,2.9140,24.735310,46.702621,41.458,54.802,18.248
2025-12-27T17:33:30.040Z,47.226,0.000,-0.002,5.720,0.00,2.9140,24.735310,46.702621,41.458,54.802,18.248
2025-12-27T17:33:30.040Z,204.800,3.804,779.140,5.720,0.00,2.9140,24.735310,46.702621,41.459,54.802,18.248
2025-12-27T17:33:30.550Z,47.089,0.000,-0.002,5.720,0.00,2.9140,24.735310,46.702621,41.459,54.802,18.248
2025-12-27T17:33:30.550Z,204.800,4.429,907.109,6.370,0.00,2.9160,24.735308,46.702602,41.459,54.850,18.232
2025-12-27T17:33:30.550Z,47.099,3.879,182.685,6.370,0.00,2.9160,24.735308,46.702602,41.459,54.850,18.232
2025-12-27T17:33:30.939Z,47.085,4.010,188.809,6.370,0.00,2.9160,24.735308,46.702602,41.479,54.823,18.241
2025-12-27T17:33:30.939Z,47.019,3.837,180.401,6.370,0.00,2.9160,24.735308,46.702602,41.479,54.823,18.241
2025-12-27T17:33:30.944Z,204.800,0.000,-0.008,6.370,0.00,2.9160,24.735308,46.702602,41.479,54.823,18.241
2025-12-27T17:33:31.280Z,46.783,4.564,213.528,6.370,0.00,2.9160,24.735308,46.702602,41.499,54.797,18.249
2025-12-27T17:33:31.553Z,46.614,5.084,236.969,6.690,0.00,2.9180,24.735304,46.702587,41.517,54.821,18.241
2025-12-27T17:33:31.553Z,204.800,0.000,-0.008,6.690,0.00,2.9180,24.735304,46.702587,41.517,54.821,18.241
2025-12-27T17:33:31.967Z,47.243,3.578,169.015,6.690,0.00,2.9180,24.735304,46.702587,41.536,54.795,18.250
2025-12-27T17:33:31.967Z,46.768,0.000,-0.002,6.690,0.00,2.9180,24.735304,46.702587,41.536,54.795,18.250
2025-12-27T17:33:31.967Z,46.864,4.316,202.245,6.690,0.00,2.9180,24.735304,46.702587,41.536,54.795,18.250
2025-12-27T17:33:31.967Z,46.777,4.550,212.829,6.690,0.00,2.9180,24.735304,46.702587,41.536,54.795,18.250
2025-12-27T17:33:32.276Z,46.703,4.631,216.271,6.690,0.00,2.9180,24.735304,46.702587,41.555,54.771,18.258
2025-12-27T17:33:32.367Z,204.800,0.000,-0.008,7.020,0.00,2.9200,24.735302,46.702568,41.555,54.819,18.242
2025-12-27T17:33:32.721Z,46.609,4.704,219.243,7.020,0.00,2.9200,24.735302,46.702568,41.577,54.791,18.251
2025-12-27T17:33:33.601Z,204.800,0.000,-0.008,7.020,0.00,2.9200,24.735302,46.702568,41.577,54.791,18.251
2025-12-27T17:33:33.601Z,47.011,3.981,187.171,7.020,0.00,2.9200,24.735302,46.702568,41.577,54.791,18.251
2025-12-27T17:33:33.602Z,46.685,4.708,219.806,7.020,0.00,2.9200,24.735302,46.702568,41.577,54.791,18.251
2025-12-27T17:33:33.602Z,46.738,0.000,-0.002,7.020,0.00,2.9200,24.735302,46.702568,41.577,54.791,18.251
2025-12-27T17:33:33.602Z,46.844,4.409,206.534,7.350,0.00,2.9220,24.735298,46.702549,41.577,54.839,18.235
2025-12-27T17:33:33.602Z,46.680,4.775,222.873,7.350,0.00,2.9220,24.735298,46.702549,41.577,54.839,18.235
2025-12-27T17:33:33.910Z,204.800,0.000,-0.008,7.350,0.00,2.9220,24.735298,46.702549,41.577,54.839,18.235
2025-12-27T17:33:34.229Z,46.409,5.430,252.009,7.350,0.00,2.9220,24.735298,46.702549,41.599,54.809,18.245
2025-12-27T17:33:34.230Z,46.707,4.365,203.854,7.350,0.00,2.9220,24.735298,46.702549,41.599,54.809,18.245
2025-12-27T17:33:34.230Z,204.800,0.000,-0.008,7.350,0.00,2.9220,24.735298,46.702549,41.599,54.809,18.245
2025-12-27T17:33:35.245Z,46.838,4.360,204.227,7.570,0.00,2.9240,24.735296,46.702526,41.656,54.781,18.254
2025-12-27T17:33:35.245Z,47.036,3.973,186.872,7.570,0.00,2.9240,24.735296,46.702526,41.657,54.781,18.254
2025-12-27T17:33:35.245Z,46.968,4.153,195.080,7.570,0.00,2.9240,24.735296,46.702526,41.657,54.781,18.254
2025-12-27T17:33:35.245Z,204.800,0.000,-0.008,7.570,0.00,2.9240,24.735296,46.702526,41.657,54.781,18.254
2025-12-27T17:33:35.245Z,204.800,0.000,-0.008,7.570,0.00,2.9240,24.735296,46.702526,41.657,54.781,18.254
2025-12-27T17:33:35.245Z,46.935,0.000,-0.002,7.570,0.00,2.9240,24.735296,46.702526,41.657,54.781,18.254
2025-12-27T17:33:36.076Z,46.794,4.408,206.248,7.570,0.00,2.9240,24.735296,46.702526,41.704,54.719,18.275
2025-12-27T17:33:36.076Z,47.064,4.165,196.000,7.850,0.00,2.9260,24.735291,46.702507,41.704,54.767,18.259
2025-12-27T17:33:36.076Z,46.767,0.000,-0.002,7.850,0.00,2.9260,24.735291,46.702507,41.704,54.767,18.259
2025-12-27T17:33:36.076Z,204.800,0.000,-0.008,7.850,0.00,2.9260,24.735291,46.702507,41.704,54.767,18.259
2025-12-27T17:33:36.077Z,204.800,0.000,-0.008,7.850,0.00,2.9260,24.735291,46.702507,41.704,54.767,18.259
2025-12-27T17:33:36.077Z,204.800,0.000,-0.008,7.850,0.00,2.9260,24.735291,46.702507,41.704,54.767,18.259
2025-12-27T17:33:36.528Z,204.800,0.000,-0.008,7.850,0.00,2.9260,24.735291,46.702507,41.704,54.767,18.259
2025-12-27T17:33:36.528Z,46.786,4.387,205.260,7.930,0.00,2.9280,24.735287,46.702484,41.704,54.815,18.243
2025-12-27T17:33:36.528Z,46.944,4.120,193.428,7.930,0.00,2.9280,24.735287,46.702484,41.704,54.815,18.243
2025-12-27T17:33:36.654Z,47.022,4.113,193.401,7.930,0.00,2.9280,24.735287,46.702484,41.711,54.806,18.246
2025-12-27T17:33:36.654Z,204.800,0.000,-0.008,7.930,0.00,2.9280,24.735287,46.702484,41.711,54.806,18.246
2025-12-27T17:33:37.087Z,47.007,4.091,192.324,7.930,0.00,2.9280,24.735287,46.702484,41.734,54.775,18.256
2025-12-27T17:33:37.087Z,204.800,0.000,-0.008,7.930,0.00,2.9280,24.735287,46.702484,41.734,54.775,18.256
2025-12-27T17:33:38.217Z,46.865,4.063,190.404,8.280,0.00,2.9310,24.735281,46.702461,41.794,54.769,18.259
2025-12-27T17:33:38.218Z,204.800,0.000,-0.008,8.280,0.00,2.9310,24.735281,46.702461,41.794,54.769,18.259
2025-12-27T17:33:38.218Z,46.843,4.666,218.585,8.280,0.00,2.9310,24.735281,46.702461,41.794,54.769,18.259
2025-12-27T17:33:38.218Z,46.884,4.291,201.201,8.280,0.00,2.9310,24.735281,46.702461,41.794,54.769,18.259
2025-12-27T17:33:38.218Z,204.800,0.000,-0.008,8.280,0.00,2.9310,24.735281,46.702461,41.794,54.769,18.259
2025-12-27T17:33:38.218Z,47.127,3.748,176.635,8.280,0.00,2.9310,24.735281,46.702461,41.794,54.769,18.259
2025-12-27T17:33:38.827Z,47.120,3.896,183.579,8.280,0.00,2.9310,24.735281,46.702461,41.825,54.728,18.272
2025-12-27T17:33:38.827Z,46.987,3.934,184.862,8.630,0.00,2.9330,24.735275,46.702438,41.825,54.776,18.256
2025-12-27T17:33:38.827Z,204.800,4.116,842.991,8.630,0.00,2.9330,24.735275,46.702438,41.825,54.776,18.256
2025-12-27T17:33:38.827Z,46.998,4.057,190.669,8.630,0.00,2.9330,24.735275,46.702438,41.825,54.776,18.256
2025-12-27T17:33:38.827Z,47.003,3.930,184.701,8.630,0.00,2.9330,24.735275,46.702438,41.825,54.776,18.256
2025-12-27T17:33:38.912Z,47.078,3.964,186.599,8.630,0.00,2.9330,24.735275,46.702438,41.829,54.770,18.258
2025-12-27T17:33:39.111Z,46.925,3.996,187.533,8.630,0.00,2.9330,24.735275,46.702438,41.840,54.757,18.263
2025-12-27T17:33:39.434Z,46.915,3.948,185.210,8.650,0.00,2.9360,24.735270,46.702415,41.856,54.807,18.246
2025-12-27T17:33:39.434Z,46.821,3.899,182.562,8.650,0.00,2.9360,24.735270,46.702415,41.856,54.807,18.246
2025-12-27T17:33:39.521Z,47.217,4.262,201.250,8.650,0.00,2.9360,24.735270,46.702415,41.861,54.800,18.248
2025-12-27T17:33:39.953Z,46.970,3.804,178.675,8.650,0.00,2.9360,24.735270,46.702415,41.883,54.772,18.257
2025-12-27T17:33:39.954Z,46.832,4.156,194.642,8.650,0.00,2.9360,24.735270,46.702415,41.883,54.772,18.257
2025-12-27T17:33:40.047Z,47.119,3.656,172.248,8.650,0.00,2.9360,24.735270,46.702415,41.887,54.766,18.259
2025-12-27T17:33:40.378Z,47.312,4.409,208.591,8.650,0.00,2.9360,24.735270,46.702415,41.906,54.741,18.268
2025-12-27T17:33:40.774Z,47.275,4.310,203.767,8.610,0.00,2.9380,24.735264,46.702393,41.929,54.760,18.262
2025-12-27T17:33:40.774Z,204.800,0.000,-0.008,8.610,0.00,2.9380,24.735264,46.702393,41.929,54.760,18.262
2025-12-27T17:33:40.774Z,46.724,0.000,-0.002,8.610,0.00,2.9380,24.735264,46.702393,41.929,54.760,18.262
2025-12-27T17:33:40.850Z,46.805,4.453,208.407,8.610,0.00,2.9380,24.735264,46.702393,41.933,54.754,18.264
2025-12-27T17:33:41.385Z,46.663,4.047,188.844,8.610,0.00,2.9380,24.735264,46.702393,41.961,54.717,18.276
2025-12-27T17:33:41.385Z,204.800,0.000,-0.008,8.610,0.00,2.9380,24.735264,46.702393,41.961,54.717,18.276
2025-12-27T17:33:41.492Z,47.343,4.456,210.969,9.040,0.00,2.9400,24.735256,46.702370,41.967,54.757,18.263
2025-12-27T17:33:41.492Z,46.972,4.549,213.667,9.040,0.00,2.9400,24.735256,46.702370,41.967,54.757,18.263
2025-12-27T17:33:41.904Z,204.800,0.000,-0.008,9.040,0.00,2.9400,24.735256,46.702370,41.967,54.757,18.263
2025-12-27T17:33:41.904Z,46.869,3.268,153.158,9.040,0.00,2.9400,24.735256,46.702370,41.967,54.757,18.263
2025-12-27T17:33:42.204Z,46.813,0.000,-0.002,9.040,0.00,2.9400,24.735256,46.702370,41.967,54.757,18.263
2025-12-27T17:33:42.204Z,47.174,4.314,203.486,9.040,0.00,2.9400,24.735256,46.702370,41.967,54.757,18.263
2025-12-27T17:33:42.309Z,204.800,0.000,-0.008,9.450,0.00,2.9430,24.735247,46.702347,41.967,54.828,18.239
2025-12-27T17:33:42.508Z,47.135,3.639,171.517,9.450,0.00,2.9430,24.735247,46.702347,41.977,54.816,18.243
2025-12-27T17:33:42.510Z,47.171,3.818,180.091,9.450,0.00,2.9430,24.735247,46.702347,41.977,54.816,18.243
2025-12-27T17:33:42.815Z,47.258,4.196,198.305,9.450,0.00,2.9430,24.735247,46.702347,41.994,54.794,18.250
2025-12-27T17:33:42.815Z,47.163,3.680,173.582,9.450,0.00,2.9430,24.735247,46.702347,41.994,54.794,18.250
2025-12-27T17:33:43.231Z,204.800,0.000,-0.008,9.450,0.00,2.9430,24.735247,46.702347,41.994,54.794,18.250
2025-12-27T17:33:43.231Z,204.800,0.000,-0.008,9.450,0.00,2.9430,24.735247,46.702347,41.994,54.794,18.250
2025-12-27T17:33:43.559Z,47.338,0.000,-0.002,9.570,0.00,2.9460,24.735239,46.702320,41.994,54.865,18.226
2025-12-27T17:33:43.559Z,204.800,0.000,-0.008,9.570,0.00,2.9460,24.735239,46.702320,41.994,54.865,18.226
2025-12-27T17:33:43.623Z,204.800,2.441,499.914,9.570,0.00,2.9460,24.735239,46.702320,42.003,54.854,18.230
2025-12-27T17:33:43.949Z,47.725,2.368,113.020,9.570,0.00,2.9460,24.735239,46.702320,42.013,54.840,18.235
2025-12-27T17:33:44.045Z,47.755,2.582,123.309,9.570,0.00,2.9460,24.735239,46.702320,42.016,54.836,18.236
2025-12-27T17:33:44.050Z,47.522,2.816,133.845,9.570,0.00,2.9460,24.735239,46.702320,42.016,54.836,18.236
2025-12-27T17:33:44.357Z,47.118,3.809,179.452,9.320,0.00,2.9480,24.735233,46.702297,42.032,54.863,18.227
2025-12-27T17:33:44.444Z,204.800,3.756,769.226,9.320,0.00,2.9480,24.735233,46.702297,42.050,54.839,18.235
2025-12-27T17:33:44.838Z,46.729,4.340,202.787,9.320,0.00,2.9480,24.735233,46.702297,42.073,54.810,18.245
2025-12-27T17:33:44.838Z,204.800,0.000,-0.008,9.320,0.00,2.9480,24.735233,46.702297,42.073,54.810,18.245
2025-12-27T17:33:45.274Z,46.518,4.250,197.687,9.320,0.00,2.9480,24.735233,46.702297,42.096,54.779,18.255
2025-12-27T17:33:45.274Z,204.800,0.000,-0.008,9.320,0.00,2.9480,24.735233,46.702297,42.096,54.779,18.255
2025-12-27T17:33:45.384Z,46.538,4.635,215.704,9.520,0.00,2.9510,24.735228,46.702271,42.103,54.842,18.234
2025-12-27T17:33:45.384Z,204.800,5.216,1068.312,9.520,0.00,2.9510,24.735228,46.702271,42.103,54.842,18.234
2025-12-27T17:33:45.804Z,46.489,5.716,265.729,9.520,0.00,2.9510,24.735228,46.702271,42.134,54.801,18.248
2025-12-27T17:33:45.804Z,204.800,0.000,-0.008,9.520,0.00,2.9510,24.735228,46.702271,42.134,54.801,18.248
2025-12-27T17:33:45.804Z,46.258,4.353,201.379,9.520,0.00,2.9510,24.735228,46.702271,42.134,54.801,18.248
2025-12-27T17:33:45.970Z,46.366,0.000,-0.002,9.520,0.00,2.9510,24.735228,46.702271,42.134,54.801,18.248
2025-12-27T17:33:46.304Z,46.459,4.019,186.713,9.520,0.00,2.9510,24.735228,46.702271,42.151,54.779,18.255
2025-12-27T17:33:46.304Z,46.948,4.787,224.716,9.700,0.00,2.9530,24.735222,46.702248,42.151,54.826,18.239
2025-12-27T17:33:46.595Z,204.800,0.000,-0.008,9.700,0.00,2.9530,24.735222,46.702248,42.151,54.826,18.239
2025-12-27T17:33:46.595Z,46.704,4.810,224.637,9.700,0.00,2.9530,24.735222,46.702248,42.151,54.826,18.239
2025-12-27T17:33:46.808Z,204.800,0.000,-0.008,9.700,0.00,2.9530,24.735222,46.702248,42.151,54.826,18.239
2025-12-27T17:33:47.008Z,46.649,3.762,175.516,9.700,0.00,2.9530,24.735222,46.702248,42.161,54.813,18.244
2025-12-27T17:33:47.215Z,47.000,4.277,200.997,9.700,0.00,2.9530,24.735222,46.702248,42.173,54.798,18.249
2025-12-27T17:33:47.216Z,47.124,4.864,229.229,9.540,0.00,2.9560,24.735214,46.702221,42.173,54.869,18.225
2025-12-27T17:33:47.936Z,46.744,4.145,193.748,9.540,0.00,2.9560,24.735214,46.702221,42.212,54.819,18.242
2025-12-27T17:33:47.936Z,47.004,4.621,217.221,9.540,0.00,2.9560,24.735214,46.702221,42.212,54.819,18.242
2025-12-27T17:33:47.936Z,46.688,4.347,202.974,9.540,0.00,2.9560,24.735214,46.702221,42.212,54.819,18.242
2025-12-27T17:33:47.936Z,46.842,4.726,221.384,9.540,0.00,2.9560,24.735214,46.702221,42.212,54.819,18.242
2025-12-27T17:33:48.025Z,46.767,4.431,207.209,9.540,0.00,2.9560,24.735214,46.702221,42.217,54.812,18.244
2025-12-27T17:33:48.351Z,204.800,0.000,-0.008,9.540,0.00,2.9560,24.735214,46.702221,42.217,54.812,18.244
2025-12-27T17:33:48.450Z,204.800,0.000,-0.008,9.670,0.00,2.9590,24.735207,46.702198,42.217,54.884,18.220
2025-12-27T17:33:48.477Z,46.705,4.549,212.470,9.670,0.00,2.9590,24.735207,46.702198,42.218,54.881,18.221
2025-12-27T17:33:48.820Z,46.773,4.412,206.354,9.670,0.00,2.9590,24.735207,46.702198,42.238,54.856,18.230
2025-12-27T17:33:48.820Z,46.896,4.169,195.518,9.670,0.00,2.9590,24.735207,46.702198,42.238,54.856,18.230
2025-12-27T17:33:49.068Z,46.617,4.634,216.011,9.670,0.00,2.9590,24.735207,46.702198,42.253,54.837,18.236
2025-12-27T17:33:49.068Z,204.800,0.000,-0.008,9.670,0.00,2.9590,24.735207,46.702198,42.253,54.837,18.236
2025-12-27T17:33:49.374Z,204.800,0.000,-0.008,9.720,0.00,2.9620,24.735195,46.702171,42.253,54.908,18.212
2025-12-27T17:33:49.804Z,204.800,0.000,-0.008,9.720,0.00,2.9620,24.735195,46.702171,42.253,54.908,18.212
2025-12-27T17:33:49.804Z,204.800,0.000,-0.008,9.720,0.00,2.9620,24.735195,46.702171,42.253,54.908,18.212
2025-12-27T17:33:50.085Z,46.184,5.778,266.874,9.720,0.00,2.9620,24.735195,46.702171,42.274,54.881,18.221
2025-12-27T17:33:50.085Z,46.075,5.781,266.370,9.720,0.00,2.9620,24.735195,46.702171,42.274,54.881,18.221
2025-12-27T17:33:50.184Z,46.171,0.000,-0.002,9.720,0.00,2.9620,24.735195,46.702171,42.274,54.881,18.221
2025-12-27T17:33:50.184Z,46.135,5.697,262.840,10.150,0.00,2.9640,24.735184,46.702148,42.274,54.928,18.206
2025-12-27T17:33:50.603Z,46.227,0.000,-0.002,10.150,0.00,2.9640,24.735184,46.702148,42.274,54.928,18.206
2025-12-27T17:33:50.603Z,46.271,5.410,250.311,10.150,0.00,2.9640,24.735184,46.702148,42.274,54.928,18.206
2025-12-27T17:33:51.008Z,46.261,5.297,245.062,10.150,0.00,2.9640,24.735184,46.702148,42.301,54.892,18.218
2025-12-27T17:33:51.008Z,46.342,5.502,254.970,10.150,0.00,2.9640,24.735184,46.702148,42.301,54.892,18.218
2025-12-27T17:33:51.030Z,204.800,0.000,-0.008,10.150,0.00,2.9640,24.735184,46.702148,42.301,54.892,18.218
2025-12-27T17:33:51.524Z,204.800,0.000,-0.008,10.150,0.00,2.9640,24.735184,46.702148,42.301,54.892,18.218
2025-12-27T17:33:51.524Z,46.472,5.047,234.545,10.610,0.00,2.9670,24.735172,46.702122,42.301,54.963,18.194
2025-12-27T17:33:51.524Z,46.554,4.905,228.359,10.610,0.00,2.9670,24.735172,46.702122,42.301,54.963,18.194
2025-12-27T17:33:51.864Z,46.468,5.212,242.178,10.610,0.00,2.9670,24.735172,46.702122,42.324,54.933,18.204
2025-12-27T17:33:51.864Z,46.477,5.055,234.938,10.610,0.00,2.9670,24.735172,46.702122,42.324,54.933,18.204
2025-12-27T17:33:51.912Z,204.800,0.000,-0.008,10.610,0.00,2.9670,24.735172,46.702122,42.324,54.933,18.204
2025-12-27T17:33:52.249Z,46.367,5.102,236.547,10.610,0.00,2.9670,24.735172,46.702122,42.346,54.904,18.213
2025-12-27T17:33:52.254Z,46.453,0.000,-0.002,11.350,0.00,2.9700,24.735161,46.702095,42.346,54.975,18.190
2025-12-27T17:33:52.435Z,46.359,5.298,245.611,11.350,0.00,2.9700,24.735161,46.702095,42.359,54.959,18.195
2025-12-27T17:33:52.747Z,46.540,0.000,-0.002,11.350,0.00,2.9700,24.735161,46.702095,42.359,54.959,18.195
2025-12-27T17:33:52.847Z,46.485,4.865,226.152,11.350,0.00,2.9700,24.735161,46.702095,42.365,54.951,18.198
2025-12-27T17:33:52.847Z,204.800,0.000,-0.008,11.350,0.00,2.9700,24.735161,46.702095,42.365,54.951,18.198
2025-12-27T17:33:53.221Z,46.416,5.071,235.372,11.350,0.00,2.9700,24.735161,46.702095,42.389,54.919,18.208
2025-12-27T17:33:53.259Z,204.800,0.000,-0.008,11.670,0.00,2.9740,24.735149,46.702065,42.389,55.014,18.177
2025-12-27T17:33:53.569Z,46.464,4.908,228.049,11.670,0.00,2.9740,24.735149,46.702065,42.409,54.988,18.186
2025-12-27T17:33:53.569Z,46.417,5.079,235.755,11.670,0.00,2.9740,24.735149,46.702065,42.409,54.988,18.186
2025-12-27T17:33:53.661Z,46.499,4.891,227.442,11.670,0.00,2.9740,24.735149,46.702065,42.415,54.981,18.188
2025-12-27T17:33:53.867Z,26.257,0.000,-0.001,11.670,0.00,2.9740,24.735149,46.702065,42.415,54.981,18.188
2025-12-27T17:33:54.182Z,46.499,5.176,240.656,11.670,0.00,2.9740,24.735149,46.702065,42.436,54.953,18.197
2025-12-27T17:33:54.183Z,46.588,4.780,222.687,11.670,0.00,2.9740,24.735149,46.702065,42.436,54.953,18.197
2025-12-27T17:33:54.284Z,46.603,4.687,218.409,11.890,0.00,2.9770,24.735136,46.702034,42.442,55.016,18.176
2025-12-27T17:33:54.592Z,46.408,4.916,228.142,11.890,0.00,2.9770,24.735136,46.702034,42.462,54.991,18.185
2025-12-27T17:33:54.686Z,46.401,5.236,242.974,11.890,0.00,2.9770,24.735136,46.702034,42.468,54.983,18.188
2025-12-27T17:33:55.006Z,45.545,6.948,316.432,11.890,0.00,2.9770,24.735136,46.702034,42.496,54.946,18.200
2025-12-27T17:33:55.006Z,46.158,5.524,254.992,11.890,0.00,2.9770,24.735136,46.702034,42.496,54.946,18.200
2025-12-27T17:33:55.209Z,45.961,6.086,279.724,11.890,0.00,2.9770,24.735136,46.702034,42.512,54.926,18.206
2025-12-27T17:33:55.209Z,204.800,0.000,-0.008,12.200,0.00,2.9800,24.735123,46.702007,42.512,54.996,18.183
2025-12-27T17:33:55.430Z,204.800,6.000,1228.741,12.200,0.00,2.9800,24.735123,46.702007,42.587,54.899,18.215
2025-12-27T17:33:55.831Z,45.856,6.407,293.784,12.200,0.00,2.9800,24.735123,46.702007,42.620,54.857,18.229
2025-12-27T17:33:55.920Z,45.932,6.116,280.901,12.200,0.00,2.9800,24.735123,46.702007,42.627,54.848,18.232
2025-12-27T17:33:55.920Z,45.888,6.037,277.009,12.200,0.00,2.9800,24.735123,46.702007,42.627,54.848,18.232
2025-12-27T17:33:56.230Z,46.018,5.795,266.695,12.200,0.00,2.9800,24.735123,46.702007,42.650,54.818,18.242
2025-12-27T17:33:56.231Z,33.709,0.000,-0.001,12.200,0.00,2.9800,24.735123,46.702007,42.650,54.818,18.242
2025-12-27T17:33:56.441Z,204.800,0.000,-0.008,12.450,0.00,2.9840,24.735109,46.701973,42.650,54.912,18.211
2025-12-27T17:33:56.442Z,45.765,6.501,297.535,12.450,0.00,2.9840,24.735109,46.701973,42.650,54.912,18.211
2025-12-27T17:33:56.850Z,204.800,0.000,-0.008,12.450,0.00,2.9840,24.735109,46.701973,42.650,54.912,18.211
2025-12-27T17:33:57.358Z,45.615,6.852,312.552,12.450,0.00,2.9840,24.735109,46.701973,42.694,54.855,18.230
2025-12-27T17:33:57.358Z,204.800,0.000,-0.008,12.450,0.00,2.9840,24.735109,46.701973,42.694,54.855,18.230
2025-12-27T17:33:57.358Z,45.831,6.526,299.072,12.450,0.00,2.9840,24.735109,46.701973,42.694,54.855,18.230
2025-12-27T17:33:57.358Z,45.715,6.710,306.725,12.890,0.00,2.9870,24.735096,46.701942,42.694,54.926,18.206
2025-12-27T17:33:57.753Z,204.800,6.297,1289.686,12.890,0.00,2.9870,24.735096,46.701942,42.835,54.744,18.267
2025-12-27T17:33:57.753Z,204.800,0.000,-0.008,12.890,0.00,2.9870,24.735096,46.701942,42.835,54.744,18.267
2025-12-27T17:33:58.074Z,204.800,0.000,-0.008,12.890,0.00,2.9870,24.735096,46.701942,42.835,54.744,18.267
2025-12-27T17:33:58.074Z,45.793,6.504,297.814,12.890,0.00,2.9870,24.735096,46.701942,42.835,54.744,18.267
2025-12-27T17:33:58.387Z,45.731,6.770,309.622,12.890,0.00,2.9870,24.735096,46.701942,42.862,54.710,18.278
2025-12-27T17:33:58.387Z,45.807,6.279,287.618,13.320,0.00,2.9910,24.735083,46.701912,42.862,54.803,18.247
2025-12-27T17:33:58.470Z,204.800,0.000,-0.008,13.320,0.00,2.9910,24.735083,46.701912,42.862,54.803,18.247
2025-12-27T17:33:58.471Z,204.800,0.000,-0.008,13.320,0.00,2.9910,24.735083,46.701912,42.862,54.803,18.247
2025-12-27T17:33:58.892Z,45.836,6.405,293.566,13.320,0.00,2.9910,24.735083,46.701912,42.897,54.759,18.262
2025-12-27T17:33:58.893Z,45.914,6.288,288.711,13.320,0.00,2.9910,24.735083,46.701912,42.897,54.759,18.262
2025-12-27T17:33:59.308Z,45.830,6.150,281.852,13.320,0.00,2.9910,24.735083,46.701912,42.929,54.718,18.276
2025-12-27T17:33:59.308Z,204.800,0.000,-0.008,13.320,0.00,2.9910,24.735083,46.701912,42.929,54.718,18.276
2025-12-27T17:33:59.393Z,45.880,6.270,287.655,13.650,0.00,2.9940,24.735069,46.701878,42.936,54.779,18.255
2025-12-27T17:33:59.604Z,45.841,0.000,-0.002,13.650,0.00,2.9940,24.735069,46.701878,42.936,54.779,18.255
2025-12-27T17:33:59.607Z,45.880,6.151,282.227,13.650,0.00,2.9940,24.735069,46.701878,42.936,54.779,18.255
2025-12-27T17:34:00.020Z,45.764,0.000,-0.002,13.650,0.00,2.9940,24.735069,46.701878,42.936,54.779,18.255
2025-12-27T17:34:00.020Z,45.857,6.093,279.401,13.650,0.00,2.9940,24.735069,46.701878,42.936,54.779,18.255
2025-12-27T17:34:00.433Z,204.800,0.000,-0.008,13.650,0.00,2.9940,24.735069,46.701878,42.936,54.779,18.255
2025-12-27T17:34:00.433Z,204.800,0.000,-0.008,14.020,0.00,2.9980,24.735054,46.701843,42.936,54.872,18.224
2025-12-27T17:34:00.434Z,45.757,6.204,283.891,14.020,0.00,2.9980,24.735054,46.701843,42.936,54.872,18.224
2025-12-27T17:34:00.615Z,45.775,6.449,295.224,14.020,0.00,2.9980,24.735054,46.701843,42.951,54.853,18.231
2025-12-27T17:34:00.972Z,45.848,6.023,276.126,14.020,0.00,2.9980,24.735054,46.701843,42.979,54.818,18.242
2025-12-27T17:34:00.972Z,204.800,0.000,-0.008,14.020,0.00,2.9980,24.735054,46.701843,42.979,54.818,18.242
2025-12-27T17:34:01.254Z,204.800,0.000,-0.008,14.020,0.00,2.9980,24.735054,46.701843,42.979,54.818,18.242
2025-12-27T17:34:01.255Z,45.662,6.615,302.041,14.300,0.00,3.0030,24.735039,46.701805,42.979,54.934,18.204
2025-12-27T17:34:01.776Z,45.712,6.602,301.785,14.300,0.00,3.0030,24.735039,46.701805,43.022,54.878,18.222
2025-12-27T17:34:01.777Z,45.817,6.426,294.412,14.300,0.00,3.0030,24.735039,46.701805,43.022,54.878,18.222
2025-12-27T17:34:01.777Z,45.753,6.572,300.705,14.300,0.00,3.0030,24.735039,46.701805,43.022,54.878,18.222
2025-12-27T17:34:02.493Z,45.786,8.943,409.451,14.300,0.00,3.0030,24.735039,46.701805,43.104,54.775,18.257
2025-12-27T17:34:02.493Z,204.800,0.000,-0.008,14.300,0.00,3.0030,24.735039,46.701805,43.104,54.775,18.257
2025-12-27T17:34:02.493Z,45.676,6.425,293.487,14.300,0.00,3.0030,24.735039,46.701805,43.104,54.775,18.257
2025-12-27T17:34:02.493Z,45.755,6.376,291.748,14.540,0.00,3.0060,24.735023,46.701771,43.104,54.844,18.233
2025-12-27T17:34:02.565Z,204.800,0.000,-0.008,14.540,0.00,3.0060,24.735023,46.701771,43.104,54.844,18.233
2025-12-27T17:34:02.570Z,45.742,6.609,302.299,14.540,0.00,3.0060,24.735023,46.701771,43.104,54.844,18.234
2025-12-27T17:34:02.993Z,45.672,6.703,306.121,14.540,0.00,3.0060,24.735023,46.701771,43.140,54.798,18.249
2025-12-27T17:34:02.993Z,204.800,0.000,-0.008,14.540,0.00,3.0060,24.735023,46.701771,43.140,54.798,18.249
2025-12-27T17:34:03.086Z,45.639,6.461,294.890,14.540,0.00,3.0060,24.735023,46.701771,43.148,54.788,18.252
2025-12-27T17:34:03.403Z,204.800,0.000,-0.008,14.850,0.00,3.0110,24.735008,46.701733,43.148,54.904,18.214
2025-12-27T17:34:03.503Z,45.701,6.471,295.726,14.850,0.00,3.0110,24.735008,46.701733,43.156,54.894,18.217
2025-12-27T17:34:03.510Z,204.800,0.000,-0.008,14.850,0.00,3.0110,24.735008,46.701733,43.156,54.894,18.217
2025-12-27T17:34:03.705Z,45.890,6.135,281.559,14.850,0.00,3.0110,24.735008,46.701733,43.171,54.874,18.223
2025-12-27T17:34:03.985Z,45.803,6.336,290.223,14.850,0.00,3.0110,24.735008,46.701733,43.194,54.846,18.233
2025-12-27T17:34:04.222Z,45.806,6.147,281.552,14.850,0.00,3.0110,24.735008,46.701733,43.212,54.822,18.241
2025-12-27T17:34:04.538Z,204.800,0.000,-0.008,15.350,0.00,3.0150,24.734993,46.701694,43.212,54.915,18.210
2025-12-27T17:34:04.538Z,204.800,0.000,-0.008,15.350,0.00,3.0150,24.734993,46.701694,43.212,54.915,18.210
2025-12-27T17:34:04.940Z,204.800,0.000,-0.008,15.350,0.00,3.0150,24.734993,46.701694,43.212,54.915,18.210
2025-12-27T17:34:04.940Z,204.800,0.000,-0.008,15.350,0.00,3.0150,24.734993,46.701694,43.212,54.915,18.210
2025-12-27T17:34:04.940Z,204.800,0.000,-0.008,15.350,0.00,3.0150,24.734993,46.701694,43.212,54.915,18.210
2025-12-27T17:34:05.025Z,45.762,0.000,-0.002,15.350,0.00,3.0150,24.734993,46.701694,43.212,54.915,18.210
2025-12-27T17:34:05.451Z,204.800,0.000,-0.008,15.350,0.00,3.0150,24.734993,46.701694,43.212,54.915,18.210
2025-12-27T17:34:05.451Z,204.800,0.000,-0.008,15.540,0.00,3.0190,24.734976,46.701656,43.212,55.007,18.179
2025-12-27T17:34:05.794Z,45.851,6.329,290.180,15.540,0.00,3.0190,24.734976,46.701656,43.240,54.972,18.191
2025-12-27T17:34:05.795Z,45.939,5.948,273.223,15.540,0.00,3.0190,24.734976,46.701656,43.240,54.972,18.191
2025-12-27T17:34:06.292Z,45.817,6.184,283.349,15.540,0.00,3.0190,24.734976,46.701656,43.279,54.922,18.208
2025-12-27T17:34:06.292Z,204.800,0.000,-0.008,15.540,0.00,3.0190,24.734976,46.701656,43.279,54.922,18.208
2025-12-27T17:34:06.806Z,45.718,6.260,286.197,15.540,0.00,3.0190,24.734976,46.701656,43.320,54.871,18.225
2025-12-27T17:34:06.809Z,45.784,0.000,-0.002,15.980,0.00,3.0230,24.734959,46.701618,43.320,54.963,18.194
2025-12-27T17:34:06.809Z,204.800,6.372,1305.061,15.980,0.00,3.0230,24.734959,46.701618,43.320,54.963,18.194
2025-12-27T17:34:06.809Z,45.902,6.197,284.450,15.980,0.00,3.0230,24.734959,46.701618,43.320,54.963,18.194
2025-12-27T17:34:06.809Z,204.800,0.000,-0.008,15.980,0.00,3.0230,24.734959,46.701618,43.320,54.963,18.194
2025-12-27T17:34:07.404Z,45.832,6.011,275.485,15.980,0.00,3.0230,24.734959,46.701618,43.366,54.905,18.213
2025-12-27T17:34:07.404Z,45.921,5.831,267.762,15.980,0.00,3.0230,24.734959,46.701618,43.366,54.905,18.213
2025-12-27T17:34:07.404Z,45.959,0.000,-0.002,15.980,0.00,3.0230,24.734959,46.701618,43.366,54.905,18.213
2025-12-27T17:34:07.404Z,45.786,6.450,295.336,16.060,0.00,3.0280,24.734941,46.701576,43.366,55.020,18.175
2025-12-27T17:34:07.593Z,45.861,5.896,270.402,16.060,0.00,3.0280,24.734941,46.701576,43.380,55.002,18.181
2025-12-27T17:34:07.594Z,204.800,0.000,-0.008,16.060,0.00,3.0280,24.734941,46.701576,43.380,55.002,18.181
2025-12-27T17:34:07.804Z,45.848,6.217,285.033,16.060,0.00,3.0280,24.734941,46.701576,43.397,54.981,18.188
2025-12-27T17:34:08.421Z,45.875,6.521,299.128,16.060,0.00,3.0280,24.734941,46.701576,43.448,54.916,18.209
2025-12-27T17:34:08.421Z,45.859,6.522,299.085,16.060,0.00,3.0280,24.734941,46.701576,43.448,54.916,18.210
2025-12-27T17:34:08.421Z,45.963,6.147,282.557,16.430,0.00,3.0330,24.734924,46.701534,43.448,55.031,18.171
2025-12-27T17:34:08.421Z,45.874,6.007,275.551,16.430,0.00,3.0330,24.734924,46.701534,43.448,55.031,18.171
2025-12-27T17:34:08.727Z,45.761,5.840,267.254,16.430,0.00,3.0330,24.734924,46.701534,43.471,55.003,18.181
2025-12-27T17:34:08.825Z,45.798,6.303,288.669,16.430,0.00,3.0330,24.734924,46.701534,43.478,54.993,18.184
2025-12-27T17:34:08.825Z,204.800,6.302,1290.585,16.430,0.00,3.0330,24.734924,46.701534,43.478,54.993,18.184
2025-12-27T17:34:09.021Z,204.800,0.000,-0.008,16.430,0.00,3.0330,24.734924,46.701534,43.478,54.993,18.184
2025-12-27T17:34:09.539Z,204.800,0.000,-0.008,16.760,0.00,3.0370,24.734905,46.701496,43.478,55.085,18.154
2025-12-27T17:34:09.539Z,204.800,0.000,-0.008,16.760,0.00,3.0370,24.734905,46.701496,43.478,55.085,18.154
2025-12-27T17:34:09.540Z,204.800,5.923,1213.124,16.760,0.00,3.0370,24.734905,46.701496,43.478,55.085,18.154
2025-12-27T17:34:09.857Z,45.971,6.165,283.388,16.760,0.00,3.0370,24.734905,46.701496,43.503,55.053,18.164
2025-12-27T17:34:09.857Z,45.924,6.377,292.865,16.760,0.00,3.0370,24.734905,46.701496,43.503,55.053,18.164
2025-12-27T17:34:10.259Z,45.656,6.275,286.510,16.760,0.00,3.0370,24.734905,46.701496,43.535,55.013,18.178
2025-12-27T17:34:10.259Z,45.805,5.836,267.309,16.760,0.00,3.0370,24.734905,46.701496,43.535,55.013,18.178
2025-12-27T17:34:10.893Z,45.809,6.047,277.008,16.820,0.00,3.0420,24.734886,46.701454,43.584,55.066,18.160
2025-12-27T17:34:10.893Z,204.800,0.000,-0.008,16.820,0.00,3.0420,24.734886,46.701454,43.584,55.066,18.160
2025-12-27T17:34:10.893Z,30.477,5.952,181.410,16.820,0.00,3.0420,24.734886,46.701454,43.584,55.066,18.160
2025-12-27T17:34:10.893Z,45.775,6.203,283.924,16.820,0.00,3.0420,24.734886,46.701454,43.584,55.066,18.160
2025-12-27T17:34:11.167Z,204.800,0.000,-0.008,16.820,0.00,3.0420,24.734886,46.701454,43.584,55.066,18.160
2025-12-27T17:34:11.169Z,45.904,6.070,278.614,16.820,0.00,3.0420,24.734886,46.701454,43.584,55.066,18.160
2025-12-27T17:34:11.282Z,204.800,0.000,-0.008,17.020,0.00,3.0460,24.734869,46.701412,43.584,55.157,18.130
2025-12-27T17:34:11.634Z,45.830,6.241,286.021,17.020,0.00,3.0460,24.734869,46.701412,43.612,55.122,18.142
2025-12-27T17:34:11.903Z,45.858,0.000,-0.002,17.020,0.00,3.0460,24.734869,46.701412,43.612,55.122,18.142
2025-12-27T17:34:11.903Z,45.983,5.862,269.561,17.020,0.00,3.0460,24.734869,46.701412,43.612,55.122,18.142
2025-12-27T17:34:12.008Z,204.800,0.000,-0.008,17.020,0.00,3.0460,24.734869,46.701412,43.612,55.122,18.142
2025-12-27T17:34:12.009Z,45.851,5.610,257.220,17.020,0.00,3.0460,24.734869,46.701412,43.612,55.122,18.142
2025-12-27T17:34:12.622Z,204.800,0.000,-0.008,17.110,0.00,3.0510,24.734850,46.701370,43.612,55.237,18.104
2025-12-27T17:34:12.622Z,45.849,0.000,-0.002,17.110,0.00,3.0510,24.734850,46.701370,43.612,55.237,18.104
2025-12-27T17:34:12.622Z,46.002,5.929,272.752,17.110,0.00,3.0510,24.734850,46.701370,43.612,55.237,18.104
2025-12-27T17:34:12.711Z,45.786,5.572,255.123,17.110,0.00,3.0510,24.734850,46.701370,43.619,55.229,18.107
2025-12-27T17:34:13.130Z,204.800,0.000,-0.008,17.110,0.00,3.0510,24.734850,46.701370,43.619,55.229,18.107
2025-12-27T17:34:13.131Z,45.798,5.528,253.183,17.110,0.00,3.0510,24.734850,46.701370,43.619,55.229,18.107
2025-12-27T17:34:13.225Z,46.102,6.086,280.598,17.110,0.00,3.0510,24.734850,46.701370,43.626,55.219,18.110
2025-12-27T17:34:13.227Z,204.800,0.000,-0.008,17.410,0.00,3.0560,24.734831,46.701324,43.626,55.334,18.072
2025-12-27T17:34:13.596Z,46.111,0.000,-0.002,17.410,0.00,3.0560,24.734831,46.701324,43.626,55.334,18.072
2025-12-27T17:34:13.596Z,46.137,6.286,290.025,17.410,0.00,3.0560,24.734831,46.701324,43.626,55.334,18.072
2025-12-27T17:34:13.980Z,45.838,6.273,287.548,17.410,0.00,3.0560,24.734831,46.701324,43.657,55.295,18.085
2025-12-27T17:34:14.043Z,204.800,0.000,-0.008,17.410,0.00,3.0560,24.734831,46.701324,43.657,55.295,18.085
2025-12-27T17:34:14.044Z,45.646,0.000,-0.002,17.410,0.00,3.0560,24.734831,46.701324,43.657,55.295,18.085
2025-12-27T17:34:14.395Z,204.800,0.000,-0.008,17.480,0.00,3.0610,24.734812,46.701283,43.657,55.409,18.047
2025-12-27T17:34:14.395Z,204.800,0.000,-0.008,17.480,0.00,3.0610,24.734812,46.701283,43.657,55.409,18.047
2025-12-27T17:34:14.771Z,204.800,0.000,-0.008,17.480,0.00,3.0610,24.734812,46.701283,43.657,55.409,18.047
2025-12-27T17:34:14.783Z,204.800,0.000,-0.008,17.480,0.00,3.0610,24.734812,46.701283,43.657,55.409,18.047