timestamp,voltage,current,power,speed,rpm,distance_km,latitude,longitude,total_energy_wh,efficiency_km_per_kwh,consumption_wh_per_km
2025-12-29T13:41:35.503Z,51.655,0.066,3.409,0.000,0.00,0.0050,24.734488,46.699482,0.002,0.000,0.000
2025-12-29T13:41:35.504Z,51.655,0.067,3.476,0.000,0.00,0.0050,24.734488,46.699482,0.002,0.000,0.000
2025-12-29T13:41:35.505Z,51.658,0.059,3.054,0.000,0.00,0.0050,24.734488,46.699482,0.002,0.000,0.000
2025-12-29T13:41:35.506Z,51.654,0.066,3.391,0.000,0.00,0.0050,24.734488,46.699482,0.002,0.000,0.000
2025-12-29T13:41:35.507Z,51.657,0.060,3.108,0.000,0.00,0.0050,24.734488,46.699482,0.002,0.000,0.000
2025-12-29T13:41:35.507Z,51.654,0.067,3.438,0.000,0.00,0.0050,24.734488,46.699482,0.002,0.000,0.000
2025-12-29T13:41:35.537Z,51.654,0.061,3.133,0.000,0.00,0.0050,24.734488,46.699482,0.002,0.000,0.000
2025-12-29T13:41:35.538Z,51.654,0.070,3.624,0.000,0.00,0.0050,24.734488,46.699482,0.002,0.000,0.000
2025-12-29T13:41:35.828Z,51.656,0.064,3.295,0.000,0.00,0.0050,24.734488,46.699482,0.003,0.000,0.000
2025-12-29T13:41:35.829Z,51.657,0.059,3.033,0.000,0.00,0.0050,24.734488,46.699482,0.003,0.000,0.000
2025-12-29T13:41:36.178Z,51.655,0.064,3.287,0.000,0.00,0.0050,24.734488,46.699482,0.003,0.000,0.000
2025-12-29T13:41:36.179Z,51.657,0.060,3.092,0.000,0.00,0.0050,24.734488,46.699482,0.003,0.000,0.000
2025-12-29T13:41:36.658Z,51.657,0.062,3.198,0.000,0.00,0.0050,24.734488,46.699482,0.003,0.000,0.000
2025-12-29T13:41:36.660Z,51.653,0.072,3.700,0.000,0.00,0.0050,24.734488,46.699482,0.003,0.000,0.000
2025-12-29T13:41:36.661Z,51.653,0.071,3.689,0.000,0.00,0.0050,24.734488,46.699482,0.003,0.000,0.000
2025-12-29T13:41:36.976Z,51.657,0.064,3.291,0.000,0.00,0.0050,24.734488,46.699482,0.004,0.000,0.000
2025-12-29T13:41:36.977Z,51.653,0.071,3.667,0.000,0.00,0.0050,24.734488,46.699482,0.004,0.000,0.000
2025-12-29T13:41:37.034Z,51.657,0.062,3.208,0.000,0.00,0.0050,24.734488,46.699482,0.004,0.000,0.000
2025-12-29T13:41:37.297Z,51.653,0.071,3.657,0.000,0.00,0.0050,24.734488,46.699482,0.004,0.000,0.000
2025-12-29T13:41:37.618Z,51.658,0.059,3.064,0.000,0.00,0.0050,24.734488,46.699482,0.004,0.000,0.000
2025-12-29T13:41:37.619Z,51.657,0.060,3.119,0.000,0.00,0.0050,24.734488,46.699482,0.004,0.000,0.000
2025-12-29T13:41:37.936Z,51.658,0.059,3.049,0.000,0.00,0.0050,24.734488,46.699482,0.005,0.000,0.000
2025-12-29T13:41:37.937Z,51.657,0.061,3.125,0.000,0.00,0.0050,24.734488,46.699482,0.005,0.000,0.000
2025-12-29T13:41:38.088Z,51.654,0.070,3.596,0.000,0.00,0.0050,24.734488,46.699482,0.005,0.000,0.000
2025-12-29T13:41:38.089Z,51.654,0.071,3.681,0.000,0.00,0.0050,24.734488,46.699482,0.005,0.000,0.000
2025-12-29T13:41:38.418Z,51.657,0.060,3.106,0.000,0.00,0.0050,24.734488,46.699482,0.005,0.000,0.000
2025-12-29T13:41:38.420Z,51.658,0.059,3.064,0.000,0.00,0.0050,24.734488,46.699482,0.005,0.000,0.000
2025-12-29T13:41:38.736Z,51.658,0.060,3.112,0.000,0.00,0.0050,24.734488,46.699482,0.005,0.000,0.000
2025-12-29T13:41:38.737Z,51.658,0.059,3.047,0.000,0.00,0.0050,24.734488,46.699482,0.005,0.000,0.000
2025-12-29T13:41:39.057Z,51.657,0.061,3.141,0.000,0.00,0.0050,24.734488,46.699482,0.006,0.000,0.000
2025-12-29T13:41:39.377Z,51.654,0.071,3.689,0.000,0.00,0.0050,24.734488,46.699482,0.006,0.000,0.000
2025-12-29T13:41:39.378Z,51.657,0.060,3.112,0.000,0.00,0.0050,24.734488,46.699482,0.006,0.000,0.000
2025-12-29T13:41:39.498Z,51.656,0.064,3.314,0.000,0.00,0.0050,24.734488,46.699482,0.006,0.000,0.000
2025-12-29T13:41:39.499Z,51.658,0.059,3.035,0.000,0.00,0.0050,24.734488,46.699482,0.006,0.000,0.000
2025-12-29T13:41:39.857Z,51.658,0.060,3.094,0.000,0.00,0.0050,24.734488,46.699482,0.006,0.000,0.000
2025-12-29T13:41:39.858Z,51.654,0.072,3.695,0.000,0.00,0.0050,24.734488,46.699482,0.006,0.000,0.000
2025-12-29T13:41:40.176Z,51.658,0.062,3.192,0.000,0.00,0.0050,24.734488,46.699482,0.007,0.000,0.000
2025-12-29T13:41:40.177Z,51.658,0.059,3.052,0.000,0.00,0.0050,24.734488,46.699482,0.007,0.000,0.000
2025-12-29T13:41:40.498Z,51.653,0.074,3.838,0.000,0.00,0.0050,24.734488,46.699482,0.007,0.000,0.000
2025-12-29T13:41:40.499Z,51.654,0.072,3.695,0.000,0.00,0.0050,24.734488,46.699482,0.007,0.000,0.000
2025-12-29T13:41:40.817Z,51.658,0.060,3.094,0.000,0.00,0.0050,24.734488,46.699482,0.007,0.000,0.000
2025-12-29T13:41:41.050Z,51.659,0.059,3.070,0.000,0.00,0.0050,24.734488,46.699482,0.007,0.000,0.000
2025-12-29T13:41:41.051Z,51.658,0.061,3.155,0.000,0.00,0.0050,24.734488,46.699482,0.007,0.000,0.000
2025-12-29T13:41:41.341Z,51.654,0.071,3.675,0.000,0.00,0.0050,24.734488,46.699482,0.008,0.000,0.000
2025-12-29T13:41:41.342Z,51.658,0.061,3.147,0.000,0.00,0.0050,24.734488,46.699482,0.008,0.000,0.000
2025-12-29T13:41:41.659Z,51.657,0.064,3.293,0.000,0.00,0.0050,24.734488,46.699482,0.008,0.000,0.000
2025-12-29T13:41:41.661Z,51.655,0.069,3.584,0.000,0.00,0.0050,24.734488,46.699482,0.008,0.000,0.000
2025-12-29T13:41:41.744Z,51.656,0.066,3.431,0.000,0.00,0.0050,24.734488,46.699482,0.008,0.000,0.000
2025-12-29T13:41:42.132Z,51.427,0.730,37.541,0.000,0.00,0.0050,24.734488,46.699482,0.012,0.000,0.000
2025-12-29T13:41:42.133Z,51.184,1.327,67.940,0.000,0.00,0.0050,24.734488,46.699482,0.012,0.000,0.000
2025-12-29T13:41:42.469Z,51.094,1.458,74.509,0.000,0.00,0.0050,24.734488,46.699482,0.019,0.000,0.000
2025-12-29T13:41:42.471Z,51.190,1.632,83.524,0.000,0.00,0.0050,24.734488,46.699482,0.019,0.000,0.000
2025-12-29T13:41:42.793Z,51.227,1.514,77.535,0.000,0.00,0.0050,24.734488,46.699482,0.026,0.000,0.000
2025-12-29T13:41:42.795Z,51.099,1.596,81.561,0.000,0.00,0.0050,24.734488,46.699482,0.026,0.000,0.000
2025-12-29T13:41:43.091Z,51.210,1.544,79.054,0.000,0.00,0.0050,24.734488,46.699482,0.033,0.000,0.000
2025-12-29T13:41:43.101Z,51.058,1.677,85.640,0.000,0.00,0.0050,24.734488,46.699482,0.033,0.000,0.000
2025-12-29T13:41:43.188Z,51.160,1.810,92.583,0.000,0.00,0.0050,24.734488,46.699482,0.035,0.000,0.000
2025-12-29T13:41:43.580Z,51.170,1.653,84.609,0.000,0.00,0.0050,24.734488,46.699482,0.044,0.000,0.000
2025-12-29T13:41:43.581Z,51.130,1.858,94.986,0.850,0.00,0.0050,24.734491,46.699482,0.044,0.000,0.000
2025-12-29T13:41:43.905Z,51.026,1.962,100.102,0.850,0.00,0.0050,24.734491,46.699482,0.053,0.000,0.000
2025-12-29T13:41:43.906Z,51.032,1.721,87.802,0.850,0.00,0.0050,24.734491,46.699482,0.053,0.000,0.000
2025-12-29T13:41:44.219Z,50.980,1.829,93.261,0.850,0.00,0.0050,24.734491,46.699482,0.062,0.000,0.000
2025-12-29T13:41:44.220Z,51.022,1.776,90.622,0.850,0.00,0.0050,24.734491,46.699482,0.062,0.000,0.000
2025-12-29T13:41:44.308Z,51.089,1.729,88.309,0.850,0.00,0.0050,24.734491,46.699482,0.064,0.000,0.000
2025-12-29T13:41:44.737Z,51.102,1.637,83.632,1.460,0.00,0.0050,24.734488,46.699482,0.074,0.000,0.000
2025-12-29T13:41:44.738Z,51.088,1.714,87.590,1.460,0.00,0.0050,24.734488,46.699482,0.074,0.000,0.000
2025-12-29T13:41:44.739Z,51.105,1.869,95.539,1.460,0.00,0.0050,24.734488,46.699482,0.074,0.000,0.000
2025-12-29T13:41:45.019Z,51.099,1.651,84.382,1.460,0.00,0.0050,24.734488,46.699482,0.080,0.000,0.000
2025-12-29T13:41:45.340Z,51.083,1.888,96.426,1.460,0.00,0.0050,24.734488,46.699482,0.089,0.000,0.000
2025-12-29T13:41:45.341Z,51.287,1.127,57.787,1.460,0.00,0.0050,24.734488,46.699482,0.089,0.000,0.000
2025-12-29T13:41:45.661Z,50.959,2.242,114.236,2.070,0.00,0.0060,24.734484,46.699486,0.099,10.104,98.969
2025-12-29T13:41:45.662Z,51.003,2.307,117.684,2.070,0.00,0.0060,24.734484,46.699486,0.099,10.094,99.068
2025-12-29T13:41:45.743Z,50.758,2.680,136.021,2.070,0.00,0.0060,24.734484,46.699486,0.102,9.792,102.128
2025-12-29T13:41:45.980Z,50.886,2.255,114.764,2.070,0.00,0.0060,24.734484,46.699486,0.110,9.120,109.651
2025-12-29T13:41:45.981Z,50.695,2.872,145.576,2.070,0.00,0.0060,24.734484,46.699486,0.110,9.113,109.732
2025-12-29T13:41:46.289Z,50.714,2.737,138.782,2.070,0.00,0.0060,24.734484,46.699486,0.122,8.223,121.606
2025-12-29T13:41:46.290Z,50.743,2.903,147.305,2.070,0.00,0.0060,24.734484,46.699486,0.122,8.221,121.647
2025-12-29T13:41:46.460Z,51.074,1.831,93.506,2.700,0.00,0.0070,24.734476,46.699490,0.126,15.868,63.018
2025-12-29T13:41:46.939Z,50.852,2.542,129.265,2.700,0.00,0.0070,24.734476,46.699490,0.143,13.963,71.618
2025-12-29T13:41:46.939Z,50.804,2.655,134.889,2.700,0.00,0.0070,24.734476,46.699490,0.143,13.956,71.655
2025-12-29T13:41:46.968Z,50.904,2.253,114.670,2.700,0.00,0.0070,24.734476,46.699490,0.144,13.869,72.101
2025-12-29T13:41:47.419Z,50.731,3.012,152.797,2.700,0.00,0.0070,24.734476,46.699490,0.163,12.244,81.672
2025-12-29T13:41:47.421Z,50.731,3.012,152.797,2.700,0.00,0.0070,24.734476,46.699490,0.163,12.238,81.715
2025-12-29T13:41:47.586Z,50.793,2.717,138.027,3.610,0.00,0.0080,24.734468,46.699493,0.170,17.672,56.585
2025-12-29T13:41:47.587Z,50.781,2.784,141.360,3.610,0.00,0.0080,24.734468,46.699493,0.170,17.668,56.598
2025-12-29T13:41:47.799Z,50.576,3.346,169.223,3.610,0.00,0.0080,24.734468,46.699493,0.180,16.689,59.920
2025-12-29T13:41:48.109Z,50.732,2.823,143.201,3.610,0.00,0.0080,24.734468,46.699493,0.192,15.618,64.031
2025-12-29T13:41:48.110Z,50.732,2.823,143.201,3.610,0.00,0.0080,24.734468,46.699493,0.192,15.614,64.044
2025-12-29T13:41:48.591Z,50.659,3.045,154.274,3.610,0.00,0.0080,24.734468,46.699493,0.213,14.104,70.900
2025-12-29T13:41:48.593Z,50.578,3.162,159.949,4.410,0.00,0.0090,24.734459,46.699501,0.213,18.798,53.198
2025-12-29T13:41:48.594Z,50.572,3.306,167.170,4.410,0.00,0.0090,24.734459,46.699501,0.213,18.790,53.221
2025-12-29T13:41:48.703Z,50.887,2.339,119.028,4.410,0.00,0.0090,24.734459,46.699501,0.216,18.480,54.113
2025-12-29T13:41:49.080Z,50.791,2.693,136.781,4.410,0.00,0.0090,24.734459,46.699501,0.231,17.330,57.704
2025-12-29T13:41:49.231Z,50.901,2.371,120.680,4.410,0.00,0.0090,24.734459,46.699501,0.236,16.958,58.969
2025-12-29T13:41:49.232Z,50.901,3.384,172.225,4.410,0.00,0.0090,24.734459,46.699501,0.236,16.954,58.981
2025-12-29T13:41:49.560Z,50.541,3.397,171.669,4.410,0.00,0.0090,24.734459,46.699501,0.252,15.900,62.892
2025-12-29T13:41:49.561Z,50.537,3.384,171.008,4.980,0.00,0.0110,24.734447,46.699505,0.252,23.846,41.936
2025-12-29T13:41:49.881Z,50.558,3.303,166.977,4.980,0.00,0.0110,24.734447,46.699505,0.266,22.522,44.402
2025-12-29T13:41:49.882Z,50.719,3.128,158.639,4.980,0.00,0.0110,24.734447,46.699505,0.266,22.514,44.416
2025-12-29T13:41:50.199Z,50.477,3.742,188.869,4.980,0.00,0.0110,24.734447,46.699505,0.283,21.192,47.188
2025-12-29T13:41:50.200Z,50.495,3.901,196.991,4.980,0.00,0.0110,24.734447,46.699505,0.283,21.184,47.206
2025-12-29T13:41:50.680Z,50.713,3.228,163.685,4.980,0.00,0.0110,24.734447,46.699505,0.305,19.671,50.836
2025-12-29T13:41:50.681Z,50.456,3.702,186.809,5.870,0.00,0.0120,24.734432,46.699509,0.305,22.946,43.581
2025-12-29T13:41:50.683Z,50.526,3.499,176.800,5.870,0.00,0.0120,24.734432,46.699509,0.305,22.938,43.595
2025-12-29T13:41:51.001Z,50.526,3.499,176.800,5.870,0.00,0.0120,24.734432,46.699509,0.321,21.821,45.826
2025-12-29T13:41:51.003Z,50.520,3.453,174.466,5.870,0.00,0.0120,24.734432,46.699509,0.321,21.815,45.840
2025-12-29T13:41:51.321Z,50.384,3.949,198.959,5.870,0.00,0.0120,24.734432,46.699509,0.338,20.682,48.351
2025-12-29T13:41:51.322Z,50.690,2.745,139.168,5.870,0.00,0.0120,24.734432,46.699509,0.338,20.680,48.357
2025-12-29T13:41:51.642Z,50.829,2.474,125.760,6.780,0.00,0.0140,24.734417,46.699516,0.350,25.741,38.849
2025-12-29T13:41:51.650Z,50.548,2.474,125.065,6.780,0.00,0.0140,24.734417,46.699516,0.350,25.718,38.884
2025-12-29T13:41:51.800Z,50.548,3.952,199.777,6.780,0.00,0.0140,24.734417,46.699516,0.358,25.120,39.808
2025-12-29T13:41:52.204Z,50.474,3.755,189.527,6.780,0.00,0.0140,24.734417,46.699516,0.380,23.713,42.172
2025-12-29T13:41:52.205Z,50.737,2.752,139.624,6.780,0.00,0.0140,24.734417,46.699516,0.380,23.708,42.180
2025-12-29T13:41:52.207Z,50.505,2.752,138.986,6.780,0.00,0.0140,24.734417,46.699516,0.380,23.705,42.185
2025-12-29T13:41:52.440Z,50.448,3.597,181.460,6.780,0.00,0.0140,24.734417,46.699516,0.391,22.994,43.490
2025-12-29T13:41:53.080Z,50.628,3.118,157.851,7.110,0.00,0.0160,24.734398,46.699516,0.419,26.224,38.133
2025-12-29T13:41:53.081Z,50.569,3.300,166.901,7.110,0.00,0.0160,24.734398,46.699516,0.420,26.221,38.138
2025-12-29T13:41:53.081Z,50.488,4.054,204.663,7.110,0.00,0.0160,24.734398,46.699516,0.420,26.217,38.143
2025-12-29T13:41:53.082Z,50.334,3.973,199.971,7.110,0.00,0.0160,24.734398,46.699516,0.420,26.217,38.143
2025-12-29T13:41:53.239Z,50.777,2.542,129.053,7.110,0.00,0.0160,24.734398,46.699516,0.425,25.870,38.655
2025-12-29T13:41:53.240Z,50.416,3.717,187.388,7.110,0.00,0.0160,24.734398,46.699516,0.425,25.867,38.659
2025-12-29T13:41:53.560Z,50.273,4.214,211.867,7.480,0.00,0.0180,24.734379,46.699512,0.444,29.278,34.156
2025-12-29T13:41:53.880Z,50.529,3.282,165.836,7.480,0.00,0.0180,24.734379,46.699512,0.459,28.334,35.293
2025-12-29T13:41:53.881Z,50.439,3.751,189.176,7.480,0.00,0.0180,24.734379,46.699512,0.459,28.331,35.297
2025-12-29T13:41:54.048Z,50.329,4.038,203.221,7.480,0.00,0.0180,24.734379,46.699512,0.468,27.760,36.022
2025-12-29T13:41:54.049Z,50.399,3.788,190.891,7.480,0.00,0.0180,24.734379,46.699512,0.468,27.757,36.027
2025-12-29T13:41:54.520Z,50.412,3.676,185.300,7.480,0.00,0.0180,24.734379,46.699512,0.493,26.391,37.891
2025-12-29T13:41:54.522Z,50.412,3.676,185.300,7.610,0.00,0.0200,24.734362,46.699512,0.493,30.448,32.843
2025-12-29T13:41:54.830Z,50.332,3.942,198.415,7.610,0.00,0.0200,24.734362,46.699512,0.510,29.431,33.978
2025-12-29T13:41:54.830Z,50.446,3.569,180.045,7.610,0.00,0.0200,24.734362,46.699512,0.510,29.428,33.981
2025-12-29T13:41:55.187Z,50.382,3.814,192.146,7.610,0.00,0.0200,24.734362,46.699512,0.529,28.370,35.248
2025-12-29T13:41:55.189Z,50.496,3.539,178.709,7.610,0.00,0.0200,24.734362,46.699512,0.529,28.365,35.255
2025-12-29T13:41:55.196Z,50.366,3.911,196.977,7.610,0.00,0.0200,24.734362,46.699512,0.529,28.344,35.280
2025-12-29T13:41:55.486Z,50.554,3.154,159.449,7.590,0.00,0.0230,24.734343,46.699509,0.542,33.210,30.111
2025-12-29T13:41:55.493Z,50.619,3.081,155.949,7.590,0.00,0.0230,24.734343,46.699509,0.542,33.189,30.131
2025-12-29T13:41:55.801Z,50.401,3.745,188.771,7.590,0.00,0.0230,24.734343,46.699509,0.559,32.229,31.028
2025-12-29T13:41:55.801Z,50.401,3.745,188.771,7.590,0.00,0.0230,24.734343,46.699509,0.559,32.226,31.031
2025-12-29T13:41:55.955Z,50.500,3.317,167.511,7.590,0.00,0.0230,24.734343,46.699509,0.566,31.821,31.426
2025-12-29T13:41:56.441Z,50.473,3.306,166.871,7.590,0.00,0.0230,24.734343,46.699509,0.588,30.602,32.678
2025-12-29T13:41:56.442Z,50.373,3.802,191.540,7.590,0.00,0.0230,24.734343,46.699509,0.588,30.599,32.681
2025-12-29T13:41:56.491Z,50.610,3.077,155.707,7.540,0.00,0.0250,24.734324,46.699505,0.590,33.879,29.516
2025-12-29T13:41:56.923Z,50.419,3.571,180.040,7.540,0.00,0.0250,24.734324,46.699505,0.612,32.681,30.599
2025-12-29T13:41:56.924Z,50.320,3.928,197.669,7.540,0.00,0.0250,24.734324,46.699505,0.612,32.678,30.602
2025-12-29T13:41:56.930Z,50.354,4.055,204.201,7.540,0.00,0.0250,24.734324,46.699505,0.612,32.656,30.622
2025-12-29T13:41:57.401Z,50.412,3.550,178.982,7.540,0.00,0.0250,24.734324,46.699505,0.636,31.456,31.790
2025-12-29T13:41:57.402Z,50.229,4.363,219.141,7.540,0.00,0.0250,24.734324,46.699505,0.636,31.453,31.793
2025-12-29T13:41:57.518Z,50.632,2.932,148.433,7.330,0.00,0.0270,24.734306,46.699505,0.641,34.342,29.118
2025-12-29T13:41:57.519Z,50.393,2.932,147.733,7.330,0.00,0.0270,24.734306,46.699505,0.641,34.336,29.124
2025-12-29T13:41:57.881Z,50.546,3.273,165.455,7.330,0.00,0.0270,24.734306,46.699505,0.657,33.469,29.878
2025-12-29T13:41:58.200Z,50.405,3.683,185.653,7.330,0.00,0.0270,24.734306,46.699505,0.674,32.652,30.626
2025-12-29T13:41:58.202Z,50.443,3.408,171.901,7.330,0.00,0.0270,24.734306,46.699505,0.674,32.647,30.630
2025-12-29T13:41:58.203Z,50.443,3.408,171.901,7.330,0.00,0.0270,24.734306,46.699505,0.674,32.645,30.632
2025-12-29T13:41:58.352Z,50.585,3.230,163.389,6.500,0.00,0.0290,24.734289,46.699501,0.681,35.261,28.360
2025-12-29T13:41:58.680Z,50.319,3.647,183.522,6.500,0.00,0.0290,24.734289,46.699501,0.697,34.413,29.058
2025-12-29T13:41:58.681Z,50.425,3.419,172.390,6.500,0.00,0.0290,24.734289,46.699501,0.697,34.409,29.062
2025-12-29T13:41:59.000Z,50.946,1.868,95.181,6.500,0.00,0.0290,24.734289,46.699501,0.706,33.999,29.413
2025-12-29T13:41:59.001Z,50.385,3.616,182.215,6.500,0.00,0.0290,24.734289,46.699501,0.706,33.994,29.417
2025-12-29T13:42:00.111Z,50.481,3.485,175.940,6.500,0.00,0.0290,24.734289,46.699501,0.760,31.570,31.675
2025-12-29T13:42:00.112Z,50.451,3.378,170.429,6.500,0.00,0.0290,24.734289,46.699501,0.760,31.566,31.679
2025-12-29T13:42:00.113Z,50.451,3.378,170.429,5.670,0.00,0.0300,24.734274,46.699501,0.760,32.880,30.414
2025-12-29T13:42:00.114Z,50.528,3.373,170.421,5.670,0.00,0.0300,24.734274,46.699501,0.760,32.880,30.414
2025-12-29T13:42:00.120Z,50.543,3.213,162.377,5.670,0.00,0.0300,24.734274,46.699501,0.761,32.866,30.427
2025-12-29T13:42:00.121Z,50.485,3.411,172.179,5.670,0.00,0.0300,24.734274,46.699501,0.761,32.866,30.427
2025-12-29T13:42:00.993Z,50.747,2.540,128.892,5.670,0.00,0.0300,24.734274,46.699501,0.792,31.570,31.675
2025-12-29T13:42:00.994Z,50.584,3.005,152.027,5.670,0.00,0.0300,24.734274,46.699501,0.792,31.567,31.679
2025-12-29T13:42:01.002Z,50.584,3.005,152.027,5.060,0.00,0.0320,24.734262,46.699497,0.792,34.079,29.343
2025-12-29T13:42:01.003Z,50.537,3.228,163.157,5.060,0.00,0.0320,24.734262,46.699497,0.792,34.078,29.345
2025-12-29T13:42:01.003Z,50.537,3.228,163.157,5.060,0.00,0.0320,24.734262,46.699497,0.792,34.076,29.347
2025-12-29T13:42:01.004Z,50.537,3.228,163.157,5.060,0.00,0.0320,24.734262,46.699497,0.792,34.076,29.347
2025-12-29T13:42:03.001Z,50.434,3.577,180.414,5.060,0.00,0.0320,24.734262,46.699497,0.892,30.254,33.053
2025-12-29T13:42:03.074Z,50.383,3.506,176.657,5.060,0.00,0.0320,24.734262,46.699497,0.896,30.132,33.188
2025-12-29T13:42:03.082Z,50.422,3.462,174.561,4.690,0.00,0.0330,24.734251,46.699497,0.896,31.237,32.013
2025-12-29T13:42:03.082Z,50.615,2.900,146.759,4.690,0.00,0.0330,24.734251,46.699497,0.896,31.235,32.016
2025-12-29T13:42:03.083Z,50.583,2.961,149.782,4.690,0.00,0.0330,24.734251,46.699497,0.896,31.235,32.016
2025-12-29T13:42:03.084Z,50.795,2.250,114.268,4.690,0.00,0.0330,24.734251,46.699497,0.896,31.234,32.017
2025-12-29T13:42:07.644Z,50.766,2.439,123.819,4.690,0.00,0.0330,24.734251,46.699497,1.053,26.583,37.618
2025-12-29T13:42:07.650Z,50.701,2.801,142.036,4.690,0.00,0.0330,24.734251,46.699497,1.054,26.576,37.628
2025-12-29T13:42:07.651Z,50.584,3.060,154.806,4.690,0.00,0.0330,24.734251,46.699497,1.054,26.576,37.628
2025-12-29T13:42:07.651Z,50.866,2.596,132.071,4.670,0.00,0.0340,24.734240,46.699497,1.054,27.524,36.332
2025-12-29T13:42:07.652Z,50.402,3.464,174.573,4.670,0.00,0.0340,24.734240,46.699497,1.054,27.524,36.332
2025-12-29T13:42:07.653Z,50.348,3.607,181.601,4.670,0.00,0.0340,24.734240,46.699497,1.054,27.523,36.334
2025-12-29T13:42:07.654Z,50.348,3.607,181.601,4.670,0.00,0.0340,24.734240,46.699497,1.054,27.520,36.337
2025-12-29T13:42:07.655Z,50.753,2.290,116.246,4.670,0.00,0.0340,24.734240,46.699497,1.054,27.520,36.337
2025-12-29T13:42:07.655Z,50.727,2.498,126.737,4.670,0.00,0.0340,24.734240,46.699497,1.054,27.519,36.338
2025-12-29T13:42:07.656Z,51.346,0.587,30.144,5.190,0.00,0.0350,24.734228,46.699493,1.054,28.468,35.127
2025-12-29T13:42:07.661Z,51.484,0.117,6.012,5.190,0.00,0.0350,24.734228,46.699493,1.054,28.468,35.127
2025-12-29T13:42:07.661Z,51.504,0.072,3.696,5.190,0.00,0.0350,24.734228,46.699493,1.054,28.468,35.127
2025-12-29T13:42:07.760Z,51.507,0.070,3.629,5.190,0.00,0.0350,24.734228,46.699493,1.054,28.465,35.131
2025-12-29T13:42:08.280Z,51.510,0.070,3.619,5.190,0.00,0.0350,24.734228,46.699493,1.054,28.451,35.148
2025-12-29T13:42:08.282Z,51.511,0.071,3.682,5.190,0.00,0.0350,24.734228,46.699493,1.054,28.451,35.148
2025-12-29T13:42:10.681Z,50.516,3.438,173.686,5.720,0.00,0.0370,24.734215,46.699486,1.170,27.346,36.568
2025-12-29T13:42:11.000Z,50.429,3.792,191.209,5.720,0.00,0.0370,24.734215,46.699486,1.187,26.956,37.098
2025-12-29T13:42:11.320Z,50.391,3.797,191.348,5.720,0.00,0.0370,24.734215,46.699486,1.204,26.574,37.631
2025-12-29T13:42:11.322Z,50.409,3.752,189.120,5.720,0.00,0.0370,24.734215,46.699486,1.204,26.573,37.633
2025-12-29T13:42:11.480Z,50.606,3.083,156.018,5.720,0.00,0.0370,24.734215,46.699486,1.211,26.422,37.847
2025-12-29T13:42:11.482Z,50.487,3.342,168.743,10.690,0.00,0.0550,24.734135,46.699337,1.211,41.282,24.224
2025-12-29T13:42:11.799Z,50.439,3.508,176.916,10.690,0.00,0.0550,24.734135,46.699337,1.227,40.756,24.536
2025-12-29T13:42:11.800Z,50.694,2.894,146.730,10.690,0.00,0.0550,24.734135,46.699337,1.227,40.755,24.537
2025-12-29T13:42:11.959Z,50.493,3.299,166.559,10.690,0.00,0.0550,24.734135,46.699337,1.234,40.512,24.684
2025-12-29T13:42:12.434Z,50.435,3.733,188.297,10.690,0.00,0.0550,24.734135,46.699337,1.259,39.714,25.180
2025-12-29T13:42:12.434Z,50.367,4.056,204.278,10.690,0.00,0.0550,24.734135,46.699337,1.259,39.712,25.181
2025-12-29T13:42:12.591Z,50.725,2.670,135.434,10.950,0.00,0.0580,24.734133,46.699306,1.265,41.900,23.867
2025-12-29T13:42:12.599Z,50.365,3.726,187.651,10.950,0.00,0.0580,24.734133,46.699306,1.265,41.884,23.875
2025-12-29T13:42:12.920Z,50.508,3.243,163.803,10.950,0.00,0.0580,24.734133,46.699306,1.280,41.406,24.151
2025-12-29T13:42:12.984Z,50.586,3.593,181.769,10.950,0.00,0.0580,24.734133,46.699306,1.283,41.302,24.212
2025-12-29T13:42:13.231Z,50.515,3.371,170.282,10.950,0.00,0.0580,24.734133,46.699306,1.295,40.931,24.431
2025-12-29T13:42:13.232Z,50.430,3.601,181.586,10.950,0.00,0.0580,24.734133,46.699306,1.295,40.928,24.433
2025-12-29T13:42:13.391Z,50.530,3.251,164.294,11.200,0.00,0.0610,24.734133,46.699276,1.302,43.005,23.253
2025-12-29T13:42:13.720Z,50.491,3.295,166.374,11.200,0.00,0.0610,24.734133,46.699276,1.317,42.507,23.526
2025-12-29T13:42:13.805Z,50.364,3.772,189.976,11.200,0.00,0.0610,24.734133,46.699276,1.322,42.364,23.605
2025-12-29T13:42:14.039Z,50.433,3.631,183.122,11.200,0.00,0.0610,24.734133,46.699276,1.334,41.986,23.817
2025-12-29T13:42:14.040Z,50.509,3.440,173.743,11.200,0.00,0.0610,24.734133,46.699276,1.334,41.983,23.819
2025-12-29T13:42:14.361Z,50.183,4.495,225.558,11.200,0.00,0.0610,24.734133,46.699276,1.354,41.362,24.177
2025-12-29T13:42:14.425Z,50.228,3.917,196.742,11.200,0.00,0.0610,24.734133,46.699276,1.357,41.253,24.240
2025-12-29T13:42:14.841Z,50.149,4.735,237.471,11.500,0.00,0.0640,24.734137,46.699245,1.385,42.604,23.472
2025-12-29T13:42:14.843Z,50.478,3.696,186.544,11.500,0.00,0.0640,24.734137,46.699245,1.385,42.601,23.474
2025-12-29T13:42:14.844Z,50.357,3.444,173.454,11.500,0.00,0.0640,24.734137,46.699245,1.385,42.600,23.474
2025-12-29T13:42:15.149Z,50.402,2.991,150.747,11.500,0.00,0.0640,24.734137,46.699245,1.398,42.209,23.692
2025-12-29T13:42:15.250Z,50.534,3.717,187.850,11.500,0.00,0.0640,24.734137,46.699245,1.403,42.052,23.780
2025-12-29T13:42:15.251Z,51.408,0.233,11.990,11.500,0.00,0.0640,24.734137,46.699245,1.403,42.052,23.780
2025-12-29T13:42:15.640Z,51.473,0.144,7.412,11.870,0.00,0.0670,24.734144,46.699215,1.404,44.165,22.642
2025-12-29T13:42:15.754Z,51.493,0.096,4.921,11.870,0.00,0.0670,24.734144,46.699215,1.404,44.160,22.645
2025-12-29T13:42:15.755Z,51.505,0.062,3.218,11.870,0.00,0.0670,24.734144,46.699215,1.404,44.160,22.645
2025-12-29T13:42:16.120Z,51.507,0.064,3.273,11.870,0.00,0.0670,24.734144,46.699215,1.404,44.150,22.650
2025-12-29T13:42:16.148Z,51.506,0.069,3.568,11.870,0.00,0.0670,24.734144,46.699215,1.404,44.149,22.651
2025-12-29T13:42:16.439Z,51.512,0.060,3.083,11.870,0.00,0.0670,24.734144,46.699215,1.405,44.141,22.655
2025-12-29T13:42:16.441Z,51.514,0.061,3.121,11.220,0.00,0.0700,24.734158,46.699188,1.405,46.277,21.609
2025-12-29T13:42:16.564Z,51.490,0.151,7.784,11.220,0.00,0.0700,24.734158,46.699188,1.405,46.268,21.613
2025-12-29T13:42:16.920Z,51.454,0.292,15.039,11.220,0.00,0.0700,24.734158,46.699188,1.406,46.219,21.636
2025-12-29T13:42:16.986Z,51.421,0.384,19.757,11.220,0.00,0.0700,24.734158,46.699188,1.407,46.207,21.642
2025-12-29T13:42:16.988Z,51.094,1.504,76.848,11.220,0.00,0.0700,24.734158,46.699188,1.407,46.206,21.642
2025-12-29T13:42:17.185Z,50.693,2.761,139.948,11.220,0.00,0.0700,24.734158,46.699188,1.414,45.955,21.761
2025-12-29T13:42:17.561Z,50.705,2.676,135.682,10.330,0.00,0.0730,24.734173,46.699165,1.429,47.600,21.008
2025-12-29T13:42:17.570Z,50.650,2.955,149.683,10.330,0.00,0.0730,24.734173,46.699165,1.429,47.588,21.014
2025-12-29T13:42:17.721Z,50.666,2.868,145.337,10.330,0.00,0.0730,24.734173,46.699165,1.435,47.385,21.104
2025-12-29T13:42:18.040Z,50.784,2.464,125.145,10.330,0.00,0.0730,24.734173,46.699165,1.446,47.021,21.267
2025-12-29T13:42:18.095Z,50.858,2.177,110.732,10.330,0.00,0.0730,24.734173,46.699165,1.448,46.967,21.292
2025-12-29T13:42:18.096Z,50.762,2.558,129.840,10.330,0.00,0.0730,24.734173,46.699165,1.448,46.965,21.293
2025-12-29T13:42:18.360Z,50.867,2.183,111.044,10.330,0.00,0.0730,24.734173,46.699165,1.456,46.703,21.412
2025-12-29T13:42:18.525Z,50.511,3.410,172.239,9.890,0.00,0.0760,24.734188,46.699142,1.464,48.501,20.618
2025-12-29T13:42:18.840Z,50.595,3.049,154.243,9.890,0.00,0.0760,24.734188,46.699142,1.477,48.057,20.808
2025-12-29T13:42:18.841Z,50.393,3.622,182.533,9.890,0.00,0.0760,24.734188,46.699142,1.477,48.054,20.810
2025-12-29T13:42:18.924Z,50.386,3.783,190.585,9.890,0.00,0.0760,24.734188,46.699142,1.482,47.912,20.872
2025-12-29T13:42:19.165Z,50.247,4.033,202.622,9.890,0.00,0.0760,24.734188,46.699142,1.495,47.479,21.062
2025-12-29T13:42:19.329Z,50.239,4.196,210.791,9.890,0.00,0.0760,24.734188,46.699142,1.505,47.176,21.197
2025-12-29T13:42:19.543Z,50.330,4.024,202.518,9.370,0.00,0.0790,24.734207,46.699127,1.517,48.781,20.500
2025-12-29T13:42:19.551Z,50.221,4.150,208.431,9.370,0.00,0.0790,24.734207,46.699127,1.518,48.762,20.508
2025-12-29T13:42:19.801Z,50.575,3.132,158.418,9.370,0.00,0.0790,24.734207,46.699127,1.529,48.413,20.656
2025-12-29T13:42:19.960Z,50.232,3.992,200.506,9.370,0.00,0.0790,24.734207,46.699127,1.537,48.134,20.775
2025-12-29T13:42:20.280Z,50.155,4.367,219.007,9.370,0.00,0.0790,24.734207,46.699127,1.557,47.532,21.038
2025-12-29T13:42:20.281Z,50.401,3.616,182.247,9.370,0.00,0.0790,24.734207,46.699127,1.557,47.529,21.040
2025-12-29T13:42:20.601Z,50.292,4.073,204.847,9.410,0.00,0.0810,24.734228,46.699112,1.575,48.251,20.725
2025-12-29T13:42:20.609Z,50.292,4.073,204.847,9.410,0.00,0.0810,24.734228,46.699112,1.576,48.235,20.732
2025-12-29T13:42:20.672Z,50.291,4.003,201.319,9.410,0.00,0.0810,24.734228,46.699112,1.579,48.129,20.777
2025-12-29T13:42:20.920Z,50.153,4.184,209.838,9.410,0.00,0.0810,24.734228,46.699112,1.594,47.693,20.968
2025-12-29T13:42:21.240Z,50.185,4.330,217.310,9.410,0.00,0.0810,24.734228,46.699112,1.613,47.120,21.223
2025-12-29T13:42:21.380Z,50.643,2.718,137.643,9.410,0.00,0.0810,24.734228,46.699112,1.618,46.964,21.293
2025-12-29T13:42:21.381Z,50.372,3.727,187.716,9.410,0.00,0.0810,24.734228,46.699112,1.618,46.962,21.294
2025-12-29T13:42:21.881Z,50.065,4.609,230.754,9.560,0.00,0.0840,24.734249,46.699100,1.650,47.872,20.889
2025-12-29T13:42:21.889Z,50.058,4.508,225.654,9.560,0.00,0.0840,24.734249,46.699100,1.651,47.854,20.897
2025-12-29T13:42:21.889Z,50.105,4.426,221.752,9.560,0.00,0.0840,24.734249,46.699100,1.651,47.854,20.897
2025-12-29T13:42:22.201Z,50.273,3.763,189.197,9.560,0.00,0.0840,24.734249,46.699100,1.667,47.385,21.104
2025-12-29T13:42:22.202Z,50.178,4.265,214.023,9.560,0.00,0.0840,24.734249,46.699100,1.667,47.381,21.105
2025-12-29T13:42:22.528Z,50.194,4.297,215.663,9.560,0.00,0.0840,24.734249,46.699100,1.687,46.833,21.353
2025-12-29T13:42:22.530Z,50.023,4.824,241.298,9.820,0.00,0.0870,24.734270,46.699089,1.687,48.609,20.572
2025-12-29T13:42:22.840Z,50.139,4.423,221.784,9.820,0.00,0.0870,24.734270,46.699089,1.706,48.063,20.806
2025-12-29T13:42:22.842Z,50.309,3.956,199.040,9.820,0.00,0.0870,24.734270,46.699089,1.706,48.062,20.807
2025-12-29T13:42:22.920Z,50.283,3.979,200.064,9.820,0.00,0.0870,24.734270,46.699089,1.711,47.938,20.860
2025-12-29T13:42:23.151Z,50.108,4.403,220.626,9.820,0.00,0.0870,24.734270,46.699089,1.725,47.547,21.032
2025-12-29T13:42:23.480Z,50.176,4.289,215.194,9.820,0.00,0.0870,24.734270,46.699089,1.744,47.009,21.273
2025-12-29T13:42:23.482Z,50.504,3.245,163.884,10.240,0.00,0.0890,24.734293,46.699074,1.744,48.154,20.767
2025-12-29T13:42:23.524Z,50.018,3.736,186.874,10.240,0.00,0.0890,24.734293,46.699074,1.747,48.093,20.793
2025-12-29T13:42:23.960Z,50.546,3.000,151.658,10.240,0.00,0.0890,24.734293,46.699074,1.765,47.592,21.012
2025-12-29T13:42:24.035Z,50.167,4.242,212.783,10.240,0.00,0.0890,24.734293,46.699074,1.769,47.473,21.065
2025-12-29T13:42:24.036Z,50.450,3.499,176.527,10.240,0.00,0.0890,24.734293,46.699074,1.769,47.472,21.065
2025-12-29T13:42:24.280Z,50.429,3.334,168.125,10.240,0.00,0.0890,24.734293,46.699074,1.781,47.168,21.201
2025-12-29T13:42:24.601Z,50.067,4.600,230.330,10.240,0.00,0.0890,24.734293,46.699074,1.801,46.632,21.445
2025-12-29T13:42:24.603Z,50.010,4.735,236.802,10.930,0.00,0.0930,24.734314,46.699055,1.801,48.851,20.471
2025-12-29T13:42:24.673Z,50.031,4.512,225.761,10.930,0.00,0.0930,24.734314,46.699055,1.806,48.728,20.522
2025-12-29T13:42:24.920Z,50.031,4.512,225.761,10.930,0.00,0.0930,24.734314,46.699055,1.821,48.314,20.698
2025-12-29T13:42:25.076Z,50.027,4.512,225.744,10.930,0.00,0.0930,24.734314,46.699055,1.831,48.056,20.809
2025-12-29T13:42:25.077Z,50.429,3.359,169.393,10.930,0.00,0.0930,24.734314,46.699055,1.831,48.055,20.810
2025-12-29T13:42:25.391Z,50.100,5.409,270.987,10.930,0.00,0.0930,24.734314,46.699055,1.855,47.444,21.077
2025-12-29T13:42:25.721Z,50.544,2.661,134.484,11.570,0.00,0.0960,24.734333,46.699032,1.867,48.738,20.518
2025-12-29T13:42:25.728Z,49.818,4.394,218.916,11.570,0.00,0.0960,24.734333,46.699032,1.868,48.725,20.523
2025-12-29T13:42:25.729Z,50.571,2.933,148.314,11.570,0.00,0.0960,24.734333,46.699032,1.868,48.724,20.524
2025-12-29T13:42:25.887Z,49.924,4.445,221.905,11.570,0.00,0.0960,24.734333,46.699032,1.877,48.471,20.631
2025-12-29T13:42:26.363Z,50.104,5.720,286.588,11.570,0.00,0.0960,24.734333,46.699032,1.915,47.514,21.046
2025-12-29T13:42:26.365Z,49.954,3.632,181.454,11.570,0.00,0.0960,24.734333,46.699032,1.915,47.512,21.047
2025-12-29T13:42:26.681Z,50.183,5.067,254.291,12.060,0.00,0.0990,24.734350,46.699005,1.938,48.513,20.613
2025-12-29T13:42:26.689Z,49.854,6.068,302.525,12.060,0.00,0.0990,24.734350,46.699005,1.938,48.494,20.621
2025-12-29T13:42:26.831Z,49.920,5.703,284.695,12.060,0.00,0.0990,24.734350,46.699005,1.950,48.216,20.740
2025-12-29T13:42:26.832Z,49.796,5.666,282.130,12.060,0.00,0.0990,24.734350,46.699005,1.950,48.213,20.741
2025-12-29T13:42:27.122Z,49.796,5.249,261.388,12.060,0.00,0.0990,24.734350,46.699005,1.971,47.697,20.966
2025-12-29T13:42:27.216Z,49.820,5.253,261.725,12.060,0.00,0.0990,24.734350,46.699005,1.978,47.534,21.037
2025-12-29T13:42:27.476Z,50.311,3.928,197.623,12.060,0.00,0.0990,24.734350,46.699005,1.992,47.192,21.190
2025-12-29T13:42:27.478Z,49.657,5.780,286.997,12.800,0.00,0.1030,24.734362,46.698971,1.992,49.199,20.326
2025-12-29T13:42:27.628Z,51.266,0.556,28.486,12.800,0.00,0.1030,24.734362,46.698971,1.993,49.169,20.338
2025-12-29T13:42:27.954Z,50.689,2.482,125.795,12.800,0.00,0.1030,24.734362,46.698971,2.005,48.890,20.454
2025-12-29T13:42:28.047Z,50.689,2.482,125.795,12.800,0.00,0.1030,24.734362,46.698971,2.008,48.811,20.487
2025-12-29T13:42:28.268Z,50.202,4.002,200.884,12.800,0.00,0.1030,24.734362,46.698971,2.020,48.512,20.613
2025-12-29T13:42:28.269Z,49.899,5.017,250.349,12.800,0.00,0.1030,24.734362,46.698971,2.020,48.510,20.614
2025-12-29T13:42:28.598Z,49.676,5.734,284.853,13.300,0.00,0.1060,24.734369,46.698936,2.046,49.361,20.259
2025-12-29T13:42:28.600Z,49.829,5.366,267.365,13.300,0.00,0.1060,24.734369,46.698936,2.046,49.356,20.261
2025-12-29T13:42:28.757Z,49.829,5.366,267.365,13.300,0.00,0.1060,24.734369,46.698936,2.058,49.076,20.376
2025-12-29T13:42:29.236Z,49.741,5.601,278.592,13.300,0.00,0.1060,24.734369,46.698936,2.095,48.208,20.743
2025-12-29T13:42:29.286Z,49.728,5.739,285.400,13.300,0.00,0.1060,24.734369,46.698936,2.099,48.119,20.782
2025-12-29T13:42:29.287Z,49.772,5.551,276.261,13.300,0.00,0.1060,24.734369,46.698936,2.099,48.115,20.783
2025-12-29T13:42:29.719Z,50.041,4.521,226.223,14.170,0.00,0.1100,24.734381,46.698898,2.126,49.385,20.249
2025-12-29T13:42:29.729Z,50.041,4.521,226.223,14.170,0.00,0.1100,24.734381,46.698898,2.127,49.369,20.256
2025-12-29T13:42:29.770Z,50.041,4.521,226.223,14.170,0.00,0.1100,24.734381,46.698898,2.129,49.308,20.281
2025-12-29T13:42:30.198Z,50.217,3.879,194.775,14.170,0.00,0.1100,24.734381,46.698898,2.153,48.777,20.501
2025-12-29T13:42:30.199Z,49.698,5.682,282.379,14.170,0.00,0.1100,24.734381,46.698898,2.153,48.776,20.502
2025-12-29T13:42:30.200Z,49.721,5.548,275.875,14.170,0.00,0.1100,24.734381,46.698898,2.153,48.774,20.503
2025-12-29T13:42:30.518Z,49.721,5.324,264.718,14.170,0.00,0.1100,24.734381,46.698898,2.176,48.251,20.725
2025-12-29T13:42:30.603Z,49.522,6.083,301.262,15.260,0.00,0.1140,24.734394,46.698860,2.183,49.928,20.029
2025-12-29T13:42:30.612Z,49.522,6.083,301.262,15.260,0.00,0.1140,24.734394,46.698860,2.184,49.909,20.036
2025-12-29T13:42:30.830Z,49.868,5.075,253.105,15.260,0.00,0.1140,24.734394,46.698860,2.199,49.563,20.176
2025-12-29T13:42:31.147Z,49.658,5.901,293.045,15.260,0.00,0.1140,24.734394,46.698860,2.225,48.985,20.415
2025-12-29T13:42:31.220Z,49.595,5.914,293.284,15.260,0.00,0.1140,24.734394,46.698860,2.231,48.856,20.468
2025-12-29T13:42:31.467Z,49.584,6.039,299.425,15.260,0.00,0.1140,24.734394,46.698860,2.252,48.408,20.658
2025-12-29T13:42:31.470Z,49.631,5.805,288.092,16.260,0.00,0.1190,24.734413,46.698822,2.252,50.625,19.753
2025-12-29T13:42:31.614Z,49.452,6.484,320.650,16.260,0.00,0.1190,24.734413,46.698822,2.265,50.337,19.866
2025-12-29T13:42:31.948Z,49.625,5.726,284.159,16.260,0.00,0.1190,24.734413,46.698822,2.291,49.757,20.098
2025-12-29T13:42:32.034Z,50.269,3.710,186.477,16.260,0.00,0.1190,24.734413,46.698822,2.296,49.661,20.137
2025-12-29T13:42:32.035Z,49.838,5.324,265.342,16.260,0.00,0.1190,24.734413,46.698822,2.296,49.659,20.137
2025-12-29T13:42:32.268Z,49.850,5.180,258.242,16.260,0.00,0.1190,24.734413,46.698822,2.312,49.300,20.284
2025-12-29T13:42:32.599Z,49.266,6.983,344.025,18.020,0.00,0.1240,24.734436,46.698780,2.344,50.770,19.697
2025-12-29T13:42:32.917Z,49.714,5.521,274.453,18.020,0.00,0.1240,24.734436,46.698780,2.368,50.249,19.901
2025-12-29T13:42:32.918Z,49.922,4.754,237.321,18.020,0.00,0.1240,24.734436,46.698780,2.368,50.247,19.902
2025-12-29T13:42:33.068Z,49.297,6.974,343.801,18.020,0.00,0.1240,24.734436,46.698780,2.383,49.945,20.022
2025-12-29T13:42:33.069Z,49.404,6.494,320.843,18.020,0.00,0.1240,24.734436,46.698780,2.383,49.943,20.023
2025-12-29T13:42:33.398Z,49.494,6.198,306.773,18.020,0.00,0.1240,24.734436,46.698780,2.411,49.364,20.258
2025-12-29T13:42:33.481Z,49.589,5.924,293.764,18.020,0.00,0.1240,24.734436,46.698780,2.418,49.224,20.315
2025-12-29T13:42:33.482Z,49.177,7.173,352.766,20.000,0.00,0.1290,24.734467,46.698738,2.418,51.293,19.496
2025-12-29T13:42:33.681Z,49.329,6.756,333.265,20.000,0.00,0.1290,24.734467,46.698738,2.436,50.905,19.645
2025-12-29T13:42:33.881Z,49.479,6.250,309.234,20.000,0.00,0.1290,24.734467,46.698738,2.453,50.548,19.783
2025-12-29T13:42:34.197Z,49.289,6.883,339.259,20.000,0.00,0.1290,24.734467,46.698738,2.483,49.940,20.024
2025-12-29T13:42:34.199Z,49.289,7.084,349.162,20.000,0.00,0.1290,24.734467,46.698738,2.483,49.936,20.026
2025-12-29T13:42:34.286Z,49.440,6.375,315.182,20.000,0.00,0.1290,24.734467,46.698738,2.491,49.783,20.087
2025-12-29T13:42:34.519Z,49.212,6.375,313.724,21.720,0.00,0.1350,24.734505,46.698696,2.511,51.772,19.315
2025-12-29T13:42:34.838Z,49.387,6.655,328.681,21.720,0.00,0.1350,24.734505,46.698696,2.540,51.177,19.540
2025-12-29T13:42:34.897Z,49.366,6.803,335.826,21.720,0.00,0.1350,24.734505,46.698696,2.546,51.064,19.583
2025-12-29T13:42:34.898Z,49.289,7.029,346.469,21.720,0.00,0.1350,24.734505,46.698696,2.546,51.064,19.583
2025-12-29T13:42:35.158Z,51.324,0.080,4.100,21.720,0.00,0.1350,24.734505,46.698696,2.546,51.058,19.586
2025-12-29T13:42:35.319Z,51.320,0.140,7.161,21.720,0.00,0.1350,24.734505,46.698696,2.546,51.052,19.588
2025-12-29T13:42:35.638Z,51.248,0.424,21.721,22.820,0.00,0.1420,24.734550,46.698658,2.548,53.760,18.601
2025-12-29T13:42:35.645Z,51.235,0.551,28.232,22.820,0.00,0.1420,24.734550,46.698658,2.548,53.759,18.602
2025-12-29T13:42:35.925Z,51.283,0.335,17.200,22.820,0.00,0.1420,24.734550,46.698658,2.550,53.731,18.611
2025-12-29T13:42:35.926Z,51.314,0.198,10.153,22.820,0.00,0.1420,24.734550,46.698658,2.550,53.731,18.611
2025-12-29T13:42:36.268Z,51.340,0.166,8.513,22.820,0.00,0.1420,24.734550,46.698658,2.551,53.714,18.617
2025-12-29T13:42:36.269Z,51.362,0.096,4.939,22.820,0.00,0.1420,24.734550,46.698658,2.551,53.713,18.617
2025-12-29T13:42:36.598Z,51.372,0.069,3.537,22.690,0.00,0.1480,24.734598,46.698624,2.551,56.059,17.838
2025-12-29T13:42:36.640Z,51.377,0.065,3.361,22.690,0.00,0.1480,24.734598,46.698624,2.551,56.058,17.839
2025-12-29T13:42:36.641Z,51.381,0.061,3.126,22.690,0.00,0.1480,24.734598,46.698624,2.551,56.058,17.839
2025-12-29T13:42:36.917Z,51.384,0.062,3.164,22.690,0.00,0.1480,24.734598,46.698624,2.551,56.053,17.840
2025-12-29T13:42:37.068Z,51.382,0.071,3.654,22.690,0.00,0.1480,24.734598,46.698624,2.551,56.049,17.841
2025-12-29T13:42:37.398Z,51.387,0.064,3.301,22.690,0.00,0.1480,24.734598,46.698624,2.552,56.043,17.844
2025-12-29T13:42:37.399Z,51.391,0.060,3.086,22.690,0.00,0.1480,24.734598,46.698624,2.552,56.043,17.844
2025-12-29T13:42:37.461Z,51.390,0.070,3.582,22.170,0.00,0.1540,24.734652,46.698601,2.552,58.393,17.125
2025-12-29T13:42:37.718Z,51.390,0.074,3.805,22.170,0.00,0.1540,24.734652,46.698601,2.552,58.386,17.127
2025-12-29T13:42:38.028Z,51.392,0.074,3.803,22.170,0.00,0.1540,24.734652,46.698601,2.552,58.379,17.129
2025-12-29T13:42:38.029Z,51.395,0.073,3.745,22.170,0.00,0.1540,24.734652,46.698601,2.552,58.379,17.129
2025-12-29T13:42:38.198Z,51.396,0.074,3.800,22.170,0.00,0.1540,24.734652,46.698601,2.552,58.375,17.131
2025-12-29T13:42:38.515Z,51.403,0.060,3.084,22.170,0.00,0.1540,24.734652,46.698601,2.553,58.369,17.133
2025-12-29T13:42:38.517Z,51.404,0.061,3.155,21.840,0.00,0.1610,24.734705,46.698582,2.553,61.111,16.364
2025-12-29T13:42:38.837Z,51.401,0.073,3.755,21.840,0.00,0.1610,24.734705,46.698582,2.553,61.103,16.366
2025-12-29T13:42:38.839Z,51.403,0.071,3.637,21.840,0.00,0.1610,24.734705,46.698582,2.553,61.103,16.366
2025-12-29T13:42:38.995Z,51.405,0.073,3.775,21.840,0.00,0.1610,24.734705,46.698582,2.553,61.099,16.367
2025-12-29T13:42:38.996Z,51.411,0.060,3.075,21.840,0.00,0.1610,24.734705,46.698582,2.553,61.099,16.367
2025-12-29T13:42:39.323Z,51.412,0.061,3.142,21.840,0.00,0.1610,24.734705,46.698582,2.554,61.092,16.369
2025-12-29T13:42:39.638Z,51.413,0.060,3.101,20.890,0.00,0.1660,24.734755,46.698570,2.554,63.043,15.862
2025-12-29T13:42:39.646Z,51.414,0.062,3.193,20.890,0.00,0.1660,24.734755,46.698570,2.554,63.043,15.862
2025-12-29T13:42:39.958Z,51.416,0.061,3.156,20.890,0.00,0.1660,24.734755,46.698570,2.554,63.036,15.864
2025-12-29T13:42:39.959Z,51.417,0.062,3.189,20.890,0.00,0.1660,24.734755,46.698570,2.554,63.036,15.864
2025-12-29T13:42:40.268Z,51.415,0.063,3.220,20.890,0.00,0.1660,24.734755,46.698570,2.554,63.029,15.866
2025-12-29T13:42:40.269Z,51.421,0.060,3.105,20.890,0.00,0.1660,24.734755,46.698570,2.554,63.029,15.866
2025-12-29T13:42:40.597Z,51.418,0.071,3.652,20.890,0.00,0.1660,24.734755,46.698570,2.555,63.021,15.868
2025-12-29T13:42:40.599Z,51.418,0.073,3.729,20.210,0.00,0.1720,24.734808,46.698570,2.555,65.370,15.298
2025-12-29T13:42:40.633Z,51.424,0.061,3.133,20.210,0.00,0.1720,24.734808,46.698570,2.555,65.369,15.298
2025-12-29T13:42:40.917Z,51.421,0.071,3.641,20.210,0.00,0.1720,24.734808,46.698570,2.555,65.362,15.299
2025-12-29T13:42:41.067Z,51.426,0.063,3.245,20.210,0.00,0.1720,24.734808,46.698570,2.555,65.358,15.300
2025-12-29T13:42:41.398Z,51.428,0.060,3.102,20.210,0.00,0.1720,24.734808,46.698570,2.555,65.351,15.302
2025-12-29T13:42:41.399Z,51.429,0.061,3.143,20.210,0.00,0.1720,24.734808,46.698570,2.555,65.351,15.302
2025-12-29T13:42:41.718Z,51.429,0.063,3.221,19.780,0.00,0.1780,24.734858,46.698578,2.556,67.691,14.773
2025-12-29T13:42:41.726Z,51.431,0.060,3.072,19.780,0.00,0.1780,24.734858,46.698578,2.556,67.691,14.773
2025-12-29T13:42:41.870Z,51.431,0.062,3.188,19.780,0.00,0.1780,24.734858,46.698578,2.556,67.688,14.774
2025-12-29T13:42:41.871Z,51.433,0.060,3.106,19.780,0.00,0.1780,24.734858,46.698578,2.556,67.688,14.774
2025-12-29T13:42:42.198Z,51.433,0.065,3.318,19.780,0.00,0.1780,24.734858,46.698578,2.556,67.680,14.775
2025-12-29T13:42:42.271Z,51.427,0.086,4.445,19.780,0.00,0.1780,24.734858,46.698578,2.556,67.677,14.776
2025-12-29T13:42:42.518Z,51.432,0.072,3.706,19.110,0.00,0.1830,24.734901,46.698593,2.556,69.626,14.362
2025-12-29T13:42:42.526Z,51.437,0.060,3.104,19.110,0.00,0.1830,24.734901,46.698593,2.557,69.626,14.362
2025-12-29T13:42:42.838Z,51.435,0.070,3.626,19.110,0.00,0.1830,24.734901,46.698593,2.557,69.618,14.364
2025-12-29T13:42:43.157Z,51.437,0.066,3.400,19.110,0.00,0.1830,24.734901,46.698593,2.557,69.609,14.366
2025-12-29T13:42:43.158Z,51.437,0.069,3.563,19.110,0.00,0.1830,24.734901,46.698593,2.557,69.609,14.366
2025-12-29T13:42:43.317Z,51.439,0.066,3.403,19.110,0.00,0.1830,24.734901,46.698593,2.557,69.605,14.367
2025-12-29T13:42:43.318Z,51.438,0.071,3.634,19.110,0.00,0.1830,24.734901,46.698593,2.557,69.605,14.367
2025-12-29T13:42:43.638Z,51.442,0.063,3.252,18.500,0.00,0.1880,24.734941,46.698620,2.558,71.552,13.976
2025-12-29T13:42:43.699Z,51.441,0.068,3.495,18.500,0.00,0.1880,24.734941,46.698620,2.558,71.551,13.976
2025-12-29T13:42:43.958Z,51.443,0.066,3.393,18.500,0.00,0.1880,24.734941,46.698620,2.558,71.544,13.977
2025-12-29T13:42:43.959Z,51.446,0.060,3.079,18.500,0.00,0.1880,24.734941,46.698620,2.558,71.544,13.977
2025-12-29T13:42:44.277Z,51.446,0.061,3.130,18.500,0.00,0.1880,24.734941,46.698620,2.558,71.536,13.979
2025-12-29T13:42:44.324Z,51.444,0.070,3.601,18.500,0.00,0.1880,24.734941,46.698620,2.558,71.535,13.979
2025-12-29T13:42:44.599Z,51.446,0.065,3.362,17.800,0.00,0.1930,24.734976,46.698650,2.558,73.482,13.609
2025-12-29T13:42:44.757Z,51.449,0.060,3.107,17.800,0.00,0.1930,24.734976,46.698650,2.559,73.478,13.609
2025-12-29T13:42:44.759Z,51.450,0.060,3.062,17.800,0.00,0.1930,24.734976,46.698650,2.559,73.478,13.610
2025-12-29T13:42:45.078Z,51.451,0.061,3.138,17.800,0.00,0.1930,24.734976,46.698650,2.559,73.470,13.611
2025-12-29T13:42:45.137Z,51.447,0.071,3.652,17.800,0.00,0.1930,24.734976,46.698650,2.559,73.468,13.611
2025-12-29T13:42:45.398Z,51.451,0.063,3.231,17.800,0.00,0.1930,24.734976,46.698650,2.559,73.462,13.613
2025-12-29T13:42:45.400Z,51.452,0.065,3.325,17.060,0.00,0.1980,24.735003,46.698689,2.559,75.415,13.260
2025-12-29T13:42:45.558Z,51.453,0.063,3.223,17.060,0.00,0.1980,24.735003,46.698689,2.559,75.411,13.261
2025-12-29T13:42:45.880Z,51.450,0.074,3.811,17.060,0.00,0.1980,24.735003,46.698689,2.560,75.401,13.262
2025-12-29T13:42:45.881Z,51.451,0.072,3.713,17.060,0.00,0.1980,24.735003,46.698689,2.560,75.401,13.262
2025-12-29T13:42:46.198Z,51.455,0.062,3.209,17.060,0.00,0.1980,24.735003,46.698689,2.560,75.393,13.264
2025-12-29T13:42:46.199Z,51.456,0.061,3.131,17.060,0.00,0.1980,24.735003,46.698689,2.560,75.393,13.264
2025-12-29T13:42:46.517Z,51.456,0.065,3.323,17.060,0.00,0.1980,24.735003,46.698689,2.560,75.384,13.265
2025-12-29T13:42:46.561Z,51.454,0.070,3.586,16.520,0.00,0.2020,24.735022,46.698727,2.560,76.945,12.996
2025-12-29T13:42:46.838Z,51.460,0.059,3.049,16.520,0.00,0.2020,24.735022,46.698727,2.560,76.938,12.997
2025-12-29T13:42:46.839Z,51.460,0.061,3.147,16.520,0.00,0.2020,24.735022,46.698727,2.561,76.938,12.997
2025-12-29T13:42:46.997Z,51.457,0.069,3.533,16.520,0.00,0.2020,24.735022,46.698727,2.561,76.933,12.998
2025-12-29T13:42:47.318Z,51.459,0.066,3.416,16.520,0.00,0.2020,24.735022,46.698727,2.561,76.924,13.000
2025-12-29T13:42:47.638Z,51.457,0.075,3.838,16.520,0.00,0.2020,24.735022,46.698727,2.561,76.914,13.002
2025-12-29T13:42:47.640Z,51.463,0.060,3.068,16.720,0.00,0.2070,24.735035,46.698772,2.561,78.866,12.680
2025-12-29T13:42:47.958Z,51.458,0.073,3.751,16.720,0.00,0.2070,24.735035,46.698772,2.562,78.856,12.681
2025-12-29T13:42:47.959Z,51.439,0.146,7.523,16.720,0.00,0.2070,24.735035,46.698772,2.562,78.856,12.681
2025-12-29T13:42:48.111Z,51.408,0.263,13.502,16.720,0.00,0.2070,24.735035,46.698772,2.562,78.838,12.684
2025-12-29T13:42:48.112Z,51.376,0.355,18.252,16.720,0.00,0.2070,24.735035,46.698772,2.562,78.838,12.684
2025-12-29T13:42:48.370Z,51.317,0.559,28.704,16.720,0.00,0.2070,24.735035,46.698772,2.564,78.775,12.694
2025-12-29T13:42:48.581Z,51.281,0.704,36.094,16.610,0.00,0.2110,24.735039,46.698814,2.566,80.269,12.458
2025-12-29T13:42:48.588Z,50.747,2.520,127.879,16.610,0.00,0.2110,24.735039,46.698814,2.567,80.261,12.459
2025-12-29T13:42:48.743Z,50.379,3.635,183.149,16.610,0.00,0.2110,24.735039,46.698814,2.575,80.015,12.498
2025-12-29T13:42:49.063Z,50.326,3.842,193.377,16.610,0.00,0.2110,24.735039,46.698814,2.592,79.484,12.581
2025-12-29T13:42:49.159Z,50.274,4.097,205.990,16.610,0.00,0.2110,24.735039,46.698814,2.597,79.316,12.608
2025-12-29T13:42:49.160Z,50.574,2.962,149.787,16.610,0.00,0.2110,24.735039,46.698814,2.597,79.314,12.608
2025-12-29T13:42:49.373Z,50.282,4.111,206.713,16.610,0.00,0.2110,24.735039,46.698814,2.609,78.944,12.667
2025-12-29T13:42:49.694Z,50.175,4.297,215.614,16.060,0.00,0.2160,24.735029,46.698860,2.629,80.270,12.458
2025-12-29T13:42:49.744Z,50.194,4.262,213.948,16.060,0.00,0.2160,24.735029,46.698860,2.632,80.178,12.472
2025-12-29T13:42:50.023Z,50.204,4.157,208.703,16.060,0.00,0.2160,24.735029,46.698860,2.648,79.688,12.549
2025-12-29T13:42:50.024Z,50.429,3.455,174.239,16.060,0.00,0.2160,24.735029,46.698860,2.648,79.687,12.549
2025-12-29T13:42:50.186Z,50.220,4.152,208.504,16.060,0.00,0.2160,24.735029,46.698860,2.657,79.405,12.594
2025-12-29T13:42:50.503Z,50.216,4.138,207.781,16.060,0.00,0.2160,24.735029,46.698860,2.676,78.862,12.680
2025-12-29T13:42:50.826Z,50.208,4.059,203.785,16.150,0.00,0.2200,24.735016,46.698898,2.694,79.812,12.529
2025-12-29T13:42:50.833Z,50.233,3.985,200.193,16.150,0.00,0.2200,24.735016,46.698898,2.694,79.800,12.531
2025-12-29T13:42:51.167Z,50.156,4.380,219.705,16.150,0.00,0.2200,24.735016,46.698898,2.715,79.201,12.626
2025-12-29T13:42:51.176Z,50.144,4.306,215.927,16.150,0.00,0.2200,24.735016,46.698898,2.715,79.185,12.629
2025-12-29T13:42:51.179Z,50.198,4.124,207.002,16.150,0.00,0.2200,24.735016,46.698898,2.715,79.180,12.629
2025-12-29T13:42:51.406Z,50.086,4.513,226.036,16.150,0.00,0.2200,24.735016,46.698898,2.730,78.767,12.696
2025-12-29T13:42:51.407Z,50.188,4.230,212.312,16.710,0.00,0.2250,24.734999,46.698940,2.730,80.597,12.407
2025-12-29T13:42:51.736Z,50.221,4.073,204.536,16.710,0.00,0.2250,24.734999,46.698940,2.748,80.049,12.492
2025-12-29T13:42:51.737Z,50.528,2.980,150.598,16.710,0.00,0.2250,24.734999,46.698940,2.748,80.048,12.493
2025-12-29T13:42:51.912Z,50.765,2.264,114.921,16.710,0.00,0.2250,24.734999,46.698940,2.754,79.885,12.518
2025-12-29T13:42:52.231Z,50.807,2.189,111.227,16.710,0.00,0.2250,24.734999,46.698940,2.764,79.600,12.563
2025-12-29T13:42:52.310Z,50.910,1.790,91.103,16.710,0.00,0.2250,24.734999,46.698940,2.766,79.543,12.572
2025-12-29T13:42:52.312Z,51.303,0.479,24.577,17.220,0.00,0.2300,24.734978,46.698982,2.766,81.350,12.293
2025-12-29T13:42:52.558Z,51.350,0.281,14.427,17.220,0.00,0.2300,24.734978,46.698982,2.767,81.321,12.297
2025-12-29T13:42:52.728Z,51.376,0.243,12.510,17.220,0.00,0.2300,24.734978,46.698982,2.767,81.304,12.300
2025-12-29T13:42:53.041Z,51.402,0.132,6.767,17.220,0.00,0.2300,24.734978,46.698982,2.768,81.287,12.302
2025-12-29T13:42:53.360Z,51.427,0.075,3.855,17.220,0.00,0.2300,24.734978,46.698982,2.768,81.276,12.304
2025-12-29T13:42:53.361Z,51.433,0.061,3.129,17.220,0.00,0.2300,24.734978,46.698982,2.768,81.276,12.304
2025-12-29T13:42:53.440Z,51.429,0.073,3.763,17.220,0.00,0.2300,24.734978,46.698982,2.768,81.274,12.304
2025-12-29T13:42:53.442Z,51.436,0.061,3.124,16.710,0.00,0.2340,24.734961,46.699024,2.768,82.719,12.089
2025-12-29T13:42:53.680Z,51.436,0.064,3.275,16.710,0.00,0.2340,24.734961,46.699024,2.769,82.712,12.090
2025-12-29T13:42:53.845Z,51.434,0.073,3.759,16.710,0.00,0.2340,24.734961,46.699024,2.769,82.707,12.091
2025-12-29T13:42:54.158Z,51.441,0.059,3.038,16.710,0.00,0.2340,24.734961,46.699024,2.769,82.699,12.092
2025-12-29T13:42:54.159Z,51.443,0.060,3.069,16.710,0.00,0.2340,24.734961,46.699024,2.769,82.699,12.092
2025-12-29T13:42:54.254Z,51.444,0.061,3.140,16.710,0.00,0.2340,24.734961,46.699024,2.769,82.697,12.092
2025-12-29T13:42:54.473Z,51.443,0.067,3.424,16.220,0.00,0.2390,24.734951,46.699066,2.769,84.496,11.835
2025-12-29T13:42:54.803Z,51.444,0.067,3.468,16.220,0.00,0.2390,24.734951,46.699066,2.770,84.486,11.836
2025-12-29T13:42:54.878Z,51.447,0.061,3.130,16.220,0.00,0.2390,24.734951,46.699066,2.770,84.484,11.837
2025-12-29T13:42:54.879Z,51.448,0.062,3.203,16.220,0.00,0.2390,24.734951,46.699066,2.770,84.484,11.837
2025-12-29T13:42:55.111Z,51.447,0.068,3.491,16.220,0.00,0.2390,24.734951,46.699066,2.770,84.477,11.837
2025-12-29T13:42:55.280Z,51.448,0.069,3.527,16.220,0.00,0.2390,24.734951,46.699066,2.770,84.472,11.838
2025-12-29T13:42:55.606Z,51.450,0.066,3.382,15.850,0.00,0.2430,24.734941,46.699108,2.770,85.907,11.640
2025-12-29T13:42:55.614Z,51.453,0.060,3.093,15.850,0.00,0.2430,24.734941,46.699108,2.770,85.907,11.641
2025-12-29T13:42:55.915Z,51.449,0.072,3.707,15.850,0.00,0.2430,24.734941,46.699108,2.771,85.897,11.642
2025-12-29T13:42:55.916Z,51.450,0.072,3.711,15.850,0.00,0.2430,24.734941,46.699108,2.771,85.897,11.642
2025-12-29T13:42:56.240Z,51.451,0.071,3.670,15.850,0.00,0.2430,24.734941,46.699108,2.771,85.887,11.643
2025-12-29T13:42:56.248Z,51.456,0.060,3.101,15.850,0.00,0.2430,24.734941,46.699108,2.771,85.887,11.643
2025-12-29T13:42:56.298Z,51.457,0.060,3.070,15.850,0.00,0.2430,24.734941,46.699108,2.771,85.885,11.643
2025-12-29T13:42:56.560Z,51.458,0.062,3.168,15.040,0.00,0.2470,24.734938,46.699150,2.771,87.322,11.452
2025-12-29T13:42:56.711Z,51.454,0.072,3.712,15.040,0.00,0.2470,24.734938,46.699150,2.772,87.317,11.453
2025-12-29T13:42:57.040Z,51.460,0.062,3.174,15.040,0.00,0.2470,24.734938,46.699150,2.772,87.307,11.454
2025-12-29T13:42:57.042Z,51.455,0.072,3.714,15.040,0.00,0.2470,24.734938,46.699150,2.772,87.307,11.454
2025-12-29T13:42:57.359Z,51.461,0.060,3.090,15.040,0.00,0.2470,24.734938,46.699150,2.772,87.299,11.455
2025-12-29T13:42:57.360Z,51.461,0.061,3.157,15.040,0.00,0.2470,24.734938,46.699150,2.772,87.299,11.455
2025-12-29T13:42:57.434Z,51.462,0.062,3.190,13.890,0.00,0.2520,24.734943,46.699192,2.772,89.100,11.223
2025-12-29T13:42:57.839Z,51.463,0.063,3.241,13.890,0.00,0.2520,24.734943,46.699192,2.773,89.089,11.225
2025-12-29T13:42:57.839Z,51.464,0.061,3.131,13.890,0.00,0.2520,24.734943,46.699192,2.773,89.089,11.225
2025-12-29T13:42:57.938Z,51.464,0.064,3.284,13.890,0.00,0.2520,24.734943,46.699192,2.773,89.086,11.225
2025-12-29T13:42:58.151Z,51.462,0.070,3.616,13.890,0.00,0.2520,24.734943,46.699192,2.773,89.079,11.226
2025-12-29T13:42:58.478Z,51.466,0.061,3.116,13.890,0.00,0.2520,24.734943,46.699192,2.773,89.070,11.227
2025-12-29T13:42:58.481Z,51.465,0.068,3.510,14.170,0.00,0.2550,24.734957,46.699226,2.773,90.152,11.092
2025-12-29T13:42:58.564Z,51.466,0.067,3.424,14.170,0.00,0.2550,24.734957,46.699226,2.773,90.149,11.093
2025-12-29T13:42:58.960Z,51.466,0.066,3.408,14.170,0.00,0.2550,24.734957,46.699226,2.774,90.137,11.094
2025-12-29T13:42:58.961Z,51.467,0.067,3.438,14.170,0.00,0.2550,24.734957,46.699226,2.774,90.137,11.094
2025-12-29T13:42:58.962Z,51.470,0.060,3.083,14.170,0.00,0.2550,24.734957,46.699226,2.774,90.137,11.094
2025-12-29T13:42:59.362Z,51.470,0.062,3.181,14.170,0.00,0.2550,24.734957,46.699226,2.774,90.125,11.096
2025-12-29T13:42:59.364Z,51.468,0.071,3.654,14.170,0.00,0.2550,24.734957,46.699226,2.774,90.125,11.096
2025-12-29T13:42:59.836Z,51.470,0.066,3.377,13.890,0.00,0.2590,24.734968,46.699265,2.774,91.553,10.923
2025-12-29T13:42:59.837Z,51.473,0.060,3.079,13.890,0.00,0.2590,24.734968,46.699265,2.774,91.553,10.923
2025-12-29T13:42:59.838Z,51.473,0.061,3.132,13.890,0.00,0.2590,24.734968,46.699265,2.774,91.552,10.923
2025-12-29T13:43:00.081Z,51.473,0.061,3.155,13.890,0.00,0.2590,24.734968,46.699265,2.775,91.545,10.924
2025-12-29T13:43:00.208Z,51.469,0.074,3.803,13.890,0.00,0.2590,24.734968,46.699265,2.775,91.541,10.924
2025-12-29T13:43:00.761Z,51.474,0.063,3.236,13.890,0.00,0.2590,24.734968,46.699265,2.775,91.525,10.926
2025-12-29T13:43:00.763Z,51.457,0.125,6.415,13.850,0.00,0.2630,24.734976,46.699299,2.775,92.966,10.757
2025-12-29T13:43:00.764Z,51.426,0.237,12.175,13.850,0.00,0.2630,24.734976,46.699299,2.775,92.966,10.757
2025-12-29T13:43:01.040Z,51.387,0.359,18.440,13.850,0.00,0.2630,24.734976,46.699299,2.777,92.918,10.762
2025-12-29T13:43:01.041Z,51.373,0.477,24.512,13.850,0.00,0.2630,24.734976,46.699299,2.777,92.918,10.762
2025-12-29T13:43:01.110Z,50.609,2.891,146.306,13.850,0.00,0.2630,24.734976,46.699299,2.779,92.826,10.773
2025-12-29T13:43:01.359Z,49.886,4.568,227.882,13.850,0.00,0.2630,24.734976,46.699299,2.795,92.300,10.834
2025-12-29T13:43:01.516Z,50.228,4.267,214.305,13.200,0.00,0.2660,24.734980,46.699333,2.804,93.066,10.745
2025-12-29T13:43:01.517Z,49.718,4.936,245.426,13.200,0.00,0.2660,24.734980,46.699333,2.805,93.059,10.746
2025-12-29T13:43:02.000Z,49.774,4.677,232.795,13.200,0.00,0.2660,24.734980,46.699333,2.836,92.037,10.865
2025-12-29T13:43:02.001Z,49.915,5.303,264.680,13.200,0.00,0.2660,24.734980,46.699333,2.836,92.034,10.866
2025-12-29T13:43:02.515Z,49.859,5.166,257.557,13.200,0.00,0.2660,24.734980,46.699333,2.873,90.854,11.007
2025-12-29T13:43:02.516Z,50.059,4.900,245.283,13.200,0.00,0.2660,24.734980,46.699333,2.873,90.852,11.007
2025-12-29T13:43:02.518Z,49.933,4.804,239.872,13.410,0.00,0.2700,24.734985,46.699371,2.873,92.242,10.841
2025-12-29T13:43:02.552Z,50.120,4.376,219.327,13.410,0.00,0.2700,24.734985,46.699371,2.875,92.175,10.849
2025-12-29T13:43:03.004Z,49.842,5.471,272.704,13.410,0.00,0.2700,24.734985,46.699371,2.909,91.090,10.978
2025-12-29T13:43:03.011Z,50.200,4.004,201.026,13.410,0.00,0.2700,24.734985,46.699371,2.910,91.077,10.980
2025-12-29T13:43:03.012Z,49.646,6.084,302.038,13.410,0.00,0.2700,24.734985,46.699371,2.910,91.077,10.980
2025-12-29T13:43:03.287Z,50.092,4.455,223.138,13.410,0.00,0.2700,24.734985,46.699371,2.927,90.544,11.044
2025-12-29T13:43:03.288Z,49.876,5.112,254.949,13.410,0.00,0.2700,24.734985,46.699371,2.927,90.542,11.045
2025-12-29T13:43:03.798Z,50.183,3.949,198.182,13.060,0.00,0.2740,24.734991,46.699409,2.955,91.037,10.985
2025-12-29T13:43:03.800Z,49.644,6.110,303.317,13.060,0.00,0.2740,24.734991,46.699409,2.955,91.032,10.985
2025-12-29T13:43:03.889Z,50.475,3.282,165.679,13.060,0.00,0.2740,24.734991,46.699409,2.959,90.906,11.000
2025-12-29T13:43:03.890Z,49.741,5.561,276.627,13.060,0.00,0.2740,24.734991,46.699409,2.959,90.901,11.001
2025-12-29T13:43:04.428Z,49.722,5.753,286.050,13.060,0.00,0.2740,24.734991,46.699409,3.002,89.607,11.160
2025-12-29T13:43:04.432Z,49.648,5.817,288.797,13.060,0.00,0.2740,24.734991,46.699409,3.002,89.597,11.161
2025-12-29T13:43:04.484Z,49.987,4.583,229.095,12.410,0.00,0.2770,24.734995,46.699440,3.006,90.499,11.050
2025-12-29T13:43:04.880Z,49.722,5.790,287.881,12.410,0.00,0.2770,24.734995,46.699440,3.037,89.553,11.167
2025-12-29T13:43:04.881Z,49.730,5.519,274.448,12.410,0.00,0.2770,24.734995,46.699440,3.037,89.550,11.167
2025-12-29T13:43:05.200Z,49.587,6.099,302.407,12.410,0.00,0.2770,24.734995,46.699440,3.064,88.770,11.265
2025-12-29T13:43:05.201Z,49.668,5.621,279.207,12.410,0.00,0.2770,24.734995,46.699440,3.064,88.767,11.265
2025-12-29T13:43:05.312Z,50.097,4.377,219.298,12.410,0.00,0.2770,24.734995,46.699440,3.071,88.572,11.290
2025-12-29T13:43:05.314Z,49.562,6.053,299.998,12.110,0.00,0.2820,24.734970,46.699471,3.071,90.198,11.087
2025-12-29T13:43:05.680Z,49.562,6.053,299.998,12.110,0.00,0.2820,24.734970,46.699471,3.102,89.308,11.197
2025-12-29T13:43:05.717Z,49.923,6.053,302.185,12.110,0.00,0.2820,24.734970,46.699471,3.105,89.217,11.209
2025-12-29T13:43:06.159Z,49.879,5.022,250.510,12.110,0.00,0.2820,24.734970,46.699471,3.135,88.343,11.319
2025-12-29T13:43:06.160Z,49.880,4.974,248.126,12.110,0.00,0.2820,24.734970,46.699471,3.136,88.340,11.320
2025-12-29T13:43:06.233Z,49.547,6.092,301.827,12.110,0.00,0.2820,24.734970,46.699471,3.142,88.167,11.342
2025-12-29T13:43:06.478Z,49.906,5.055,252.280,12.110,0.00,0.2820,24.734970,46.699471,3.159,87.688,11.404
2025-12-29T13:43:06.480Z,49.776,5.298,263.725,11.780,0.00,0.2870,24.734924,46.699482,3.159,89.269,11.202
2025-12-29T13:43:06.647Z,49.616,5.822,288.874,11.780,0.00,0.2870,24.734924,46.699482,3.172,88.890,11.250
2025-12-29T13:43:07.048Z,49.670,5.822,289.184,11.780,0.00,0.2870,24.734924,46.699482,3.205,87.996,11.364
2025-12-29T13:43:07.051Z,49.590,6.089,301.950,11.780,0.00,0.2870,24.734924,46.699482,3.205,87.989,11.365
2025-12-29T13:43:07.051Z,49.610,5.994,297.364,11.780,0.00,0.2870,24.734924,46.699482,3.205,87.989,11.365
2025-12-29T13:43:07.345Z,49.574,6.169,305.843,11.780,0.00,0.2870,24.734924,46.699482,3.230,87.309,11.454
2025-12-29T13:43:07.346Z,49.507,6.039,298.978,16.330,0.00,0.2990,24.734814,46.699459,3.230,91.022,10.986
2025-12-29T13:43:07.619Z,49.548,5.756,285.222,16.330,0.00,0.2990,24.734814,46.699459,3.252,90.418,11.060
2025-12-29T13:43:07.786Z,49.549,6.055,299.996,16.330,0.00,0.2990,24.734814,46.699459,3.266,90.031,11.107
2025-12-29T13:43:08.089Z,49.444,6.101,301.664,16.330,0.00,0.2990,24.734814,46.699459,3.291,89.339,11.193
2025-12-29T13:43:08.166Z,49.179,6.800,334.412,16.330,0.00,0.2990,24.734814,46.699459,3.298,89.142,11.218
2025-12-29T13:43:08.166Z,49.517,6.165,305.278,16.330,0.00,0.2990,24.734814,46.699459,3.298,89.142,11.218
2025-12-29T13:43:08.380Z,49.580,6.014,298.187,17.720,0.00,0.3050,24.734762,46.699471,3.316,90.477,11.052
2025-12-29T13:43:08.580Z,49.520,6.005,297.347,17.720,0.00,0.3050,24.734762,46.699471,3.332,90.027,11.108
2025-12-29T13:43:08.905Z,49.332,6.798,335.361,17.720,0.00,0.3050,24.734762,46.699471,3.363,89.219,11.208
2025-12-29T13:43:08.906Z,49.343,6.866,338.795,17.720,0.00,0.3050,24.734762,46.699471,3.363,89.214,11.209
2025-12-29T13:43:08.991Z,49.342,6.689,330.038,17.720,0.00,0.3050,24.734762,46.699471,3.370,89.010,11.235
2025-12-29T13:43:09.383Z,49.292,6.898,340.033,17.720,0.00,0.3050,24.734762,46.699471,3.408,88.040,11.358
2025-12-29T13:43:09.384Z,49.328,6.773,334.085,17.720,0.00,0.3050,24.734762,46.699471,3.408,88.038,11.359
2025-12-29T13:44:02.183Z,49.679,5.575,276.950,19.080,0.00,0.3110,24.734711,46.699482,7.469,40.968,24.410
2025-12-29T13:44:02.184Z,49.383,6.557,323.783,19.080,0.00,0.3110,24.734711,46.699482,7.470,40.966,24.410
2025-12-29T13:44:02.184Z,49.231,7.070,348.062,19.080,0.00,0.3110,24.734711,46.699482,7.470,40.966,24.411
2025-12-29T13:44:02.185Z,50.053,4.252,212.843,19.080,0.00,0.3110,24.734711,46.699482,7.470,40.965,24.411
2025-12-29T13:44:02.185Z,49.339,6.505,320.954,19.080,0.00,0.3110,24.734711,46.699482,7.470,40.965,24.411
2025-12-29T13:44:02.185Z,49.403,6.527,322.455,19.080,0.00,0.3110,24.734711,46.699482,7.470,40.965,24.411
2025-12-29T13:44:02.186Z,49.403,6.527,322.455,18.540,0.00,0.3160,24.734665,46.699501,7.470,41.635,24.019
2025-12-29T13:44:02.186Z,50.154,3.955,198.355,18.540,0.00,0.3160,24.734665,46.699501,7.470,41.634,24.019
2025-12-29T13:44:02.187Z,50.154,6.491,325.554,18.540,0.00,0.3160,24.734665,46.699501,7.470,41.634,24.019
2025-12-29T13:44:02.188Z,49.819,5.129,255.515,18.540,0.00,0.3160,24.734665,46.699501,7.470,41.634,24.019
2025-12-29T13:44:02.188Z,49.218,7.129,350.869,18.540,0.00,0.3160,24.734665,46.699501,7.470,41.633,24.019
2025-12-29T13:44:02.189Z,49.213,7.166,352.643,18.540,0.00,0.3160,24.734665,46.699501,7.470,41.633,24.020
2025-12-29T13:44:02.190Z,49.472,6.222,307.805,20.280,0.00,0.3220,24.734617,46.699524,7.470,42.436,23.565
2025-12-29T13:44:02.190Z,49.306,7.054,347.813,20.280,0.00,0.3220,24.734617,46.699524,7.470,42.435,23.565
2025-12-29T13:44:02.190Z,49.720,5.406,268.775,20.280,0.00,0.3220,24.734617,46.699524,7.470,42.435,23.565
2025-12-29T13:44:02.191Z,49.670,5.507,273.550,20.280,0.00,0.3220,24.734617,46.699524,7.470,42.435,23.566
2025-12-29T13:44:02.191Z,49.317,6.649,327.900,20.280,0.00,0.3220,24.734617,46.699524,7.470,42.435,23.566
2025-12-29T13:44:02.191Z,49.207,6.986,343.764,20.280,0.00,0.3220,24.734617,46.699524,7.470,42.435,23.566
2025-12-29T13:44:02.192Z,49.395,6.431,317.668,20.280,0.00,0.3220,24.734617,46.699524,7.470,42.434,23.566
2025-12-29T13:44:02.192Z,49.291,6.769,333.658,21.110,0.00,0.3280,24.734566,46.699539,7.470,43.238,23.128
2025-12-29T13:44:02.193Z,49.182,7.209,354.536,21.110,0.00,0.3280,24.734566,46.699539,7.470,43.238,23.128
2025-12-29T13:44:02.193Z,49.500,5.915,292.797,21.110,0.00,0.3280,24.734566,46.699539,7.470,43.237,23.128
2025-12-29T13:44:02.193Z,49.527,5.916,293.014,21.110,0.00,0.3280,24.734566,46.699539,7.470,43.237,23.128
2025-12-29T13:44:02.193Z,49.200,5.916,291.079,21.110,0.00,0.3280,24.734566,46.699539,7.470,43.237,23.128
2025-12-29T13:44:02.193Z,49.434,6.209,306.925,21.110,0.00,0.3280,24.734566,46.699539,7.470,43.237,23.128
2025-12-29T13:44:02.194Z,49.163,7.080,348.068,21.690,0.00,0.3350,24.734509,46.699543,7.471,44.174,22.638
2025-12-29T13:44:02.194Z,49.132,7.089,348.280,21.690,0.00,0.3350,24.734509,46.699543,7.471,44.174,22.638
2025-12-29T13:44:02.195Z,49.260,6.778,333.877,21.690,0.00,0.3350,24.734509,46.699543,7.471,44.173,22.638
2025-12-29T13:44:02.195Z,49.400,6.265,309.513,21.690,0.00,0.3350,24.734509,46.699543,7.471,44.173,22.638
2025-12-29T13:44:02.196Z,49.399,6.267,309.594,21.690,0.00,0.3350,24.734509,46.699543,7.471,44.172,22.639
2025-12-29T13:44:02.196Z,49.224,6.917,340.491,21.690,0.00,0.3350,24.734509,46.699543,7.471,44.172,22.639
2025-12-29T13:44:02.197Z,49.606,5.598,277.719,21.690,0.00,0.3410,24.734451,46.699543,7.471,44.976,22.234
2025-12-29T13:44:02.197Z,49.606,6.318,313.391,21.690,0.00,0.3410,24.734451,46.699543,7.471,44.975,22.235
2025-12-29T13:44:02.197Z,49.136,7.202,353.895,21.690,0.00,0.3410,24.734451,46.699543,7.471,44.975,22.235
2025-12-29T13:44:02.197Z,49.192,6.873,338.089,21.690,0.00,0.3410,24.734451,46.699543,7.471,44.975,22.235
2025-12-29T13:44:02.197Z,49.896,4.692,234.116,21.690,0.00,0.3410,24.734451,46.699543,7.471,44.975,22.235
2025-12-29T13:44:02.198Z,51.271,0.068,3.477,21.690,0.00,0.3410,24.734451,46.699543,7.471,44.975,22.235
2025-12-29T13:44:02.198Z,51.282,0.064,3.269,21.690,0.00,0.3410,24.734451,46.699543,7.471,44.975,22.235
2025-12-29T13:44:02.198Z,51.290,0.060,3.097,21.500,0.00,0.3470,24.734396,46.699535,7.471,45.778,21.844
2025-12-29T13:44:02.198Z,51.295,0.063,3.254,21.500,0.00,0.3470,24.734396,46.699535,7.471,45.778,21.844
2025-12-29T13:44:02.198Z,51.300,0.061,3.117,21.500,0.00,0.3470,24.734396,46.699535,7.471,45.778,21.844
2025-12-29T13:44:02.198Z,51.303,0.061,3.137,21.500,0.00,0.3470,24.734396,46.699535,7.471,45.778,21.844
2025-12-29T13:44:02.198Z,51.308,0.061,3.108,21.500,0.00,0.3470,24.734396,46.699535,7.471,45.778,21.844
2025-12-29T13:44:02.199Z,51.309,0.080,4.106,21.500,0.00,0.3470,24.734396,46.699535,7.471,45.778,21.844
2025-12-29T13:44:02.199Z,51.314,0.063,3.253,19.910,0.00,0.3530,24.734344,46.699532,7.471,46.581,21.468
2025-12-29T13:44:02.199Z,51.314,0.072,3.680,19.910,0.00,0.3530,24.734344,46.699532,7.471,46.581,21.468
2025-12-29T13:44:02.199Z,51.316,0.074,3.782,19.910,0.00,0.3530,24.734344,46.699532,7.471,46.581,21.468
2025-12-29T13:44:02.199Z,51.319,0.073,3.747,19.910,0.00,0.3530,24.734344,46.699532,7.471,46.581,21.468
2025-12-29T13:44:02.200Z,51.326,0.060,3.060,19.910,0.00,0.3530,24.734344,46.699532,7.471,46.581,21.468
2025-12-29T13:44:02.200Z,51.328,0.061,3.127,19.910,0.00,0.3530,24.734344,46.699532,7.471,46.581,21.468
2025-12-29T13:44:02.200Z,51.328,0.065,3.360,17.980,0.00,0.3580,24.734299,46.699520,7.471,47.251,21.164
2025-12-29T13:44:02.200Z,51.331,0.066,3.370,17.980,0.00,0.3580,24.734299,46.699520,7.471,47.251,21.164
2025-12-29T13:44:02.200Z,51.331,0.073,3.742,17.980,0.00,0.3580,24.734299,46.699520,7.471,47.251,21.164
2025-12-29T13:44:02.201Z,51.333,0.070,3.615,17.980,0.00,0.3580,24.734299,46.699520,7.471,47.251,21.164
2025-12-29T13:44:02.201Z,51.334,0.081,4.155,17.980,0.00,0.3580,24.734299,46.699520,7.471,47.251,21.164
2025-12-29T13:44:02.202Z,51.338,0.071,3.668,17.980,0.00,0.3580,24.734299,46.699520,7.471,47.251,21.164
2025-12-29T13:44:02.202Z,51.340,0.067,3.449,17.980,0.00,0.3580,24.734299,46.699520,7.471,47.251,21.164
2025-12-29T13:44:02.202Z,51.345,0.060,3.071,17.590,0.00,0.3630,24.734259,46.699501,7.471,47.920,20.868
2025-12-29T13:44:02.202Z,51.347,0.060,3.081,17.590,0.00,0.3630,24.734259,46.699501,7.471,47.920,20.868
2025-12-29T13:44:02.203Z,51.347,0.065,3.330,17.590,0.00,0.3630,24.734259,46.699501,7.471,47.920,20.868
2025-12-29T13:44:02.203Z,51.347,0.071,3.655,17.590,0.00,0.3630,24.734259,46.699501,7.471,47.920,20.868
2025-12-29T13:44:02.203Z,51.351,0.063,3.246,17.590,0.00,0.3630,24.734259,46.699501,7.471,47.920,20.868
2025-12-29T13:44:02.203Z,51.349,0.074,3.820,17.590,0.00,0.3630,24.734259,46.699501,7.471,47.920,20.868
2025-12-29T13:44:02.204Z,51.355,0.062,3.174,18.000,0.00,0.3680,24.734228,46.699467,7.471,48.589,20.581
2025-12-29T13:44:02.204Z,51.352,0.072,3.695,18.000,0.00,0.3680,24.734228,46.699467,7.471,48.589,20.581
2025-12-29T13:44:02.204Z,51.357,0.072,3.685,18.000,0.00,0.3680,24.734228,46.699467,7.471,48.589,20.581
2025-12-29T13:44:02.204Z,51.359,0.060,3.103,18.000,0.00,0.3680,24.734228,46.699467,7.471,48.589,20.581
2025-12-29T13:44:02.205Z,51.361,0.061,3.121,18.000,0.00,0.3680,24.734228,46.699467,7.471,48.589,20.581
2025-12-29T13:44:02.205Z,51.361,0.062,3.209,18.000,0.00,0.3680,24.734228,46.699467,7.471,48.589,20.581
2025-12-29T13:44:02.205Z,51.359,0.073,3.724,18.280,0.00,0.3730,24.734207,46.699421,7.471,49.258,20.301
2025-12-29T13:44:02.205Z,51.364,0.060,3.106,18.280,0.00,0.3730,24.734207,46.699421,7.471,49.258,20.301
2025-12-29T13:44:02.205Z,51.356,0.100,5.141,18.280,0.00,0.3730,24.734207,46.699421,7.471,49.258,20.301
2025-12-29T13:44:02.205Z,51.325,0.218,11.180,18.280,0.00,0.3730,24.734207,46.699421,7.471,49.258,20.301
2025-12-29T13:44:02.205Z,51.283,0.356,18.258,18.280,0.00,0.3730,24.734207,46.699421,7.471,49.258,20.301
2025-12-29T13:44:02.205Z,51.272,0.484,24.834,18.280,0.00,0.3730,24.734207,46.699421,7.471,49.258,20.301
2025-12-29T13:44:02.206Z,51.209,0.625,32.004,18.280,0.00,0.3730,24.734207,46.699421,7.471,49.258,20.301
2025-12-29T13:44:02.206Z,51.061,1.130,57.676,17.910,0.00,0.3780,24.734198,46.699375,7.471,49.928,20.029
2025-12-29T13:44:02.206Z,50.380,3.409,171.749,17.910,0.00,0.3780,24.734198,46.699375,7.471,49.928,20.029
2025-12-29T13:44:02.206Z,49.753,5.422,269.754,17.910,0.00,0.3780,24.734198,46.699375,7.471,49.928,20.029
2025-12-29T13:44:02.206Z,49.926,4.704,234.847,17.910,0.00,0.3780,24.734198,46.699375,7.471,49.928,20.029
2025-12-29T13:44:02.206Z,49.650,5.073,251.852,17.910,0.00,0.3780,24.734198,46.699375,7.471,49.928,20.029
2025-12-29T13:44:02.206Z,49.493,6.103,302.058,17.910,0.00,0.3780,24.734198,46.699375,7.471,49.928,20.029
2025-12-29T13:44:02.206Z,49.852,4.918,245.187,17.800,0.00,0.3820,24.734192,46.699329,7.471,50.463,19.816
2025-12-29T13:44:02.206Z,49.367,6.604,326.000,17.800,0.00,0.3820,24.734192,46.699329,7.471,50.463,19.816
2025-12-29T13:44:02.207Z,49.458,6.341,313.639,17.800,0.00,0.3820,24.734192,46.699329,7.471,50.462,19.817
2025-12-29T13:44:02.207Z,49.484,6.305,311.992,17.800,0.00,0.3820,24.734192,46.699329,7.471,50.462,19.817
2025-12-29T13:44:02.207Z,49.481,6.128,303.217,17.800,0.00,0.3820,24.734192,46.699329,7.471,50.462,19.817
2025-12-29T13:44:02.207Z,50.282,3.607,181.352,17.800,0.00,0.3820,24.734192,46.699329,7.471,50.462,19.817
2025-12-29T13:44:02.207Z,49.275,6.455,318.066,18.060,0.00,0.3870,24.734192,46.699280,7.471,51.132,19.557
2025-12-29T13:44:02.207Z,49.591,5.715,283.434,18.060,0.00,0.3870,24.734192,46.699280,7.471,51.132,19.557
2025-12-29T13:44:02.207Z,49.622,5.518,273.838,18.060,0.00,0.3870,24.734192,46.699280,7.471,51.132,19.557
2025-12-29T13:44:02.207Z,49.467,6.164,304.939,18.060,0.00,0.3870,24.734192,46.699280,7.471,51.132,19.557
2025-12-29T13:44:02.208Z,50.162,3.879,194.584,18.060,0.00,0.3870,24.734192,46.699280,7.471,51.131,19.557
2025-12-29T13:44:02.208Z,49.429,6.490,320.777,18.060,0.00,0.3870,24.734192,46.699280,7.471,51.131,19.557
2025-12-29T13:44:02.208Z,49.737,5.286,262.915,18.280,0.00,0.3920,24.734201,46.699230,7.471,51.801,19.305
2025-12-29T13:44:02.208Z,49.525,6.174,305.750,18.280,0.00,0.3920,24.734201,46.699230,7.471,51.801,19.305
2025-12-29T13:44:02.208Z,49.272,7.091,349.385,18.280,0.00,0.3920,24.734201,46.699230,7.471,51.801,19.305
2025-12-29T13:44:05.203Z,49.389,6.159,304.198,21.450,0.00,0.6240,24.734781,46.699501,7.724,80.141,12.478
2025-12-29T13:44:05.529Z,49.931,4.210,210.205,22.520,0.00,0.6310,24.734716,46.699509,7.743,80.848,12.369
2025-12-29T13:44:05.535Z,49.121,6.971,342.446,22.520,0.00,0.6310,24.734716,46.699509,7.744,80.841,12.370
2025-12-29T13:44:05.722Z,49.426,5.811,287.237,22.520,0.00,0.6310,24.734716,46.699509,7.759,80.685,12.394
2025-12-29T13:44:06.040Z,48.943,7.494,366.781,22.520,0.00,0.6310,24.734716,46.699509,7.791,80.350,12.446
2025-12-29T13:44:06.041Z,49.059,7.033,345.036,22.520,0.00,0.6310,24.734716,46.699509,7.791,80.349,12.446
2025-12-29T13:44:06.357Z,48.979,7.459,365.338,22.520,0.00,0.6310,24.734716,46.699509,7.823,80.019,12.497
2025-12-29T13:44:06.359Z,49.260,6.219,306.344,22.520,0.00,0.6310,24.734716,46.699509,7.823,80.018,12.497
2025-12-29T13:44:06.679Z,49.099,6.963,341.895,23.300,0.00,0.6380,24.734653,46.699528,7.854,80.600,12.407
2025-12-29T13:44:06.741Z,49.026,6.981,342.263,23.300,0.00,0.6380,24.734653,46.699528,7.859,80.540,12.416
2025-12-29T13:44:06.742Z,49.026,7.149,350.470,23.300,0.00,0.6380,24.734653,46.699528,7.860,80.538,12.417
2025-12-29T13:44:06.991Z,49.315,5.995,295.663,23.300,0.00,0.6380,24.734653,46.699528,7.880,80.329,12.449
2025-12-29T13:44:07.311Z,49.250,6.523,321.259,23.300,0.00,0.6380,24.734653,46.699528,7.909,80.040,12.494
2025-12-29T13:44:07.312Z,49.564,5.809,287.917,23.300,0.00,0.6380,24.734653,46.699528,7.909,80.038,12.494
2025-12-29T13:44:07.481Z,49.266,6.524,321.386,23.840,0.00,0.6450,24.734591,46.699547,7.924,80.771,12.381
2025-12-29T13:44:07.809Z,49.295,6.556,323.188,23.840,0.00,0.6450,24.734591,46.699547,7.953,80.470,12.427
2025-12-29T13:44:07.871Z,49.612,5.143,255.130,23.840,0.00,0.6450,24.734591,46.699547,7.958,80.425,12.434
2025-12-29T13:44:07.872Z,48.901,7.467,365.134,23.840,0.00,0.6450,24.734591,46.699547,7.958,80.424,12.434
2025-12-29T13:44:08.137Z,48.888,7.020,343.204,23.840,0.00,0.6450,24.734591,46.699547,7.983,80.170,12.474
2025-12-29T13:44:08.441Z,48.786,7.501,365.929,23.840,0.00,0.6450,24.734591,46.699547,8.014,79.861,12.522
2025-12-29T13:44:08.484Z,49.476,7.501,371.111,24.150,0.00,0.6530,24.734526,46.699558,8.018,80.815,12.374
2025-12-29T13:44:08.486Z,48.959,6.730,329.513,24.150,0.00,0.6530,24.734526,46.699558,8.019,80.813,12.374
2025-12-29T13:44:08.762Z,48.949,8.102,396.594,24.150,0.00,0.6530,24.734526,46.699558,8.049,80.508,12.421
2025-12-29T13:44:09.081Z,49.223,7.444,366.407,24.150,0.00,0.6530,24.734526,46.699558,8.081,80.185,12.471
2025-12-29T13:44:09.082Z,48.888,7.841,383.331,24.150,0.00,0.6530,24.734526,46.699558,8.082,80.183,12.471
2025-12-29T13:44:09.391Z,48.738,6.981,340.249,24.150,0.00,0.6530,24.734526,46.699558,8.111,79.894,12.517
2025-12-29T13:44:09.404Z,49.189,6.260,307.908,24.150,0.00,0.6530,24.734526,46.699558,8.112,79.883,12.518
2025-12-29T13:44:09.882Z,49.334,6.055,298.701,24.060,0.00,0.6600,24.734463,46.699558,8.151,80.354,12.445
2025-12-29T13:44:09.890Z,49.359,6.586,325.061,24.060,0.00,0.6600,24.734463,46.699558,8.152,80.346,12.446
2025-12-29T13:44:10.202Z,50.049,3.626,181.477,24.060,0.00,0.6600,24.734463,46.699558,8.168,80.192,12.470
2025-12-29T13:44:10.203Z,50.659,1.610,81.544,24.060,0.00,0.6600,24.734463,46.699558,8.168,80.191,12.470
2025-12-29T13:44:10.362Z,51.004,0.556,28.371,24.060,0.00,0.6600,24.734463,46.699558,8.169,80.179,12.472
2025-12-29T13:44:10.364Z,51.046,0.394,20.092,24.060,0.00,0.6600,24.734463,46.699558,8.169,80.179,12.472
2025-12-29T13:44:10.682Z,51.076,0.323,16.509,23.690,0.00,0.6670,24.734400,46.699554,8.171,81.021,12.342
2025-12-29T13:44:10.735Z,51.113,0.202,10.316,23.690,0.00,0.6670,24.734400,46.699554,8.171,81.020,12.343
2025-12-29T13:44:10.736Z,51.131,0.177,9.054,23.690,0.00,0.6670,24.734400,46.699554,8.171,81.020,12.343
2025-12-29T13:44:11.001Z,51.153,0.110,5.641,23.690,0.00,0.6670,24.734400,46.699554,8.171,81.016,12.343
2025-12-29T13:44:11.321Z,51.168,0.076,3.892,23.690,0.00,0.6670,24.734400,46.699554,8.172,81.012,12.344
2025-12-29T13:44:11.481Z,51.177,0.069,3.534,23.690,0.00,0.6670,24.734400,46.699554,8.172,81.011,12.344
2025-12-29T13:44:11.483Z,51.181,0.060,3.083,21.800,0.00,0.6730,24.734341,46.699547,8.172,81.745,12.233
2025-12-29T13:44:11.800Z,51.180,0.074,3.766,21.800,0.00,0.6730,24.734341,46.699547,8.172,81.742,12.234
2025-12-29T13:44:11.801Z,51.182,0.075,3.862,21.800,0.00,0.6730,24.734341,46.699547,8.172,81.742,12.234
2025-12-29T13:44:12.111Z,51.189,0.064,3.271,21.800,0.00,0.6730,24.734341,46.699547,8.172,81.739,12.234
2025-12-29T13:44:12.113Z,51.188,0.074,3.790,21.800,0.00,0.6730,24.734341,46.699547,8.172,81.739,12.234
2025-12-29T13:44:12.585Z,51.191,0.073,3.755,21.800,0.00,0.6730,24.734341,46.699547,8.173,81.734,12.235
2025-12-29T13:44:12.588Z,51.198,0.061,3.109,19.740,0.00,0.6790,24.734287,46.699535,8.173,82.468,12.126
2025-12-29T13:44:12.588Z,51.196,0.074,3.767,19.740,0.00,0.6790,24.734287,46.699535,8.173,82.468,12.126
2025-12-29T13:44:12.785Z,51.198,0.074,3.799,19.740,0.00,0.6790,24.734287,46.699535,8.173,82.466,12.126
2025-12-29T13:44:12.786Z,51.205,0.061,3.119,19.740,0.00,0.6790,24.734287,46.699535,8.173,82.466,12.126
2025-12-29T13:44:12.985Z,51.207,0.062,3.176,19.740,0.00,0.6790,24.734287,46.699535,8.173,82.464,12.126
2025-12-29T13:44:13.200Z,51.205,0.074,3.780,19.740,0.00,0.6790,24.734287,46.699535,8.173,82.462,12.127
2025-12-29T13:44:13.405Z,51.207,0.075,3.827,19.740,0.00,0.6790,24.734287,46.699535,8.174,82.460,12.127
2025-12-29T13:44:13.408Z,51.214,0.061,3.100,19.590,0.00,0.6850,24.734240,46.699509,8.174,83.194,12.020
2025-12-29T13:44:13.730Z,51.216,0.061,3.138,19.590,0.00,0.6850,24.734240,46.699509,8.174,83.191,12.021
2025-12-29T13:44:14.045Z,51.213,0.074,3.765,19.590,0.00,0.6850,24.734240,46.699509,8.174,83.188,12.021
2025-12-29T13:44:14.046Z,51.220,0.062,3.187,19.590,0.00,0.6850,24.734240,46.699509,8.174,83.188,12.021
2025-12-29T13:44:15.155Z,51.220,0.064,3.290,19.590,0.00,0.6850,24.734240,46.699509,8.175,83.177,12.023
2025-12-29T13:44:15.156Z,51.223,0.062,3.175,19.590,0.00,0.6850,24.734240,46.699509,8.175,83.177,12.023
2025-12-29T13:44:15.165Z,51.220,0.074,3.771,20.410,0.00,0.6910,24.734201,46.699471,8.175,83.911,11.917
2025-12-29T13:44:15.166Z,51.221,0.073,3.750,20.410,0.00,0.6910,24.734201,46.699471,8.175,83.911,11.917
2025-12-29T13:44:15.166Z,51.224,0.073,3.728,20.410,0.00,0.6910,24.734201,46.699471,8.175,83.911,11.917
2025-12-29T13:44:15.167Z,51.226,0.073,3.750,20.410,0.00,0.6910,24.734201,46.699471,8.175,83.911,11.917
2025-12-29T13:44:15.876Z,51.227,0.073,3.730,20.410,0.00,0.6910,24.734201,46.699471,8.176,83.903,11.918
2025-12-29T13:44:15.885Z,51.229,0.076,3.889,20.410,0.00,0.6910,24.734201,46.699471,8.176,83.903,11.918
2025-12-29T13:44:15.886Z,51.229,0.076,3.897,19.760,0.00,0.6970,24.734182,46.699421,8.176,84.637,11.815
2025-12-29T13:44:15.887Z,51.232,0.073,3.735,19.760,0.00,0.6970,24.734182,46.699421,8.176,84.637,11.815
2025-12-29T13:44:15.888Z,51.233,0.074,3.786,19.760,0.00,0.6970,24.734182,46.699421,8.176,84.637,11.815
2025-12-29T13:44:15.954Z,51.234,0.074,3.768,19.760,0.00,0.6970,24.734182,46.699421,8.176,84.636,11.815
2025-12-29T13:44:15.955Z,51.241,0.060,3.086,19.760,0.00,0.6970,24.734182,46.699421,8.176,84.636,11.815
2025-12-29T13:44:16.196Z,51.240,0.065,3.329,19.760,0.00,0.6970,24.734182,46.699421,8.176,84.634,11.816
2025-12-29T13:44:16.516Z,51.239,0.073,3.739,19.760,0.00,0.6970,24.734182,46.699421,8.177,84.631,11.816
2025-12-29T13:44:16.518Z,51.231,0.111,5.679,19.390,0.00,0.7020,24.734171,46.699368,8.177,85.242,11.731
2025-12-29T13:44:16.613Z,51.207,0.195,9.962,19.390,0.00,0.7020,24.734171,46.699368,8.177,85.239,11.732
2025-12-29T13:44:16.826Z,51.180,0.288,14.721,19.390,0.00,0.7020,24.734171,46.699368,8.178,85.230,11.733
2025-12-29T13:44:17.915Z,51.140,0.434,22.181,19.390,0.00,0.7020,24.734171,46.699368,8.185,85.160,11.743
2025-12-29T13:44:17.923Z,51.108,0.617,31.510,19.390,0.00,0.7020,24.734171,46.699368,8.185,85.160,11.743
2025-12-29T13:44:17.924Z,51.054,0.736,37.572,19.390,0.00,0.7020,24.734171,46.699368,8.185,85.160,11.743
2025-12-29T13:44:17.925Z,50.506,2.625,132.563,18.450,0.00,0.7080,24.734169,46.699314,8.185,85.892,11.642
2025-12-29T13:44:17.925Z,49.783,4.817,239.793,18.450,0.00,0.7080,24.734169,46.699314,8.185,85.892,11.643
2025-12-29T13:44:17.926Z,49.655,5.417,268.972,18.450,0.00,0.7080,24.734169,46.699314,8.185,85.892,11.643
2025-12-29T13:45:05.110Z,49.167,6.708,329.798,18.300,0.00,0.7280,24.734243,46.699135,11.429,63.258,15.808
2025-12-29T13:45:05.112Z,49.046,6.368,312.311,20.390,0.00,0.7570,24.734413,46.698917,11.430,65.794,15.199
2025-12-29T13:45:05.112Z,49.130,6.689,328.629,20.390,0.00,0.7570,24.734413,46.698917,11.430,65.793,15.199
2025-12-29T13:45:05.113Z,49.038,6.926,339.642,20.390,0.00,0.7570,24.734413,46.698917,11.430,65.793,15.199
2025-12-29T13:45:05.132Z,49.480,5.557,274.966,20.390,0.00,0.7570,24.734413,46.698917,11.431,65.785,15.201
2025-12-29T13:45:05.132Z,49.450,5.570,275.422,20.390,0.00,0.7570,24.734413,46.698917,11.431,65.784,15.201
2025-12-29T13:45:05.132Z,49.230,6.412,315.673,20.390,0.00,0.7570,24.734413,46.698917,11.431,65.784,15.201
2025-12-29T13:45:05.133Z,49.648,4.854,241.004,20.390,0.00,0.7570,24.734413,46.698917,11.431,65.784,15.201
2025-12-29T13:45:05.134Z,49.294,6.013,296.386,21.320,0.00,0.7630,24.734430,46.698860,11.431,66.309,15.081
2025-12-29T13:45:05.134Z,48.971,7.131,349.196,21.320,0.00,0.7630,24.734430,46.698860,11.431,66.308,15.081
2025-12-29T13:45:05.135Z,49.155,6.482,318.636,21.320,0.00,0.7630,24.734430,46.698860,11.432,66.308,15.081
2025-12-29T13:45:05.136Z,49.239,6.326,311.470,21.320,0.00,0.7630,24.734430,46.698860,11.432,66.308,15.081
2025-12-29T13:45:05.136Z,49.239,6.326,311.470,21.320,0.00,0.7630,24.734430,46.698860,11.432,66.307,15.081
2025-12-29T13:45:05.136Z,49.336,5.886,290.386,21.320,0.00,0.7630,24.734430,46.698860,11.432,66.307,15.081
2025-12-29T13:45:05.137Z,49.248,6.273,308.924,22.430,0.00,0.7690,24.734453,46.698803,11.432,66.832,14.963
2025-12-29T13:45:05.137Z,48.887,7.414,362.463,22.430,0.00,0.7690,24.734453,46.698803,11.432,66.832,14.963
2025-12-29T13:45:05.137Z,49.176,6.299,309.782,22.430,0.00,0.7690,24.734453,46.698803,11.432,66.832,14.963
2025-12-29T13:45:05.137Z,48.759,8.058,392.926,22.430,0.00,0.7690,24.734453,46.698803,11.432,66.832,14.963
2025-12-29T13:45:05.137Z,49.420,5.878,290.487,22.430,0.00,0.7690,24.734453,46.698803,11.432,66.832,14.963
2025-12-29T13:45:05.138Z,48.766,7.617,371.452,22.430,0.00,0.7690,24.734453,46.698803,11.432,66.831,14.963
2025-12-29T13:45:05.138Z,48.844,7.176,350.485,23.890,0.00,0.7760,24.734486,46.698750,11.432,67.443,14.827
2025-12-29T13:45:05.139Z,48.965,7.526,368.499,23.890,0.00,0.7760,24.734486,46.698750,11.432,67.443,14.827
2025-12-29T13:45:05.139Z,49.011,7.105,348.211,23.890,0.00,0.7760,24.734486,46.698750,11.432,67.443,14.827
2025-12-29T13:45:05.139Z,49.450,5.338,263.958,23.890,0.00,0.7760,24.734486,46.698750,11.432,67.443,14.827
2025-12-29T13:45:05.139Z,48.675,8.034,391.032,23.890,0.00,0.7760,24.734486,46.698750,11.432,67.443,14.827
2025-12-29T13:45:05.140Z,48.701,8.102,394.561,23.890,0.00,0.7760,24.734486,46.698750,11.432,67.442,14.828
2025-12-29T13:45:05.140Z,49.199,6.410,315.353,23.890,0.00,0.7760,24.734486,46.698750,11.432,67.442,14.828
2025-12-29T13:45:05.140Z,48.644,8.122,395.094,25.520,0.00,0.7830,24.734529,46.698700,11.432,68.054,14.694
2025-12-29T13:45:05.140Z,49.103,6.666,327.327,25.520,0.00,0.7830,24.734529,46.698700,11.432,68.054,14.694
2025-12-29T13:45:05.141Z,48.604,8.286,402.733,25.520,0.00,0.7830,24.734529,46.698700,11.432,68.054,14.694
2025-12-29T13:45:05.141Z,49.262,7.094,349.453,25.520,0.00,0.7830,24.734529,46.698700,11.432,68.054,14.694
2025-12-29T13:45:05.141Z,49.092,6.647,326.302,25.520,0.00,0.7830,24.734529,46.698700,11.432,68.054,14.694
2025-12-29T13:45:05.141Z,48.583,8.369,406.576,25.520,0.00,0.7830,24.734529,46.698700,11.432,68.054,14.694
2025-12-29T13:45:05.141Z,48.635,8.201,398.840,26.910,0.00,0.7900,24.734579,46.698654,11.432,68.666,14.563
2025-12-29T13:45:05.142Z,48.784,7.788,379.922,26.910,0.00,0.7900,24.734579,46.698654,11.432,68.665,14.563
2025-12-29T13:45:05.142Z,48.782,7.751,378.093,26.910,0.00,0.7900,24.734579,46.698654,11.432,68.665,14.563
2025-12-29T13:45:05.142Z,48.801,7.461,364.093,26.910,0.00,0.7900,24.734579,46.698654,11.432,68.665,14.563
2025-12-29T13:45:05.143Z,48.816,7.446,363.495,26.910,0.00,0.7900,24.734579,46.698654,11.432,68.665,14.564
2025-12-29T13:45:05.144Z,48.846,7.461,364.433,26.910,0.00,0.7900,24.734579,46.698654,11.432,68.665,14.564
2025-12-29T13:45:05.144Z,48.971,7.001,342.855,27.470,0.00,0.7980,24.734640,46.698616,11.432,69.364,14.417
2025-12-29T13:45:05.145Z,49.486,5.311,262.831,27.470,0.00,0.7980,24.734640,46.698616,11.432,69.364,14.417
2025-12-29T13:45:05.145Z,48.773,7.659,373.548,27.470,0.00,0.7980,24.734640,46.698616,11.433,69.363,14.417
2025-12-29T13:45:05.145Z,48.669,7.995,389.113,27.470,0.00,0.7980,24.734640,46.698616,11.433,69.363,14.417
2025-12-29T13:45:05.145Z,48.516,8.462,410.542,27.470,0.00,0.7980,24.734640,46.698616,11.433,69.363,14.417
2025-12-29T13:45:05.146Z,49.544,5.148,255.066,27.470,0.00,0.7980,24.734640,46.698616,11.433,69.363,14.417
2025-12-29T13:45:05.146Z,48.514,8.477,411.238,27.470,0.00,0.7980,24.734640,46.698616,11.433,69.363,14.417
2025-12-29T13:45:05.147Z,48.896,7.285,356.203,27.820,0.00,0.8050,24.734703,46.698589,11.433,69.975,14.291
2025-12-29T13:45:05.147Z,48.621,8.150,396.266,27.820,0.00,0.8050,24.734703,46.698589,11.433,69.974,14.291
2025-12-29T13:45:05.147Z,48.751,7.771,378.857,27.820,0.00,0.8050,24.734703,46.698589,11.433,69.974,14.291
2025-12-29T13:45:05.148Z,49.184,6.266,308.207,27.820,0.00,0.8050,24.734703,46.698589,11.433,69.974,14.291
2025-12-29T13:45:05.148Z,48.630,8.122,394.986,27.820,0.00,0.8050,24.734703,46.698589,11.433,69.974,14.291
2025-12-29T13:45:05.148Z,48.642,8.129,395.393,27.820,0.00,0.8050,24.734703,46.698589,11.433,69.974,14.291
2025-12-29T13:45:05.148Z,48.584,8.172,397.019,28.320,0.00,0.8130,24.734774,46.698574,11.433,70.673,14.150
2025-12-29T13:45:05.149Z,48.848,7.294,356.318,28.320,0.00,0.8130,24.734774,46.698574,11.433,70.673,14.150
2025-12-29T13:45:05.149Z,49.056,6.589,323.234,28.320,0.00,0.8130,24.734774,46.698574,11.433,70.673,14.150
2025-12-29T13:45:05.149Z,48.727,7.752,377.710,28.320,0.00,0.8130,24.734774,46.698574,11.433,70.673,14.150
2025-12-29T13:45:05.150Z,48.768,7.756,378.223,28.320,0.00,0.8130,24.734774,46.698574,11.433,70.673,14.150
2025-12-29T13:45:05.150Z,48.498,8.565,415.372,28.320,0.00,0.8130,24.734774,46.698574,11.433,70.672,14.150
2025-12-29T13:45:05.150Z,50.839,0.694,35.267,28.480,0.00,0.8210,24.734844,46.698574,11.433,71.372,14.011
2025-12-29T13:45:05.151Z,50.906,0.643,32.748,28.480,0.00,0.8210,24.734844,46.698574,11.433,71.372,14.011
2025-12-29T13:45:05.151Z,50.938,0.416,21.213,28.480,0.00,0.8210,24.734844,46.698574,11.433,71.372,14.011
2025-12-29T13:45:05.151Z,50.966,0.338,17.229,28.480,0.00,0.8210,24.734844,46.698574,11.433,71.372,14.011
2025-12-29T13:45:05.151Z,50.992,0.233,11.905,28.480,0.00,0.8210,24.734844,46.698574,11.433,71.372,14.011
2025-12-29T13:45:05.151Z,51.021,0.195,9.932,28.480,0.00,0.8210,24.734844,46.698574,11.433,71.372,14.011
2025-12-29T13:45:05.151Z,51.049,0.116,5.932,28.480,0.00,0.8210,24.734844,46.698574,11.433,71.372,14.011
2025-12-29T13:45:05.152Z,51.066,0.075,3.838,27.500,0.00,0.8290,24.734911,46.698589,11.433,72.071,13.875
2025-12-29T13:45:05.152Z,51.074,0.061,3.098,27.500,0.00,0.8290,24.734911,46.698589,11.433,72.071,13.875
2025-12-29T13:45:05.152Z,51.078,0.061,3.090,27.500,0.00,0.8290,24.734911,46.698589,11.433,72.071,13.875
2025-12-29T13:45:05.152Z,51.078,0.074,3.778,27.500,0.00,0.8290,24.734911,46.698589,11.433,72.071,13.875
2025-12-29T13:45:05.152Z,51.086,0.061,3.106,27.500,0.00,0.8290,24.734911,46.698589,11.433,72.071,13.875
2025-12-29T13:45:15.979Z,51.146,0.060,3.079,19.220,0.00,1.0420,24.734177,46.699284,11.442,90.628,11.034
2025-12-29T13:45:16.172Z,51.147,0.062,3.167,19.220,0.00,1.0420,24.734177,46.699284,11.443,90.627,11.034
2025-12-29T13:45:16.451Z,51.150,0.061,3.122,19.220,0.00,1.0420,24.734177,46.699284,11.443,90.625,11.035
2025-12-29T13:45:16.452Z,51.152,0.060,3.079,15.280,0.00,1.0700,24.734335,46.699070,11.443,93.072,10.744
2025-12-29T13:45:16.621Z,51.150,0.070,3.565,15.280,0.00,1.0700,24.734335,46.699070,11.443,93.070,10.745
2025-12-29T13:45:16.789Z,51.151,0.073,3.729,15.280,0.00,1.0700,24.734335,46.699070,11.443,93.069,10.745
2025-12-29T13:45:17.100Z,51.154,0.067,3.438,15.280,0.00,1.0700,24.734335,46.699070,11.443,93.067,10.745
2025-12-29T13:45:17.101Z,51.133,0.146,7.451,15.280,0.00,1.0700,24.734335,46.699070,11.443,93.067,10.745
2025-12-29T13:45:17.213Z,51.103,0.243,12.435,15.280,0.00,1.0700,24.734335,46.699070,11.444,93.063,10.745
2025-12-29T13:45:17.420Z,51.065,0.378,19.314,14.650,0.00,1.0740,24.734362,46.699043,11.445,93.404,10.706
2025-12-29T13:45:17.730Z,51.024,0.563,28.720,14.650,0.00,1.0740,24.734362,46.699043,11.447,93.384,10.709
2025-12-29T13:45:17.900Z,50.631,1.894,95.914,14.650,0.00,1.0740,24.734362,46.699043,11.452,93.347,10.713
2025-12-29T13:45:17.902Z,49.918,4.171,208.196,14.650,0.00,1.0740,24.734362,46.699043,11.452,93.346,10.713
2025-12-29T13:45:18.221Z,50.024,3.827,191.455,14.650,0.00,1.0740,24.734362,46.699043,11.469,93.208,10.729
2025-12-29T13:45:18.223Z,49.770,4.657,231.759,14.650,0.00,1.0740,24.734362,46.699043,11.469,93.207,10.729
2025-12-29T13:45:18.309Z,49.762,4.644,231.106,14.650,0.00,1.0740,24.734362,46.699043,11.475,93.162,10.734
2025-12-29T13:45:18.543Z,49.787,4.637,230.866,14.330,0.00,1.0780,24.734383,46.699013,11.490,93.389,10.708
2025-12-29T13:45:18.861Z,49.744,4.768,237.162,14.330,0.00,1.0780,24.734383,46.699013,11.511,93.218,10.728
2025-12-29T13:45:18.863Z,49.665,5.115,254.041,14.330,0.00,1.0780,24.734383,46.699013,11.511,93.217,10.728
2025-12-29T13:45:18.925Z,49.944,3.895,194.537,14.330,0.00,1.0780,24.734383,46.699013,11.514,93.190,10.731
2025-12-29T13:45:19.143Z,49.636,5.101,253.183,14.330,0.00,1.0780,24.734383,46.699013,11.529,93.066,10.745
2025-12-29T13:45:19.344Z,49.636,5.035,249.924,14.330,0.00,1.0780,24.734383,46.699013,11.543,92.954,10.758
2025-12-29T13:45:19.663Z,49.346,5.992,295.692,14.850,0.00,1.0820,24.734400,46.698978,11.569,93.090,10.742
2025-12-29T13:45:19.664Z,49.346,5.051,249.262,14.850,0.00,1.0820,24.734400,46.698978,11.570,93.088,10.742
2025-12-29T13:45:19.982Z,49.546,5.165,255.898,14.850,0.00,1.0820,24.734400,46.698978,11.592,92.907,10.763
2025-12-29T13:45:19.983Z,49.219,6.262,308.212,14.850,0.00,1.0820,24.734400,46.698978,11.592,92.906,10.764
2025-12-29T13:45:20.065Z,50.292,2.781,139.881,14.850,0.00,1.0820,24.734400,46.698978,11.596,92.881,10.766
2025-12-29T13:45:20.292Z,49.595,5.076,251.723,14.850,0.00,1.0820,24.734400,46.698978,11.611,92.754,10.781
2025-12-29T13:45:20.623Z,49.595,5.076,251.723,15.830,0.00,1.0860,24.734413,46.698936,11.634,92.914,10.763
2025-12-29T13:45:20.624Z,49.381,5.984,295.515,15.830,0.00,1.0860,24.734413,46.698936,11.635,92.912,10.763
2025-12-29T13:45:20.663Z,49.370,6.065,299.417,15.830,0.00,1.0860,24.734413,46.698936,11.638,92.886,10.766
2025-12-29T13:45:20.885Z,49.342,5.967,294.419,15.830,0.00,1.0860,24.734413,46.698936,11.656,92.742,10.783
2025-12-29T13:45:21.084Z,49.144,6.506,319.734,15.830,0.00,1.0860,24.734413,46.698936,11.674,92.602,10.799
2025-12-29T13:45:21.402Z,49.433,5.593,276.476,15.830,0.00,1.0860,24.734413,46.698936,11.698,92.408,10.822
2025-12-29T13:45:21.403Z,49.587,5.004,248.133,15.830,0.00,1.0860,24.734413,46.698936,11.698,92.407,10.822
2025-12-29T13:45:21.497Z,49.287,6.143,302.746,16.610,0.00,1.0910,24.734426,46.698895,11.706,92.774,10.779
2025-12-29T13:45:22.004Z,49.151,6.442,316.612,16.610,0.00,1.0910,24.734426,46.698895,11.751,92.420,10.820
2025-12-29T13:45:22.005Z,49.135,6.507,319.729,16.610,0.00,1.0910,24.734426,46.698895,11.751,92.419,10.820
2025-12-29T13:45:22.123Z,49.432,5.613,277.480,16.610,0.00,1.0910,24.734426,46.698895,11.760,92.348,10.829
2025-12-29T13:45:22.123Z,49.715,4.561,226.731,16.610,0.00,1.0910,24.734426,46.698895,11.760,92.348,10.829
2025-12-29T13:45:22.309Z,49.389,4.561,225.244,16.610,0.00,1.0910,24.734426,46.698895,11.772,92.257,10.839
2025-12-29T13:45:22.520Z,49.257,6.198,305.303,17.670,0.00,1.0950,24.734440,46.698849,11.789,92.456,10.816
2025-12-29T13:45:22.843Z,49.839,4.121,205.395,17.670,0.00,1.0950,24.734440,46.698849,11.808,92.312,10.833
2025-12-29T13:45:22.844Z,49.154,6.383,313.740,17.670,0.00,1.0950,24.734440,46.698849,11.808,92.311,10.833
2025-12-29T13:45:22.925Z,49.202,6.321,310.996,17.670,0.00,1.0950,24.734440,46.698849,11.815,92.256,10.839
2025-12-29T13:45:23.162Z,49.021,6.964,341.382,17.670,0.00,1.0950,24.734440,46.698849,11.837,92.081,10.860
2025-12-29T13:45:23.481Z,49.083,6.771,332.341,17.670,0.00,1.0950,24.734440,46.698849,11.867,91.853,10.887
2025-12-29T13:45:23.483Z,49.190,6.771,333.064,19.190,0.00,1.1010,24.734459,46.698799,11.867,92.358,10.827
2025-12-29T13:45:23.539Z,49.041,6.719,329.507,19.190,0.00,1.1010,24.734459,46.698799,11.872,92.317,10.832
2025-12-29T13:45:23.803Z,49.105,6.718,329.889,19.190,0.00,1.1010,24.734459,46.698799,11.896,92.130,10.854
2025-12-29T13:45:23.956Z,49.105,5.680,278.895,19.190,0.00,1.1010,24.734459,46.698799,11.908,92.038,10.865
2025-12-29T13:45:23.957Z,49.049,6.738,330.509,19.190,0.00,1.1010,24.734459,46.698799,11.908,92.037,10.865
2025-12-29T13:45:24.274Z,49.329,5.884,290.270,19.190,0.00,1.1010,24.734459,46.698799,11.934,91.840,10.889
2025-12-29T13:45:24.601Z,49.385,5.660,279.542,19.190,0.00,1.1010,24.734459,46.698799,11.959,91.645,10.912
2025-12-29T13:45:24.606Z,49.030,6.811,333.968,21.340,0.00,1.1060,24.734486,46.698753,11.960,92.059,10.863
2025-12-29T13:45:24.673Z,49.120,6.913,339.542,21.340,0.00,1.1060,24.734486,46.698753,11.966,92.011,10.868
2025-12-29T13:45:25.083Z,49.031,6.571,322.164,21.340,0.00,1.1060,24.734486,46.698753,12.003,91.729,10.902
2025-12-29T13:45:25.084Z,49.031,7.837,384.274,21.340,0.00,1.1060,24.734486,46.698753,12.003,91.729,10.902
2025-12-29T13:45:25.178Z,48.839,7.265,354.805,21.340,0.00,1.1060,24.734486,46.698753,12.012,91.658,10.910
2025-12-29T13:45:25.403Z,49.055,6.564,322.003,21.340,0.00,1.1060,24.734486,46.698753,12.032,91.504,10.928
2025-12-29T13:45:25.405Z,49.519,5.190,256.996,22.650,0.00,1.1130,24.734522,46.698704,12.032,92.086,10.859
2025-12-29T13:45:25.721Z,48.747,7.551,368.098,22.650,0.00,1.1130,24.734522,46.698704,12.065,91.838,10.889
2025-12-29T13:45:25.811Z,49.149,6.493,319.117,22.650,0.00,1.1130,24.734522,46.698704,12.073,91.778,10.896
2025-12-29T13:45:26.043Z,48.871,7.350,359.195,22.650,0.00,1.1130,24.734522,46.698704,12.096,91.602,10.917
2025-12-29T13:45:26.363Z,49.438,5.759,284.691,22.650,0.00,1.1130,24.734522,46.698704,12.121,91.411,10.940
2025-12-29T13:45:26.365Z,49.286,6.612,325.888,22.650,0.00,1.1130,24.734522,46.698704,12.121,91.409,10.940
2025-12-29T13:45:26.684Z,48.868,7.085,346.210,24.410,0.00,1.1190,24.734568,46.698662,12.152,91.673,10.908
2025-12-29T13:45:26.691Z,49.003,7.726,378.598,24.410,0.00,1.1190,24.734568,46.698662,12.153,91.667,10.909
2025-12-29T13:45:26.843Z,48.721,7.814,380.732,24.410,0.00,1.1190,24.734568,46.698662,12.169,91.546,10.923
2025-12-29T13:45:26.844Z,49.215,6.317,310.885,24.410,0.00,1.1190,24.734568,46.698662,12.169,91.545,10.924
2025-12-29T13:45:27.153Z,48.705,7.951,387.262,24.410,0.00,1.1190,24.734568,46.698662,12.202,91.296,10.953
2025-12-29T13:45:27.232Z,49.040,6.844,335.653,24.410,0.00,1.1190,24.734568,46.698662,12.209,91.241,10.960
2025-12-29T13:45:27.483Z,49.013,6.898,338.116,24.410,0.00,1.1190,24.734568,46.698662,12.233,91.065,10.981
2025-12-29T13:45:27.646Z,50.059,3.304,165.381,25.210,0.00,1.1260,24.734619,46.698627,12.240,91.581,10.919
2025-12-29T13:45:27.654Z,49.383,5.740,283.443,25.210,0.00,1.1260,24.734619,46.698627,12.241,91.576,10.920
2025-12-29T13:45:27.963Z,48.631,8.438,410.364,25.210,0.00,1.1260,24.734619,46.698627,12.276,91.313,10.951
2025-12-29T13:45:28.054Z,48.588,8.305,403.521,25.210,0.00,1.1260,24.734619,46.698627,12.287,91.237,10.960
2025-12-29T13:45:28.273Z,49.100,6.354,311.987,25.210,0.00,1.1260,24.734619,46.698627,12.306,91.097,10.977
2025-12-29T13:45:28.275Z,48.903,7.107,347.575,25.210,0.00,1.1260,24.734619,46.698627,12.306,91.095,10.978
2025-12-29T13:45:28.604Z,49.324,5.741,283.193,25.720,0.00,1.1330,24.734678,46.698601,12.332,91.472,10.932
2025-12-29T13:45:28.659Z,48.774,7.644,372.820,25.720,0.00,1.1330,24.734678,46.698601,12.337,91.429,10.937
2025-12-29T13:45:28.923Z,48.985,6.922,339.093,25.720,0.00,1.1330,24.734678,46.698601,12.362,91.245,10.959
2025-12-29T13:45:28.924Z,49.074,6.571,322.461,25.720,0.00,1.1330,24.734678,46.698601,12.362,91.245,10.960
2025-12-29T13:45:29.084Z,48.424,8.567,414.825,25.720,0.00,1.1330,24.734678,46.698601,12.381,91.109,10.976
2025-12-29T13:45:29.393Z,48.857,7.233,353.376,25.720,0.00,1.1330,24.734678,46.698601,12.411,90.886,11.003
2025-12-29T13:45:29.396Z,49.016,6.587,322.866,26.410,0.00,1.1400,24.734739,46.698582,12.411,91.449,10.935
2025-12-29T13:45:29.725Z,48.531,8.366,406.004,26.410,0.00,1.1400,24.734739,46.698582,12.448,91.177,10.968
2025-12-29T13:45:29.732Z,49.213,5.990,294.787,26.410,0.00,1.1400,24.734739,46.698582,12.449,91.172,10.968
2025-12-29T13:45:30.043Z,50.527,1.599,80.768,26.410,0.00,1.1400,24.734739,46.698582,12.456,91.121,10.974
2025-12-29T13:45:30.044Z,50.820,0.626,31.803,26.410,0.00,1.1400,24.734739,46.698582,12.456,91.121,10.974
2025-12-29T13:45:30.362Z,50.868,0.498,25.354,26.410,0.00,1.1400,24.734739,46.698582,12.458,91.104,10.976
2025-12-29T13:45:30.684Z,50.905,0.430,21.887,26.470,0.00,1.1480,24.734806,46.698574,12.460,91.732,10.901
2025-12-29T13:45:30.692Z,50.944,0.331,16.888,26.470,0.00,1.1480,24.734806,46.698574,12.460,91.732,10.901
2025-12-29T13:45:30.703Z,50.970,0.219,11.170,26.470,0.00,1.1480,24.734806,46.698574,12.460,91.732,10.901
2025-12-29T13:45:31.003Z,51.000,0.159,8.107,26.470,0.00,1.1480,24.734806,46.698574,12.461,91.727,10.902
2025-12-29T13:45:31.153Z,51.021,0.103,5.232,26.470,0.00,1.1480,24.734806,46.698574,12.461,91.725,10.902
2025-12-29T13:45:31.155Z,51.035,0.066,3.378,26.470,0.00,1.1480,24.734806,46.698574,12.461,91.725,10.902
2025-12-29T13:45:31.483Z,51.036,0.074,3.761,26.470,0.00,1.1480,24.734806,46.698574,12.462,91.722,10.902
2025-12-29T13:45:31.485Z,51.044,0.062,3.176,25.850,0.00,1.1550,24.734869,46.698578,12.462,92.284,10.836
2025-12-29T13:45:31.643Z,51.045,0.068,3.468,25.850,0.00,1.1550,24.734869,46.698578,12.462,92.283,10.836
2025-12-29T13:45:31.934Z,51.049,0.069,3.497,25.850,0.00,1.1550,24.734869,46.698578,12.462,92.281,10.836
2025-12-29T13:45:31.936Z,51.052,0.068,3.490,25.850,0.00,1.1550,24.734869,46.698578,12.462,92.281,10.836
2025-12-29T13:45:32.283Z,51.055,0.069,3.537,25.850,0.00,1.1550,24.734869,46.698578,12.462,92.278,10.837
2025-12-29T13:45:32.362Z,51.058,0.067,3.434,25.850,0.00,1.1550,24.734869,46.698578,12.462,92.278,10.837
2025-12-29T13:45:32.364Z,51.063,0.061,3.128,24.930,0.00,1.1610,24.734926,46.698597,12.462,92.759,10.781
2025-12-29T13:45:32.600Z,51.065,0.062,3.185,24.930,0.00,1.1610,24.734926,46.698597,12.463,92.758,10.781
2025-12-29T13:45:32.753Z,51.065,0.074,3.756,24.930,0.00,1.1610,24.734926,46.698597,12.463,92.756,10.781
2025-12-29T13:45:33.073Z,51.067,0.074,3.771,24.930,0.00,1.1610,24.734926,46.698597,12.463,92.754,10.781
2025-12-29T13:45:33.172Z,51.073,0.064,3.279,24.930,0.00,1.1610,24.734926,46.698597,12.463,92.753,10.781
2025-12-29T13:45:33.177Z,51.076,0.060,3.080,24.930,0.00,1.1610,24.734926,46.698597,12.463,92.753,10.781
2025-12-29T13:45:33.402Z,51.077,0.063,3.193,23.840,0.00,1.1680,24.734978,46.698631,12.463,93.313,10.717
2025-12-29T13:45:33.722Z,51.076,0.073,3.745,23.840,0.00,1.1680,24.734978,46.698631,12.464,93.311,10.717
2025-12-29T13:45:33.793Z,51.082,0.062,3.186,23.840,0.00,1.1680,24.734978,46.698631,12.464,93.310,10.717
2025-12-29T13:45:33.794Z,51.076,0.085,4.339,23.840,0.00,1.1680,24.734978,46.698631,12.464,93.310,10.717
2025-12-29T13:45:34.042Z,51.038,0.235,11.982,23.840,0.00,1.1680,24.734978,46.698631,12.465,93.304,10.718
2025-12-29T13:45:34.208Z,51.005,0.330,16.815,23.840,0.00,1.1680,24.734978,46.698631,12.465,93.299,10.718
2025-12-29T13:45:34.523Z,50.975,0.480,24.491,23.840,0.00,1.1680,24.734978,46.698631,12.468,93.282,10.720
2025-12-29T13:45:34.525Z,50.938,0.629,32.037,21.320,0.00,1.1740,24.735018,46.698673,12.468,93.764,10.665
2025-12-29T13:45:34.845Z,50.892,0.738,37.550,21.320,0.00,1.1740,24.735018,46.698673,12.471,93.739,10.668
2025-12-29T13:45:35.161Z,50.844,0.905,46.012,21.320,0.00,1.1740,24.735018,46.698673,12.475,93.708,10.671
2025-12-29T13:45:35.163Z,50.676,1.450,73.457,21.320,0.00,1.1740,24.735018,46.698673,12.475,93.708,10.671
2025-12-29T13:45:35.221Z,49.667,5.408,268.577,21.320,0.00,1.1740,24.735018,46.698673,12.479,93.675,10.675
2025-12-29T13:45:35.222Z,49.263,6.263,308.522,21.320,0.00,1.1740,24.735018,46.698673,12.479,93.675,10.675
2025-12-29T13:45:35.483Z,49.503,5.376,266.118,21.540,0.00,1.1800,24.735041,46.698723,12.499,94.010,10.637
2025-12-29T13:45:35.642Z,49.217,6.173,303.795,21.540,0.00,1.1800,24.735041,46.698723,12.512,93.909,10.649
2025-12-29T13:45:35.962Z,49.310,5.902,291.015,21.540,0.00,1.1800,24.735041,46.698723,12.538,93.716,10.671
2025-12-29T13:45:36.032Z,49.535,5.090,252.115,21.540,0.00,1.1800,24.735041,46.698723,12.543,93.679,10.675
2025-12-29T13:45:36.033Z,49.133,6.516,320.166,21.540,0.00,1.1800,24.735041,46.698723,12.543,93.678,10.675
2025-12-29T13:45:36.348Z,49.178,6.325,311.031,21.540,0.00,1.1800,24.735041,46.698723,12.570,93.476,10.698
2025-12-29T13:45:36.445Z,48.881,7.293,356.478,22.670,0.00,1.1860,24.735054,46.698784,12.580,93.880,10.652
2025-12-29T13:45:36.762Z,49.572,4.979,246.817,22.670,0.00,1.1860,24.735054,46.698784,12.602,93.718,10.670
2025-12-29T13:45:36.764Z,48.851,7.311,357.127,22.670,0.00,1.1860,24.735054,46.698784,12.602,93.718,10.670
2025-12-29T13:45:36.851Z,49.228,6.041,297.380,22.670,0.00,1.1860,24.735054,46.698784,12.609,93.664,10.676
2025-12-29T13:45:37.082Z,49.301,5.886,290.195,22.670,0.00,1.1860,24.735054,46.698784,12.628,93.526,10.692
2025-12-29T13:45:37.408Z,49.006,7.141,349.963,22.670,0.00,1.1860,24.735054,46.698784,12.659,93.294,10.719
2025-12-29T13:45:37.413Z,49.382,5.594,276.224,22.670,0.00,1.1860,24.735054,46.698784,12.659,93.290,10.719
2025-12-29T13:45:37.464Z,49.091,6.499,319.060,23.090,0.00,1.1920,24.735052,46.698845,12.664,93.731,10.669
2025-12-29T13:45:37.722Z,48.707,7.793,379.561,23.090,0.00,1.1920,24.735052,46.698845,12.691,93.530,10.692
2025-12-29T13:45:37.885Z,48.742,8.095,394.591,23.090,0.00,1.1920,24.735052,46.698845,12.709,93.399,10.707
2025-12-29T13:45:38.204Z,49.129,6.139,301.616,23.090,0.00,1.1920,24.735052,46.698845,12.736,93.203,10.729
2025-12-29T13:45:38.207Z,49.577,4.912,243.517,23.090,0.00,1.1920,24.735052,46.698845,12.736,93.201,10.729
2025-12-29T13:45:38.300Z,48.847,7.515,367.073,23.090,0.00,1.1920,24.735052,46.698845,12.745,93.132,10.737
2025-12-29T13:45:38.498Z,48.731,7.494,365.189,23.430,0.00,1.1990,24.735035,46.698906,12.765,93.534,10.691
2025-12-29T13:45:38.705Z,49.236,6.248,307.617,23.430,0.00,1.1990,24.735035,46.698906,12.783,93.405,10.706
2025-12-29T13:45:38.707Z,49.587,5.061,250.952,23.430,0.00,1.1990,24.735035,46.698906,12.783,93.403,10.706
2025-12-29T13:45:39.004Z,50.229,2.700,135.594,23.430,0.00,1.1990,24.735035,46.698906,12.794,93.322,10.716
2025-12-29T13:45:39.107Z,50.800,0.760,38.598,23.430,0.00,1.1990,24.735035,46.698906,12.795,93.314,10.716
2025-12-29T13:45:39.320Z,50.896,0.482,24.512,23.430,0.00,1.1990,24.735035,46.698906,12.797,93.303,10.718
2025-12-29T13:45:39.806Z,50.933,0.374,19.029,23.320,0.00,1.2050,24.735006,46.698963,12.800,93.754,10.666
2025-12-29T13:45:39.809Z,50.968,0.306,15.576,23.320,0.00,1.2050,24.735006,46.698963,12.800,93.753,10.666
2025-12-29T13:45:39.813Z,50.986,0.219,11.166,23.320,0.00,1.2050,24.735006,46.698963,12.800,93.753,10.666
2025-12-29T13:45:39.815Z,51.013,0.140,7.134,23.320,0.00,1.2050,24.735006,46.698963,12.800,93.753,10.666
2025-12-29T13:45:40.115Z,51.043,0.087,4.424,23.320,0.00,1.2050,24.735006,46.698963,12.800,93.751,10.667
2025-12-29T13:45:40.230Z,51.050,0.070,3.573,23.320,0.00,1.2050,24.735006,46.698963,12.800,93.750,10.667
2025-12-29T13:45:40.606Z,51.056,0.065,3.297,23.320,0.00,1.2050,24.735006,46.698963,12.800,93.747,10.667
2025-12-29T13:45:40.608Z,51.056,0.072,3.677,22.800,0.00,1.2120,24.734982,46.699020,12.800,94.294,10.605
2025-12-29T13:45:40.749Z,51.062,0.063,3.214,22.800,0.00,1.2120,24.734982,46.699020,12.801,94.293,10.605
2025-12-29T13:45:40.751Z,51.065,0.060,3.058,22.800,0.00,1.2120,24.734982,46.699020,12.801,94.293,10.605
2025-12-29T13:45:40.938Z,51.067,0.061,3.125,22.800,0.00,1.2120,24.734982,46.699020,12.801,94.292,10.605
2025-12-29T13:45:41.267Z,51.071,0.062,3.164,22.800,0.00,1.2120,24.734982,46.699020,12.801,94.290,10.606
2025-12-29T13:45:41.271Z,51.069,0.073,3.748,22.800,0.00,1.2120,24.734982,46.699020,12.801,94.290,10.606
2025-12-29T13:45:41.723Z,51.074,0.063,3.219,22.150,0.00,1.2180,24.734974,46.699081,12.801,94.755,10.553
2025-12-29T13:45:41.725Z,51.075,0.071,3.610,22.150,0.00,1.2180,24.734974,46.699081,12.801,94.755,10.553
2025-12-29T13:45:41.763Z,51.079,0.063,3.217,22.150,0.00,1.2180,24.734974,46.699081,12.801,94.755,10.554
2025-12-29T13:45:42.045Z,51.078,0.072,3.675,22.150,0.00,1.2180,24.734974,46.699081,12.802,94.753,10.554
2025-12-29T13:45:42.204Z,51.084,0.061,3.108,22.150,0.00,1.2180,24.734974,46.699081,12.802,94.752,10.554
2025-12-29T13:45:42.208Z,51.083,0.073,3.738,22.150,0.00,1.2180,24.734974,46.699081,12.802,94.752,10.554
2025-12-29T13:45:42.525Z,51.088,0.062,3.159,21.480,0.00,1.2240,24.734983,46.699139,12.802,95.219,10.502
2025-12-29T13:45:42.602Z,51.088,0.065,3.346,21.480,0.00,1.2240,24.734983,46.699139,12.802,95.218,10.502
2025-12-29T13:45:42.845Z,51.089,0.069,3.547,21.480,0.00,1.2240,24.734983,46.699139,12.802,95.216,10.502
2025-12-29T13:45:45.407Z,51.094,0.060,3.062,21.480,0.00,1.2240,24.734983,46.699139,12.805,95.200,10.504
2025-12-29T13:45:45.411Z,51.095,0.061,3.140,21.480,0.00,1.2240,24.734983,46.699139,12.805,95.200,10.504
2025-12-29T13:45:45.416Z,51.095,0.068,3.450,21.480,0.00,1.2240,24.734983,46.699139,12.805,95.200,10.504
2025-12-29T13:45:45.418Z,51.098,0.062,3.173,22.020,0.00,1.2300,24.734989,46.699200,12.805,95.669,10.453
2025-12-29T13:45:45.418Z,51.100,0.062,3.172,22.020,0.00,1.2300,24.734989,46.699200,12.805,95.669,10.453
2025-12-29T13:45:45.419Z,51.102,0.060,3.084,22.020,0.00,1.2300,24.734989,46.699200,12.805,95.669,10.453
2025-12-29T13:45:45.420Z,51.104,0.062,3.146,22.020,0.00,1.2300,24.734989,46.699200,12.805,95.669,10.453
2025-12-29T13:45:45.421Z,51.105,0.060,3.086,22.020,0.00,1.2300,24.734989,46.699200,12.805,95.669,10.453
2025-12-29T13:45:45.422Z,51.106,0.062,3.152,22.020,0.00,1.2300,24.734989,46.699200,12.805,95.669,10.453
2025-12-29T13:45:45.422Z,51.108,0.061,3.110,22.020,0.00,1.2300,24.734989,46.699200,12.805,95.669,10.453
2025-12-29T13:45:45.423Z,51.110,0.062,3.166,23.170,0.00,1.2360,24.734987,46.699261,12.805,96.137,10.402
2025-12-29T13:45:45.423Z,51.112,0.061,3.102,23.170,0.00,1.2360,24.734987,46.699261,12.805,96.137,10.402
2025-12-29T13:45:45.424Z,51.109,0.071,3.634,23.170,0.00,1.2360,24.734987,46.699261,12.805,96.137,10.402
2025-12-29T13:45:45.425Z,51.112,0.071,3.605,23.170,0.00,1.2360,24.734987,46.699261,12.805,96.137,10.402
2025-12-29T13:45:45.426Z,51.086,0.163,8.343,23.170,0.00,1.2360,24.734987,46.699261,12.805,96.137,10.402
2025-12-29T13:45:45.871Z,51.057,0.272,13.912,23.170,0.00,1.2360,24.734987,46.699261,12.806,96.124,10.403
2025-12-29T13:45:45.872Z,51.023,0.402,20.527,19.190,0.00,1.2420,24.734985,46.699314,12.806,96.593,10.353
2025-12-29T13:45:45.873Z,50.991,0.580,29.555,19.190,0.00,1.2420,24.734985,46.699314,12.806,96.593,10.353
2025-12-29T13:45:45.873Z,50.948,0.650,33.133,19.190,0.00,1.2420,24.734985,46.699314,12.806,96.593,10.353
2025-12-29T13:45:45.974Z,50.544,2.093,105.769,19.190,0.00,1.2420,24.734985,46.699314,12.809,96.570,10.355
2025-12-29T13:45:45.975Z,49.897,4.244,211.785,19.190,0.00,1.2420,24.734985,46.699314,12.809,96.570,10.355
2025-12-29T13:45:46.203Z,49.053,6.621,324.788,19.190,0.00,1.2420,24.734985,46.699314,12.830,96.417,10.372
2025-12-29T13:45:46.525Z,49.257,6.182,304.528,19.910,0.00,1.2470,24.734985,46.699368,12.857,96.601,10.352
2025-12-29T13:45:46.575Z,49.199,6.311,310.486,19.910,0.00,1.2470,24.734985,46.699368,12.861,96.568,10.355
2025-12-29T13:45:46.846Z,49.560,5.273,261.343,19.910,0.00,1.2470,24.734985,46.699368,12.881,96.422,10.371
2025-12-29T13:45:46.850Z,49.103,6.605,324.332,19.910,0.00,1.2470,24.734985,46.699368,12.881,96.418,10.372
2025-12-29T13:45:47.010Z,49.513,5.253,260.069,19.910,0.00,1.2470,24.734985,46.699368,12.893,96.332,10.381
2025-12-29T13:45:47.323Z,49.069,6.798,333.550,19.910,0.00,1.2470,24.734985,46.699368,12.922,96.115,10.404
2025-12-29T13:45:47.325Z,49.184,6.248,307.316,19.910,0.00,1.2470,24.734985,46.699368,12.922,96.113,10.404
2025-12-29T13:45:47.645Z,49.637,4.867,241.608,14.630,0.00,1.2500,24.734980,46.699398,12.944,96.186,10.396
2025-12-29T13:45:47.714Z,49.398,5.653,279.261,14.630,0.00,1.2500,24.734980,46.699398,12.949,96.146,10.401
2025-12-29T13:45:47.954Z,49.056,6.886,337.796,14.630,0.00,1.2500,24.734980,46.699398,12.972,95.979,10.419
2025-12-29T13:45:47.957Z,49.282,6.016,296.471,14.630,0.00,1.2500,24.734980,46.699398,12.972,95.977,10.419
2025-12-29T13:45:48.116Z,49.033,4.972,243.803,14.630,0.00,1.2500,24.734980,46.699398,12.983,95.898,10.428
2025-12-29T13:45:48.444Z,49.369,5.742,283.489,14.630,0.00,1.2500,24.734980,46.699398,13.008,95.708,10.448
2025-12-29T13:45:48.521Z,48.926,7.271,355.766,10.390,0.00,1.2530,24.734964,46.699417,13.016,95.882,10.429
2025-12-29T13:45:48.525Z,49.145,6.415,315.270,10.390,0.00,1.2530,24.734964,46.699417,13.016,95.879,10.430
2025-12-29T13:45:48.757Z,49.111,6.562,322.248,10.390,0.00,1.2530,24.734964,46.699417,13.037,95.728,10.446
2025-12-29T13:45:49.087Z,48.819,7.526,367.400,10.390,0.00,1.2530,24.734964,46.699417,13.071,95.482,10.473
2025-12-29T13:45:49.152Z,49.374,5.637,278.315,10.390,0.00,1.2530,24.734964,46.699417,13.076,95.444,10.477
2025-12-29T13:45:49.153Z,49.040,6.838,335.322,10.390,0.00,1.2530,24.734964,46.699417,13.076,95.442,10.478
2025-12-29T13:45:49.346Z,48.930,7.127,348.735,15.760,0.00,1.2600,24.734905,46.699432,13.095,95.841,10.434
2025-12-29T13:45:49.735Z,48.938,7.033,344.191,15.760,0.00,1.2600,24.734905,46.699432,13.132,95.570,10.464
2025-12-29T13:45:49.746Z,49.099,6.523,320.274,15.760,0.00,1.2600,24.734905,46.699432,13.133,95.562,10.464
2025-12-29T13:45:50.047Z,48.921,7.076,346.146,15.760,0.00,1.2600,24.734905,46.699432,13.161,95.354,10.487
2025-12-29T13:45:50.056Z,49.144,6.315,310.329,15.760,0.00,1.2600,24.734905,46.699432,13.163,95.347,10.488
2025-12-29T13:45:50.206Z,49.206,6.084,299.392,15.760,0.00,1.2600,24.734905,46.699432,13.175,95.257,10.498
2025-12-29T13:45:50.517Z,49.256,6.035,297.252,15.760,0.00,1.2600,24.734905,46.699432,13.200,95.073,10.518
2025-12-29T13:45:50.602Z,48.902,7.174,350.797,20.060,0.00,1.2670,24.734844,46.699451,13.209,95.542,10.467
2025-12-29T13:45:50.606Z,49.071,6.424,315.253,20.060,0.00,1.2670,24.734844,46.699451,13.209,95.539,10.467
2025-12-29T13:45:50.847Z,49.071,6.362,312.185,20.060,0.00,1.2670,24.734844,46.699451,13.230,95.390,10.483
2025-12-29T13:45:51.004Z,48.875,7.068,345.459,20.060,0.00,1.2670,24.734844,46.699451,13.245,95.280,10.495
2025-12-29T13:45:51.293Z,49.061,6.580,322.829,20.060,0.00,1.2670,24.734844,46.699451,13.271,95.094,10.516
2025-12-29T13:45:51.297Z,48.966,6.904,338.086,20.060,0.00,1.2670,24.734844,46.699451,13.272,95.090,10.516
2025-12-29T13:45:51.642Z,48.995,6.738,330.143,22.210,0.00,1.2730,24.734793,46.699478,13.303,95.316,10.491
2025-12-29T13:45:51.701Z,48.688,6.738,328.074,22.210,0.00,1.2730,24.734793,46.699478,13.309,95.277,10.496
2025-12-29T13:45:51.704Z,48.774,6.738,328.656,22.210,0.00,1.2730,24.734793,46.699478,13.309,95.275,10.496
2025-12-29T13:45:51.910Z,48.888,7.105,347.350,22.210,0.00,1.2730,24.734793,46.699478,13.329,95.134,10.511
2025-12-29T13:45:52.271Z,49.166,6.488,318.987,22.210,0.00,1.2730,24.734793,46.699478,13.361,94.906,10.537
2025-12-29T13:45:52.446Z,49.166,6.488,318.987,22.210,0.00,1.2730,24.734793,46.699478,13.376,94.796,10.549
2025-12-29T13:45:52.455Z,49.543,4.990,247.235,23.350,0.00,1.2800,24.734728,46.699497,13.377,95.314,10.492
2025-12-29T13:45:52.649Z,48.770,7.543,367.851,23.350,0.00,1.2800,24.734728,46.699497,13.396,95.175,10.507
2025-12-29T13:45:52.659Z,48.684,7.733,376.457,23.350,0.00,1.2800,24.734728,46.699497,13.398,95.166,10.508
2025-12-29T13:45:52.832Z,48.658,5.817,283.027,23.350,0.00,1.2800,24.734728,46.699497,13.411,95.070,10.519
2025-12-29T13:45:53.040Z,48.846,7.988,390.184,23.350,0.00,1.2800,24.734728,46.699497,13.434,94.911,10.536
2025-12-29T13:45:53.402Z,48.798,7.561,368.935,23.350,0.00,1.2800,24.734728,46.699497,13.471,94.649,10.565
2025-12-29T13:45:53.453Z,48.817,7.855,383.471,23.350,0.00,1.2800,24.734728,46.699497,13.476,94.611,10.570
2025-12-29T13:45:53.457Z,49.615,4.942,245.211,24.080,0.00,1.2880,24.734665,46.699520,13.477,95.202,10.504
2025-12-29T13:45:53.643Z,48.996,7.125,349.111,24.080,0.00,1.2880,24.734665,46.699520,13.494,95.076,10.518
2025-12-29T13:45:53.883Z,50.931,0.074,3.748,24.080,0.00,1.2880,24.734665,46.699520,13.495,95.074,10.518
2025-12-29T13:45:54.199Z,50.976,0.073,3.726,24.080,0.00,1.2880,24.734665,46.699520,13.495,95.072,10.518
2025-12-29T13:45:54.208Z,50.808,0.533,27.068,24.080,0.00,1.2880,24.734665,46.699520,13.495,95.071,10.518
2025-12-29T13:45:54.522Z,50.991,0.083,4.207,24.080,0.00,1.2880,24.734665,46.699520,13.495,95.069,10.519
2025-12-29T13:45:54.527Z,50.994,0.082,4.194,24.080,0.00,1.2950,24.734604,46.699543,13.495,95.588,10.462
2025-12-29T13:45:54.571Z,51.009,0.062,3.176,24.080,0.00,1.2950,24.734604,46.699543,13.496,95.587,10.462
2025-12-29T13:45:54.832Z,51.012,0.069,3.544,24.080,0.00,1.2950,24.734604,46.699543,13.496,95.585,10.462
2025-12-29T13:45:54.995Z,51.017,0.067,3.437,24.080,0.00,1.2950,24.734604,46.699543,13.496,95.584,10.462
2025-12-29T13:45:55.321Z,51.018,0.072,3.671,24.080,0.00,1.2950,24.734604,46.699543,13.496,95.582,10.462
2025-12-29T13:45:55.326Z,51.027,0.060,3.072,24.080,0.00,1.2950,24.734604,46.699543,13.496,95.582,10.462
2025-12-29T13:45:55.405Z,51.031,0.061,3.130,23.560,0.00,1.3020,24.734539,46.699554,13.496,96.100,10.406
2025-12-29T13:45:55.650Z,51.031,0.069,3.537,23.560,0.00,1.3020,24.734539,46.699554,13.497,96.098,10.406
2025-12-29T13:45:55.809Z,51.023,0.114,5.837,23.560,0.00,1.3020,24.734539,46.699554,13.497,96.097,10.406
2025-12-29T13:45:55.814Z,50.997,0.222,11.326,23.560,0.00,1.3020,24.734539,46.699554,13.497,96.096,10.406
2025-12-29T13:45:56.122Z,50.970,0.314,15.996,23.560,0.00,1.3020,24.734539,46.699554,13.498,96.087,10.407
2025-12-29T13:45:56.441Z,51.015,0.157,7.991,23.560,0.00,1.3020,24.734539,46.699554,13.499,96.082,10.408
2025-12-29T13:45:56.446Z,51.038,0.091,4.642,23.560,0.00,1.3020,24.734539,46.699554,13.499,96.082,10.408
2025-12-29T13:45:56.526Z,51.049,0.062,3.182,22.450,0.00,1.3090,24.734478,46.699558,13.499,96.600,10.352
2025-12-29T13:45:56.752Z,51.047,0.075,3.834,22.450,0.00,1.3090,24.734478,46.699558,13.499,96.598,10.352
2025-12-29T13:45:57.080Z,51.055,0.061,3.095,22.450,0.00,1.3090,24.734478,46.699558,13.500,96.596,10.352
2025-12-29T13:45:57.085Z,51.056,0.062,3.167,22.450,0.00,1.3090,24.734478,46.699558,13.500,96.596,10.352
2025-12-29T13:45:57.402Z,51.059,0.061,3.099,22.450,0.00,1.3090,24.734478,46.699558,13.500,96.594,10.353
2025-12-29T13:45:57.404Z,51.061,0.061,3.138,22.450,0.00,1.3090,24.734478,46.699558,13.500,96.594,10.353
2025-12-29T13:45:57.551Z,51.062,0.064,3.255,20.780,0.00,1.3160,24.734419,46.699554,13.500,97.112,10.297
2025-12-29T13:45:57.555Z,51.062,0.071,3.633,20.780,0.00,1.3160,24.734419,46.699554,13.500,97.111,10.297
2025-12-29T13:45:57.873Z,51.063,0.070,3.596,20.780,0.00,1.3160,24.734419,46.699554,13.500,97.109,10.298
2025-12-29T13:45:57.878Z,51.070,0.060,3.080,20.780,0.00,1.3160,24.734419,46.699554,13.500,97.109,10.298
2025-12-29T13:45:58.202Z,51.071,0.061,3.127,20.780,0.00,1.3160,24.734419,46.699554,13.501,97.107,10.298
2025-12-29T13:45:58.257Z,51.071,0.067,3.398,20.780,0.00,1.3160,24.734419,46.699554,13.501,97.107,10.298
2025-12-29T13:45:58.522Z,51.070,0.072,3.702,18.610,0.00,1.3220,24.734364,46.699547,13.501,97.549,10.251
2025-12-29T13:45:59.481Z,51.077,0.061,3.098,18.610,0.00,1.3220,24.734364,46.699547,13.502,97.543,10.252
2025-12-29T13:45:59.491Z,51.075,0.066,3.377,18.610,0.00,1.3220,24.734364,46.699547,13.502,97.543,10.252
2025-12-29T13:45:59.494Z,51.075,0.074,3.803,18.610,0.00,1.3220,24.734364,46.699547,13.502,97.543,10.252
2025-12-29T13:45:59.496Z,51.076,0.072,3.700,18.610,0.00,1.3220,24.734364,46.699547,13.502,97.543,10.252
2025-12-29T13:45:59.498Z,51.078,0.072,3.692,18.610,0.00,1.3220,24.734364,46.699547,13.502,97.543,10.252
2025-12-29T13:45:59.499Z,51.080,0.073,3.720,18.610,0.00,1.3220,24.734364,46.699547,13.502,97.543,10.252
2025-12-29T13:46:00.601Z,51.081,0.072,3.654,17.220,0.00,1.3270,24.734316,46.699535,13.503,97.905,10.214
2025-12-29T13:46:00.611Z,51.082,0.074,3.763,17.220,0.00,1.3270,24.734316,46.699535,13.503,97.905,10.214
2025-12-29T13:46:00.614Z,51.083,0.074,3.794,17.220,0.00,1.3270,24.734316,46.699535,13.503,97.905,10.214
2025-12-29T13:46:00.616Z,51.081,0.087,4.468,17.220,0.00,1.3270,24.734316,46.699535,13.503,97.905,10.214
2025-12-29T13:46:00.618Z,51.087,0.073,3.751,17.220,0.00,1.3270,24.734316,46.699535,13.503,97.905,10.214
2025-12-29T13:46:00.619Z,51.088,0.074,3.775,17.220,0.00,1.3270,24.734316,46.699535,13.503,97.905,10.214
2025-12-29T13:46:00.620Z,51.090,0.073,3.720,16.850,0.00,1.3320,24.734276,46.699512,13.503,98.275,10.175
2025-12-29T13:46:06.282Z,51.091,0.072,3.672,16.850,0.00,1.3320,24.734276,46.699512,13.509,98.233,10.180
2025-12-29T13:46:06.291Z,51.089,0.084,4.288,16.850,0.00,1.3320,24.734276,46.699512,13.509,98.233,10.180
2025-12-29T13:46:06.291Z,51.088,0.086,4.408,16.850,0.00,1.3320,24.734276,46.699512,13.509,98.233,10.180
2025-12-29T13:46:06.293Z,51.093,0.077,3.927,16.850,0.00,1.3320,24.734276,46.699512,13.509,98.233,10.180
2025-12-29T13:46:06.295Z,51.096,0.073,3.748,16.850,0.00,1.3320,24.734276,46.699512,13.509,98.233,10.180
2025-12-29T13:46:06.296Z,51.098,0.072,3.686,18.330,0.00,1.3370,24.734240,46.699482,13.509,98.603,10.142
2025-12-29T13:46:06.298Z,51.099,0.072,3.704,18.330,0.00,1.3370,24.734240,46.699482,13.509,98.603,10.142
2025-12-29T13:46:06.298Z,51.100,0.071,3.643,18.330,0.00,1.3370,24.734240,46.699482,13.509,98.603,10.142
2025-12-29T13:46:06.300Z,51.101,0.072,3.665,18.330,0.00,1.3370,24.734240,46.699482,13.509,98.603,10.142
2025-12-29T13:46:06.300Z,51.103,0.072,3.655,18.330,0.00,1.3370,24.734240,46.699482,13.509,98.603,10.142
2025-12-29T13:46:06.301Z,51.098,0.093,4.778,18.330,0.00,1.3370,24.734240,46.699482,13.509,98.603,10.142
2025-12-29T13:46:06.302Z,51.073,0.231,11.797,18.330,0.00,1.3370,24.734240,46.699482,13.509,98.603,10.142
2025-12-29T13:46:09.049Z,49.501,5.253,260.044,18.260,0.00,1.3430,24.734213,46.699436,13.707,97.616,10.244
2025-12-29T13:46:09.343Z,49.159,6.336,311.481,18.260,0.00,1.3430,24.734213,46.699436,13.732,97.434,10.263
2025-12-29T13:46:09.424Z,49.020,6.687,327.775,18.520,0.00,1.3760,24.734278,46.699120,13.740,99.785,10.022
2025-12-29T13:46:09.824Z,49.365,6.687,330.083,18.520,0.00,1.3760,24.734278,46.699120,13.776,99.519,10.048
2025-12-29T13:46:09.927Z,50.968,0.072,3.679,18.520,0.00,1.3760,24.734278,46.699120,13.776,99.518,10.048
2025-12-29T13:46:09.931Z,51.003,0.061,3.107,18.520,0.00,1.3760,24.734278,46.699120,13.776,99.518,10.048
2025-12-29T13:46:10.459Z,51.010,0.067,3.425,18.520,0.00,1.3760,24.734278,46.699120,13.777,99.514,10.049
2025-12-29T13:46:10.463Z,51.019,0.061,3.110,18.520,0.00,1.3760,24.734278,46.699120,13.777,99.514,10.049
2025-12-29T13:46:10.466Z,51.021,0.066,3.381,17.780,0.00,1.3810,24.734318,46.699097,13.777,99.877,10.012
2025-12-29T13:46:10.547Z,51.025,0.069,3.535,17.780,0.00,1.3810,24.734318,46.699097,13.777,99.877,10.012
2025-12-29T13:46:10.774Z,51.030,0.066,3.391,17.780,0.00,1.3810,24.734318,46.699097,13.777,99.875,10.012
2025-12-29T13:46:11.103Z,51.036,0.065,3.319,17.780,0.00,1.3810,24.734318,46.699097,13.777,99.873,10.013
2025-12-29T13:46:11.107Z,51.040,0.060,3.070,17.780,0.00,1.3810,24.734318,46.699097,13.778,99.873,10.013
2025-12-29T13:46:11.172Z,51.042,0.062,3.150,17.780,0.00,1.3810,24.734318,46.699097,13.778,99.873,10.013
2025-12-29T13:46:11.421Z,51.041,0.073,3.731,17.780,0.00,1.3810,24.734318,46.699097,13.778,99.871,10.013
2025-12-29T13:46:11.745Z,51.047,0.063,3.215,17.150,0.00,1.3860,24.734354,46.699070,13.778,100.231,9.977
2025-12-29T13:46:11.750Z,51.051,0.061,3.102,17.150,0.00,1.3860,24.734354,46.699070,13.778,100.231,9.977
2025-12-29T13:46:12.060Z,51.049,0.072,3.690,17.150,0.00,1.3860,24.734354,46.699070,13.778,100.229,9.977
2025-12-29T13:46:12.064Z,51.056,0.061,3.105,17.150,0.00,1.3860,24.734354,46.699070,13.778,100.229,9.977
2025-12-29T13:46:12.223Z,51.055,0.072,3.695,17.150,0.00,1.3860,24.734354,46.699070,13.779,100.228,9.977
2025-12-29T13:46:12.544Z,51.060,0.061,3.095,17.150,0.00,1.3860,24.734354,46.699070,13.779,100.226,9.977
2025-12-29T13:46:12.548Z,51.062,0.061,3.140,16.670,0.00,1.3900,24.734381,46.699036,13.779,100.516,9.949
2025-12-29T13:46:12.597Z,51.063,0.064,3.282,16.670,0.00,1.3900,24.734381,46.699036,13.779,100.516,9.949
2025-12-29T13:46:13.024Z,51.038,0.158,8.068,16.670,0.00,1.3900,24.734381,46.699036,13.780,100.509,9.949
2025-12-29T13:46:13.028Z,51.017,0.256,13.035,16.670,0.00,1.3900,24.734381,46.699036,13.780,100.509,9.949
2025-12-29T13:46:13.105Z,50.974,0.378,19.272,16.670,0.00,1.3900,24.734381,46.699036,13.780,100.506,9.950
2025-12-29T13:46:13.324Z,50.939,0.579,29.476,16.670,0.00,1.3900,24.734381,46.699036,13.782,100.493,9.951
2025-12-29T13:46:13.329Z,50.895,0.666,33.916,16.110,0.00,1.3950,24.734402,46.698997,13.782,100.855,9.915
2025-12-29T13:46:13.664Z,50.215,2.977,149.506,16.110,0.00,1.3950,24.734402,46.698997,13.796,100.754,9.925
2025-12-29T13:46:13.674Z,49.544,5.077,251.519,16.110,0.00,1.3950,24.734402,46.698997,13.797,100.748,9.926
2025-12-29T13:46:13.981Z,49.416,5.077,250.872,16.110,0.00,1.3950,24.734402,46.698997,13.818,100.593,9.941
2025-12-29T13:46:14.144Z,49.582,5.053,250.545,16.110,0.00,1.3950,24.734402,46.698997,13.829,100.510,9.949
2025-12-29T13:46:14.147Z,49.239,6.134,302.058,16.110,0.00,1.3950,24.734402,46.698997,13.830,100.507,9.950
2025-12-29T13:46:14.463Z,49.459,5.476,270.830,16.110,0.00,1.3950,24.734402,46.698997,13.854,100.336,9.967
2025-12-29T13:46:14.473Z,49.422,5.407,267.245,16.410,0.00,1.3990,24.734417,46.698956,13.854,100.618,9.939
2025-12-29T13:46:14.784Z,49.205,6.295,309.753,16.410,0.00,1.3990,24.734417,46.698956,13.881,100.426,9.958
2025-12-29T13:46:15.094Z,49.307,5.902,290.998,16.410,0.00,1.3990,24.734417,46.698956,13.906,100.244,9.976
2025-12-29T13:46:15.099Z,49.179,6.363,312.940,16.410,0.00,1.3990,24.734417,46.698956,13.907,100.240,9.976
2025-12-29T13:46:15.149Z,49.286,5.833,287.501,16.410,0.00,1.3990,24.734417,46.698956,13.911,100.212,9.979
2025-12-29T13:46:15.512Z,49.420,5.432,268.426,16.410,0.00,1.3990,24.734417,46.698956,13.938,100.017,9.998
2025-12-29T13:46:15.517Z,49.243,6.091,299.923,17.170,0.00,1.4040,24.734428,46.698910,13.938,100.373,9.963
2025-12-29T13:46:15.908Z,49.450,5.330,263.558,17.170,0.00,1.4040,24.734428,46.698910,13.967,100.168,9.983
2025-12-29T13:46:15.912Z,49.409,5.618,277.600,17.170,0.00,1.4040,24.734428,46.698910,13.967,100.164,9.984
2025-12-29T13:46:15.915Z,49.029,6.666,326.846,17.170,0.00,1.4040,24.734428,46.698910,13.967,100.162,9.984
2025-12-29T13:46:16.387Z,49.201,6.104,300.348,17.170,0.00,1.4040,24.734428,46.698910,14.007,99.882,10.012
2025-12-29T13:46:16.391Z,49.105,6.559,322.081,17.170,0.00,1.4040,24.734428,46.698910,14.007,99.878,10.012
2025-12-29T13:46:16.705Z,49.085,6.305,309.489,18.260,0.00,1.4090,24.734440,46.698864,14.034,100.043,9.996
2025-12-29T13:46:16.710Z,49.290,5.944,292.961,18.260,0.00,1.4090,24.734440,46.698864,14.034,100.040,9.996
2025-12-29T13:46:16.801Z,49.188,6.279,308.867,18.260,0.00,1.4090,24.734440,46.698864,14.042,99.985,10.002
2025-12-29T13:46:16.810Z,49.000,6.744,330.474,18.260,0.00,1.4090,24.734440,46.698864,14.043,99.978,10.002
2025-12-29T13:46:17.023Z,48.948,6.829,334.260,18.260,0.00,1.4090,24.734440,46.698864,14.063,99.838,10.016
2025-12-29T13:46:17.341Z,49.698,4.375,217.419,18.260,0.00,1.4090,24.734440,46.698864,14.082,99.702,10.030
2025-12-29T13:46:17.396Z,49.282,5.856,288.610,18.260,0.00,1.4090,24.734440,46.698864,14.086,99.670,10.033
2025-12-29T13:46:17.662Z,48.921,7.023,343.559,19.820,0.00,1.4140,24.734457,46.698814,14.112,99.847,10.015
2025-12-29T13:46:17.667Z,48.987,6.740,330.193,19.820,0.00,1.4140,24.734457,46.698814,14.112,99.842,10.016
2025-12-29T13:46:17.823Z,49.416,5.304,262.112,19.820,0.00,1.4140,24.734457,46.698814,14.123,99.763,10.024
2025-12-29T13:46:18.135Z,50.879,0.408,20.769,19.820,0.00,1.4140,24.734457,46.698814,14.125,99.750,10.025
2025-12-29T13:46:18.246Z,50.923,0.332,16.929,19.820,0.00,1.4140,24.734457,46.698814,14.126,99.746,10.025
2025-12-29T13:46:18.255Z,50.955,0.227,11.579,19.820,0.00,1.4140,24.734457,46.698814,14.126,99.746,10.025
2025-12-29T13:46:18.464Z,50.982,0.166,8.452,21.210,0.00,1.4200,24.734476,46.698761,14.126,100.168,9.983
2025-12-29T13:46:18.781Z,51.002,0.111,5.650,21.210,0.00,1.4200,24.734476,46.698761,14.127,100.164,9.984
2025-12-29T13:46:18.861Z,51.018,0.070,3.561,21.210,0.00,1.4200,24.734476,46.698761,14.127,100.163,9.984
2025-12-29T13:46:18.866Z,51.024,0.062,3.151,21.210,0.00,1.4200,24.734476,46.698761,14.127,100.163,9.984
2025-12-29T13:46:19.094Z,51.000,0.186,9.471,21.210,0.00,1.4200,24.734476,46.698761,14.128,100.159,9.984
2025-12-29T13:46:19.253Z,50.957,0.321,16.379,21.210,0.00,1.4200,24.734476,46.698761,14.128,100.154,9.985
2025-12-29T13:46:19.581Z,50.923,0.453,23.070,21.800,0.00,1.4260,24.734510,46.698711,14.130,100.564,9.944
2025-12-29T13:46:19.683Z,50.895,0.583,29.691,21.800,0.00,1.4260,24.734510,46.698711,14.131,100.558,9.945
2025-12-29T13:46:19.693Z,50.860,0.697,35.435,21.800,0.00,1.4260,24.734510,46.698711,14.131,100.557,9.945
2025-12-29T13:46:19.903Z,50.820,0.828,42.059,21.800,0.00,1.4260,24.734510,46.698711,14.134,100.540,9.946
2025-12-29T13:46:20.223Z,50.774,1.027,52.150,21.800,0.00,1.4260,24.734510,46.698711,14.138,100.507,9.950
2025-12-29T13:46:20.273Z,49.898,3.875,193.377,21.800,0.00,1.4260,24.734510,46.698711,14.141,100.487,9.952
2025-12-29T13:46:20.277Z,49.898,3.875,193.377,21.800,0.00,1.4260,24.734510,46.698711,14.141,100.485,9.952
2025-12-29T13:46:20.704Z,50.542,1.743,88.108,22.240,0.00,1.4320,24.734550,46.698673,14.152,100.836,9.917
2025-12-29T13:46:20.708Z,49.813,4.252,211.829,22.240,0.00,1.4320,24.734550,46.698673,14.152,100.833,9.917
2025-12-29T13:46:20.813Z,49.111,6.536,320.993,22.240,0.00,1.4320,24.734550,46.698673,14.161,100.767,9.924
2025-12-29T13:46:21.023Z,48.834,7.572,369.776,22.240,0.00,1.4320,24.734550,46.698673,14.183,100.614,9.939
2025-12-29T13:46:21.343Z,48.810,7.422,362.255,22.240,0.00,1.4320,24.734550,46.698673,14.215,100.387,9.961
2025-12-29T13:46:21.402Z,48.933,7.076,346.245,22.240,0.00,1.4320,24.734550,46.698673,14.221,100.345,9.966
2025-12-29T13:46:21.405Z,48.869,6.820,333.280,22.910,0.00,1.4390,24.734600,46.698639,14.221,100.835,9.917
2025-12-29T13:46:21.664Z,48.878,7.379,360.696,22.910,0.00,1.4390,24.734600,46.698639,14.247,100.653,9.935
2025-12-29T13:46:21.825Z,48.639,7.667,372.910,22.910,0.00,1.4390,24.734600,46.698639,14.264,100.535,9.947
2025-12-29T13:46:22.140Z,48.948,6.988,342.074,22.910,0.00,1.4390,24.734600,46.698639,14.294,100.325,9.968
2025-12-29T13:46:22.145Z,48.707,8.033,391.282,22.910,0.00,1.4390,24.734600,46.698639,14.294,100.320,9.968
2025-12-29T13:46:22.462Z,49.386,5.532,273.224,22.910,0.00,1.4390,24.734600,46.698639,14.318,100.151,9.985
2025-12-29T13:46:22.522Z,48.848,7.102,346.918,23.460,0.00,1.4450,24.734653,46.698612,14.324,100.530,9.947
2025-12-29T13:46:22.526Z,48.866,7.602,371.471,23.460,0.00,1.4450,24.734653,46.698612,14.325,100.526,9.948
2025-12-29T13:46:22.774Z,48.787,7.647,373.094,23.460,0.00,1.4450,24.734653,46.698612,14.350,100.348,9.965
2025-12-29T13:46:22.936Z,48.960,6.978,341.633,23.460,0.00,1.4450,24.734653,46.698612,14.365,100.240,9.976
2025-12-29T13:46:23.263Z,48.711,7.636,371.953,23.460,0.00,1.4450,24.734653,46.698612,14.399,100.005,9.999
2025-12-29T13:46:23.273Z,49.051,5.939,291.311,23.460,0.00,1.4450,24.734653,46.698612,14.400,99.998,10.000
2025-12-29T13:46:23.582Z,48.657,7.425,361.272,23.460,0.00,1.4450,24.734653,46.698612,14.431,99.786,10.021
2025-12-29T13:46:23.591Z,49.659,5.056,251.070,24.280,0.00,1.4520,24.734711,46.698597,14.432,100.265,9.974
2025-12-29T13:46:23.901Z,50.463,2.035,102.704,24.280,0.00,1.4520,24.734711,46.698597,14.441,100.204,9.980
2025-12-29T13:46:23.911Z,50.819,0.588,29.868,24.280,0.00,1.4520,24.734711,46.698597,14.441,100.203,9.980
2025-12-29T13:46:24.071Z,50.864,0.470,23.916,24.280,0.00,1.4520,24.734711,46.698597,14.442,100.196,9.980
2025-12-29T13:46:24.272Z,50.905,0.340,17.322,24.280,0.00,1.4520,24.734711,46.698597,14.443,100.189,9.981
2025-12-29T13:46:24.277Z,50.934,0.254,12.956,24.280,0.00,1.4520,24.734711,46.698597,14.443,100.189,9.981
2025-12-29T13:46:24.704Z,50.958,0.190,9.690,24.450,0.00,1.4580,24.734770,46.698586,14.444,100.597,9.941
2025-12-29T13:46:24.705Z,50.981,0.127,6.482,24.450,0.00,1.4580,24.734770,46.698586,14.444,100.597,9.941
2025-12-29T13:46:25.023Z,50.994,0.093,4.737,24.450,0.00,1.4580,24.734770,46.698586,14.444,100.594,9.941
2025-12-29T13:46:25.027Z,51.009,0.061,3.125,24.450,0.00,1.4580,24.734770,46.698586,14.444,100.594,9.941
2025-12-29T13:46:25.087Z,51.012,0.063,3.199,24.450,0.00,1.4580,24.734770,46.698586,14.444,100.593,9.941
2025-12-29T13:46:25.307Z,51.013,0.069,3.513,24.450,0.00,1.4580,24.734770,46.698586,14.445,100.592,9.941
2025-12-29T13:46:25.627Z,51.014,0.070,3.567,23.950,0.00,1.4650,24.734829,46.698582,14.445,101.074,9.894
2025-12-29T13:46:25.631Z,51.021,0.061,3.095,23.950,0.00,1.4650,24.734829,46.698582,14.445,101.074,9.894
2025-12-29T13:46:25.722Z,51.022,0.067,3.443,23.950,0.00,1.4650,24.734829,46.698582,14.445,101.074,9.894
2025-12-29T13:46:25.954Z,51.022,0.071,3.618,23.950,0.00,1.4650,24.734829,46.698582,14.445,101.072,9.894
2025-12-29T13:46:26.298Z,51.027,0.066,3.379,23.950,0.00,1.4650,24.734829,46.698582,14.445,101.070,9.894
2025-12-29T13:46:26.308Z,51.030,0.064,3.247,23.950,0.00,1.4650,24.734829,46.698582,14.445,101.070,9.894
2025-12-29T13:46:26.432Z,51.029,0.073,3.704,23.320,0.00,1.4720,24.734888,46.698586,14.446,101.553,9.847
2025-12-29T13:46:26.637Z,51.035,0.064,3.273,23.320,0.00,1.4720,24.734888,46.698586,14.446,101.552,9.847
2025-12-29T13:46:26.640Z,51.038,0.061,3.115,23.320,0.00,1.4720,24.734888,46.698586,14.446,101.552,9.847
2025-12-29T13:46:26.931Z,51.039,0.063,3.197,23.320,0.00,1.4720,24.734888,46.698586,14.446,101.550,9.847
2025-12-29T13:46:27.038Z,51.037,0.072,3.682,23.320,0.00,1.4720,24.734888,46.698586,14.446,101.549,9.847
2025-12-29T13:46:27.253Z,51.043,0.063,3.211,23.320,0.00,1.4720,24.734888,46.698586,14.446,101.548,9.848
2025-12-29T13:46:27.255Z,51.046,0.062,3.158,23.320,0.00,1.4720,24.734888,46.698586,14.446,101.548,9.848
2025-12-29T13:46:27.741Z,51.047,0.062,3.164,22.590,0.00,1.4780,24.734943,46.698605,14.447,101.960,9.808
2025-12-29T13:46:27.766Z,51.048,0.064,3.262,22.590,0.00,1.4780,24.734943,46.698605,14.447,101.960,9.808
2025-12-29T13:46:27.769Z,51.046,0.072,3.700,22.590,0.00,1.4780,24.734943,46.698605,14.447,101.960,9.808
2025-12-29T13:46:28.221Z,51.051,0.065,3.318,22.590,0.00,1.4780,24.734943,46.698605,14.447,101.957,9.808
2025-12-29T13:46:28.223Z,51.050,0.072,3.663,22.590,0.00,1.4780,24.734943,46.698605,14.447,101.957,9.808
2025-12-29T13:46:28.254Z,51.054,0.065,3.332,22.590,0.00,1.4780,24.734943,46.698605,14.447,101.957,9.808
2025-12-29T13:46:28.541Z,51.053,0.066,3.359,21.890,0.00,1.4840,24.734987,46.698635,14.448,102.370,9.768
2025-12-29T13:46:28.701Z,51.056,0.070,3.591,21.890,0.00,1.4840,24.734987,46.698635,14.448,102.369,9.769
2025-12-29T13:46:28.712Z,51.061,0.061,3.097,21.890,0.00,1.4840,24.734987,46.698635,14.448,102.369,9.769
2025-12-29T13:46:28.887Z,51.061,0.062,3.146,21.890,0.00,1.4840,24.734987,46.698635,14.448,102.368,9.769
2025-12-29T13:46:29.180Z,51.061,0.068,3.475,21.890,0.00,1.4840,24.734987,46.698635,14.448,102.366,9.769
2025-12-29T13:46:29.296Z,51.062,0.069,3.518,21.890,0.00,1.4840,24.734987,46.698635,14.448,102.365,9.769
2025-12-29T13:46:29.501Z,51.066,0.061,3.099,21.090,0.00,1.4900,24.735023,46.698677,14.448,102.779,9.730
2025-12-29T13:46:29.510Z,51.067,0.062,3.162,21.090,0.00,1.4900,24.735023,46.698677,14.448,102.779,9.730
2025-12-29T13:46:29.819Z,51.069,0.062,3.185,21.090,0.00,1.4900,24.735023,46.698677,14.449,102.777,9.730
2025-12-29T13:46:29.908Z,51.066,0.073,3.748,21.090,0.00,1.4900,24.735023,46.698677,14.449,102.777,9.730
2025-12-29T13:46:30.104Z,51.061,0.099,5.041,21.090,0.00,1.4900,24.735023,46.698677,14.449,102.775,9.730
2025-12-29T13:46:30.108Z,51.036,0.195,9.937,21.090,0.00,1.4900,24.735023,46.698677,14.449,102.775,9.730
2025-12-29T13:46:30.458Z,51.003,0.296,15.106,21.090,0.00,1.4900,24.735023,46.698677,14.451,102.764,9.731
2025-12-29T13:46:30.512Z,50.962,0.427,21.742,20.090,0.00,1.4950,24.735046,46.698723,14.451,103.108,9.699
2025-12-29T13:46:31.100Z,50.936,0.540,27.525,20.090,0.00,1.4950,24.735046,46.698723,14.455,103.076,9.702
2025-12-29T13:46:31.111Z,50.889,0.724,36.865,20.090,0.00,1.4950,24.735046,46.698723,14.455,103.075,9.702
2025-12-29T13:46:31.115Z,50.844,0.879,44.700,20.090,0.00,1.4950,24.735046,46.698723,14.456,103.075,9.702
2025-12-29T13:46:31.119Z,49.861,4.144,206.622,20.090,0.00,1.4950,24.735046,46.698723,14.456,103.073,9.702
2025-12-29T13:46:31.419Z,49.573,5.133,254.453,20.090,0.00,1.4950,24.735046,46.698723,14.477,102.923,9.716
2025-12-29T13:46:31.572Z,49.764,4.533,225.558,19.870,0.00,1.5000,24.735060,46.698776,14.486,103.200,9.690
2025-12-29T13:46:31.576Z,50.053,3.439,172.150,19.870,0.00,1.5000,24.735060,46.698776,14.487,103.198,9.690
2025-12-29T13:46:31.734Z,49.345,5.753,283.887,19.870,0.00,1.5000,24.735060,46.698776,14.499,103.111,9.698
2025-12-29T13:46:32.059Z,49.335,5.895,290.830,19.870,0.00,1.5000,24.735060,46.698776,14.525,102.924,9.716
2025-12-29T13:46:32.380Z,49.361,5.644,278.606,19.870,0.00,1.5000,24.735060,46.698776,14.550,102.748,9.733
2025-12-29T13:46:32.385Z,49.521,5.131,254.068,19.870,0.00,1.5000,24.735060,46.698776,14.551,102.745,9.733
2025-12-29T13:46:32.470Z,49.342,5.732,282.836,20.080,0.00,1.5060,24.735062,46.698830,14.557,103.111,9.698
2025-12-29T13:46:32.682Z,49.463,5.279,261.103,20.080,0.00,1.5060,24.735062,46.698830,14.573,103.002,9.709
2025-12-29T13:46:32.687Z,49.591,4.964,246.152,20.080,0.00,1.5060,24.735062,46.698830,14.573,102.999,9.709
2025-12-29T13:46:33.019Z,49.538,5.096,252.447,20.080,0.00,1.5060,24.735062,46.698830,14.596,102.836,9.724
2025-12-29T13:46:33.090Z,49.327,5.825,287.303,20.080,0.00,1.5060,24.735062,46.698830,14.602,102.795,9.728
2025-12-29T13:46:33.500Z,49.320,5.784,285.258,20.080,0.00,1.5060,24.735062,46.698830,14.634,102.567,9.750
2025-12-29T13:46:33.510Z,49.339,5.715,281.991,20.080,0.00,1.5060,24.735062,46.698830,14.635,102.560,9.750
2025-12-29T13:46:33.582Z,49.317,5.636,277.945,20.780,0.00,1.5120,24.735052,46.698887,14.641,102.932,9.715
2025-12-29T13:46:33.586Z,49.380,5.591,276.084,20.780,0.00,1.5120,24.735052,46.698887,14.641,102.929,9.715
2025-12-29T13:46:33.978Z,49.375,5.460,269.568,20.780,0.00,1.5120,24.735052,46.698887,14.670,102.724,9.735
2025-12-29T13:46:33.982Z,49.583,4.802,238.086,20.780,0.00,1.5120,24.735052,46.698887,14.671,102.722,9.735
2025-12-29T13:46:34.103Z,49.607,4.845,240.329,20.780,0.00,1.5120,24.735052,46.698887,14.679,102.666,9.740
2025-12-29T13:46:34.305Z,49.332,5.655,278.988,20.780,0.00,1.5120,24.735052,46.698887,14.694,102.556,9.751
2025-12-29T13:46:34.613Z,49.640,4.715,234.028,21.080,0.00,1.5170,24.735031,46.698936,14.714,102.757,9.732
2025-12-29T13:46:34.720Z,49.378,5.605,276.767,21.080,0.00,1.5170,24.735031,46.698936,14.723,102.699,9.737
2025-12-29T13:46:34.723Z,49.254,5.605,276.074,21.080,0.00,1.5170,24.735031,46.698936,14.723,102.697,9.737
2025-12-29T13:46:34.919Z,49.711,4.508,224.093,21.080,0.00,1.5170,24.735031,46.698936,14.735,102.612,9.745
2025-12-29T13:46:35.260Z,50.407,2.113,106.487,21.080,0.00,1.5170,24.735031,46.698936,14.745,102.542,9.752
2025-12-29T13:46:35.331Z,50.835,0.623,31.683,21.080,0.00,1.5170,24.735031,46.698936,14.746,102.537,9.753
2025-12-29T13:46:35.336Z,50.915,0.419,21.343,21.350,0.00,1.5230,24.735008,46.698990,14.746,102.944,9.714
2025-12-29T13:46:35.527Z,50.954,0.278,14.187,21.350,0.00,1.5230,24.735008,46.698990,14.747,102.939,9.715
2025-12-29T13:46:35.741Z,50.979,0.206,10.501,21.350,0.00,1.5230,24.735008,46.698990,14.747,102.934,9.715
2025-12-29T13:46:36.057Z,51.000,0.157,8.013,21.350,0.00,1.5230,24.735008,46.698990,14.748,102.930,9.715
2025-12-29T13:46:36.144Z,51.019,0.101,5.154,21.350,0.00,1.5230,24.735008,46.698990,14.748,102.929,9.715
2025-12-29T13:46:36.150Z,51.031,0.069,3.539,21.350,0.00,1.5230,24.735008,46.698990,14.748,102.929,9.715
2025-12-29T13:46:36.538Z,51.034,0.068,3.458,21.350,0.00,1.5230,24.735008,46.698990,14.748,102.926,9.716
2025-12-29T13:46:36.542Z,51.037,0.068,3.469,20.830,0.00,1.5290,24.734989,46.699043,14.748,103.333,9.677
2025-12-29T13:46:36.851Z,51.040,0.062,3.166,20.830,0.00,1.5290,24.734989,46.699043,14.749,103.331,9.678
2025-12-29T13:46:36.860Z,51.045,0.061,3.094,20.830,0.00,1.5290,24.734989,46.699043,14.749,103.331,9.678
2025-12-29T13:46:37.011Z,51.047,0.061,3.112,20.830,0.00,1.5290,24.734989,46.699043,14.749,103.330,9.678
2025-12-29T13:46:37.179Z,51.047,0.068,3.495,20.830,0.00,1.5290,24.734989,46.699043,14.749,103.329,9.678
2025-12-29T13:46:37.499Z,51.049,0.067,3.410,20.830,0.00,1.5290,24.734989,46.699043,14.749,103.327,9.678
2025-12-29T13:46:37.508Z,51.054,0.061,3.102,20.320,0.00,1.5350,24.734987,46.699100,14.749,103.733,9.640
2025-12-29T13:46:37.577Z,51.054,0.062,3.169,20.320,0.00,1.5350,24.734987,46.699100,14.749,103.733,9.640
2025-12-29T13:46:37.786Z,51.053,0.070,3.576,20.320,0.00,1.5350,24.734987,46.699100,14.750,103.732,9.640
2025-12-29T13:46:38.139Z,51.055,0.071,3.625,20.320,0.00,1.5350,24.734987,46.699100,14.750,103.729,9.641
2025-12-29T13:46:38.207Z,51.060,0.064,3.247,20.320,0.00,1.5350,24.734987,46.699100,14.750,103.729,9.641
2025-12-29T13:46:38.212Z,51.063,0.060,3.084,20.320,0.00,1.5350,24.734987,46.699100,14.750,103.729,9.641
2025-12-29T13:46:38.780Z,51.063,0.063,3.208,20.370,0.00,1.5400,24.734997,46.699154,14.751,104.064,9.609
2025-12-29T13:46:38.785Z,51.061,0.075,3.808,20.370,0.00,1.5400,24.734997,46.699154,14.751,104.064,9.609
2025-12-29T13:46:38.799Z,51.062,0.073,3.730,20.370,0.00,1.5400,24.734997,46.699154,14.751,104.064,9.609
2025-12-29T13:46:38.803Z,51.069,0.061,3.138,20.370,0.00,1.5400,24.734997,46.699154,14.751,104.064,9.609
2025-12-29T13:46:39.090Z,51.070,0.062,3.146,20.370,0.00,1.5400,24.734997,46.699154,14.751,104.062,9.610
2025-12-29T13:46:39.260Z,51.071,0.064,3.246,20.370,0.00,1.5400,24.734997,46.699154,14.751,104.061,9.610
2025-12-29T13:46:39.419Z,51.069,0.072,3.699,20.370,0.00,1.5400,24.734997,46.699154,14.751,104.060,9.610
2025-12-29T13:46:39.738Z,51.074,0.061,3.096,20.350,0.00,1.5460,24.735004,46.699211,14.751,104.465,9.573
2025-12-29T13:46:39.741Z,51.074,0.062,3.150,20.350,0.00,1.5460,24.735004,46.699211,14.751,104.465,9.573
2025-12-29T13:46:39.856Z,51.075,0.066,3.386,20.350,0.00,1.5460,24.735004,46.699211,14.752,104.464,9.573
2025-12-29T13:46:40.221Z,51.075,0.070,3.567,20.350,0.00,1.5460,24.735004,46.699211,14.752,104.461,9.573
2025-12-29T13:46:40.223Z,51.079,0.068,3.492,20.350,0.00,1.5460,24.735004,46.699211,14.752,104.461,9.573
2025-12-29T13:46:40.371Z,51.081,0.060,3.083,20.350,0.00,1.5460,24.735004,46.699211,14.752,104.460,9.573
2025-12-29T13:46:40.708Z,51.077,0.073,3.743,19.930,0.00,1.5520,24.735001,46.699265,14.752,104.865,9.536
2025-12-29T13:46:40.712Z,51.084,0.061,3.104,19.930,0.00,1.5520,24.735001,46.699265,14.752,104.865,9.536
2025-12-29T13:46:41.178Z,51.079,0.074,3.759,19.930,0.00,1.5520,24.735001,46.699265,14.753,104.861,9.536
2025-12-29T13:46:41.183Z,51.086,0.061,3.091,19.930,0.00,1.5520,24.735001,46.699265,14.753,104.861,9.536
2025-12-29T13:46:41.191Z,51.082,0.073,3.714,19.930,0.00,1.5520,24.735001,46.699265,14.753,104.861,9.536
2025-12-29T13:46:41.500Z,51.085,0.070,3.562,19.930,0.00,1.5520,24.735001,46.699265,14.753,104.859,9.537
2025-12-29T13:46:41.509Z,51.087,0.069,3.543,20.370,0.00,1.5570,24.734995,46.699322,14.753,105.198,9.506
2025-12-29T13:46:41.818Z,51.060,0.163,8.336,20.370,0.00,1.5570,24.734995,46.699322,14.754,105.193,9.506
2025-12-29T13:46:41.827Z,51.029,0.284,14.479,20.370,0.00,1.5570,24.734995,46.699322,14.754,105.192,9.506
2025-12-29T13:46:41.892Z,50.993,0.396,20.199,20.370,0.00,1.5570,24.734995,46.699322,14.754,105.190,9.507
2025-12-29T13:46:42.300Z,50.945,0.558,28.432,20.370,0.00,1.5570,24.734995,46.699322,14.758,105.167,9.509
2025-12-29T13:46:42.309Z,50.924,0.644,32.809,20.370,0.00,1.5570,24.734995,46.699322,14.758,105.166,9.509
2025-12-29T13:46:42.401Z,50.501,2.121,107.131,21.170,0.00,1.5640,24.734978,46.699379,14.760,105.621,9.468
2025-12-29T13:46:42.939Z,49.543,5.093,252.313,21.170,0.00,1.5640,24.734978,46.699379,14.798,105.351,9.492
2025-12-29T13:46:42.944Z,49.220,6.251,307.679,21.170,0.00,1.5640,24.734978,46.699379,14.799,105.348,9.492
2025-12-29T13:46:42.947Z,49.256,6.132,302.028,21.170,0.00,1.5640,24.734978,46.699379,14.799,105.346,9.493
2025-12-29T13:46:43.260Z,49.390,5.764,284.687,21.170,0.00,1.5640,24.734978,46.699379,14.823,105.172,9.508
2025-12-29T13:46:43.264Z,49.487,5.265,260.525,21.170,0.00,1.5640,24.734978,46.699379,14.824,105.168,9.509
2025-12-29T13:46:43.342Z,49.264,5.265,259.351,21.170,0.00,1.5640,24.734978,46.699379,14.829,105.130,9.512
2025-12-29T13:46:43.740Z,49.238,6.103,300.526,18.930,0.00,1.5690,24.734974,46.699429,14.863,105.231,9.503
2025-12-29T13:46:43.745Z,49.025,6.911,338.798,18.930,0.00,1.5690,24.734974,46.699429,14.863,105.226,9.503
2025-12-29T13:46:44.059Z,49.120,6.693,328.745,18.930,0.00,1.5690,24.734974,46.699429,14.892,105.024,9.522
2025-12-29T13:46:44.063Z,49.064,6.503,319.086,18.930,0.00,1.5690,24.734974,46.699429,14.892,105.021,9.522
2025-12-29T13:46:44.254Z,49.329,5.656,279.016,18.930,0.00,1.5690,24.734974,46.699429,14.907,104.916,9.531
2025-12-29T13:46:44.255Z,49.395,5.698,281.468,18.930,0.00,1.5690,24.734974,46.699429,14.907,104.915,9.532
2025-12-29T13:46:44.557Z,49.254,6.005,295.753,18.610,0.00,1.5740,24.734955,46.699474,14.932,105.078,9.517
2025-12-29T13:46:44.561Z,49.517,4.941,244.684,18.610,0.00,1.5740,24.734955,46.699474,14.932,105.075,9.517
2025-12-29T13:46:44.855Z,49.105,6.605,324.315,18.610,0.00,1.5740,24.734955,46.699474,14.959,104.889,9.534
2025-12-29T13:46:45.171Z,49.080,6.413,314.756,18.610,0.00,1.5740,24.734955,46.699474,14.986,104.697,9.551
2025-12-29T13:46:45.176Z,49.305,5.789,285.446,18.610,0.00,1.5740,24.734955,46.699474,14.987,104.693,9.552
2025-12-29T13:46:45.500Z,49.237,6.058,298.292,18.610,0.00,1.5740,24.734955,46.699474,15.013,104.507,9.569
2025-12-29T13:46:45.509Z,49.397,5.398,266.659,18.960,0.00,1.5790,24.734930,46.699520,15.014,104.835,9.539
2025-12-29T13:46:45.820Z,49.056,6.704,328.881,18.960,0.00,1.5790,24.734930,46.699520,15.042,104.638,9.557
2025-12-29T13:46:45.830Z,49.055,6.472,317.477,18.960,0.00,1.5790,24.734930,46.699520,15.043,104.630,9.557
2025-12-29T13:46:45.893Z,49.066,6.384,313.247,18.960,0.00,1.5790,24.734930,46.699520,15.049,104.593,9.561
2025-12-29T13:46:46.300Z,49.009,5.068,248.390,18.960,0.00,1.5790,24.734930,46.699520,15.077,104.399,9.579
2025-12-29T13:46:46.309Z,49.070,6.510,319.462,18.960,0.00,1.5790,24.734930,46.699520,15.078,104.392,9.579
2025-12-29T13:46:46.621Z,49.161,6.192,304.425,18.960,0.00,1.5790,24.734930,46.699520,15.104,104.210,9.596
2025-12-29T13:46:46.624Z,49.052,6.567,322.114,13.890,0.00,1.5840,24.734886,46.699520,15.104,104.539,9.566
2025-12-29T13:46:46.937Z,48.869,7.280,355.788,13.890,0.00,1.5840,24.734886,46.699520,15.135,104.326,9.585
2025-12-29T13:46:46.941Z,49.068,6.468,317.354,13.890,0.00,1.5840,24.734886,46.699520,15.136,104.323,9.586
2025-12-29T13:46:47.016Z,49.080,6.398,314.038,13.890,0.00,1.5840,24.734886,46.699520,15.142,104.279,9.590
2025-12-29T13:46:47.420Z,48.876,7.054,344.748,13.890,0.00,1.5840,24.734886,46.699520,15.181,104.013,9.614
2025-12-29T13:46:47.430Z,49.148,6.262,307.777,13.890,0.00,1.5840,24.734886,46.699520,15.182,104.006,9.615
2025-12-29T13:46:47.740Z,49.114,6.281,308.492,14.720,0.00,1.5900,24.734833,46.699528,15.208,104.220,9.595
2025-12-29T13:46:47.745Z,49.005,6.672,326.945,14.720,0.00,1.5900,24.734833,46.699528,15.209,104.216,9.595
2025-12-29T13:46:47.749Z,48.866,7.216,352.611,14.720,0.00,1.5900,24.734833,46.699528,15.209,104.213,9.596
2025-12-29T13:46:48.060Z,49.170,6.143,302.060,14.720,0.00,1.5900,24.734833,46.699528,15.235,104.036,9.612
2025-12-29T13:46:48.122Z,48.973,6.772,331.652,14.720,0.00,1.5900,24.734833,46.699528,15.241,103.996,9.616
2025-12-29T13:46:48.341Z,49.180,6.144,302.164,14.720,0.00,1.5900,24.734833,46.699528,15.259,103.871,9.627
2025-12-29T13:46:48.345Z,49.262,5.770,284.241,20.580,0.00,1.5970,24.734768,46.699532,15.260,104.327,9.585
2025-12-29T13:46:48.699Z,48.884,7.102,347.159,20.580,0.00,1.5970,24.734768,46.699532,15.294,104.095,9.607
2025-12-29T13:46:48.756Z,49.358,5.480,270.472,20.580,0.00,1.5970,24.734768,46.699532,15.298,104.066,9.609
2025-12-29T13:46:48.961Z,48.805,7.454,363.771,20.580,0.00,1.5970,24.734768,46.699532,15.319,103.925,9.622
2025-12-29T13:46:48.964Z,49.218,5.888,289.803,20.580,0.00,1.5970,24.734768,46.699532,15.319,103.923,9.623
2025-12-29T13:46:49.179Z,48.728,7.498,365.376,20.580,0.00,1.5970,24.734768,46.699532,15.341,103.776,9.636
2025-12-29T13:46:49.500Z,49.331,5.636,278.038,20.580,0.00,1.5970,24.734768,46.699532,15.366,103.609,9.652
2025-12-29T13:46:49.610Z,48.769,6.194,302.100,22.080,0.00,1.6040,24.734705,46.699551,15.375,104.001,9.615
2025-12-29T13:46:49.888Z,48.754,6.194,302.008,22.080,0.00,1.6040,24.734705,46.699551,15.398,103.844,9.630
2025-12-29T13:46:49.891Z,48.784,7.282,355.228,22.080,0.00,1.6040,24.734705,46.699551,15.399,103.841,9.630
2025-12-29T13:46:50.202Z,48.784,7.519,366.811,22.080,0.00,1.6040,24.734705,46.699551,15.430,103.629,9.650
2025-12-29T13:46:50.212Z,48.913,6.820,333.612,22.080,0.00,1.6040,24.734705,46.699551,15.431,103.622,9.650
2025-12-29T13:46:50.277Z,49.654,4.546,225.749,22.080,0.00,1.6040,24.734705,46.699551,15.435,103.594,9.653
2025-12-29T13:46:50.673Z,48.908,6.906,337.743,22.630,0.00,1.6110,24.734648,46.699570,15.472,103.800,9.634
2025-12-29T13:46:50.677Z,48.595,7.819,379.981,22.630,0.00,1.6110,24.734648,46.699570,15.473,103.795,9.634
2025-12-29T13:46:50.788Z,48.693,7.404,360.521,22.630,0.00,1.6110,24.734648,46.699570,15.484,103.721,9.641
2025-12-29T13:46:50.994Z,49.354,5.597,276.238,22.630,0.00,1.6110,24.734648,46.699570,15.500,103.616,9.651
2025-12-29T13:46:51.322Z,48.670,7.597,369.722,22.630,0.00,1.6110,24.734648,46.699570,15.533,103.391,9.672
2025-12-29T13:46:51.326Z,50.866,0.179,9.124,22.630,0.00,1.6110,24.734648,46.699570,15.533,103.391,9.672
2025-12-29T13:46:51.632Z,50.924,0.129,6.574,23.210,0.00,1.6180,24.734591,46.699585,15.534,103.838,9.630
2025-12-29T13:46:51.642Z,50.946,0.070,3.555,23.210,0.00,1.6180,24.734591,46.699585,15.534,103.838,9.630
2025-12-29T13:46:51.962Z,50.952,0.072,3.658,23.210,0.00,1.6180,24.734591,46.699585,15.534,103.836,9.631
2025-12-29T13:46:51.967Z,50.960,0.073,3.734,23.210,0.00,1.6180,24.734591,46.699585,15.534,103.836,9.631
2025-12-29T13:46:52.022Z,50.969,0.061,3.124,23.210,0.00,1.6180,24.734591,46.699585,15.534,103.835,9.631
2025-12-29T13:46:52.441Z,50.970,0.068,3.477,23.210,0.00,1.6180,24.734591,46.699585,15.535,103.833,9.631
2025-12-29T13:46:52.445Z,50.975,0.068,3.465,23.210,0.00,1.6180,24.734591,46.699585,15.535,103.833,9.631
2025-12-29T13:46:52.538Z,50.978,0.069,3.530,22.840,0.00,1.6250,24.734526,46.699596,15.535,104.283,9.589
2025-12-29T13:46:52.922Z,50.983,0.067,3.419,22.840,0.00,1.6250,24.734526,46.699596,15.535,104.280,9.590
2025-12-29T13:46:53.076Z,50.987,0.062,3.139,22.840,0.00,1.6250,24.734526,46.699596,15.535,104.279,9.590
2025-12-29T13:46:53.080Z,50.990,0.062,3.159,22.840,0.00,1.6250,24.734526,46.699596,15.535,104.279,9.590
2025-12-29T13:46:53.402Z,50.989,0.073,3.742,22.840,0.00,1.6250,24.734526,46.699596,15.536,104.277,9.590
2025-12-29T13:46:53.411Z,50.997,0.061,3.101,22.840,0.00,1.6250,24.734526,46.699596,15.536,104.277,9.590
2025-12-29T13:46:53.569Z,50.994,0.074,3.754,22.150,0.00,1.6320,24.734463,46.699593,15.536,104.726,9.549
2025-12-29T13:46:53.578Z,51.002,0.061,3.136,22.150,0.00,1.6320,24.734463,46.699593,15.536,104.726,9.549
2025-12-29T13:46:53.892Z,51.004,0.063,3.222,22.150,0.00,1.6320,24.734463,46.699593,15.536,104.724,9.549
2025-12-29T13:46:53.897Z,51.002,0.074,3.751,22.150,0.00,1.6320,24.734463,46.699593,15.536,104.724,9.549
2025-12-29T13:46:54.196Z,51.008,0.064,3.253,22.150,0.00,1.6320,24.734463,46.699593,15.536,104.723,9.549
2025-12-29T13:46:54.201Z,51.011,0.061,3.108,22.150,0.00,1.6320,24.734463,46.699593,15.536,104.722,9.549
2025-12-29T13:46:54.522Z,51.009,0.073,3.717,20.240,0.00,1.6380,24.734406,46.699589,15.537,105.106,9.514
2025-12-29T13:46:54.577Z,51.014,0.066,3.347,20.240,0.00,1.6380,24.734406,46.699589,15.537,105.106,9.514
2025-12-29T13:46:54.832Z,51.013,0.071,3.635,20.240,0.00,1.6380,24.734406,46.699589,15.537,105.104,9.514
2025-12-29T13:46:55.162Z,51.015,0.072,3.688,20.240,0.00,1.6380,24.734406,46.699589,15.537,105.102,9.515
2025-12-29T13:46:55.167Z,51.021,0.062,3.170,20.240,0.00,1.6380,24.734406,46.699589,15.537,105.102,9.515
2025-12-29T13:46:56.280Z,51.018,0.072,3.688,20.240,0.00,1.6380,24.734406,46.699589,15.538,105.094,9.515
2025-12-29T13:46:56.290Z,51.024,0.063,3.219,20.240,0.00,1.6380,24.734406,46.699589,15.538,105.094,9.515
2025-12-29T13:46:56.293Z,51.023,0.072,3.694,18.430,0.00,1.6440,24.734352,46.699581,15.538,105.480,9.480
2025-12-29T13:46:56.295Z,51.023,0.074,3.780,18.430,0.00,1.6440,24.734352,46.699581,15.538,105.480,9.480
2025-12-29T13:46:56.297Z,51.025,0.074,3.798,18.430,0.00,1.6440,24.734352,46.699581,15.538,105.480,9.480
2025-12-29T13:46:56.298Z,51.027,0.074,3.761,18.430,0.00,1.6440,24.734352,46.699581,15.538,105.480,9.480
2025-12-29T13:46:56.380Z,51.029,0.074,3.767,18.430,0.00,1.6440,24.734352,46.699581,15.539,105.480,9.480
2025-12-29T13:46:56.383Z,51.028,0.077,3.907,18.430,0.00,1.6440,24.734352,46.699581,15.539,105.480,9.480
2025-12-29T13:46:57.404Z,51.031,0.074,3.759,16.690,0.00,1.6490,24.734308,46.699566,15.540,105.794,9.452
2025-12-29T13:46:57.415Z,51.033,0.073,3.744,16.690,0.00,1.6490,24.734308,46.699566,15.540,105.794,9.452
2025-12-29T13:46:57.417Z,51.035,0.073,3.726,16.690,0.00,1.6490,24.734308,46.699566,15.540,105.794,9.452
2025-12-29T13:46:57.418Z,51.036,0.073,3.748,16.690,0.00,1.6490,24.734308,46.699566,15.540,105.794,9.452
2025-12-29T13:46:57.421Z,51.037,0.073,3.723,16.690,0.00,1.6490,24.734308,46.699566,15.540,105.794,9.452
2025-12-29T13:46:57.422Z,51.039,0.074,3.769,16.690,0.00,1.6490,24.734308,46.699566,15.540,105.794,9.452
2025-12-29T13:47:02.089Z,51.040,0.074,3.787,16.950,0.00,1.6540,24.734268,46.699543,15.545,106.082,9.427
2025-12-29T13:47:02.099Z,51.041,0.077,3.941,16.950,0.00,1.6540,24.734268,46.699543,15.545,106.082,9.427
2025-12-29T13:47:02.101Z,51.040,0.073,3.740,16.950,0.00,1.6540,24.734268,46.699543,15.545,106.082,9.427
2025-12-29T13:47:02.105Z,51.044,0.074,3.781,16.950,0.00,1.6540,24.734268,46.699543,15.545,106.082,9.427
2025-12-29T13:47:02.106Z,51.046,0.074,3.768,16.950,0.00,1.6540,24.734268,46.699543,15.545,106.082,9.427
2025-12-29T13:47:02.106Z,51.046,0.074,3.774,16.950,0.00,1.6540,24.734268,46.699543,15.545,106.082,9.427
2025-12-29T13:47:02.108Z,51.048,0.074,3.758,18.130,0.00,1.6600,24.734232,46.699509,15.545,106.468,9.392
2025-12-29T13:47:02.110Z,51.049,0.074,3.768,18.130,0.00,1.6600,24.734232,46.699509,15.545,106.468,9.392
2025-12-29T13:47:02.111Z,51.048,0.082,4.177,18.130,0.00,1.6600,24.734232,46.699509,15.545,106.468,9.392
2025-12-29T13:47:02.111Z,51.049,0.082,4.179,18.130,0.00,1.6600,24.734232,46.699509,15.545,106.468,9.392
2025-12-29T13:47:02.113Z,51.053,0.073,3.710,18.130,0.00,1.6600,24.734232,46.699509,15.545,106.468,9.392
2025-12-29T13:47:02.114Z,51.054,0.074,3.772,18.130,0.00,1.6600,24.734232,46.699509,15.545,106.468,9.392
2025-12-29T13:47:02.114Z,51.055,0.074,3.786,18.130,0.00,1.6600,24.734232,46.699509,15.545,106.468,9.392
2025-12-29T13:47:02.522Z,51.056,0.074,3.778,18.040,0.00,1.6650,24.734205,46.699467,15.545,106.787,9.364
2025-12-29T13:47:02.532Z,51.057,0.073,3.708,18.040,0.00,1.6650,24.734205,46.699467,15.545,106.787,9.364
2025-12-29T13:47:02.535Z,51.034,0.164,8.356,18.040,0.00,1.6650,24.734205,46.699467,15.545,106.787,9.364
2025-12-29T13:47:02.536Z,51.003,0.261,13.304,18.040,0.00,1.6650,24.734205,46.699467,15.545,106.787,9.364
2025-12-29T13:47:02.538Z,50.971,0.373,19.006,18.040,0.00,1.6650,24.734205,46.699467,15.545,106.787,9.364
2025-12-29T13:47:02.539Z,50.925,0.542,27.588,18.040,0.00,1.6650,24.734205,46.699467,15.545,106.787,9.364
2025-12-29T13:47:04.660Z,49.254,5.969,293.973,17.690,0.00,1.6700,24.734192,46.699417,15.718,105.930,9.440
2025-12-29T13:47:05.073Z,48.904,7.190,351.645,17.690,0.00,1.6700,24.734192,46.699417,15.758,105.659,9.464
2025-12-29T13:47:05.131Z,49.259,5.932,292.184,17.690,0.00,1.6700,24.734192,46.699417,15.763,105.626,9.467
2025-12-29T13:47:05.134Z,49.091,6.534,320.763,17.690,0.00,1.6700,24.734192,46.699417,15.763,105.624,9.468
2025-12-29T13:47:05.402Z,49.195,5.909,290.708,17.690,0.00,1.6700,24.734192,46.699417,15.785,105.481,9.480
2025-12-29T13:47:05.565Z,49.508,4.973,246.201,18.480,0.00,1.6950,24.734241,46.699181,15.796,106.989,9.347
2025-12-29T13:47:05.882Z,49.508,6.829,338.087,18.480,0.00,1.6950,24.734241,46.699181,15.826,106.788,9.364
2025-12-29T13:47:05.886Z,49.161,6.066,298.197,18.480,0.00,1.6950,24.734241,46.699181,15.826,106.784,9.365
2025-12-29T13:47:05.967Z,49.442,4.995,246.970,18.480,0.00,1.6950,24.734241,46.699181,15.832,106.747,9.368
2025-12-29T13:47:06.362Z,49.465,5.220,258.215,18.480,0.00,1.6950,24.734241,46.699181,15.860,106.557,9.385
2025-12-29T13:47:06.366Z,48.999,6.670,326.805,18.480,0.00,1.6950,24.734241,46.699181,15.861,106.553,9.385
2025-12-29T13:47:06.843Z,49.016,6.624,324.690,18.240,0.00,1.7000,24.734276,46.699150,15.903,106.580,9.383
2025-12-29T13:47:06.846Z,48.979,6.413,314.113,18.240,0.00,1.7000,24.734276,46.699150,15.904,106.578,9.383
2025-12-29T13:47:06.848Z,49.033,6.242,306.076,18.240,0.00,1.7000,24.734276,46.699150,15.904,106.576,9.383
2025-12-29T13:47:07.002Z,49.247,5.877,289.441,18.240,0.00,1.7000,24.734276,46.699150,15.916,106.494,9.390
2025-12-29T13:47:07.322Z,50.164,1.960,98.335,18.240,0.00,1.7000,24.734276,46.699150,15.925,106.436,9.395
2025-12-29T13:47:07.331Z,50.724,0.805,40.851,18.240,0.00,1.7000,24.734276,46.699150,15.925,106.435,9.395
2025-12-29T13:47:07.397Z,50.878,0.320,16.299,18.080,0.00,1.7050,24.734316,46.699127,15.925,106.747,9.368
2025-12-29T13:47:07.632Z,50.904,0.228,11.583,18.080,0.00,1.7050,24.734316,46.699127,15.926,106.742,9.368
2025-12-29T13:47:07.803Z,50.788,0.537,27.265,18.080,0.00,1.7050,24.734316,46.699127,15.928,106.734,9.369
2025-12-29T13:47:07.994Z,50.766,0.615,31.210,18.080,0.00,1.7050,24.734316,46.699127,15.929,106.722,9.370
2025-12-29T13:47:07.999Z,50.973,0.067,3.424,18.080,0.00,1.7050,24.734316,46.699127,15.929,106.722,9.370
2025-12-29T13:47:08.277Z,50.976,0.073,3.737,18.080,0.00,1.7050,24.734316,46.699127,15.929,106.721,9.370
2025-12-29T13:47:08.432Z,50.981,0.074,3.767,18.080,0.00,1.7050,24.734316,46.699127,15.930,106.719,9.370
2025-12-29T13:47:08.762Z,50.987,0.064,3.272,17.300,0.00,1.7090,24.734356,46.699108,15.930,106.969,9.349
2025-12-29T13:47:08.766Z,50.991,0.061,3.103,17.300,0.00,1.7090,24.734356,46.699108,15.930,106.968,9.349
2025-12-29T13:47:08.812Z,50.994,0.062,3.167,17.300,0.00,1.7090,24.734356,46.699108,15.930,106.968,9.349
2025-12-29T13:47:09.077Z,50.993,0.073,3.704,17.300,0.00,1.7090,24.734356,46.699108,15.930,106.966,9.349
2025-12-29T13:47:09.232Z,50.999,0.063,3.206,17.300,0.00,1.7090,24.734356,46.699108,15.930,106.965,9.349
2025-12-29T13:47:09.236Z,50.998,0.075,3.805,17.300,0.00,1.7090,24.734356,46.699108,15.930,106.965,9.349
2025-12-29T13:47:09.562Z,50.982,0.147,7.489,16.610,0.00,1.7140,24.734390,46.699081,15.931,107.275,9.322
2025-12-29T13:47:09.882Z,50.948,0.276,14.038,16.610,0.00,1.7140,24.734390,46.699081,15.932,107.266,9.323
2025-12-29T13:47:09.886Z,50.921,0.373,18.986,16.610,0.00,1.7140,24.734390,46.699081,15.932,107.266,9.323
2025-12-29T13:47:09.938Z,50.899,0.617,31.402,16.610,0.00,1.7140,24.734390,46.699081,15.933,107.263,9.323
2025-12-29T13:47:10.202Z,50.839,0.611,31.045,16.610,0.00,1.7140,24.734390,46.699081,15.935,107.248,9.324
2025-12-29T13:47:10.522Z,50.378,2.243,112.990,16.610,0.00,1.7140,24.734390,46.699081,15.945,107.180,9.330
2025-12-29T13:47:10.531Z,49.683,4.500,223.550,15.800,0.00,1.7180,24.734415,46.699051,15.946,107.427,9.309
2025-12-29T13:47:10.842Z,49.135,6.364,312.699,15.800,0.00,1.7180,24.734415,46.699051,15.973,107.246,9.324
2025-12-29T13:47:10.851Z,49.371,5.533,273.193,15.800,0.00,1.7180,24.734415,46.699051,15.973,107.240,9.325
2025-12-29T13:47:11.152Z,49.124,6.346,311.732,15.800,0.00,1.7180,24.734415,46.699051,15.999,107.067,9.340
2025-12-29T13:47:11.157Z,49.094,6.187,303.755,15.800,0.00,1.7180,24.734415,46.699051,16.000,107.063,9.340
2025-12-29T13:47:11.284Z,49.094,5.732,281.394,15.800,0.00,1.7180,24.734415,46.699051,16.010,106.998,9.346
2025-12-29T13:47:11.642Z,49.644,4.544,225.569,15.800,0.00,1.7180,24.734415,46.699051,16.032,106.848,9.359
2025-12-29T13:47:11.651Z,49.089,6.407,314.512,16.300,0.00,1.7230,24.734432,46.699009,16.033,107.153,9.332
2025-12-29T13:47:11.803Z,49.493,4.943,244.668,16.300,0.00,1.7230,24.734432,46.699009,16.043,107.085,9.338
2025-12-29T13:47:11.807Z,49.529,4.730,234.280,16.300,0.00,1.7230,24.734432,46.699009,16.044,107.083,9.339
2025-12-29T13:47:12.112Z,49.529,4.730,234.280,16.300,0.00,1.7230,24.734432,46.699009,16.063,106.951,9.350
2025-12-29T13:47:12.442Z,49.157,6.261,307.775,16.300,0.00,1.7230,24.734432,46.699009,16.092,106.764,9.366
2025-12-29T13:47:12.451Z,49.015,6.477,317.484,16.300,0.00,1.7230,24.734432,46.699009,16.093,106.757,9.367
2025-12-29T13:47:12.504Z,49.321,5.497,271.105,17.480,0.00,1.7280,24.734438,46.698963,16.096,107.042,9.342
2025-12-29T13:47:12.762Z,49.125,5.497,270.029,17.480,0.00,1.7280,24.734438,46.698963,16.116,106.914,9.353
2025-12-29T13:47:12.766Z,49.214,5.993,294.936,17.480,0.00,1.7280,24.734438,46.698963,16.116,106.911,9.354
2025-12-29T13:47:12.928Z,49.047,6.596,323.494,17.480,0.00,1.7280,24.734438,46.698963,16.131,106.815,9.362
2025-12-29T13:47:13.242Z,49.118,6.150,302.092,17.480,0.00,1.7280,24.734438,46.698963,16.157,106.641,9.377
2025-12-29T13:47:13.336Z,48.974,6.834,334.709,17.480,0.00,1.7280,24.734438,46.698963,16.166,106.584,9.382
2025-12-29T13:47:13.562Z,49.592,4.569,226.602,18.450,0.00,1.7330,24.734444,46.698910,16.180,106.799,9.363
2025-12-29T13:47:13.566Z,49.358,5.474,270.180,18.450,0.00,1.7330,24.734444,46.698910,16.180,106.796,9.364
2025-12-29T13:47:14.036Z,49.086,6.454,316.785,18.450,0.00,1.7330,24.734444,46.698910,16.222,106.525,9.387
2025-12-29T13:47:14.041Z,49.140,6.247,306.993,18.450,0.00,1.7330,24.734444,46.698910,16.222,106.521,9.388
2025-12-29T13:47:14.154Z,49.081,6.423,315.237,18.450,0.00,1.7330,24.734444,46.698910,16.232,106.457,9.393
2025-12-29T13:47:14.164Z,49.035,6.396,313.628,18.450,0.00,1.7330,24.734444,46.698910,16.233,106.451,9.394
2025-12-29T13:47:14.360Z,49.035,6.977,342.123,18.450,0.00,1.7330,24.734444,46.698910,16.251,106.329,9.405
2025-12-29T13:47:14.672Z,50.410,1.800,90.758,19.500,0.00,1.7380,24.734453,46.698860,16.259,106.585,9.382
2025-12-29T13:47:14.681Z,49.763,4.021,200.087,19.500,0.00,1.7380,24.734453,46.698860,16.260,106.581,9.383
2025-12-29T13:47:15.002Z,49.080,6.241,306.287,19.500,0.00,1.7380,24.734453,46.698860,16.287,106.403,9.398
2025-12-29T13:47:15.006Z,49.118,6.114,300.298,19.500,0.00,1.7380,24.734453,46.698860,16.288,106.400,9.398
2025-12-29T13:47:15.322Z,49.245,5.679,279.678,19.500,0.00,1.7380,24.734453,46.698860,16.312,106.241,9.413
2025-12-29T13:47:15.475Z,49.494,5.098,252.323,19.500,0.00,1.7380,24.734453,46.698860,16.323,106.172,9.419
2025-12-29T13:47:15.484Z,48.636,7.586,368.932,21.210,0.00,1.7440,24.734472,46.698807,16.324,106.531,9.387
2025-12-29T13:47:15.802Z,48.968,6.781,332.073,21.210,0.00,1.7440,24.734472,46.698807,16.353,106.341,9.404
2025-12-29T13:47:15.806Z,49.185,5.883,289.374,21.210,0.00,1.7440,24.734472,46.698807,16.353,106.338,9.404
2025-12-29T13:47:16.121Z,48.606,8.074,392.432,21.210,0.00,1.7440,24.734472,46.698807,16.388,106.117,9.424
2025-12-29T13:47:16.193Z,48.815,7.014,342.409,21.210,0.00,1.7440,24.734472,46.698807,16.395,106.072,9.428
2025-12-29T13:47:16.196Z,48.923,6.630,324.340,21.210,0.00,1.7440,24.734472,46.698807,16.395,106.070,9.428
2025-12-29T13:47:16.442Z,48.913,6.828,333.974,22.350,0.00,1.7500,24.734497,46.698753,16.418,106.289,9.408
2025-12-29T13:47:16.603Z,48.620,7.718,375.264,22.350,0.00,1.7500,24.734497,46.698753,16.434,106.180,9.418
2025-12-29T13:47:16.931Z,49.072,6.152,301.912,22.350,0.00,1.7500,24.734497,46.698753,16.462,106.003,9.434
2025-12-29T13:47:16.935Z,49.072,6.152,301.912,22.350,0.00,1.7500,24.734497,46.698753,16.462,106.000,9.434
2025-12-29T13:47:17.248Z,49.005,6.581,322.513,22.350,0.00,1.7500,24.734497,46.698753,16.490,105.820,9.450
2025-12-29T13:47:17.327Z,48.573,7.770,377.425,22.350,0.00,1.7500,24.734497,46.698753,16.499,105.767,9.455
2025-12-29T13:47:17.331Z,49.012,6.269,307.271,24.280,0.00,1.7570,24.734541,46.698708,16.499,106.188,9.417
2025-12-29T13:47:17.562Z,48.657,8.015,389.972,24.280,0.00,1.7570,24.734541,46.698708,16.524,106.029,9.431
2025-12-29T13:47:17.882Z,48.600,7.990,388.287,24.280,0.00,1.7570,24.734541,46.698708,16.558,105.808,9.451
2025-12-29T13:47:17.928Z,49.743,3.858,191.914,24.280,0.00,1.7570,24.734541,46.698708,16.561,105.792,9.453
2025-12-29T13:47:17.931Z,49.057,6.306,309.375,24.280,0.00,1.7570,24.734541,46.698708,16.561,105.790,9.453
2025-12-29T13:47:18.198Z,48.855,6.773,330.880,24.280,0.00,1.7570,24.734541,46.698708,16.586,105.634,9.467
2025-12-29T13:47:18.365Z,48.866,7.050,344.496,24.280,0.00,1.7570,24.734541,46.698708,16.602,105.533,9.476
2025-12-29T13:47:18.682Z,48.639,7.792,378.977,25.080,0.00,1.7640,24.734592,46.698666,16.635,105.742,9.457
2025-12-29T13:47:19.002Z,48.571,7.792,378.447,25.080,0.00,1.7640,24.734592,46.698666,16.669,105.528,9.476
2025-12-29T13:47:19.006Z,48.946,6.553,320.765,25.080,0.00,1.7640,24.734592,46.698666,16.669,105.525,9.476
2025-12-29T13:47:19.322Z,48.509,8.027,389.402,25.080,0.00,1.7640,24.734592,46.698666,16.703,105.311,9.496
2025-12-29T13:47:19.331Z,48.566,7.839,380.719,25.080,0.00,1.7640,24.734592,46.698666,16.704,105.303,9.496
2025-12-29T13:47:19.489Z,48.735,7.116,346.800,25.080,0.00,1.7640,24.734592,46.698666,16.719,105.208,9.505
2025-12-29T13:47:19.499Z,49.258,5.586,275.162,26.000,0.00,1.7710,24.734650,46.698635,16.720,105.621,9.468
2025-12-29T13:47:19.802Z,48.919,6.724,328.925,26.000,0.00,1.7710,24.734650,46.698635,16.748,105.448,9.483
2025-12-29T13:47:19.807Z,48.555,7.896,383.379,26.000,0.00,1.7710,24.734650,46.698635,16.748,105.443,9.484
2025-12-29T13:47:20.122Z,48.494,8.009,388.395,26.000,0.00,1.7710,24.734650,46.698635,16.782,105.231,9.503
2025-12-29T13:47:20.442Z,48.571,8.269,401.630,26.000,0.00,1.7710,24.734650,46.698635,16.818,105.007,9.523
2025-12-29T13:47:20.452Z,48.993,6.331,310.184,26.000,0.00,1.7710,24.734650,46.698635,16.819,105.001,9.524
2025-12-29T13:47:20.492Z,48.290,8.646,417.535,26.500,0.00,1.7780,24.734711,46.698608,16.824,105.388,9.489
2025-12-29T13:47:20.495Z,48.668,7.503,365.135,26.500,0.00,1.7780,24.734711,46.698608,16.824,105.386,9.489
2025-12-29T13:47:20.761Z,49.901,3.215,160.445,26.500,0.00,1.7780,24.734711,46.698608,16.836,105.312,9.496
2025-12-29T13:47:20.922Z,49.271,5.424,267.265,26.500,0.00,1.7780,24.734711,46.698608,16.848,105.238,9.502
2025-12-29T13:47:21.099Z,48.490,7.988,387.318,26.500,0.00,1.7780,24.734711,46.698608,16.867,105.118,9.513
2025-12-29T13:47:21.102Z,48.629,7.669,372.943,26.500,0.00,1.7780,24.734711,46.698608,16.867,105.115,9.513
2025-12-29T13:47:21.317Z,49.851,3.424,170.709,26.500,0.00,1.7780,24.734711,46.698608,16.877,105.052,9.519
2025-12-29T13:47:21.552Z,50.479,1.341,67.679,26.850,0.00,1.7860,24.734776,46.698593,16.882,105.499,9.479
2025-12-29T13:47:21.882Z,50.692,0.680,34.475,26.850,0.00,1.7860,24.734776,46.698593,16.885,105.479,9.481
2025-12-29T13:47:22.040Z,50.746,0.484,24.554,26.850,0.00,1.7860,24.734776,46.698593,16.886,105.472,9.481
2025-12-29T13:47:22.050Z,50.779,0.385,19.570,26.850,0.00,1.7860,24.734776,46.698593,16.886,105.472,9.481
2025-12-29T13:47:22.365Z,50.799,0.325,16.500,26.850,0.00,1.7860,24.734776,46.698593,16.887,105.463,9.482
2025-12-29T13:47:22.369Z,50.826,0.193,9.801,26.850,0.00,1.7860,24.734776,46.698593,16.887,105.463,9.482
2025-12-29T13:47:22.687Z,50.864,0.157,7.992,26.580,0.00,1.7930,24.734840,46.698593,16.888,105.873,9.445
2025-12-29T13:47:22.696Z,50.881,0.107,5.421,26.580,0.00,1.7930,24.734840,46.698593,16.888,105.873,9.445
2025-12-29T13:47:22.753Z,50.898,0.066,3.340,26.580,0.00,1.7930,24.734840,46.698593,16.888,105.873,9.445
2025-12-29T13:47:23.162Z,50.900,0.068,3.464,26.580,0.00,1.7930,24.734840,46.698593,16.889,105.870,9.446
2025-12-29T13:47:23.166Z,50.905,0.066,3.367,26.580,0.00,1.7930,24.734840,46.698593,16.889,105.870,9.446
2025-12-29T13:47:23.482Z,50.907,0.069,3.517,26.580,0.00,1.7930,24.734840,46.698593,16.889,105.868,9.446
2025-12-29T13:47:23.487Z,50.912,0.065,3.302,26.000,0.00,1.8000,24.734903,46.698605,16.889,106.283,9.409
2025-12-29T13:47:23.802Z,50.913,0.062,3.144,26.000,0.00,1.8000,24.734903,46.698605,16.889,106.281,9.409
2025-12-29T13:47:23.806Z,50.916,0.072,3.686,26.000,0.00,1.8000,24.734903,46.698605,16.889,106.281,9.409
2025-12-29T13:47:23.873Z,50.922,0.063,3.190,26.000,0.00,1.8000,24.734903,46.698605,16.889,106.280,9.409
2025-12-29T13:47:24.075Z,50.921,0.075,3.794,26.000,0.00,1.8000,24.734903,46.698605,16.889,106.279,9.409
2025-12-29T13:47:24.433Z,50.927,0.064,3.244,26.000,0.00,1.8000,24.734903,46.698605,16.890,106.277,9.409
2025-12-29T13:47:24.437Z,50.931,0.061,3.132,26.000,0.00,1.8000,24.734903,46.698605,16.890,106.277,9.409
2025-12-29T13:47:24.762Z,50.933,0.063,3.217,25.170,0.00,1.8070,24.734961,46.698635,16.890,106.690,9.373
2025-12-29T13:47:24.766Z,50.931,0.074,3.765,25.170,0.00,1.8070,24.734961,46.698635,16.890,106.690,9.373
2025-12-29T13:47:24.901Z,50.933,0.074,3.756,25.170,0.00,1.8070,24.734961,46.698635,16.890,106.689,9.373
2025-12-29T13:47:25.111Z,50.941,0.061,3.111,25.170,0.00,1.8070,24.734961,46.698635,16.890,106.688,9.373
2025-12-29T13:47:25.114Z,50.942,0.063,3.212,25.170,0.00,1.8070,24.734961,46.698635,16.890,106.688,9.373
2025-12-29T13:47:25.402Z,50.943,0.066,3.358,25.170,0.00,1.8070,24.734961,46.698635,16.891,106.686,9.373
2025-12-29T13:47:25.528Z,50.943,0.072,3.671,24.190,0.00,1.8130,24.735004,46.698677,16.891,107.040,9.342
2025-12-29T13:47:25.728Z,50.944,0.074,3.790,24.190,0.00,1.8130,24.735004,46.698677,16.891,107.039,9.342
2025-12-29T13:47:25.732Z,50.950,0.062,3.172,24.190,0.00,1.8130,24.735004,46.698677,16.891,107.039,9.342
2025-12-29T13:47:26.042Z,50.950,0.068,3.481,24.190,0.00,1.8130,24.735004,46.698677,16.891,107.037,9.343
2025-12-29T13:47:26.128Z,50.953,0.068,3.481,24.190,0.00,1.8130,24.735004,46.698677,16.891,107.036,9.343
2025-12-29T13:47:26.328Z,50.954,0.069,3.526,24.190,0.00,1.8130,24.735004,46.698677,16.892,107.035,9.343
2025-12-29T13:47:26.332Z,50.959,0.061,3.095,23.450,0.00,1.8200,24.735039,46.698727,16.892,107.450,9.307
2025-12-29T13:47:26.682Z,50.960,0.063,3.208,23.450,0.00,1.8200,24.735039,46.698727,16.892,107.448,9.307
2025-12-29T13:47:26.751Z,50.959,0.070,3.589,23.450,0.00,1.8200,24.735039,46.698727,16.892,107.447,9.307
2025-12-29T13:47:26.974Z,50.962,0.068,3.457,23.450,0.00,1.8200,24.735039,46.698727,16.892,107.446,9.307
2025-12-29T13:47:27.320Z,50.965,0.061,3.097,23.450,0.00,1.8200,24.735039,46.698727,16.893,107.444,9.307
2025-12-29T13:47:27.325Z,50.963,0.074,3.793,23.450,0.00,1.8200,24.735039,46.698727,16.893,107.444,9.307
2025-12-29T13:47:27.342Z,50.968,0.063,3.212,23.450,0.00,1.8200,24.735039,46.698727,16.893,107.444,9.307
2025-12-29T13:47:27.642Z,50.966,0.072,3.684,22.850,0.00,1.8260,24.735060,46.698788,16.893,107.797,9.277
2025-12-29T13:47:27.962Z,50.967,0.073,3.727,22.850,0.00,1.8260,24.735060,46.698788,16.893,107.795,9.277
2025-12-29T13:47:27.966Z,50.973,0.061,3.098,22.850,0.00,1.8260,24.735060,46.698788,16.893,107.795,9.277
2025-12-29T13:47:28.074Z,50.970,0.075,3.801,22.850,0.00,1.8260,24.735060,46.698788,16.893,107.794,9.277
2025-12-29T13:47:28.090Z,50.976,0.061,3.109,22.850,0.00,1.8260,24.735060,46.698788,16.893,107.794,9.277
2025-12-29T13:47:28.276Z,50.977,0.064,3.248,22.850,0.00,1.8260,24.735060,46.698788,16.893,107.793,9.277
2025-12-29T13:47:28.603Z,50.978,0.066,3.343,21.960,0.00,1.8320,24.735064,46.698845,16.894,108.146,9.247
2025-12-29T13:47:28.686Z,50.977,0.074,3.796,21.960,0.00,1.8320,24.735064,46.698845,16.894,108.146,9.247
2025-12-29T13:47:28.896Z,50.982,0.061,3.084,21.960,0.00,1.8320,24.735064,46.698845,16.894,108.145,9.247
2025-12-29T13:47:28.900Z,50.983,0.063,3.207,21.960,0.00,1.8320,24.735064,46.698845,16.894,108.145,9.247
2025-12-29T13:47:29.242Z,50.984,0.065,3.312,21.960,0.00,1.8320,24.735064,46.698845,16.894,108.143,9.247
2025-12-29T13:47:29.298Z,50.982,0.072,3.685,21.960,0.00,1.8320,24.735064,46.698845,16.894,108.142,9.247
2025-12-29T13:47:29.512Z,50.987,0.061,3.118,21.280,0.00,1.8380,24.735052,46.698902,16.895,108.496,9.217
2025-12-29T13:47:29.517Z,50.990,0.061,3.104,21.280,0.00,1.8380,24.735052,46.698902,16.895,108.496,9.217
2025-12-29T13:47:29.721Z,50.987,0.070,3.567,21.280,0.00,1.8380,24.735052,46.698902,16.895,108.495,9.217
2025-12-29T13:47:30.040Z,50.989,0.068,3.456,21.280,0.00,1.8380,24.735052,46.698902,16.895,108.493,9.217
2025-12-29T13:47:30.111Z,50.990,0.070,3.546,21.280,0.00,1.8380,24.735052,46.698902,16.895,108.492,9.217
2025-12-29T13:47:30.324Z,50.994,0.061,3.087,21.280,0.00,1.8380,24.735052,46.698902,16.895,108.491,9.217
2025-12-29T13:47:30.334Z,50.995,0.062,3.147,21.280,0.00,1.8380,24.735052,46.698902,16.895,108.491,9.217
2025-12-29T13:47:30.682Z,50.995,0.069,3.537,20.520,0.00,1.8440,24.735029,46.698952,16.896,108.844,9.187
2025-12-29T13:47:30.732Z,50.995,0.070,3.574,20.520,0.00,1.8440,24.735029,46.698952,16.896,108.844,9.187
2025-12-29T13:47:30.946Z,50.997,0.067,3.412,20.520,0.00,1.8440,24.735029,46.698952,16.896,108.842,9.188
2025-12-29T13:47:30.950Z,51.001,0.061,3.086,20.520,0.00,1.8440,24.735029,46.698952,16.896,108.842,9.188
2025-12-29T13:47:31.161Z,51.002,0.062,3.175,20.520,0.00,1.8440,24.735029,46.698952,16.896,108.841,9.188
2025-12-29T13:47:31.482Z,50.999,0.072,3.694,20.520,0.00,1.8440,24.735029,46.698952,16.897,108.839,9.188
2025-12-29T13:47:31.591Z,51.003,0.064,3.245,19.850,0.00,1.8490,24.735004,46.699001,16.897,109.134,9.163
2025-12-29T13:47:31.602Z,51.005,0.061,3.109,19.850,0.00,1.8490,24.735004,46.699001,16.897,109.134,9.163
2025-12-29T13:47:31.759Z,51.006,0.074,3.773,19.850,0.00,1.8490,24.735004,46.699001,16.897,109.133,9.163
2025-12-29T13:47:32.120Z,51.008,0.063,3.209,19.850,0.00,1.8490,24.735004,46.699001,16.897,109.131,9.163
2025-12-29T13:47:32.124Z,51.004,0.073,3.718,19.850,0.00,1.8490,24.735004,46.699001,16.897,109.131,9.163
2025-12-29T13:47:32.273Z,51.010,0.063,3.234,19.850,0.00,1.8490,24.735004,46.699001,16.897,109.130,9.163
2025-12-29T13:47:32.603Z,51.006,0.074,3.757,19.370,0.00,1.8550,24.734991,46.699051,16.898,109.483,9.134
2025-12-29T13:47:32.608Z,51.012,0.061,3.112,19.370,0.00,1.8550,24.734991,46.699051,16.898,109.483,9.134
2025-12-29T13:47:32.922Z,50.963,0.224,11.427,19.370,0.00,1.8550,24.734991,46.699051,16.899,109.477,9.134
2025-12-29T13:47:33.002Z,51.013,0.061,3.129,19.370,0.00,1.8550,24.734991,46.699051,16.899,109.476,9.134
2025-12-29T13:47:33.007Z,51.013,0.061,3.112,19.370,0.00,1.8550,24.734991,46.699051,16.899,109.476,9.134
2025-12-29T13:47:33.184Z,51.015,0.062,3.153,19.370,0.00,1.8550,24.734991,46.699051,16.899,109.475,9.134
2025-12-29T13:47:33.402Z,51.015,0.067,3.413,18.890,0.00,1.8600,24.734989,46.699104,16.899,109.770,9.110
2025-12-29T13:47:33.722Z,51.014,0.071,3.602,18.890,0.00,1.8600,24.734989,46.699104,16.899,109.768,9.110
2025-12-29T13:47:33.822Z,50.798,0.478,24.263,18.890,0.00,1.8600,24.734989,46.699104,16.900,109.763,9.111
2025-12-29T13:47:33.833Z,51.017,0.063,3.207,18.890,0.00,1.8600,24.734989,46.699104,16.900,109.763,9.111
2025-12-29T13:47:34.014Z,51.017,0.069,3.526,18.890,0.00,1.8600,24.734989,46.699104,16.900,109.762,9.111
2025-12-29T13:47:34.361Z,51.018,0.070,3.556,18.890,0.00,1.8600,24.734989,46.699104,16.901,109.760,9.111
2025-12-29T13:47:34.407Z,51.020,0.068,3.464,18.890,0.00,1.8600,24.734989,46.699104,16.901,109.760,9.111
2025-12-29T13:47:34.412Z,51.023,0.061,3.132,18.110,0.00,1.8650,24.734995,46.699150,16.901,110.055,9.086
2025-12-29T13:47:34.612Z,51.024,0.062,3.165,18.110,0.00,1.8650,24.734995,46.699150,16.901,110.054,9.086
2025-12-29T13:47:34.842Z,51.022,0.072,3.677,18.110,0.00,1.8650,24.734995,46.699150,16.901,110.053,9.087
2025-12-29T13:47:35.162Z,50.841,0.473,24.053,18.110,0.00,1.8650,24.734995,46.699150,16.903,110.039,9.088
2025-12-29T13:47:35.229Z,51.026,0.061,3.103,18.110,0.00,1.8650,24.734995,46.699150,16.903,110.038,9.088
2025-12-29T13:47:35.233Z,50.854,0.560,28.486,18.110,0.00,1.8650,24.734995,46.699150,16.903,110.038,9.088
2025-12-29T13:47:35.444Z,51.027,0.062,3.159,16.760,0.00,1.8690,24.734999,46.699196,16.903,110.273,9.068
2025-12-29T13:47:35.802Z,51.024,0.074,3.755,16.760,0.00,1.8690,24.734999,46.699196,16.904,110.271,9.069
2025-12-29T13:47:36.112Z,51.029,0.063,3.206,16.760,0.00,1.8690,24.734999,46.699196,16.904,110.269,9.069
2025-12-29T13:47:36.116Z,51.031,0.061,3.091,16.760,0.00,1.8690,24.734999,46.699196,16.904,110.269,9.069
2025-12-29T13:47:36.282Z,51.028,0.074,3.784,16.760,0.00,1.8690,24.734999,46.699196,16.904,110.268,9.069
2025-12-29T13:47:36.286Z,51.033,0.061,3.132,16.760,0.00,1.8690,24.734999,46.699196,16.904,110.268,9.069
2025-12-29T13:47:36.601Z,51.029,0.075,3.809,17.150,0.00,1.8740,24.734997,46.699245,16.905,110.562,9.045
2025-12-29T13:47:36.603Z,51.035,0.061,3.115,17.150,0.00,1.8740,24.734997,46.699245,16.905,110.562,9.045
2025-12-29T13:47:36.925Z,51.031,0.075,3.819,17.150,0.00,1.8740,24.734997,46.699245,16.905,110.559,9.045
2025-12-29T13:47:36.982Z,51.037,0.061,3.111,17.150,0.00,1.8740,24.734997,46.699245,16.905,110.559,9.045
2025-12-29T13:47:36.983Z,51.037,0.062,3.172,17.150,0.00,1.8740,24.734997,46.699245,16.905,110.559,9.045
2025-12-29T13:47:37.401Z,51.036,0.068,3.473,17.150,0.00,1.8740,24.734997,46.699245,16.905,110.556,9.045
2025-12-29T13:47:37.402Z,51.026,0.109,5.573,17.150,0.00,1.8740,24.734997,46.699245,16.905,110.556,9.045
2025-12-29T13:47:37.880Z,50.996,0.211,10.783,14.580,0.00,1.8780,24.734991,46.699284,16.907,110.784,9.027
2025-12-29T13:47:37.887Z,50.957,0.340,17.300,14.580,0.00,1.8780,24.734991,46.699284,16.907,110.783,9.027
2025-12-29T13:47:37.920Z,50.901,0.453,23.040,14.580,0.00,1.8780,24.734991,46.699284,16.907,110.782,9.027
2025-12-29T13:47:37.921Z,50.889,0.600,30.555,14.580,0.00,1.8780,24.734991,46.699284,16.907,110.782,9.027
2025-12-29T13:47:38.208Z,50.513,1.877,94.805,14.580,0.00,1.8780,24.734991,46.699284,16.915,110.732,9.031
2025-12-29T13:47:38.313Z,49.848,4.110,204.857,14.580,0.00,1.8780,24.734991,46.699284,16.921,110.693,9.034
2025-12-29T13:47:38.528Z,49.316,5.739,283.002,15.280,0.00,1.8820,24.734961,46.699306,16.937,110.820,9.024
2025-12-29T13:47:38.839Z,49.327,5.823,287.247,15.280,0.00,1.8820,24.734961,46.699306,16.962,110.657,9.037
2025-12-29T13:47:38.840Z,49.373,5.713,282.075,15.280,0.00,1.8820,24.734961,46.699306,16.962,110.656,9.037
2025-12-29T13:47:38.931Z,49.201,5.950,292.745,15.280,0.00,1.8820,24.734961,46.699306,16.970,110.608,9.041
2025-12-29T13:47:39.149Z,49.731,4.288,213.223,15.280,0.00,1.8820,24.734961,46.699306,16.983,110.524,9.048
2025-12-29T13:47:39.478Z,49.483,5.185,256.575,15.280,0.00,1.8820,24.734961,46.699306,17.006,110.372,9.060
2025-12-29T13:47:39.480Z,49.153,6.132,301.410,10.960,0.00,1.8850,24.734940,46.699322,17.006,110.548,9.046
2025-12-29T13:47:39.635Z,49.321,5.751,283.659,10.960,0.00,1.8850,24.734940,46.699322,17.019,110.468,9.052
2025-12-29T13:47:39.636Z,49.656,4.434,220.183,10.960,0.00,1.8850,24.734940,46.699322,17.019,110.467,9.052
2025-12-29T13:47:40.117Z,49.399,5.336,263.605,10.960,0.00,1.8850,24.734940,46.699322,17.054,110.239,9.071
2025-12-29T13:47:40.118Z,49.242,5.934,292.179,10.960,0.00,1.8850,24.734940,46.699322,17.054,110.239,9.071
2025-12-29T13:47:40.140Z,49.114,6.239,306.419,10.960,0.00,1.8850,24.734940,46.699322,17.056,110.227,9.072
2025-12-29T13:47:40.429Z,49.234,6.073,299.020,10.960,0.00,1.8850,24.734940,46.699322,17.080,110.072,9.085
2025-12-29T13:47:40.757Z,49.054,6.328,310.413,8.560,0.00,1.8870,24.734926,46.699337,17.108,110.007,9.090
2025-12-29T13:47:40.764Z,49.449,5.145,254.404,8.560,0.00,1.8870,24.734926,46.699337,17.109,110.004,9.091
2025-12-29T13:47:41.069Z,49.129,6.331,311.060,8.560,0.00,1.8870,24.734926,46.699337,17.135,109.834,9.105
2025-12-29T13:47:41.070Z,48.989,6.854,335.765,8.560,0.00,1.8870,24.734926,46.699337,17.135,109.834,9.105
2025-12-29T13:47:41.190Z,49.327,5.745,283.367,8.560,0.00,1.8870,24.734926,46.699337,17.144,109.773,9.110
2025-12-29T13:47:41.399Z,48.834,6.803,332.218,8.560,0.00,1.8870,24.734926,46.699337,17.164,109.650,9.120
2025-12-29T13:47:41.401Z,48.962,6.663,326.233,5.610,0.00,1.8890,24.734928,46.699352,17.164,109.766,9.110
2025-12-29T13:47:41.716Z,49.441,5.108,252.541,5.610,0.00,1.8890,24.734928,46.699352,17.186,109.624,9.122
2025-12-29T13:47:42.043Z,48.935,6.891,337.226,5.610,0.00,1.8890,24.734928,46.699352,17.217,109.430,9.138
2025-12-29T13:47:42.044Z,49.028,6.560,321.627,5.610,0.00,1.8890,24.734928,46.699352,17.217,109.429,9.138
2025-12-29T13:47:42.098Z,49.561,4.730,234.423,5.610,0.00,1.8890,24.734928,46.699352,17.220,109.407,9.140
2025-12-29T13:47:42.360Z,48.931,6.981,341.574,5.610,0.00,1.8890,24.734928,46.699352,17.245,109.249,9.153
2025-12-29T13:47:42.521Z,49.275,6.981,343.979,18.650,0.00,1.8980,24.734848,46.699360,17.260,109.673,9.118
2025-12-29T13:47:42.528Z,49.829,3.771,187.894,18.650,0.00,1.8980,24.734848,46.699360,17.261,109.670,9.118
2025-12-29T13:47:42.839Z,49.141,6.151,302.252,18.650,0.00,1.8980,24.734848,46.699360,17.287,109.505,9.132
2025-12-29T13:47:42.935Z,49.016,6.553,321.184,18.650,0.00,1.8980,24.734848,46.699360,17.295,109.451,9.137
2025-12-29T13:47:43.158Z,49.000,6.682,327.405,18.650,0.00,1.8980,24.734848,46.699360,17.316,109.322,9.147
2025-12-29T13:47:43.159Z,49.135,6.054,297.485,18.650,0.00,1.8980,24.734848,46.699360,17.316,109.321,9.147
2025-12-29T13:47:43.479Z,49.823,3.757,187.174,18.650,0.00,1.8980,24.734848,46.699360,17.332,109.217,9.156
2025-12-29T13:47:43.799Z,49.130,6.905,339.219,20.710,0.00,1.9040,24.734795,46.699379,17.363,109.373,9.143
2025-12-29T13:47:43.805Z,48.888,6.799,332.400,20.710,0.00,1.9040,24.734795,46.699379,17.363,109.369,9.143
2025-12-29T13:47:43.830Z,49.036,6.585,322.909,20.710,0.00,1.9040,24.734795,46.699379,17.366,109.355,9.145
2025-12-29T13:47:44.134Z,49.097,6.176,303.217,20.710,0.00,1.9040,24.734795,46.699379,17.391,109.194,9.158
2025-12-29T13:47:44.250Z,48.985,6.654,325.957,20.710,0.00,1.9040,24.734795,46.699379,17.402,109.128,9.164
2025-12-29T13:47:44.251Z,49.011,6.514,319.268,20.710,0.00,1.9040,24.734795,46.699379,17.402,109.127,9.164
2025-12-29T13:47:44.582Z,48.848,6.959,339.955,22.000,0.00,1.9100,24.734745,46.699406,17.433,109.276,9.151
2025-12-29T13:47:44.590Z,49.219,5.739,282.456,22.000,0.00,1.9100,24.734745,46.699406,17.434,109.272,9.151
2025-12-29T13:47:44.894Z,48.890,6.757,330.354,22.000,0.00,1.9100,24.734745,46.699406,17.461,109.097,9.166
2025-12-29T13:47:44.895Z,48.768,6.757,329.529,22.000,0.00,1.9100,24.734745,46.699406,17.462,109.097,9.166
2025-12-29T13:47:45.220Z,49.284,5.412,266.728,22.000,0.00,1.9100,24.734745,46.699406,17.486,108.947,9.179
2025-12-29T13:47:45.371Z,49.249,5.603,275.925,22.000,0.00,1.9100,24.734745,46.699406,17.497,108.874,9.185
2025-12-29T13:47:45.373Z,48.705,7.380,359.436,21.740,0.00,1.9170,24.734694,46.699436,17.497,109.274,9.151
2025-12-29T13:47:45.700Z,48.677,7.312,355.910,21.740,0.00,1.9170,24.734694,46.699436,17.530,109.072,9.168
2025-12-29T13:47:45.802Z,48.816,7.012,342.321,21.740,0.00,1.9170,24.734694,46.699436,17.539,109.011,9.173
2025-12-29T13:47:46.171Z,48.614,7.593,369.139,21.740,0.00,1.9170,24.734694,46.699436,17.577,108.777,9.193
2025-12-29T13:47:46.172Z,48.946,6.492,317.746,21.740,0.00,1.9170,24.734694,46.699436,17.577,108.776,9.193
2025-12-29T13:47:46.338Z,49.178,5.924,291.351,21.740,0.00,1.9170,24.734694,46.699436,17.591,108.693,9.200
2025-12-29T13:47:46.339Z,49.102,5.914,290.397,21.740,0.00,1.9170,24.734694,46.699436,17.591,108.693,9.200
2025-12-29T13:47:46.659Z,49.505,4.693,232.315,22.430,0.00,1.9230,24.734644,46.699471,17.611,108.906,9.182
2025-12-29T13:47:46.728Z,48.752,7.258,353.851,22.430,0.00,1.9230,24.734644,46.699471,17.618,108.864,9.186
2025-12-29T13:47:46.978Z,48.904,6.708,328.053,22.430,0.00,1.9230,24.734644,46.699471,17.641,108.723,9.198
2025-12-29T13:47:47.137Z,48.747,7.233,352.578,22.430,0.00,1.9230,24.734644,46.699471,17.657,108.627,9.206
2025-12-29T13:47:47.138Z,48.685,7.218,351.405,22.430,0.00,1.9230,24.734644,46.699471,17.657,108.627,9.206
2025-12-29T13:47:47.458Z,48.850,6.817,332.994,22.430,0.00,1.9230,24.734644,46.699471,17.686,108.445,9.221
2025-12-29T13:47:47.782Z,48.731,7.012,341.681,22.980,0.00,1.9300,24.734589,46.699497,17.717,108.653,9.204
2025-12-29T13:47:47.790Z,49.225,5.545,272.953,22.980,0.00,1.9300,24.734589,46.699497,17.718,108.649,9.204
2025-12-29T13:47:47.826Z,48.871,6.629,323.951,22.980,0.00,1.9300,24.734589,46.699497,17.721,108.628,9.206
2025-12-29T13:47:48.091Z,49.366,5.042,248.878,22.980,0.00,1.9300,24.734589,46.699497,17.739,108.516,9.215
2025-12-29T13:47:48.092Z,48.586,7.460,362.433,22.980,0.00,1.9300,24.734589,46.699497,17.739,108.516,9.215
2025-12-29T13:47:48.252Z,48.614,7.702,374.452,22.980,0.00,1.9300,24.734589,46.699497,17.756,108.414,9.224
2025-12-29T13:47:48.580Z,48.620,7.430,361.225,23.580,0.00,1.9370,24.734529,46.699516,17.789,108.608,9.207
2025-12-29T13:47:48.589Z,48.588,8.117,394.416,23.580,0.00,1.9370,24.734529,46.699516,17.790,108.601,9.208
2025-12-29T13:47:48.901Z,48.779,7.168,349.660,23.580,0.00,1.9370,24.734529,46.699516,17.820,108.417,9.224
2025-12-29T13:47:48.903Z,48.752,7.369,359.263,23.580,0.00,1.9370,24.734529,46.699516,17.820,108.415,9.224
2025-12-29T13:47:49.218Z,48.767,7.736,377.252,23.580,0.00,1.9370,24.734529,46.699516,17.853,108.214,9.241
2025-12-29T13:47:49.220Z,49.098,5.364,263.355,23.580,0.00,1.9370,24.734529,46.699516,17.854,108.213,9.241
2025-12-29T13:47:49.379Z,48.880,6.467,316.084,23.760,0.00,1.9440,24.734467,46.699532,17.867,108.521,9.215
2025-12-29T13:47:49.700Z,48.510,7.380,358.018,23.760,0.00,1.9440,24.734467,46.699532,17.900,108.327,9.231
2025-12-29T13:47:50.020Z,49.585,4.281,212.249,23.760,0.00,1.9440,24.734467,46.699532,17.918,108.213,9.241
2025-12-29T13:47:50.021Z,50.277,2.001,100.580,23.760,0.00,1.9440,24.734467,46.699532,17.918,108.213,9.241
2025-12-29T13:47:50.341Z,50.669,0.706,35.793,23.760,0.00,1.9440,24.734467,46.699532,17.922,108.193,9.243
2025-12-29T13:47:50.342Z,50.742,0.428,21.726,23.760,0.00,1.9440,24.734467,46.699532,17.922,108.193,9.243
2025-12-29T13:47:50.343Z,50.778,0.367,18.648,23.760,0.00,1.9440,24.734467,46.699532,17.922,108.193,9.243
2025-12-29T13:47:51.393Z,50.811,0.231,11.746,22.980,0.00,1.9510,24.734406,46.699528,17.925,108.563,9.211
2025-12-29T13:47:51.400Z,50.839,0.186,9.433,22.980,0.00,1.9510,24.734406,46.699528,17.925,108.563,9.211
2025-12-29T13:47:51.401Z,50.862,0.132,6.707,22.980,0.00,1.9510,24.734406,46.699528,17.925,108.563,9.211
2025-12-29T13:47:51.402Z,50.880,0.091,4.614,22.980,0.00,1.9510,24.734406,46.699528,17.925,108.563,9.211
2025-12-29T13:47:51.402Z,50.889,0.073,3.696,22.980,0.00,1.9510,24.734406,46.699528,17.925,108.563,9.211
2025-12-29T13:47:51.402Z,50.893,0.072,3.683,22.980,0.00,1.9510,24.734406,46.699528,17.925,108.563,9.211
2025-12-29T13:47:52.509Z,50.896,0.074,3.743,21.580,0.00,1.9570,24.734348,46.699524,17.926,108.891,9.184
2025-12-29T13:47:52.513Z,50.899,0.073,3.728,21.580,0.00,1.9570,24.734348,46.699524,17.926,108.891,9.184
2025-12-29T13:47:52.514Z,50.904,0.073,3.719,21.580,0.00,1.9570,24.734348,46.699524,17.926,108.891,9.184
2025-12-29T13:47:52.514Z,50.906,0.073,3.721,21.580,0.00,1.9570,24.734348,46.699524,17.926,108.891,9.184
2025-12-29T13:47:52.514Z,50.909,0.072,3.684,21.580,0.00,1.9570,24.734348,46.699524,17.926,108.891,9.184
2025-12-29T13:47:52.515Z,50.912,0.074,3.752,21.580,0.00,1.9570,24.734348,46.699524,17.926,108.891,9.184
2025-12-29T13:47:59.340Z,49.081,6.315,309.959,20.430,0.00,1.9740,24.734211,46.699451,18.514,106.353,9.403
2025-12-29T13:47:59.658Z,49.046,6.132,300.741,20.430,0.00,2.0000,24.734196,46.699203,18.540,107.603,9.293
2025-12-29T13:48:00.129Z,49.145,5.844,287.226,20.430,0.00,2.0000,24.734196,46.699203,18.578,107.386,9.312
2025-12-29T13:48:00.130Z,49.448,5.057,250.066,20.430,0.00,2.0000,24.734196,46.699203,18.578,107.384,9.312
2025-12-29T13:48:00.131Z,49.088,6.203,304.505,20.430,0.00,2.0000,24.734196,46.699203,18.578,107.384,9.312
2025-12-29T13:48:00.226Z,49.006,6.533,320.138,20.430,0.00,2.0000,24.734196,46.699203,18.587,107.335,9.317
2025-12-29T13:48:00.458Z,49.026,6.161,302.037,20.430,0.00,2.0000,24.734196,46.699203,18.606,107.223,9.326
2025-12-29T13:48:00.460Z,48.920,6.887,336.908,19.210,0.00,2.0050,24.734221,46.699158,18.606,107.491,9.303
2025-12-29T13:48:00.778Z,49.477,4.844,239.687,19.210,0.00,2.0050,24.734221,46.699158,18.627,107.369,9.314
2025-12-29T13:48:00.829Z,49.008,6.171,302.436,19.210,0.00,2.0050,24.734221,46.699158,18.632,107.344,9.316
2025-12-29T13:48:01.088Z,49.289,5.375,264.945,19.210,0.00,2.0050,24.734221,46.699158,18.651,107.234,9.325
2025-12-29T13:48:01.258Z,49.436,5.113,252.745,19.210,0.00,2.0050,24.734221,46.699158,18.663,107.165,9.331
2025-12-29T13:48:01.260Z,48.907,6.816,333.362,19.210,0.00,2.0050,24.734221,46.699158,18.663,107.165,9.331
2025-12-29T13:48:01.578Z,48.947,6.576,321.880,18.610,0.00,2.0100,24.734255,46.699127,18.691,107.269,9.322
2025-12-29T13:48:01.649Z,49.283,5.541,273.085,18.610,0.00,2.0100,24.734255,46.699127,18.697,107.238,9.325
2025-12-29T13:48:01.888Z,49.900,3.214,160.372,18.610,0.00,2.0100,24.734255,46.699127,18.707,107.177,9.330
2025-12-29T13:48:01.889Z,50.541,1.260,63.678,18.610,0.00,2.0100,24.734255,46.699127,18.707,107.177,9.330
2025-12-29T13:48:02.055Z,50.784,0.407,20.676,18.610,0.00,2.0100,24.734255,46.699127,18.708,107.172,9.331
2025-12-29T13:48:02.378Z,50.823,0.290,14.723,18.610,0.00,2.0100,24.734255,46.699127,18.710,107.164,9.331
2025-12-29T13:48:02.465Z,50.852,0.215,10.935,18.040,0.00,2.0150,24.734293,46.699100,18.710,107.430,9.308
2025-12-29T13:48:02.688Z,50.884,0.134,6.809,18.040,0.00,2.0150,24.734293,46.699100,18.710,107.427,9.309
2025-12-29T13:48:02.689Z,50.903,0.075,3.833,18.040,0.00,2.0150,24.734293,46.699100,18.710,107.427,9.309
2025-12-29T13:48:03.018Z,50.910,0.065,3.294,18.040,0.00,2.0150,24.734293,46.699100,18.711,107.426,9.309
2025-12-29T13:48:03.019Z,50.910,0.072,3.659,18.040,0.00,2.0150,24.734293,46.699100,18.711,107.426,9.309
2025-12-29T13:48:03.333Z,50.916,0.063,3.230,18.040,0.00,2.0150,24.734293,46.699100,18.711,107.424,9.309
2025-12-29T13:48:03.602Z,50.916,0.072,3.690,18.040,0.00,2.0150,24.734293,46.699100,18.711,107.422,9.309
2025-12-29T13:48:03.603Z,50.923,0.061,3.110,17.150,0.00,2.0190,24.734329,46.699078,18.711,107.636,9.291
2025-12-29T13:48:03.687Z,50.925,0.064,3.264,17.150,0.00,2.0190,24.734329,46.699078,18.711,107.636,9.291
2025-12-29T13:48:03.895Z,50.926,0.070,3.563,17.150,0.00,2.0190,24.734329,46.699078,18.711,107.635,9.291
2025-12-29T13:48:03.895Z,50.931,0.061,3.101,17.150,0.00,2.0190,24.734329,46.699078,18.711,107.635,9.291
2025-12-29T13:48:04.108Z,50.933,0.062,3.140,17.150,0.00,2.0190,24.734329,46.699078,18.712,107.633,9.291
2025-12-29T13:48:04.309Z,50.933,0.069,3.511,17.150,0.00,2.0190,24.734329,46.699078,18.712,107.632,9.291
2025-12-29T13:48:04.618Z,50.935,0.068,3.457,16.350,0.00,2.0240,24.734360,46.699047,18.712,107.898,9.268
2025-12-29T13:48:04.724Z,50.940,0.060,3.066,16.350,0.00,2.0240,24.734360,46.699047,18.712,107.897,9.268
2025-12-29T13:48:04.725Z,50.943,0.061,3.082,16.350,0.00,2.0240,24.734360,46.699047,18.712,107.897,9.268
2025-12-29T13:48:05.095Z,50.944,0.062,3.152,16.350,0.00,2.0240,24.734360,46.699047,18.713,107.895,9.268
2025-12-29T13:48:05.098Z,50.932,0.115,5.838,16.350,0.00,2.0240,24.734360,46.699047,18.713,107.895,9.268
2025-12-29T13:48:05.429Z,50.905,0.218,11.086,16.350,0.00,2.0240,24.734360,46.699047,18.714,107.890,9.269
2025-12-29T13:48:05.431Z,50.877,0.330,16.798,15.820,0.00,2.0280,24.734381,46.699013,18.714,108.103,9.250
2025-12-29T13:48:05.553Z,50.835,0.377,19.171,15.820,0.00,2.0280,24.734381,46.699013,18.714,108.099,9.251
2025-12-29T13:48:05.896Z,50.805,0.574,29.166,15.820,0.00,2.0280,24.734381,46.699013,18.717,108.083,9.252
2025-12-29T13:48:05.997Z,50.446,1.830,92.303,15.820,0.00,2.0280,24.734381,46.699013,18.720,108.068,9.253
2025-12-29T13:48:06.215Z,49.563,4.697,232.812,15.820,0.00,2.0280,24.734381,46.699013,18.734,107.987,9.260
2025-12-29T13:48:06.216Z,49.180,5.895,289.911,15.820,0.00,2.0280,24.734381,46.699013,18.734,107.987,9.260
2025-12-29T13:48:06.367Z,49.128,5.975,293.517,15.820,0.00,2.0280,24.734381,46.699013,18.746,107.916,9.266
2025-12-29T13:48:06.597Z,49.212,5.778,284.355,15.500,0.00,2.0330,24.734396,46.698971,18.764,108.079,9.253
2025-12-29T13:48:06.847Z,49.370,5.367,264.948,15.500,0.00,2.0330,24.734396,46.698971,18.783,107.972,9.262
2025-12-29T13:48:06.848Z,49.268,5.739,282.751,15.500,0.00,2.0330,24.734396,46.698971,18.783,107.971,9.262
2025-12-29T13:48:06.978Z,49.029,6.396,313.591,15.500,0.00,2.0330,24.734396,46.698971,18.794,107.907,9.267
2025-12-29T13:48:07.177Z,49.129,6.040,296.755,15.500,0.00,2.0330,24.734396,46.698971,18.810,107.812,9.275
2025-12-29T13:48:07.496Z,48.964,6.483,317.445,15.500,0.00,2.0330,24.734396,46.698971,18.839,107.651,9.289
2025-12-29T13:48:07.606Z,49.297,5.452,268.787,16.480,0.00,2.0370,24.734409,46.698933,18.847,107.817,9.275
2025-12-29T13:48:07.610Z,49.569,4.608,228.437,16.480,0.00,2.0370,24.734409,46.698933,18.847,107.815,9.275
2025-12-29T13:48:07.817Z,49.391,5.198,256.716,16.480,0.00,2.0370,24.734409,46.698933,18.862,107.731,9.282
2025-12-29T13:48:08.135Z,49.052,6.113,299.850,16.480,0.00,2.0370,24.734409,46.698933,18.888,107.580,9.295
2025-12-29T13:48:08.136Z,49.553,4.607,228.303,16.480,0.00,2.0370,24.734409,46.698933,18.888,107.579,9.295
2025-12-29T13:48:08.457Z,49.483,4.741,234.602,16.480,0.00,2.0370,24.734409,46.698933,18.909,107.460,9.306
2025-12-29T13:48:08.510Z,49.616,4.375,217.093,17.500,0.00,2.0420,24.734423,46.698887,18.912,107.707,9.284
2025-12-29T13:48:08.515Z,48.977,6.400,313.461,17.500,0.00,2.0420,24.734423,46.698887,18.913,107.704,9.285
2025-12-29T13:48:08.937Z,49.051,6.352,311.550,17.500,0.00,2.0420,24.734423,46.698887,18.949,107.496,9.303
2025-12-29T13:48:08.938Z,49.024,6.259,306.867,17.500,0.00,2.0420,24.734423,46.698887,18.950,107.496,9.303
2025-12-29T13:48:09.257Z,49.024,6.259,306.867,17.500,0.00,2.0420,24.734423,46.698887,18.977,107.342,9.316
2025-12-29T13:48:09.577Z,49.023,6.247,306.235,17.500,0.00,2.0420,24.734423,46.698887,19.004,107.188,9.329
2025-12-29T13:48:09.579Z,49.145,6.018,295.759,18.500,0.00,2.0470,24.734440,46.698841,19.004,107.451,9.307
2025-12-29T13:48:09.643Z,48.859,6.846,334.512,18.500,0.00,2.0470,24.734440,46.698841,19.010,107.416,9.310
2025-12-29T13:48:09.644Z,49.019,6.846,335.606,18.500,0.00,2.0470,24.734440,46.698841,19.010,107.416,9.310
2025-12-29T13:48:09.897Z,48.952,6.482,317.330,18.500,0.00,2.0470,24.734440,46.698841,19.033,107.290,9.321
2025-12-29T13:48:10.049Z,48.897,6.699,327.572,18.500,0.00,2.0470,24.734440,46.698841,19.046,107.213,9.327
2025-12-29T13:48:10.250Z,48.847,6.699,327.235,18.500,0.00,2.0470,24.734440,46.698841,19.065,107.110,9.336
2025-12-29T13:48:10.251Z,49.289,5.371,264.714,18.500,0.00,2.0470,24.734440,46.698841,19.065,107.109,9.336
2025-12-29T13:48:10.454Z,49.040,6.297,308.801,20.060,0.00,2.0520,24.734459,46.698792,19.082,107.274,9.322
2025-12-29T13:48:10.689Z,49.043,6.168,302.519,20.060,0.00,2.0520,24.734459,46.698792,19.102,107.163,9.332
2025-12-29T13:48:10.863Z,48.851,6.168,301.335,20.060,0.00,2.0520,24.734459,46.698792,19.116,107.081,9.339
2025-12-29T13:48:11.177Z,48.882,6.751,330.010,20.060,0.00,2.0520,24.734459,46.698792,19.145,106.920,9.353
2025-12-29T13:48:11.178Z,48.882,6.751,330.010,20.060,0.00,2.0520,24.734459,46.698792,19.145,106.919,9.353
2025-12-29T13:48:11.264Z,49.080,5.849,287.077,20.060,0.00,2.0520,24.734459,46.698792,19.152,106.881,9.356
2025-12-29T13:48:11.489Z,48.658,7.477,363.827,22.260,0.00,2.0580,24.734489,46.698742,19.175,107.068,9.340
2025-12-29T13:48:11.817Z,48.884,6.698,327.414,22.260,0.00,2.0580,24.734489,46.698742,19.205,106.901,9.354
2025-12-29T13:48:11.818Z,49.103,5.847,287.104,22.260,0.00,2.0580,24.734489,46.698742,19.205,106.901,9.354
2025-12-29T13:48:11.888Z,48.647,7.656,372.433,22.260,0.00,2.0580,24.734489,46.698742,19.212,106.860,9.358
2025-12-29T13:48:12.127Z,48.719,6.711,326.945,22.260,0.00,2.0580,24.734489,46.698742,19.234,106.740,9.369
2025-12-29T13:48:12.295Z,49.196,5.960,293.210,22.260,0.00,2.0580,24.734489,46.698742,19.247,106.664,9.375
2025-12-29T13:48:12.297Z,48.464,7.311,354.341,23.960,0.00,2.0650,24.734531,46.698696,19.248,107.027,9.343
2025-12-29T13:48:12.616Z,48.656,7.188,349.757,23.960,0.00,2.0650,24.734531,46.698696,19.279,106.854,9.359
2025-12-29T13:48:12.710Z,48.725,7.237,352.625,23.960,0.00,2.0650,24.734531,46.698696,19.288,106.803,9.363
2025-12-29T13:48:13.089Z,49.197,5.313,261.372,23.960,0.00,2.0650,24.734531,46.698696,19.315,106.651,9.376
2025-12-29T13:48:13.090Z,48.584,6.393,310.619,23.960,0.00,2.0650,24.734531,46.698696,19.315,106.651,9.376
2025-12-29T13:48:13.417Z,48.648,7.218,351.151,23.960,0.00,2.0650,24.734531,46.698696,19.347,106.475,9.392
2025-12-29T13:48:13.418Z,48.518,7.813,379.059,23.960,0.00,2.0650,24.734531,46.698696,19.347,106.474,9.392
2025-12-29T13:48:13.534Z,48.510,7.781,377.446,25.280,0.00,2.0720,24.734579,46.698654,19.359,106.769,9.366
2025-12-29T13:48:13.730Z,48.589,7.366,357.891,25.280,0.00,2.0720,24.734579,46.698654,19.379,106.662,9.375
2025-12-29T13:48:13.731Z,48.487,7.977,386.771,25.280,0.00,2.0720,24.734579,46.698654,19.379,106.661,9.376
2025-12-29T13:48:14.048Z,48.493,8.027,389.261,25.280,0.00,2.0720,24.734579,46.698654,19.413,106.472,9.392
2025-12-29T13:48:14.155Z,48.551,7.650,371.400,25.280,0.00,2.0720,24.734579,46.698654,19.425,106.412,9.397
2025-12-29T13:48:14.376Z,48.469,7.899,382.847,25.280,0.00,2.0720,24.734579,46.698654,19.448,106.283,9.409
2025-12-29T13:48:14.557Z,48.622,7.423,360.942,25.890,0.00,2.0790,24.734636,46.698620,19.466,106.545,9.386
2025-12-29T13:48:14.563Z,49.102,5.774,283.500,25.890,0.00,2.0790,24.734636,46.698620,19.467,106.542,9.386
2025-12-29T13:48:14.858Z,48.572,7.725,375.231,25.890,0.00,2.0790,24.734636,46.698620,19.497,106.374,9.401
2025-12-29T13:48:15.338Z,49.497,4.462,220.832,25.890,0.00,2.0790,24.734636,46.698620,19.527,106.214,9.415
2025-12-29T13:48:15.339Z,48.733,7.022,342.209,25.890,0.00,2.0790,24.734636,46.698620,19.527,106.213,9.415
2025-12-29T13:48:15.346Z,48.711,6.950,338.527,25.890,0.00,2.0790,24.734636,46.698620,19.528,106.209,9.415
2025-12-29T13:48:15.489Z,48.343,8.398,405.987,26.580,0.00,2.0860,24.734697,46.698593,19.544,106.480,9.391
2025-12-29T13:48:15.496Z,48.961,6.260,306.485,26.580,0.00,2.0860,24.734697,46.698593,19.544,106.476,9.392
2025-12-29T13:48:15.818Z,48.801,6.619,323.034,26.580,0.00,2.0860,24.734697,46.698593,19.573,106.320,9.406
2025-12-29T13:48:16.137Z,48.446,7.917,383.571,26.580,0.00,2.0860,24.734697,46.698593,19.607,106.135,9.422
2025-12-29T13:48:16.138Z,49.521,4.303,213.073,26.580,0.00,2.0860,24.734697,46.698593,19.607,106.135,9.422
2025-12-29T13:48:16.194Z,50.206,2.080,104.413,26.580,0.00,2.0860,24.734697,46.698593,19.609,106.126,9.423
2025-12-29T13:48:16.458Z,50.601,0.744,37.665,26.580,0.00,2.0860,24.734697,46.698593,19.612,106.111,9.424
2025-12-29T13:48:16.620Z,50.676,0.519,26.326,26.850,0.00,2.0940,24.734762,46.698574,19.613,106.512,9.389
2025-12-29T13:48:16.629Z,50.714,0.390,19.768,26.850,0.00,2.0940,24.734762,46.698574,19.613,106.512,9.389
2025-12-29T13:48:16.940Z,50.745,0.320,16.235,26.850,0.00,2.0940,24.734762,46.698574,19.614,106.505,9.389
2025-12-29T13:48:16.941Z,50.770,0.275,13.942,26.850,0.00,2.0940,24.734762,46.698574,19.614,106.504,9.389
2025-12-29T13:48:17.257Z,50.795,0.170,8.632,26.850,0.00,2.0940,24.734762,46.698574,19.615,106.500,9.390
2025-12-29T13:48:17.259Z,50.812,0.123,6.253,26.850,0.00,2.0940,24.734762,46.698574,19.615,106.500,9.390
2025-12-29T13:48:17.578Z,50.832,0.073,3.694,26.260,0.00,2.1010,24.734829,46.698566,19.615,106.855,9.358
2025-12-29T13:48:17.898Z,50.835,0.074,3.752,26.260,0.00,2.1010,24.734829,46.698566,19.616,106.854,9.359
2025-12-29T13:48:17.899Z,50.844,0.061,3.113,26.260,0.00,2.1010,24.734829,46.698566,19.616,106.854,9.359
2025-12-29T13:48:18.048Z,50.843,0.074,3.737,26.260,0.00,2.1010,24.734829,46.698566,19.616,106.853,9.359
2025-12-29T13:48:18.049Z,50.851,0.061,3.123,26.260,0.00,2.1010,24.734829,46.698566,19.616,106.853,9.359
2025-12-29T13:48:18.377Z,50.852,0.064,3.257,26.260,0.00,2.1010,24.734829,46.698566,19.616,106.851,9.359
2025-12-29T13:48:18.380Z,50.852,0.073,3.730,25.610,0.00,2.1080,24.734892,46.698578,19.616,107.208,9.328
2025-12-29T13:48:18.704Z,50.858,0.065,3.286,25.610,0.00,2.1080,24.734892,46.698578,19.616,107.206,9.328
2025-12-29T13:48:18.756Z,50.858,0.073,3.729,25.610,0.00,2.1080,24.734892,46.698578,19.616,107.206,9.328
2025-12-29T13:48:19.017Z,50.861,0.073,3.702,25.610,0.00,2.1080,24.734892,46.698578,19.617,107.205,9.328
2025-12-29T13:48:19.019Z,50.868,0.061,3.109,25.610,0.00,2.1080,24.734892,46.698578,19.617,107.205,9.328
2025-12-29T13:48:19.177Z,50.870,0.063,3.200,25.610,0.00,2.1080,24.734892,46.698578,19.617,107.204,9.328
2025-12-29T13:48:19.497Z,50.869,0.072,3.675,25.610,0.00,2.1080,24.734892,46.698578,19.617,107.202,9.328
2025-12-29T13:48:19.577Z,50.871,0.069,3.530,25.000,0.00,2.1150,24.734949,46.698601,19.617,107.558,9.297
2025-12-29T13:48:19.814Z,50.877,0.062,3.142,25.000,0.00,2.1150,24.734949,46.698601,19.617,107.557,9.297
2025-12-29T13:48:19.816Z,50.879,0.063,3.181,25.000,0.00,2.1150,24.734949,46.698601,19.617,107.557,9.297
2025-12-29T13:48:20.138Z,50.879,0.063,3.187,25.000,0.00,2.1150,24.734949,46.698601,19.618,107.556,9.298
2025-12-29T13:48:20.188Z,50.881,0.069,3.525,25.000,0.00,2.1150,24.734949,46.698601,19.618,107.555,9.298
2025-12-29T13:48:20.458Z,50.883,0.069,3.488,25.000,0.00,2.1150,24.734949,46.698601,19.618,107.554,9.298
2025-12-29T13:48:20.460Z,50.888,0.061,3.114,24.170,0.00,2.1220,24.734997,46.698643,19.618,107.911,9.267
2025-12-29T13:48:20.617Z,50.888,0.062,3.180,24.170,0.00,2.1220,24.734997,46.698643,19.618,107.910,9.267
2025-12-29T13:48:21.049Z,50.887,0.072,3.646,24.170,0.00,2.1220,24.734997,46.698643,19.619,107.908,9.267
2025-12-29T13:48:21.051Z,50.892,0.066,3.374,24.170,0.00,2.1220,24.734997,46.698643,19.619,107.908,9.267
2025-12-29T13:48:21.109Z,50.891,0.072,3.689,24.170,0.00,2.1220,24.734997,46.698643,19.619,107.907,9.267
2025-12-29T13:48:21.418Z,50.892,0.074,3.759,24.170,0.00,2.1220,24.734997,46.698643,19.619,107.906,9.267
2025-12-29T13:48:21.525Z,50.898,0.063,3.213,23.280,0.00,2.1280,24.735029,46.698696,19.619,108.211,9.241
2025-12-29T13:48:21.532Z,50.901,0.061,3.103,23.280,0.00,2.1280,24.735029,46.698696,19.619,108.211,9.241
2025-12-29T13:48:21.728Z,50.901,0.064,3.262,23.280,0.00,2.1280,24.735029,46.698696,19.619,108.210,9.241
2025-12-29T13:48:22.048Z,50.899,0.075,3.815,23.280,0.00,2.1280,24.735029,46.698696,19.620,108.208,9.241
2025-12-29T13:48:22.050Z,50.905,0.062,3.144,23.280,0.00,2.1280,24.735029,46.698696,19.620,108.208,9.241
2025-12-29T13:48:22.378Z,50.902,0.074,3.744,23.280,0.00,2.1280,24.735029,46.698696,19.620,108.206,9.242
2025-12-29T13:48:22.430Z,50.904,0.074,3.771,23.280,0.00,2.1280,24.735029,46.698696,19.620,108.206,9.242
2025-12-29T13:48:22.438Z,50.911,0.061,3.098,22.220,0.00,2.1340,24.735048,46.698753,19.620,108.512,9.216
2025-12-29T13:48:22.698Z,50.912,0.063,3.216,22.220,0.00,2.1340,24.735048,46.698753,19.620,108.510,9.216
2025-12-29T13:48:22.861Z,50.912,0.066,3.372,22.220,0.00,2.1340,24.735048,46.698753,19.620,108.509,9.216
2025-12-29T13:48:23.059Z,50.911,0.071,3.610,22.220,0.00,2.1340,24.735048,46.698753,19.621,108.508,9.216
2025-12-29T13:48:23.268Z,50.916,0.061,3.096,22.220,0.00,2.1340,24.735048,46.698753,19.621,108.507,9.216
2025-12-29T13:48:23.269Z,50.916,0.063,3.203,22.220,0.00,2.1340,24.735048,46.698753,19.621,108.507,9.216
2025-12-29T13:48:23.450Z,50.917,0.069,3.531,21.950,0.00,2.1400,24.735056,46.698811,19.621,108.812,9.190
2025-12-29T13:48:23.817Z,50.918,0.068,3.479,21.950,0.00,2.1400,24.735056,46.698811,19.621,108.810,9.190
2025-12-29T13:48:24.128Z,50.919,0.069,3.522,21.950,0.00,2.1400,24.735056,46.698811,19.622,108.809,9.190
2025-12-29T13:48:24.129Z,50.923,0.061,3.114,21.950,0.00,2.1400,24.735056,46.698811,19.622,108.808,9.190
2025-12-29T13:48:24.179Z,50.919,0.076,3.885,21.950,0.00,2.1400,24.735056,46.698811,19.622,108.808,9.190
2025-12-29T13:48:24.450Z,50.927,0.061,3.095,21.950,0.00,2.1400,24.735056,46.698811,19.622,108.807,9.191
2025-12-29T13:48:24.452Z,50.927,0.063,3.186,21.040,0.00,2.1460,24.735054,46.698868,19.622,109.113,9.165
2025-12-29T13:48:24.637Z,50.925,0.071,3.604,21.040,0.00,2.1460,24.735054,46.698868,19.622,109.112,9.165
2025-12-29T13:48:24.937Z,50.925,0.074,3.782,21.040,0.00,2.1460,24.735054,46.698868,19.622,109.110,9.165
2025-12-29T13:48:24.997Z,50.930,0.065,3.301,21.040,0.00,2.1460,24.735054,46.698868,19.622,109.110,9.165
2025-12-29T13:48:24.998Z,50.932,0.061,3.118,21.040,0.00,2.1460,24.735054,46.698868,19.622,109.110,9.165
2025-12-29T13:48:25.258Z,50.933,0.063,3.204,21.040,0.00,2.1460,24.735054,46.698868,19.623,109.108,9.165
2025-12-29T13:48:25.488Z,50.931,0.073,3.723,20.460,0.00,2.1520,24.735039,46.698925,19.623,109.413,9.140
2025-12-29T13:48:25.737Z,50.935,0.063,3.206,20.460,0.00,2.1520,24.735039,46.698925,19.623,109.412,9.140
2025-12-29T13:48:25.738Z,50.938,0.061,3.109,20.460,0.00,2.1520,24.735039,46.698925,19.623,109.412,9.140
2025-12-29T13:48:26.048Z,50.938,0.061,3.132,20.460,0.00,2.1520,24.735039,46.698925,19.623,109.410,9.140
2025-12-29T13:48:26.049Z,50.935,0.074,3.769,20.460,0.00,2.1520,24.735039,46.698925,19.623,109.410,9.140
2025-12-29T13:48:26.370Z,50.936,0.074,3.766,20.460,0.00,2.1520,24.735039,46.698925,19.624,109.408,9.140
2025-12-29T13:48:26.371Z,50.938,0.075,3.828,20.460,0.00,2.1520,24.735039,46.698925,19.624,109.408,9.140
2025-12-29T13:48:26.704Z,50.939,0.072,3.667,20.020,0.00,2.1580,24.735016,46.698975,19.624,109.712,9.115
2025-12-29T13:48:26.745Z,50.944,0.061,3.090,20.020,0.00,2.1580,24.735016,46.698975,19.624,109.712,9.115
2025-12-29T13:48:26.746Z,50.945,0.063,3.191,20.020,0.00,2.1580,24.735016,46.698975,19.624,109.712,9.115
2025-12-29T13:48:27.017Z,50.945,0.066,3.376,20.020,0.00,2.1580,24.735016,46.698975,19.624,109.710,9.115
2025-12-29T13:48:27.167Z,50.946,0.067,3.417,20.020,0.00,2.1580,24.735016,46.698975,19.625,109.710,9.115
2025-12-29T13:48:27.497Z,50.945,0.071,3.636,20.020,0.00,2.1580,24.735016,46.698975,19.625,109.708,9.115
2025-12-29T13:48:27.499Z,50.950,0.061,3.094,19.280,0.00,2.1630,24.734997,46.699024,19.625,109.962,9.094
2025-12-29T13:48:27.636Z,50.951,0.062,3.139,19.280,0.00,2.1630,24.734997,46.699024,19.625,109.962,9.094
2025-12-29T13:48:27.816Z,50.949,0.069,3.506,19.280,0.00,2.1630,24.734997,46.699024,19.625,109.961,9.094
2025-12-29T13:48:27.976Z,50.950,0.067,3.411,19.280,0.00,2.1630,24.734997,46.699024,19.625,109.960,9.094
2025-12-29T13:48:28.298Z,50.954,0.061,3.094,19.280,0.00,2.1630,24.734997,46.699024,19.626,109.958,9.094
2025-12-29T13:48:28.299Z,50.955,0.061,3.110,19.280,0.00,2.1630,24.734997,46.699024,19.626,109.958,9.094
2025-12-29T13:48:28.399Z,50.956,0.062,3.166,18.430,0.00,2.1680,24.734989,46.699074,19.626,110.213,9.073
2025-12-29T13:48:28.697Z,50.952,0.075,3.808,18.430,0.00,2.1680,24.734989,46.699074,19.626,110.211,9.074
2025-12-29T13:48:28.997Z,50.953,0.073,3.742,18.430,0.00,2.1680,24.734989,46.699074,19.626,110.209,9.074
2025-12-29T13:48:28.997Z,50.958,0.061,3.108,18.430,0.00,2.1680,24.734989,46.699074,19.626,110.209,9.074
2025-12-29T13:48:28.998Z,50.959,0.062,3.145,18.430,0.00,2.1680,24.734989,46.699074,19.626,110.209,9.074
2025-12-29T13:48:29.271Z,50.956,0.074,3.755,18.430,0.00,2.1680,24.734989,46.699074,19.627,110.208,9.074
2025-12-29T13:48:29.414Z,50.961,0.073,3.715,18.430,0.00,2.1680,24.734989,46.699074,19.627,110.207,9.074
2025-12-29T13:48:29.416Z,50.962,0.062,3.165,18.170,0.00,2.1730,24.734989,46.699120,19.627,110.461,9.053
2025-12-29T13:48:29.738Z,50.963,0.062,3.138,18.170,0.00,2.1730,24.734989,46.699120,19.627,110.460,9.053
2025-12-29T13:48:29.852Z,50.963,0.065,3.289,18.170,0.00,2.1730,24.734989,46.699120,19.627,110.459,9.053
2025-12-29T13:48:30.144Z,50.961,0.072,3.674,18.170,0.00,2.1730,24.734989,46.699120,19.627,110.458,9.053
2025-12-29T13:48:30.224Z,50.967,0.061,3.099,18.170,0.00,2.1730,24.734989,46.699120,19.628,110.457,9.053
2025-12-29T13:48:30.225Z,50.963,0.072,3.657,18.170,0.00,2.1730,24.734989,46.699120,19.628,110.457,9.053
2025-12-29T13:48:30.637Z,50.966,0.066,3.356,17.610,0.00,2.1780,24.734995,46.699169,19.628,110.710,9.033
2025-12-29T13:48:30.638Z,50.964,0.075,3.805,17.610,0.00,2.1780,24.734995,46.699169,19.628,110.710,9.033
2025-12-29T13:48:30.939Z,50.970,0.062,3.165,17.610,0.00,2.1780,24.734995,46.699169,19.628,110.708,9.033
2025-12-29T13:48:30.940Z,50.966,0.074,3.754,17.610,0.00,2.1780,24.734995,46.699169,19.628,110.708,9.033
2025-12-29T13:48:31.346Z,50.971,0.062,3.185,17.610,0.00,2.1780,24.734995,46.699169,19.629,110.706,9.033
2025-12-29T13:48:31.346Z,50.968,0.074,3.750,17.610,0.00,2.1780,24.734995,46.699169,19.629,110.706,9.033
2025-12-29T13:48:31.348Z,50.973,0.062,3.173,15.650,0.00,2.1830,24.735001,46.699215,19.629,110.961,9.012
2025-12-29T13:48:31.739Z,50.971,0.068,3.482,15.650,0.00,2.1830,24.735001,46.699215,19.629,110.959,9.012
2025-12-29T13:48:31.740Z,50.975,0.061,3.125,15.650,0.00,2.1830,24.735001,46.699215,19.629,110.959,9.012
2025-12-29T13:48:31.863Z,50.975,0.062,3.152,15.650,0.00,2.1830,24.735001,46.699215,19.629,110.958,9.012
2025-12-29T13:48:32.219Z,50.974,0.070,3.578,15.650,0.00,2.1830,24.735001,46.699215,19.629,110.956,9.013
2025-12-29T13:48:32.220Z,50.977,0.062,3.178,15.650,0.00,2.1830,24.735001,46.699215,19.629,110.956,9.013
2025-12-29T13:48:32.386Z,50.974,0.073,3.722,15.650,0.00,2.1830,24.735001,46.699215,19.630,110.955,9.013
2025-12-29T13:48:32.698Z,50.977,0.065,3.314,13.870,0.00,2.1860,24.734991,46.699249,19.630,111.106,9.000
2025-12-29T13:48:32.699Z,50.979,0.061,3.115,13.870,0.00,2.1860,24.734991,46.699249,19.630,111.106,9.000
2025-12-29T13:48:33.020Z,50.977,0.075,3.831,13.870,0.00,2.1860,24.734991,46.699249,19.630,111.105,9.001
2025-12-29T13:48:33.021Z,50.981,0.062,3.186,13.870,0.00,2.1860,24.734991,46.699249,19.630,111.105,9.001
2025-12-29T13:48:33.348Z,50.978,0.074,3.747,13.870,0.00,2.1860,24.734991,46.699249,19.631,111.103,9.001
2025-12-29T13:48:33.388Z,50.978,0.075,3.833,13.870,0.00,2.1860,24.734991,46.699249,19.631,111.102,9.001
2025-12-29T13:48:33.390Z,50.984,0.061,3.131,12.320,0.00,2.1900,24.734974,46.699276,19.631,111.306,8.984
2025-12-29T13:48:33.819Z,50.983,0.063,3.225,12.320,0.00,2.1900,24.734974,46.699276,19.631,111.304,8.984
2025-12-29T13:48:33.820Z,50.981,0.072,3.658,12.320,0.00,2.1900,24.734974,46.699276,19.631,111.304,8.984
2025-12-29T13:48:33.905Z,50.984,0.066,3.341,12.320,0.00,2.1900,24.734974,46.699276,19.631,111.303,8.984
2025-12-29T13:48:34.170Z,50.985,0.068,3.442,12.320,0.00,2.1900,24.734974,46.699276,19.631,111.302,8.985
2025-12-29T13:48:34.476Z,50.984,0.073,3.715,12.320,0.00,2.1900,24.734974,46.699276,19.632,111.300,8.985
2025-12-29T13:48:34.477Z,50.984,0.074,3.791,9.200,0.00,2.1920,24.734957,46.699291,19.632,111.402,8.976
2025-12-29T13:48:34.636Z,50.985,0.074,3.760,9.200,0.00,2.1920,24.734957,46.699291,19.632,111.401,8.977
2025-12-29T13:48:35.090Z,50.970,0.138,7.050,9.200,0.00,2.1920,24.734957,46.699291,19.633,111.396,8.977
2025-12-29T13:48:35.091Z,50.940,0.240,12.203,9.200,0.00,2.1920,24.734957,46.699291,19.633,111.396,8.977
2025-12-29T13:48:35.129Z,50.903,0.351,17.843,9.200,0.00,2.1920,24.734957,46.699291,19.633,111.395,8.977
2025-12-29T13:48:35.130Z,50.866,0.574,29.195,9.200,0.00,2.1920,24.734957,46.699291,19.633,111.395,8.977
2025-12-29T13:48:35.414Z,50.826,0.648,32.933,4.800,0.00,2.1930,24.734949,46.699295,19.635,111.431,8.974
2025-12-29T13:48:35.659Z,50.054,3.311,165.743,4.800,0.00,2.1930,24.734949,46.699295,19.647,111.367,8.979
2025-12-29T13:48:35.753Z,49.294,5.795,285.637,4.800,0.00,2.1930,24.734949,46.699295,19.654,111.325,8.983
2025-12-29T13:48:35.754Z,49.217,5.918,291.275,4.800,0.00,2.1930,24.734949,46.699295,19.654,111.325,8.983
2025-12-29T13:48:35.995Z,49.320,5.676,279.922,4.800,0.00,2.1930,24.734949,46.699295,19.673,111.218,8.991
2025-12-29T13:48:36.299Z,49.559,4.877,241.707,4.800,0.00,2.1930,24.734949,46.699295,19.693,111.103,9.001
2025-12-29T13:48:36.300Z,49.104,6.161,302.503,4.800,0.00,2.1930,24.734949,46.699295,19.693,111.103,9.001
2025-12-29T13:48:36.617Z,49.422,5.184,256.190,4.200,0.00,2.1940,24.734938,46.699295,19.716,111.026,9.007
2025-12-29T13:48:37.006Z,49.422,5.184,256.190,4.200,0.00,2.1940,24.734938,46.699295,19.744,110.871,9.020
2025-12-29T13:48:37.007Z,49.397,5.233,258.516,4.200,0.00,2.1940,24.734938,46.699295,19.744,110.870,9.020
2025-12-29T13:48:37.007Z,49.153,5.977,293.805,4.200,0.00,2.1940,24.734938,46.699295,19.744,110.870,9.020
2025-12-29T13:48:37.510Z,49.153,5.477,269.191,4.200,0.00,2.1940,24.734938,46.699295,19.781,110.659,9.037
2025-12-29T13:48:37.511Z,49.753,4.064,202.173,4.200,0.00,2.1940,24.734938,46.699295,19.781,110.659,9.037
2025-12-29T13:48:37.513Z,49.056,6.353,311.670,6.670,0.00,2.1980,24.734913,46.699272,19.782,110.861,9.020
2025-12-29T13:48:37.514Z,49.398,5.293,261.471,6.670,0.00,2.1980,24.734913,46.699272,19.782,110.860,9.020
2025-12-29T13:48:37.923Z,49.319,5.599,276.117,6.670,0.00,2.1980,24.734913,46.699272,19.813,110.684,9.035
2025-12-29T13:48:37.924Z,48.980,6.684,327.363,6.670,0.00,2.1980,24.734913,46.699272,19.813,110.684,9.035
2025-12-29T13:48:52.713Z,49.626,4.402,218.471,6.670,0.00,2.1980,24.734913,46.699272,20.124,108.972,9.177