timestamp,voltage,current,power,speed,rpm,distance_km,latitude,longitude,total_energy_wh,efficiency_km_per_kwh,consumption_wh_per_km
2025-12-25T22:10:36.197Z,49.317,0.064,3.140,0.810,0.00,3.4510,24.734816,46.699085,0.005,703364.896,0.001
2025-12-25T22:10:36.197Z,49.317,0.065,3.204,0.810,0.00,3.4510,24.734816,46.699085,0.005,703339.380,0.001
2025-12-25T22:10:36.197Z,49.314,0.073,3.576,0.810,0.00,3.4510,24.734816,46.699085,0.005,703339.380,0.001
2025-12-25T22:10:36.197Z,49.315,0.072,3.539,0.810,0.00,3.4510,24.734816,46.699085,0.005,703325.289,0.001
2025-12-25T22:10:36.197Z,49.317,0.064,3.178,0.810,0.00,3.4510,24.734816,46.699085,0.005,703325.289,0.001
2025-12-25T22:10:36.197Z,49.317,0.064,3.146,0.810,0.00,3.4510,24.734816,46.699085,0.005,703325.289,0.001
2025-12-25T22:10:36.197Z,49.312,0.079,3.892,0.810,0.00,3.4510,24.734816,46.699085,0.005,703325.289,0.001
2025-12-25T22:10:36.197Z,49.318,0.064,3.163,0.810,0.00,3.4510,24.734816,46.699085,0.005,703325.289,0.001
2025-12-25T22:10:36.197Z,49.317,0.067,3.281,0.810,0.00,3.4510,24.734816,46.699085,0.005,703325.289,0.001
2025-12-25T22:10:36.197Z,49.312,0.076,3.749,0.810,0.00,3.4510,24.734816,46.699085,0.005,703310.362,0.001
2025-12-25T22:10:36.197Z,49.317,0.065,3.189,0.810,0.00,3.4510,24.734816,46.699085,0.005,703310.362,0.001
2025-12-25T22:10:36.198Z,49.313,0.078,3.824,0.810,0.00,3.4510,24.734816,46.699085,0.005,703310.362,0.001
2025-12-25T22:10:36.198Z,49.317,0.065,3.230,0.810,0.00,3.4510,24.734816,46.699085,0.005,703310.362,0.001
2025-12-25T22:10:36.198Z,49.312,0.078,3.851,0.810,0.00,3.4510,24.734816,46.699085,0.005,703295.029,0.001
2025-12-25T22:10:36.198Z,49.318,0.065,3.206,0.810,0.00,3.4510,24.734816,46.699085,0.005,703295.029,0.001
2025-12-25T22:10:36.198Z,49.295,0.501,24.703,0.810,0.00,3.4510,24.734816,46.699085,0.005,703295.029,0.001
2025-12-25T22:10:36.198Z,48.772,1.687,82.290,0.810,0.00,3.4510,24.734816,46.699085,0.005,703295.029,0.001
2025-12-25T22:10:36.198Z,48.724,1.677,81.691,0.810,0.00,3.4510,24.734816,46.699085,0.005,702969.941,0.001
2025-12-25T22:10:36.198Z,48.600,1.768,85.930,0.810,0.00,3.4510,24.734816,46.699085,0.005,702969.941,0.001
2025-12-25T22:10:36.198Z,48.736,1.651,80.458,0.810,0.00,3.4510,24.734816,46.699085,0.005,702650.053,0.001
2025-12-25T22:10:36.198Z,48.777,1.589,77.512,0.810,0.00,3.4510,24.734816,46.699085,0.005,702650.053,0.001
2025-12-25T22:10:36.198Z,48.660,1.691,82.269,0.810,0.00,3.4510,24.734816,46.699085,0.005,702323.266,0.001
2025-12-25T22:10:36.198Z,48.684,1.871,91.092,0.810,0.00,3.4510,24.734816,46.699085,0.005,701961.787,0.001
2025-12-25T22:10:36.198Z,48.512,2.054,99.640,0.810,0.00,3.4510,24.734816,46.699085,0.005,701961.787,0.001
2025-12-25T22:10:36.198Z,48.618,2.134,103.767,0.810,0.00,3.4510,24.734816,46.699085,0.005,701961.787,0.001
2025-12-25T22:10:36.233Z,48.645,1.946,94.664,0.810,0.00,3.4510,24.734816,46.699085,0.006,591538.793,0.002
2025-12-25T22:10:36.233Z,48.507,2.311,112.103,1.110,0.00,3.4520,24.734821,46.699078,0.006,591394.536,0.002
2025-12-25T22:10:36.453Z,48.613,2.027,98.529,1.110,0.00,3.4520,24.734821,46.699078,0.012,290970.604,0.003
2025-12-25T22:10:36.453Z,48.562,1.993,96.780,1.110,0.00,3.4520,24.734821,46.699078,0.012,290838.796,0.003
2025-12-25T22:10:36.669Z,48.656,1.804,87.766,1.110,0.00,3.4520,24.734821,46.699078,0.017,201601.502,0.005
2025-12-25T22:10:36.669Z,48.628,1.968,95.720,1.110,0.00,3.4520,24.734821,46.699078,0.017,201570.201,0.005
2025-12-25T22:10:36.870Z,48.589,1.988,96.576,1.110,0.00,3.4520,24.734821,46.699078,0.023,153228.556,0.007
2025-12-25T22:10:37.064Z,48.552,2.233,108.405,1.930,0.00,3.4520,24.734825,46.699078,0.028,121754.240,0.008
2025-12-25T22:10:37.284Z,48.562,2.033,98.728,1.930,0.00,3.4520,24.734825,46.699078,0.034,100382.934,0.010
2025-12-25T22:10:37.562Z,48.602,2.093,101.741,1.930,0.00,3.4520,24.734825,46.699078,0.042,81686.524,0.012
2025-12-25T22:10:37.563Z,48.557,2.073,100.657,1.930,0.00,3.4520,24.734825,46.699078,0.042,81675.716,0.012
2025-12-25T22:10:37.870Z,48.803,1.513,73.855,1.930,0.00,3.4520,24.734825,46.699078,0.049,71080.075,0.014
2025-12-25T22:10:38.014Z,48.521,2.352,114.137,1.930,0.00,3.4520,24.734825,46.699078,0.053,64968.310,0.015
2025-12-25T22:10:38.014Z,48.495,2.315,112.261,1.930,0.00,3.4520,24.734825,46.699078,0.053,64964.498,0.015
2025-12-25T22:10:38.381Z,48.638,1.934,94.064,3.110,0.00,3.4530,24.734831,46.699070,0.063,55042.049,0.018
2025-12-25T22:10:38.441Z,48.621,1.890,91.911,3.110,0.00,3.4530,24.734831,46.699070,0.064,53730.056,0.019
2025-12-25T22:10:38.441Z,48.495,2.298,111.450,3.110,0.00,3.4530,24.734831,46.699070,0.064,53724.880,0.019
2025-12-25T22:10:38.609Z,48.514,2.349,113.941,3.110,0.00,3.4530,24.734831,46.699070,0.070,49628.837,0.020
2025-12-25T22:10:38.997Z,48.415,2.670,129.266,3.110,0.00,3.4530,24.734831,46.699070,0.084,41352.647,0.024
2025-12-25T22:10:39.024Z,48.740,1.533,74.699,3.110,0.00,3.4530,24.734831,46.699070,0.084,41075.018,0.024
2025-12-25T22:10:39.024Z,48.504,2.157,104.605,3.820,0.00,3.4540,24.734837,46.699066,0.084,41085.493,0.024
2025-12-25T22:10:39.508Z,48.433,2.307,111.742,3.820,0.00,3.4540,24.734837,46.699066,0.015,0.000,0.000
2025-12-25T22:10:39.508Z,48.508,2.217,107.563,3.820,0.00,3.4540,24.734837,46.699066,0.015,0.000,0.000
2025-12-25T22:10:39.563Z,48.349,2.682,129.655,3.820,0.00,3.4540,24.734837,46.699066,0.017,0.000,0.000
2025-12-25T22:10:39.918Z,48.382,2.606,126.103,3.820,0.00,3.4540,24.734837,46.699066,0.029,0.000,0.000
2025-12-25T22:10:39.918Z,48.338,2.686,129.825,3.820,0.00,3.4540,24.734837,46.699066,0.029,0.000,0.000
2025-12-25T22:10:40.035Z,48.293,2.900,140.056,3.820,0.00,3.4540,24.734837,46.699066,0.034,0.000,0.000
2025-12-25T22:10:40.259Z,48.152,3.105,149.514,4.460,0.00,3.4550,24.734846,46.699059,0.043,23.106,43.279
2025-12-25T22:10:40.569Z,48.151,2.243,107.984,4.460,0.00,3.4550,24.734846,46.699059,0.053,19.016,52.586
2025-12-25T22:10:40.569Z,48.232,3.031,146.177,4.460,0.00,3.4550,24.734846,46.699059,0.053,19.012,52.598
2025-12-25T22:10:40.753Z,48.253,2.932,141.475,4.460,0.00,3.4550,24.734846,46.699059,0.060,16.712,59.837
2025-12-25T22:10:40.754Z,48.177,3.219,155.067,4.460,0.00,3.4550,24.734846,46.699059,0.060,16.711,59.842
2025-12-25T22:10:40.964Z,48.545,2.119,102.887,4.460,0.00,3.4550,24.734846,46.699059,0.066,15.182,65.866
2025-12-25T22:10:41.174Z,48.146,3.237,155.864,5.430,0.00,3.4560,24.734856,46.699051,0.075,26.685,37.475
2025-12-25T22:10:41.556Z,48.192,3.355,161.685,5.430,0.00,3.4560,24.734856,46.699051,0.092,21.714,46.053
2025-12-25T22:10:41.556Z,48.407,2.577,124.734,5.430,0.00,3.4560,24.734856,46.699051,0.092,21.712,46.057
2025-12-25T22:10:41.760Z,48.116,3.178,152.915,5.430,0.00,3.4560,24.734856,46.699051,0.101,19.851,50.376
2025-12-25T22:10:41.760Z,48.170,3.229,155.557,5.430,0.00,3.4560,24.734856,46.699051,0.101,19.849,50.381
2025-12-25T22:10:41.965Z,48.268,2.776,134.010,5.430,0.00,3.4560,24.734856,46.699051,0.108,18.450,54.200
2025-12-25T22:10:42.099Z,48.083,3.275,157.484,6.500,0.00,3.4580,24.734869,46.699039,0.114,35.010,28.563
2025-12-25T22:10:42.441Z,48.116,3.207,154.305,6.500,0.00,3.4580,24.734869,46.699039,0.129,31.031,32.226
2025-12-25T22:10:42.503Z,48.062,3.368,161.877,6.500,0.00,3.4580,24.734869,46.699039,0.132,30.372,32.925
2025-12-25T22:10:42.503Z,48.136,3.101,149.289,6.500,0.00,3.4580,24.734869,46.699039,0.132,30.372,32.925
2025-12-25T22:10:42.785Z,48.144,3.341,160.856,6.500,0.00,3.4580,24.734869,46.699039,0.144,27.717,36.079
2025-12-25T22:10:43.137Z,48.138,3.320,159.804,6.500,0.00,3.4580,24.734869,46.699039,0.160,25.013,39.979
2025-12-25T22:10:43.137Z,48.641,1.725,83.899,6.500,0.00,3.4580,24.734869,46.699039,0.160,25.013,39.980
2025-12-25T22:10:43.137Z,48.167,3.112,149.885,7.060,0.00,3.4600,24.734882,46.699028,0.160,37.514,26.657
2025-12-25T22:10:43.604Z,47.965,3.777,181.172,7.060,0.00,3.4600,24.734882,46.699028,0.183,32.711,30.571
2025-12-25T22:10:43.604Z,48.129,3.300,158.839,7.060,0.00,3.4600,24.734882,46.699028,0.183,32.709,30.573
2025-12-25T22:10:43.809Z,48.084,3.358,161.465,7.060,0.00,3.4600,24.734882,46.699028,0.193,31.153,32.100
2025-12-25T22:10:43.809Z,48.106,3.317,159.570,7.060,0.00,3.4600,24.734882,46.699028,0.193,31.151,32.101
2025-12-25T22:10:43.930Z,48.081,3.391,163.059,7.060,0.00,3.4600,24.734882,46.699028,0.198,30.289,33.016
2025-12-25T22:10:44.218Z,48.224,2.839,136.914,8.020,0.00,3.4620,24.734896,46.699017,0.209,38.266,26.133
2025-12-25T22:10:44.628Z,48.034,3.578,171.847,8.020,0.00,3.4620,24.734896,46.699017,0.229,34.990,28.580
2025-12-25T22:10:44.629Z,47.955,3.726,178.659,8.020,0.00,3.4620,24.734896,46.699017,0.229,34.988,28.581
2025-12-25T22:10:44.682Z,48.353,2.562,123.899,8.020,0.00,3.4620,24.734896,46.699017,0.230,34.709,28.811
2025-12-25T22:10:45.038Z,48.046,3.624,174.098,8.020,0.00,3.4620,24.734896,46.699017,0.248,32.300,30.960
2025-12-25T22:10:45.038Z,47.940,3.610,173.045,8.020,0.00,3.4620,24.734896,46.699017,0.248,32.296,30.964
2025-12-25T22:10:45.066Z,47.991,3.647,175.020,8.950,0.00,3.4650,24.734911,46.698997,0.249,44.168,22.641
2025-12-25T22:10:45.276Z,47.956,3.589,172.132,8.950,0.00,3.4650,24.734911,46.698997,0.259,42.458,23.553
2025-12-25T22:10:45.856Z,47.922,3.786,181.447,8.950,0.00,3.4650,24.734911,46.698997,0.288,38.152,26.211
2025-12-25T22:10:45.864Z,48.078,3.205,154.094,8.950,0.00,3.4650,24.734911,46.698997,0.289,38.107,26.242
2025-12-25T22:10:45.864Z,48.251,2.725,131.488,8.950,0.00,3.4650,24.734911,46.698997,0.289,38.107,26.242
2025-12-25T22:10:45.878Z,48.065,3.241,155.794,8.950,0.00,3.4650,24.734911,46.698997,0.289,38.027,26.297
2025-12-25T22:10:46.168Z,47.890,3.852,184.450,8.950,0.00,3.4650,24.734911,46.698997,0.304,36.167,27.649
2025-12-25T22:10:46.169Z,47.838,4.030,192.771,9.740,0.00,3.4670,24.734926,46.698978,0.304,42.732,23.401
2025-12-25T22:10:46.472Z,47.972,3.576,171.523,9.740,0.00,3.4670,24.734926,46.698978,0.319,40.801,24.509
2025-12-25T22:10:46.472Z,47.779,4.187,200.030,9.740,0.00,3.4670,24.734926,46.698978,0.319,40.798,24.511
2025-12-25T22:10:46.797Z,47.820,3.915,187.221,9.740,0.00,3.4670,24.734926,46.698978,0.336,38.741,25.812
2025-12-25T22:10:46.909Z,47.911,3.895,186.633,9.740,0.00,3.4670,24.734926,46.698978,0.341,38.083,26.258
2025-12-25T22:10:46.910Z,47.886,3.768,180.422,9.740,0.00,3.4670,24.734926,46.698978,0.341,38.079,26.261
2025-12-25T22:10:47.162Z,47.771,4.181,199.749,10.280,0.00,3.4700,24.734941,46.698959,0.355,45.020,22.212
2025-12-25T22:10:47.319Z,47.906,3.743,179.329,10.280,0.00,3.4700,24.734941,46.698959,0.363,44.054,22.700
2025-12-25T22:10:47.597Z,48.029,3.472,166.756,10.280,0.00,3.4700,24.734941,46.698959,0.376,42.547,23.504
2025-12-25T22:10:47.597Z,47.974,3.513,168.530,10.280,0.00,3.4700,24.734941,46.698959,0.376,42.542,23.506
2025-12-25T22:10:47.816Z,47.862,3.959,189.496,10.280,0.00,3.4700,24.734941,46.698959,0.388,41.280,24.225
2025-12-25T22:10:47.919Z,47.868,3.631,173.820,10.280,0.00,3.4700,24.734941,46.698959,0.393,40.755,24.537
2025-12-25T22:10:48.250Z,47.756,3.999,190.968,11.040,0.00,3.4730,24.734953,46.698933,0.410,46.328,21.585
2025-12-25T22:10:48.250Z,47.766,4.059,193.896,11.040,0.00,3.4730,24.734953,46.698933,0.410,46.325,21.586
2025-12-25T22:10:48.624Z,47.887,3.704,177.391,11.040,0.00,3.4730,24.734953,46.698933,0.429,44.336,22.555
2025-12-25T22:10:48.624Z,47.865,3.686,176.421,11.040,0.00,3.4730,24.734953,46.698933,0.429,44.334,22.556
2025-12-25T22:10:48.662Z,47.798,4.291,205.109,11.040,0.00,3.4730,24.734953,46.698933,0.431,44.108,22.672
2025-12-25T22:10:48.929Z,47.841,4.151,198.596,11.040,0.00,3.4730,24.734953,46.698933,0.445,42.653,23.445
2025-12-25T22:10:49.058Z,47.999,3.782,181.516,11.040,0.00,3.4730,24.734953,46.698933,0.452,42.037,23.789
2025-12-25T22:10:49.338Z,47.746,4.005,191.220,11.630,0.00,3.4760,24.734964,46.698902,0.467,47.127,21.219
2025-12-25T22:10:49.338Z,47.678,3.864,184.245,11.630,0.00,3.4760,24.734964,46.698902,0.467,47.125,21.220
2025-12-25T22:10:49.542Z,47.713,3.712,177.098,11.630,0.00,3.4760,24.734964,46.698902,0.477,46.135,21.676
2025-12-25T22:10:49.747Z,47.860,4.855,232.378,11.630,0.00,3.4760,24.734964,46.698902,0.490,44.890,22.276
2025-12-25T22:10:50.158Z,47.935,4.579,219.501,11.630,0.00,3.4760,24.734964,46.698902,0.515,42.703,23.418
2025-12-25T22:10:50.159Z,47.846,3.119,149.231,11.630,0.00,3.4760,24.734964,46.698902,0.515,42.702,23.418
2025-12-25T22:10:50.162Z,47.477,4.255,202.039,12.410,0.00,3.4790,24.734974,46.698872,0.515,48.506,20.616
2025-12-25T22:10:50.365Z,48.030,3.263,156.716,12.410,0.00,3.4790,24.734974,46.698872,0.524,47.691,20.968
2025-12-25T22:10:50.506Z,47.858,3.688,176.482,12.410,0.00,3.4790,24.734974,46.698872,0.531,47.069,21.246
2025-12-25T22:10:50.506Z,47.989,3.328,159.707,12.410,0.00,3.4790,24.734974,46.698872,0.531,47.068,21.246
2025-12-25T22:10:50.927Z,47.934,3.523,168.864,12.410,0.00,3.4790,24.734974,46.698872,0.551,45.381,22.036
2025-12-25T22:10:50.929Z,47.561,4.699,223.468,12.410,0.00,3.4790,24.734974,46.698872,0.551,45.373,22.040
2025-12-25T22:10:51.005Z,47.728,4.185,199.755,12.410,0.00,3.4790,24.734974,46.698872,0.555,45.026,22.209
2025-12-25T22:10:51.287Z,47.556,4.856,230.941,13.080,0.00,3.4830,24.734982,46.698837,0.573,50.583,19.770
2025-12-25T22:10:51.418Z,47.814,4.087,195.427,13.080,0.00,3.4830,24.734982,46.698837,0.580,49.961,20.016
2025-12-25T22:10:51.798Z,47.661,4.108,195.799,13.080,0.00,3.4830,24.734982,46.698837,0.601,48.243,20.729
2025-12-25T22:10:51.799Z,47.762,4.215,201.308,13.080,0.00,3.4830,24.734982,46.698837,0.601,48.243,20.729
2025-12-25T22:10:51.817Z,47.917,3.583,171.665,13.080,0.00,3.4830,24.734982,46.698837,0.602,48.171,20.760
2025-12-25T22:10:52.103Z,47.603,4.029,191.779,13.080,0.00,3.4830,24.734982,46.698837,0.617,46.982,21.285
2025-12-25T22:10:52.270Z,47.581,4.676,222.480,13.650,0.00,3.4860,24.734983,46.698803,0.628,50.992,19.611
2025-12-25T22:10:52.270Z,47.811,3.844,183.769,13.650,0.00,3.4860,24.734983,46.698803,0.628,50.992,19.611
2025-12-25T22:10:52.512Z,47.831,3.800,181.759,13.650,0.00,3.4860,24.734983,46.698803,0.640,50.017,19.993
2025-12-25T22:10:52.627Z,47.758,4.007,191.348,13.650,0.00,3.4860,24.734983,46.698803,0.646,49.543,20.185
2025-12-25T22:10:52.922Z,47.666,4.318,205.800,13.650,0.00,3.4860,24.734983,46.698803,0.663,48.285,20.710
2025-12-25T22:10:52.922Z,47.531,4.541,215.837,13.650,0.00,3.4860,24.734983,46.698803,0.663,48.285,20.710
2025-12-25T22:10:53.129Z,47.530,4.642,220.649,14.090,0.00,3.4910,24.734978,46.698761,0.675,54.780,18.255
2025-12-25T22:10:53.436Z,47.597,4.518,215.025,14.090,0.00,3.4910,24.734978,46.698761,0.694,53.331,18.751
2025-12-25T22:10:53.436Z,48.238,2.542,122.641,14.090,0.00,3.4910,24.734978,46.698761,0.694,53.330,18.751
2025-12-25T22:10:53.638Z,47.723,4.173,199.151,14.090,0.00,3.4910,24.734978,46.698761,0.705,52.487,19.052
2025-12-25T22:10:53.753Z,47.554,4.574,217.528,14.090,0.00,3.4910,24.734978,46.698761,0.712,51.971,19.241
2025-12-25T22:10:54.049Z,47.658,4.306,205.216,14.090,0.00,3.4910,24.734978,46.698761,0.729,50.769,19.697
2025-12-25T22:10:54.050Z,47.535,4.604,218.849,14.090,0.00,3.4910,24.734978,46.698761,0.729,50.768,19.697
2025-12-25T22:10:54.180Z,47.639,4.339,206.721,14.320,0.00,3.4940,24.734966,46.698727,0.736,54.327,18.407
2025-12-25T22:10:54.458Z,47.599,4.457,212.152,14.320,0.00,3.4940,24.734966,46.698727,0.753,53.142,18.817
2025-12-25T22:10:54.746Z,47.734,4.045,193.079,14.320,0.00,3.4940,24.734966,46.698727,0.768,52.075,19.203
2025-12-25T22:10:54.746Z,47.761,3.969,189.542,14.320,0.00,3.4940,24.734966,46.698727,0.768,52.075,19.203
2025-12-25T22:10:54.893Z,47.732,4.076,194.536,14.320,0.00,3.4940,24.734966,46.698727,0.776,51.541,19.402
2025-12-25T22:10:54.893Z,47.576,4.420,210.285,14.320,0.00,3.4940,24.734966,46.698727,0.776,51.540,19.402
2025-12-25T22:10:55.175Z,47.648,4.251,202.566,14.350,0.00,3.4990,24.734949,46.698689,0.792,56.821,17.599
2025-12-25T22:10:55.291Z,47.816,3.741,178.882,14.350,0.00,3.4990,24.734949,46.698689,0.798,56.411,17.727
2025-12-25T22:10:55.584Z,47.581,4.492,213.754,14.350,0.00,3.4990,24.734949,46.698689,0.815,55.207,18.114
2025-12-25T22:10:55.584Z,48.010,3.192,153.249,14.350,0.00,3.4990,24.734949,46.698689,0.815,55.207,18.114
2025-12-25T22:10:55.703Z,48.716,1.078,52.527,14.350,0.00,3.4990,24.734949,46.698689,0.817,55.090,18.152
2025-12-25T22:10:56.097Z,48.977,0.376,18.425,14.350,0.00,3.4990,24.734949,46.698689,0.819,54.954,18.197
2025-12-25T22:10:56.133Z,49.017,0.274,13.426,14.820,0.00,3.5030,24.734926,46.698658,0.819,59.829,16.714
2025-12-25T22:10:56.345Z,49.051,0.164,8.031,14.820,0.00,3.5030,24.734926,46.698658,0.819,59.795,16.724
2025-12-25T22:10:56.349Z,49.085,0.094,4.627,14.820,0.00,3.5030,24.734926,46.698658,0.819,59.794,16.724
2025-12-25T22:10:56.519Z,49.098,0.066,3.248,14.820,0.00,3.5030,24.734926,46.698658,0.820,59.783,16.727
2025-12-25T22:10:56.916Z,49.098,0.074,3.643,14.820,0.00,3.5030,24.734926,46.698658,0.820,59.754,16.735
2025-12-25T22:10:56.938Z,49.104,0.066,3.228,14.820,0.00,3.5030,24.734926,46.698658,0.820,59.752,16.736
2025-12-25T22:10:56.938Z,49.107,0.063,3.117,14.820,0.00,3.5030,24.734926,46.698658,0.820,59.752,16.736
2025-12-25T22:10:57.129Z,49.110,0.066,3.247,15.350,0.00,3.5070,24.734898,46.698627,0.820,64.616,15.476
2025-12-25T22:10:57.466Z,49.108,0.077,3.777,15.350,0.00,3.5070,24.734898,46.698627,0.821,64.589,15.483
2025-12-25T22:10:57.547Z,49.115,0.064,3.142,15.350,0.00,3.5070,24.734898,46.698627,0.821,64.583,15.484
2025-12-25T22:10:57.547Z,49.117,0.064,3.165,15.350,0.00,3.5070,24.734898,46.698627,0.821,64.583,15.484
2025-12-25T22:10:58.042Z,49.120,0.064,3.154,15.350,0.00,3.5070,24.734898,46.698627,0.821,64.549,15.492
2025-12-25T22:10:58.043Z,49.121,0.064,3.152,15.350,0.00,3.5070,24.734898,46.698627,0.821,64.549,15.492
2025-12-25T22:10:58.121Z,49.123,0.065,3.172,14.930,0.00,3.5110,24.734867,46.698605,0.821,69.415,14.406
2025-12-25T22:10:58.270Z,49.123,0.067,3.307,14.930,0.00,3.5110,24.734867,46.698605,0.821,69.403,14.409
2025-12-25T22:10:58.468Z,49.123,0.074,3.622,14.930,0.00,3.5110,24.734867,46.698605,0.821,69.386,14.412
2025-12-25T22:10:58.758Z,49.124,0.073,3.609,14.930,0.00,3.5110,24.734867,46.698605,0.822,69.362,14.417
2025-12-25T22:10:58.758Z,49.128,0.065,3.186,14.930,0.00,3.5110,24.734867,46.698605,0.822,69.362,14.417
2025-12-25T22:10:58.880Z,49.128,0.070,3.431,14.930,0.00,3.5110,24.734867,46.698605,0.822,69.352,14.419
2025-12-25T22:10:59.279Z,49.130,0.071,3.503,14.980,0.00,3.5150,24.734833,46.698589,0.822,74.184,13.480
2025-12-25T22:10:59.280Z,49.132,0.067,3.310,14.980,0.00,3.5150,24.734833,46.698589,0.822,74.184,13.480
2025-12-25T22:10:59.474Z,49.133,0.071,3.507,14.980,0.00,3.5150,24.734833,46.698589,0.822,74.166,13.483
2025-12-25T22:10:59.599Z,49.134,0.072,3.516,14.980,0.00,3.5150,24.734833,46.698589,0.823,74.156,13.485
2025-12-25T22:10:59.599Z,49.138,0.064,3.125,14.980,0.00,3.5150,24.734833,46.698589,0.823,74.156,13.485
2025-12-25T22:11:00.090Z,49.139,0.065,3.179,14.980,0.00,3.5150,24.734833,46.698589,0.823,74.116,13.492
2025-12-25T22:11:00.091Z,49.136,0.075,3.702,14.980,0.00,3.5150,24.734833,46.698589,0.823,74.116,13.492
2025-12-25T22:11:00.294Z,49.141,0.067,3.284,14.690,0.00,3.5200,24.734797,46.698574,0.823,80.173,12.473
2025-12-25T22:11:00.414Z,49.143,0.064,3.133,14.690,0.00,3.5200,24.734797,46.698574,0.823,80.163,12.475
2025-12-25T22:11:00.414Z,49.143,0.064,3.148,14.690,0.00,3.5200,24.734797,46.698574,0.823,80.163,12.475
2025-12-25T22:11:00.704Z,49.145,0.065,3.200,14.690,0.00,3.5200,24.734797,46.698574,0.824,80.138,12.478
2025-12-25T22:11:00.834Z,49.142,0.075,3.665,14.690,0.00,3.5200,24.734797,46.698574,0.824,80.125,12.480
2025-12-25T22:11:01.162Z,49.147,0.066,3.225,14.690,0.00,3.5200,24.734797,46.698574,0.824,80.097,12.485
2025-12-25T22:11:01.162Z,49.145,0.074,3.652,13.460,0.00,3.5230,24.734764,46.698563,0.824,83.737,11.942
2025-12-25T22:11:01.239Z,49.149,0.067,3.275,13.460,0.00,3.5230,24.734764,46.698563,0.824,83.730,11.943
2025-12-25T22:11:01.445Z,49.146,0.076,3.725,13.460,0.00,3.5230,24.734764,46.698563,0.824,83.709,11.946
2025-12-25T22:11:01.653Z,49.151,0.064,3.157,13.460,0.00,3.5230,24.734764,46.698563,0.824,83.690,11.949
2025-12-25T22:11:01.653Z,49.152,0.066,3.262,13.460,0.00,3.5230,24.734764,46.698563,0.824,83.690,11.949
2025-12-25T22:11:02.035Z,49.126,0.150,7.352,13.460,0.00,3.5230,24.734764,46.698563,0.825,83.611,11.960
2025-12-25T22:11:02.063Z,49.077,0.307,15.050,13.460,0.00,3.5230,24.734764,46.698563,0.825,83.599,11.962
2025-12-25T22:11:02.343Z,49.074,0.307,15.072,13.190,0.00,3.5270,24.734732,46.698559,0.827,88.320,11.322
2025-12-25T22:11:02.344Z,49.074,0.314,15.431,13.190,0.00,3.5270,24.734732,46.698559,0.827,88.320,11.322
2025-12-25T22:11:02.547Z,49.086,0.281,13.782,13.190,0.00,3.5270,24.734732,46.698559,0.827,88.237,11.333
2025-12-25T22:11:02.683Z,49.021,0.426,20.865,13.190,0.00,3.5270,24.734732,46.698559,0.828,88.153,11.344
2025-12-25T22:11:02.958Z,48.983,0.566,27.703,13.190,0.00,3.5270,24.734732,46.698559,0.830,87.929,11.373
2025-12-25T22:11:03.089Z,48.247,3.112,150.163,13.190,0.00,3.5270,24.734732,46.698559,0.836,87.353,11.448
2025-12-25T22:11:03.094Z,48.184,3.041,146.552,11.870,0.00,3.5300,24.734703,46.698559,0.836,90.921,10.999
2025-12-25T22:11:03.470Z,48.337,3.016,145.806,11.870,0.00,3.5300,24.734703,46.698559,0.851,89.294,11.199
2025-12-25T22:11:03.602Z,48.164,3.066,147.681,11.870,0.00,3.5300,24.734703,46.698559,0.857,88.730,11.270
2025-12-25T22:11:03.602Z,48.262,2.575,124.275,11.870,0.00,3.5300,24.734703,46.698559,0.857,88.730,11.270
2025-12-25T22:11:03.983Z,48.166,3.025,145.726,11.870,0.00,3.5300,24.734703,46.698559,0.872,87.161,11.473
2025-12-25T22:11:04.010Z,48.198,3.210,154.692,11.870,0.00,3.5300,24.734703,46.698559,0.873,87.044,11.488
2025-12-25T22:11:04.010Z,47.991,3.327,159.650,12.300,0.00,3.5340,24.734673,46.698559,0.873,91.623,10.914
2025-12-25T22:11:04.214Z,48.019,3.237,155.452,12.300,0.00,3.5340,24.734673,46.698559,0.882,90.709,11.024
2025-12-25T22:11:04.409Z,48.031,3.309,158.921,12.300,0.00,3.5340,24.734673,46.698559,0.891,89.834,11.132
2025-12-25T22:11:04.800Z,48.112,3.109,149.604,12.300,0.00,3.5340,24.734673,46.698559,0.907,88.221,11.335
2025-12-25T22:11:04.801Z,47.955,3.474,166.579,12.300,0.00,3.5340,24.734673,46.698559,0.907,88.220,11.335
2025-12-25T22:11:05.005Z,48.029,3.250,156.102,12.300,0.00,3.5340,24.734673,46.698559,0.916,87.368,11.446
2025-12-25T22:11:05.005Z,47.815,3.730,178.353,12.300,0.00,3.5340,24.734673,46.698559,0.916,87.368,11.446
2025-12-25T22:11:05.125Z,47.975,3.261,156.465,12.960,0.00,3.5370,24.734642,46.698566,0.921,90.129,11.095
2025-12-25T22:11:05.416Z,47.783,4.153,198.466,12.960,0.00,3.5370,24.734642,46.698566,0.937,88.589,11.288
2025-12-25T22:11:05.530Z,47.724,4.001,190.951,12.960,0.00,3.5370,24.734642,46.698566,0.943,88.021,11.361
2025-12-25T22:11:05.927Z,48.015,3.331,159.938,12.960,0.00,3.5370,24.734642,46.698566,0.961,86.403,11.574
2025-12-25T22:11:05.927Z,47.850,3.802,181.913,12.960,0.00,3.5370,24.734642,46.698566,0.961,86.401,11.574
2025-12-25T22:11:05.941Z,47.696,4.161,198.486,12.960,0.00,3.5370,24.734642,46.698566,0.961,86.333,11.583
2025-12-25T22:11:06.233Z,47.782,3.972,189.813,13.480,0.00,3.5410,24.734610,46.698578,0.977,89.065,11.228
2025-12-25T22:11:06.355Z,47.666,4.292,204.575,13.480,0.00,3.5410,24.734610,46.698578,0.984,88.441,11.307
2025-12-25T22:11:06.355Z,47.650,4.306,205.186,13.480,0.00,3.5410,24.734610,46.698578,0.984,88.439,11.307
2025-12-25T22:11:06.746Z,47.776,3.999,191.066,13.480,0.00,3.5410,24.734610,46.698578,1.004,86.613,11.546
2025-12-25T22:11:06.747Z,47.775,4.072,194.563,13.480,0.00,3.5410,24.734610,46.698578,1.005,86.610,11.546
2025-12-25T22:11:06.875Z,48.005,3.361,161.338,13.480,0.00,3.5410,24.734610,46.698578,1.010,86.118,11.612
2025-12-25T22:11:07.259Z,47.655,4.224,201.300,13.850,0.00,3.5450,24.734577,46.698589,1.032,88.201,11.338
2025-12-25T22:11:07.259Z,47.928,3.509,168.187,13.850,0.00,3.5450,24.734577,46.698589,1.032,88.201,11.338
2025-12-25T22:11:07.386Z,47.741,4.072,194.407,13.850,0.00,3.5450,24.734577,46.698589,1.039,87.619,11.413
2025-12-25T22:11:07.667Z,47.744,3.912,186.791,13.850,0.00,3.5450,24.734577,46.698589,1.053,86.405,11.573
2025-12-25T22:11:07.804Z,47.702,4.231,201.827,13.850,0.00,3.5450,24.734577,46.698589,1.061,85.780,11.658
2025-12-25T22:11:07.804Z,47.696,4.098,195.448,13.850,0.00,3.5450,24.734577,46.698589,1.061,85.779,11.658
2025-12-25T22:11:07.999Z,47.630,4.262,202.993,13.850,0.00,3.5450,24.734577,46.698589,1.072,84.901,11.778
2025-12-25T22:11:08.205Z,47.639,4.306,205.158,14.350,0.00,3.5490,24.734545,46.698605,1.084,87.673,11.406
2025-12-25T22:11:08.488Z,47.624,4.336,206.503,14.350,0.00,3.5490,24.734545,46.698605,1.100,86.380,11.577
2025-12-25T22:11:08.488Z,47.601,4.369,207.946,14.350,0.00,3.5490,24.734545,46.698605,1.100,86.378,11.577
2025-12-25T22:11:08.795Z,47.724,4.079,194.651,14.350,0.00,3.5490,24.734545,46.698605,1.116,85.094,11.752
2025-12-25T22:11:08.795Z,47.742,3.972,189.635,14.350,0.00,3.5490,24.734545,46.698605,1.116,85.093,11.752
2025-12-25T22:11:08.920Z,47.713,4.120,196.575,14.350,0.00,3.5490,24.734545,46.698605,1.123,84.578,11.823
2025-12-25T22:11:09.306Z,47.857,3.553,170.034,15.060,0.00,3.5530,24.734512,46.698624,1.141,86.730,11.530
2025-12-25T22:11:09.324Z,47.660,4.139,197.282,15.060,0.00,3.5530,24.734512,46.698624,1.142,86.655,11.540
2025-12-25T22:11:09.324Z,47.692,4.007,191.111,15.060,0.00,3.5530,24.734512,46.698624,1.142,86.654,11.540
2025-12-25T22:11:09.615Z,47.745,3.926,187.422,15.060,0.00,3.5530,24.734512,46.698624,1.158,85.522,11.693
2025-12-25T22:11:09.731Z,47.574,4.330,205.992,15.060,0.00,3.5530,24.734512,46.698624,1.164,85.034,11.760
2025-12-25T22:11:10.022Z,47.708,4.007,191.186,15.060,0.00,3.5530,24.734512,46.698624,1.180,83.919,11.916
2025-12-25T22:11:10.146Z,47.489,4.711,223.743,15.370,0.00,3.5570,24.734480,46.698647,1.187,86.743,11.528
2025-12-25T22:11:10.147Z,47.635,4.166,198.459,15.370,0.00,3.5570,24.734480,46.698647,1.187,86.741,11.529
2025-12-25T22:11:10.535Z,47.722,3.997,190.764,15.370,0.00,3.5570,24.734480,46.698647,1.208,85.262,11.729
2025-12-25T22:11:10.555Z,47.447,4.840,229.644,15.370,0.00,3.5570,24.734480,46.698647,1.209,85.172,11.741
2025-12-25T22:11:10.755Z,47.696,4.555,217.264,15.370,0.00,3.5570,24.734480,46.698647,1.221,84.333,11.858
2025-12-25T22:11:10.755Z,47.514,4.529,215.214,15.370,0.00,3.5570,24.734480,46.698647,1.221,84.331,11.858
2025-12-25T22:11:11.047Z,47.666,4.013,191.268,15.370,0.00,3.5570,24.734480,46.698647,1.237,83.273,12.009
2025-12-25T22:11:11.294Z,47.442,4.772,226.413,15.090,0.00,3.5610,24.734449,46.698673,1.252,85.437,11.705
2025-12-25T22:11:11.294Z,48.065,2.910,139.889,15.090,0.00,3.5610,24.734449,46.698673,1.252,85.435,11.705
2025-12-25T22:11:11.471Z,47.572,4.467,212.491,15.090,0.00,3.5610,24.734449,46.698673,1.263,84.731,11.802
2025-12-25T22:11:11.688Z,47.362,4.939,233.899,15.090,0.00,3.5610,24.734449,46.698673,1.277,83.793,11.934
2025-12-25T22:11:11.688Z,47.285,5.058,239.177,15.090,0.00,3.5610,24.734449,46.698673,1.277,83.793,11.934
2025-12-25T22:11:11.968Z,47.914,3.286,157.435,15.090,0.00,3.5610,24.734449,46.698673,1.289,82.997,12.049
2025-12-25T22:11:12.114Z,47.589,4.303,204.767,14.740,0.00,3.5650,24.734425,46.698704,1.297,85.549,11.689
2025-12-25T22:11:12.295Z,47.675,4.069,193.992,14.740,0.00,3.5650,24.734425,46.698704,1.307,84.913,11.777
2025-12-25T22:11:12.583Z,47.609,4.159,198.014,14.740,0.00,3.5650,24.734425,46.698704,1.323,83.895,11.920
2025-12-25T22:11:12.583Z,47.454,4.764,226.079,14.740,0.00,3.5650,24.734425,46.698704,1.323,83.895,11.920
2025-12-25T22:11:12.718Z,47.553,4.385,208.537,14.740,0.00,3.5650,24.734425,46.698704,1.331,83.402,11.990
2025-12-25T22:11:13.096Z,47.381,5.078,240.607,14.740,0.00,3.5650,24.734425,46.698704,1.356,81.847,12.218
2025-12-25T22:11:13.126Z,47.738,3.704,176.836,14.740,0.00,3.5650,24.734425,46.698704,1.358,81.759,12.231
2025-12-25T22:11:13.126Z,47.464,4.461,211.760,14.220,0.00,3.5700,24.734400,46.698734,1.358,85.441,11.704
2025-12-25T22:11:13.324Z,47.442,4.705,223.210,14.220,0.00,3.5700,24.734400,46.698734,1.370,84.675,11.810
2025-12-25T22:11:13.607Z,47.373,4.866,230.528,14.220,0.00,3.5700,24.734400,46.698734,1.388,83.571,11.966
2025-12-25T22:11:14.016Z,47.256,5.229,247.086,14.220,0.00,3.5700,24.734400,46.698734,1.416,81.913,12.208
2025-12-25T22:11:14.017Z,48.196,2.387,115.047,14.220,0.00,3.5700,24.734400,46.698734,1.416,81.912,12.208
2025-12-25T22:11:14.049Z,47.402,4.662,220.983,14.220,0.00,3.5700,24.734400,46.698734,1.418,81.797,12.225
2025-12-25T22:11:14.049Z,47.515,4.579,217.571,13.540,0.00,3.5740,24.734381,46.698769,1.418,84.617,11.818
2025-12-25T22:11:14.325Z,47.617,3.941,187.634,13.540,0.00,3.5740,24.734381,46.698769,1.433,83.767,11.938
2025-12-25T22:11:14.449Z,47.204,5.165,243.790,13.540,0.00,3.5740,24.734381,46.698769,1.441,83.282,12.007
2025-12-25T22:11:14.748Z,47.307,5.086,240.628,13.540,0.00,3.5740,24.734381,46.698769,1.461,82.142,12.174
2025-12-25T22:11:14.866Z,47.270,5.008,236.734,13.540,0.00,3.5740,24.734381,46.698769,1.469,81.709,12.239
2025-12-25T22:11:14.866Z,47.340,4.888,231.420,13.540,0.00,3.5740,24.734381,46.698769,1.469,81.708,12.239
2025-12-25T22:11:15.143Z,47.366,4.942,234.081,13.020,0.00,3.5770,24.734364,46.698799,1.487,82.735,12.087
2025-12-25T22:11:15.280Z,47.224,5.267,248.714,13.020,0.00,3.5770,24.734364,46.698799,1.496,82.211,12.164
2025-12-25T22:11:15.481Z,47.500,4.779,226.981,13.020,0.00,3.5770,24.734364,46.698799,1.509,81.521,12.267
2025-12-25T22:11:15.481Z,47.635,4.288,204.248,13.020,0.00,3.5770,24.734364,46.698799,1.509,81.521,12.267
2025-12-25T22:11:15.860Z,47.273,4.695,221.950,13.020,0.00,3.5770,24.734364,46.698799,1.532,80.278,12.457
2025-12-25T22:11:15.923Z,47.809,3.432,164.067,13.020,0.00,3.5770,24.734364,46.698799,1.535,80.129,12.480
2025-12-25T22:11:16.270Z,48.088,2.860,137.534,13.020,0.00,3.5770,24.734364,46.698799,1.548,79.442,12.588
2025-12-25T22:11:16.270Z,48.712,1.054,51.321,12.800,0.00,3.5810,24.734348,46.698833,1.548,82.025,12.191
2025-12-25T22:11:16.476Z,48.928,0.274,13.422,12.800,0.00,3.5810,24.734348,46.698833,1.549,81.984,12.197
2025-12-25T22:11:16.480Z,48.969,0.177,8.651,12.800,0.00,3.5810,24.734348,46.698833,1.549,81.984,12.198
2025-12-25T22:11:16.595Z,49.000,0.099,4.871,12.800,0.00,3.5810,24.734348,46.698833,1.549,81.976,12.199
2025-12-25T22:11:16.883Z,49.015,0.069,3.394,12.800,0.00,3.5810,24.734348,46.698833,1.550,81.961,12.201
2025-12-25T22:11:17.294Z,49.016,0.076,3.712,12.800,0.00,3.5810,24.734348,46.698833,1.550,81.939,12.204
2025-12-25T22:11:17.294Z,49.023,0.064,3.142,12.460,0.00,3.5840,24.734337,46.698864,1.550,83.874,11.923
2025-12-25T22:11:17.314Z,49.023,0.073,3.591,12.460,0.00,3.5840,24.734337,46.698864,1.550,83.873,11.923
2025-12-25T22:11:17.601Z,49.029,0.064,3.148,12.460,0.00,3.5840,24.734337,46.698864,1.550,83.860,11.925
2025-12-25T22:11:17.602Z,49.032,0.065,3.185,12.460,0.00,3.5840,24.734337,46.698864,1.550,83.860,11.925
2025-12-25T22:11:17.805Z,49.031,0.075,3.672,12.460,0.00,3.5840,24.734337,46.698864,1.550,83.849,11.926
2025-12-25T22:11:17.929Z,49.035,0.070,3.417,12.460,0.00,3.5840,24.734337,46.698864,1.551,83.842,11.927
2025-12-25T22:11:18.215Z,49.037,0.070,3.444,11.870,0.00,3.5880,24.734331,46.698898,1.551,86.407,11.573
2025-12-25T22:11:18.215Z,49.041,0.065,3.163,11.870,0.00,3.5880,24.734331,46.698898,1.551,86.407,11.573
2025-12-25T22:11:18.419Z,49.043,0.064,3.156,11.870,0.00,3.5880,24.734331,46.698898,1.551,86.397,11.575
2025-12-25T22:11:18.535Z,49.043,0.073,3.583,11.870,0.00,3.5880,24.734331,46.698898,1.551,86.390,11.575
2025-12-25T22:11:18.831Z,49.046,0.069,3.381,11.870,0.00,3.5880,24.734331,46.698898,1.551,86.375,11.577
2025-12-25T22:11:18.960Z,49.049,0.064,3.134,11.870,0.00,3.5880,24.734331,46.698898,1.551,86.369,11.578
2025-12-25T22:11:18.960Z,49.049,0.069,3.385,11.870,0.00,3.5880,24.734331,46.698898,1.551,86.369,11.578
2025-12-25T22:11:19.199Z,49.050,0.073,3.598,11.390,0.00,3.5910,24.734329,46.698929,1.552,88.289,11.326
2025-12-25T22:11:19.354Z,49.051,0.074,3.617,11.390,0.00,3.5910,24.734329,46.698929,1.552,88.280,11.328
2025-12-25T22:11:19.599Z,49.056,0.066,3.247,11.390,0.00,3.5910,24.734329,46.698929,1.552,88.267,11.329
2025-12-25T22:11:19.599Z,49.058,0.063,3.090,11.390,0.00,3.5910,24.734329,46.698929,1.552,88.267,11.329
2025-12-25T22:11:19.773Z,49.059,0.065,3.168,11.390,0.00,3.5910,24.734329,46.698929,1.552,88.258,11.330
2025-12-25T22:11:20.083Z,49.057,0.076,3.707,11.390,0.00,3.5910,24.734329,46.698929,1.553,88.240,11.333
2025-12-25T22:11:20.178Z,49.062,0.065,3.187,10.760,0.00,3.5940,24.734329,46.698959,1.553,90.168,11.090
2025-12-25T22:11:20.178Z,49.063,0.064,3.127,10.760,0.00,3.5940,24.734329,46.698959,1.553,90.168,11.090
2025-12-25T22:11:20.468Z,49.064,0.068,3.326,10.760,0.00,3.5940,24.734329,46.698959,1.553,90.152,11.092
2025-12-25T22:11:20.584Z,49.063,0.075,3.665,10.760,0.00,3.5940,24.734329,46.698959,1.553,90.145,11.093
2025-12-25T22:11:20.980Z,49.065,0.074,3.646,10.760,0.00,3.5940,24.734329,46.698959,1.553,90.122,11.096
2025-12-25T22:11:20.980Z,49.070,0.064,3.139,10.760,0.00,3.5940,24.734329,46.698959,1.553,90.122,11.096
2025-12-25T22:11:21.015Z,49.070,0.064,3.148,10.760,0.00,3.5940,24.734329,46.698959,1.553,90.120,11.096
2025-12-25T22:11:21.390Z,49.070,0.069,3.390,10.540,0.00,3.5970,24.734335,46.698990,1.554,92.030,10.866
2025-12-25T22:11:21.525Z,49.070,0.072,3.515,10.540,0.00,3.5970,24.734335,46.698990,1.554,92.023,10.867
2025-12-25T22:11:21.525Z,49.074,0.065,3.166,10.540,0.00,3.5970,24.734335,46.698990,1.554,92.023,10.867
2025-12-25T22:11:21.901Z,49.071,0.075,3.676,10.540,0.00,3.5970,24.734335,46.698990,1.554,92.000,10.870
2025-12-25T22:11:21.933Z,49.077,0.064,3.156,10.540,0.00,3.5970,24.734335,46.698990,1.554,91.998,10.870
2025-12-25T22:11:21.933Z,49.057,0.135,6.612,10.540,0.00,3.5970,24.734335,46.698990,1.554,91.998,10.870
2025-12-25T22:11:22.119Z,49.021,0.260,12.737,10.130,0.00,3.6000,24.734343,46.699017,1.555,93.889,10.651
2025-12-25T22:11:22.324Z,48.971,0.399,19.542,10.130,0.00,3.6000,24.734343,46.699017,1.556,93.822,10.659
2025-12-25T22:11:22.721Z,48.566,1.604,77.918,10.130,0.00,3.6000,24.734343,46.699017,1.565,93.306,10.717
2025-12-25T22:11:22.731Z,48.313,2.294,110.810,10.130,0.00,3.6000,24.734343,46.699017,1.565,93.288,10.720
2025-12-25T22:11:22.731Z,48.319,2.333,112.717,10.130,0.00,3.6000,24.734343,46.699017,1.565,93.287,10.720
2025-12-25T22:11:23.028Z,48.271,2.463,118.901,10.130,0.00,3.6000,24.734343,46.699017,1.575,92.707,10.787
2025-12-25T22:11:23.183Z,48.324,2.300,111.122,9.740,0.00,3.6030,24.734352,46.699043,1.580,94.325,10.602
2025-12-25T22:11:23.183Z,48.267,2.440,117.766,9.740,0.00,3.6030,24.734352,46.699043,1.580,94.324,10.602
2025-12-25T22:11:23.443Z,48.447,1.885,91.307,9.740,0.00,3.6030,24.734352,46.699043,1.586,93.932,10.646
2025-12-25T22:11:23.551Z,48.207,2.520,121.473,9.740,0.00,3.6030,24.734352,46.699043,1.590,93.717,10.670
2025-12-25T22:11:23.949Z,48.163,2.745,132.189,9.740,0.00,3.6030,24.734352,46.699043,1.605,92.863,10.769
2025-12-25T22:11:24.085Z,48.167,2.717,130.894,9.740,0.00,3.6030,24.734352,46.699043,1.609,92.579,10.802
2025-12-25T22:11:24.085Z,48.253,2.447,118.084,9.740,0.00,3.6030,24.734352,46.699043,1.609,92.578,10.802
2025-12-25T22:11:24.462Z,48.211,2.510,120.995,10.090,0.00,3.6060,24.734367,46.699066,1.622,93.704,10.672
2025-12-25T22:11:24.463Z,48.213,2.568,123.829,10.090,0.00,3.6060,24.734367,46.699066,1.622,93.704,10.672
2025-12-25T22:11:24.484Z,48.145,2.703,130.145,10.090,0.00,3.6060,24.734367,46.699066,1.623,93.660,10.677
2025-12-25T22:11:24.768Z,48.172,2.589,124.734,10.090,0.00,3.6060,24.734367,46.699066,1.633,93.094,10.742
2025-12-25T22:11:24.900Z,48.219,2.472,119.188,10.090,0.00,3.6060,24.734367,46.699066,1.637,92.846,10.771
2025-12-25T22:11:24.900Z,48.167,2.604,125.441,10.090,0.00,3.6060,24.734367,46.699066,1.637,92.846,10.771
2025-12-25T22:11:25.280Z,48.176,2.677,128.975,10.410,0.00,3.6090,24.734385,46.699085,1.651,93.898,10.650
2025-12-25T22:11:25.298Z,48.172,2.677,128.965,10.410,0.00,3.6090,24.734385,46.699085,1.651,93.861,10.654
2025-12-25T22:11:25.588Z,48.307,2.281,110.174,10.410,0.00,3.6090,24.734385,46.699085,1.660,93.360,10.711
2025-12-25T22:11:25.588Z,48.225,2.481,119.666,10.410,0.00,3.6090,24.734385,46.699085,1.660,93.360,10.711
2025-12-25T22:11:25.792Z,48.165,2.647,127.513,10.410,0.00,3.6090,24.734385,46.699085,1.667,92.955,10.758
2025-12-25T22:11:25.923Z,48.244,2.506,120.908,10.410,0.00,3.6090,24.734385,46.699085,1.672,92.710,10.786
2025-12-25T22:11:26.172Z,48.225,2.559,123.406,10.830,0.00,3.6120,24.734406,46.699104,1.680,94.024,10.636
2025-12-25T22:11:26.334Z,48.192,2.560,123.352,10.830,0.00,3.6120,24.734406,46.699104,1.686,93.715,10.671
2025-12-25T22:11:26.334Z,48.132,2.650,127.555,10.830,0.00,3.6120,24.734406,46.699104,1.686,93.714,10.671
2025-12-25T22:11:26.714Z,48.283,2.320,112.030,10.830,0.00,3.6120,24.734406,46.699104,1.698,93.062,10.746
2025-12-25T22:11:26.715Z,48.189,2.718,130.996,10.830,0.00,3.6120,24.734406,46.699104,1.698,93.061,10.746
2025-12-25T22:11:26.965Z,48.153,2.831,136.342,10.830,0.00,3.6120,24.734406,46.699104,1.707,92.544,10.806
2025-12-25T22:11:26.965Z,48.109,2.722,130.962,10.830,0.00,3.6120,24.734406,46.699104,1.707,92.544,10.806
2025-12-25T22:11:27.331Z,48.133,2.775,133.568,11.260,0.00,3.6150,24.734428,46.699120,1.721,93.557,10.689
2025-12-25T22:11:27.331Z,48.160,2.585,124.494,11.260,0.00,3.6150,24.734428,46.699120,1.721,93.557,10.689
2025-12-25T22:11:27.637Z,48.137,2.704,130.156,11.260,0.00,3.6150,24.734428,46.699120,1.732,92.958,10.758
2025-12-25T22:11:27.652Z,48.165,2.657,127.964,11.260,0.00,3.6150,24.734428,46.699120,1.732,92.930,10.761
2025-12-25T22:11:27.943Z,48.127,2.697,129.801,11.260,0.00,3.6150,24.734428,46.699120,1.743,92.371,10.826
2025-12-25T22:11:27.943Z,48.206,2.676,128.987,11.260,0.00,3.6150,24.734428,46.699120,1.743,92.371,10.826
2025-12-25T22:11:28.147Z,48.164,2.839,136.749,11.690,0.00,3.6180,24.734455,46.699135,1.751,93.677,10.675
2025-12-25T22:11:28.260Z,48.219,3.032,146.219,11.690,0.00,3.6180,24.734455,46.699135,1.755,93.431,10.703
2025-12-25T22:11:28.491Z,48.260,2.894,139.651,11.690,0.00,3.6180,24.734455,46.699135,1.764,92.957,10.758
2025-12-25T22:11:28.692Z,48.101,2.238,107.638,11.690,0.00,3.6180,24.734455,46.699135,1.770,92.641,10.794
2025-12-25T22:11:28.692Z,48.155,2.320,111.725,11.690,0.00,3.6180,24.734455,46.699135,1.770,92.641,10.794
2025-12-25T22:11:29.070Z,48.230,2.695,129.976,11.690,0.00,3.6180,24.734455,46.699135,1.784,91.933,10.878
2025-12-25T22:11:29.213Z,48.226,2.462,118.711,12.630,0.00,3.6220,24.734486,46.699150,1.789,93.927,10.647
2025-12-25T22:11:29.213Z,48.202,2.475,119.287,12.630,0.00,3.6220,24.734486,46.699150,1.789,93.926,10.647
2025-12-25T22:11:29.395Z,48.287,2.336,112.799,12.630,0.00,3.6220,24.734486,46.699150,1.794,93.627,10.681
2025-12-25T22:11:29.786Z,48.326,2.200,106.335,12.630,0.00,3.6220,24.734486,46.699150,1.806,93.029,10.749
2025-12-25T22:11:29.786Z,48.344,2.135,103.228,12.630,0.00,3.6220,24.734486,46.699150,1.806,93.029,10.749
2025-12-25T22:11:30.103Z,48.379,2.000,96.761,12.630,0.00,3.6220,24.734486,46.699150,1.814,92.592,10.800
2025-12-25T22:11:30.103Z,48.399,1.909,92.414,12.630,0.00,3.6220,24.734486,46.699150,1.814,92.592,10.800
2025-12-25T22:11:30.217Z,48.456,1.803,87.360,13.560,0.00,3.6260,24.734520,46.699162,1.817,94.653,10.565
2025-12-25T22:11:30.217Z,48.469,1.722,83.473,13.560,0.00,3.6260,24.734520,46.699162,1.817,94.653,10.565
2025-12-25T22:11:30.413Z,48.515,1.590,77.158,13.560,0.00,3.6260,24.734520,46.699162,1.821,94.434,10.589
2025-12-25T22:11:30.708Z,48.517,1.584,76.830,13.560,0.00,3.6260,24.734520,46.699162,1.828,94.109,10.626
2025-12-25T22:11:30.846Z,48.544,1.475,71.626,13.560,0.00,3.6260,24.734520,46.699162,1.830,93.968,10.642
2025-12-25T22:11:31.218Z,48.514,1.588,77.037,13.560,0.00,3.6260,24.734520,46.699162,1.838,93.561,10.688
2025-12-25T22:11:31.218Z,48.584,1.396,67.836,14.670,0.00,3.6300,24.734556,46.699169,1.838,95.736,10.445
2025-12-25T22:11:31.243Z,48.639,1.245,60.559,14.670,0.00,3.6300,24.734556,46.699169,1.839,95.715,10.448
2025-12-25T22:11:31.443Z,48.640,1.251,60.860,14.670,0.00,3.6300,24.734556,46.699169,1.842,95.539,10.467
2025-12-25T22:11:31.936Z,48.690,1.162,56.600,14.670,0.00,3.6300,24.734556,46.699169,1.850,95.139,10.511
2025-12-25T22:11:31.936Z,48.737,0.938,45.732,14.670,0.00,3.6300,24.734556,46.699169,1.850,95.139,10.511
2025-12-25T22:11:31.957Z,48.880,0.523,25.570,14.670,0.00,3.6300,24.734556,46.699169,1.850,95.131,10.512
2025-12-25T22:11:31.963Z,48.966,0.320,15.663,14.670,0.00,3.6300,24.734556,46.699169,1.850,95.130,10.512
2025-12-25T22:11:32.346Z,48.987,0.233,11.422,15.760,0.00,3.6340,24.734594,46.699173,1.851,97.228,10.285
2025-12-25T22:11:32.404Z,49.024,0.132,6.480,15.760,0.00,3.6340,24.734594,46.699173,1.851,97.223,10.286
2025-12-25T22:11:32.665Z,49.042,0.088,4.329,15.760,0.00,3.6340,24.734594,46.699173,1.852,97.206,10.287
2025-12-25T22:11:32.665Z,49.053,0.064,3.134,15.760,0.00,3.6340,24.734594,46.699173,1.852,97.206,10.287
2025-12-25T22:11:32.768Z,49.054,0.065,3.179,15.760,0.00,3.6340,24.734594,46.699173,1.852,97.201,10.288
2025-12-25T22:11:33.062Z,49.054,0.071,3.481,15.760,0.00,3.6340,24.734594,46.699173,1.852,97.186,10.290
2025-12-25T22:11:33.173Z,49.054,0.072,3.511,16.630,0.00,3.6390,24.734634,46.699169,1.852,99.880,10.012
2025-12-25T22:11:33.471Z,49.060,0.063,3.099,16.630,0.00,3.6390,24.734634,46.699169,1.852,99.866,10.013
2025-12-25T22:11:33.471Z,49.057,0.076,3.728,16.630,0.00,3.6390,24.734634,46.699169,1.852,99.866,10.013
2025-12-25T22:11:33.677Z,49.060,0.071,3.473,16.630,0.00,3.6390,24.734634,46.699169,1.853,99.856,10.014
2025-12-25T22:11:33.809Z,49.059,0.078,3.820,16.630,0.00,3.6390,24.734634,46.699169,1.853,99.848,10.015
2025-12-25T22:11:34.190Z,49.063,0.069,3.397,16.630,0.00,3.6390,24.734634,46.699169,1.853,99.829,10.017
2025-12-25T22:11:34.190Z,49.067,0.064,3.139,17.090,0.00,3.6430,24.734676,46.699162,1.853,101.987,9.805
2025-12-25T22:11:34.396Z,49.059,0.093,4.587,17.090,0.00,3.6430,24.734676,46.699162,1.853,101.973,9.807
2025-12-25T22:11:34.401Z,49.061,0.087,4.280,17.090,0.00,3.6430,24.734676,46.699162,1.853,101.972,9.807
2025-12-25T22:11:34.530Z,49.069,0.066,3.255,17.090,0.00,3.6430,24.734676,46.699162,1.854,101.966,9.807
2025-12-25T22:11:34.804Z,49.066,0.079,3.863,17.090,0.00,3.6430,24.734676,46.699162,1.854,101.950,9.809
2025-12-25T22:11:34.931Z,49.071,0.067,3.306,17.090,0.00,3.6430,24.734676,46.699162,1.854,101.943,9.809
2025-12-25T22:11:34.931Z,49.074,0.064,3.164,17.090,0.00,3.6430,24.734676,46.699162,1.854,101.943,9.809
2025-12-25T22:11:35.315Z,49.076,0.064,3.149,16.980,0.00,3.6480,24.734718,46.699150,1.854,104.621,9.558
2025-12-25T22:11:35.434Z,49.074,0.070,3.446,16.980,0.00,3.6480,24.734718,46.699150,1.854,104.615,9.559
2025-12-25T22:11:35.434Z,49.077,0.065,3.183,16.980,0.00,3.6480,24.734718,46.699150,1.854,104.615,9.559
2025-12-25T22:11:35.829Z,49.075,0.074,3.609,16.980,0.00,3.6480,24.734718,46.699150,1.855,104.593,9.561
2025-12-25T22:11:35.948Z,49.074,0.078,3.821,16.980,0.00,3.6480,24.734718,46.699150,1.855,104.585,9.562
2025-12-25T22:11:35.948Z,49.080,0.064,3.140,16.980,0.00,3.6480,24.734718,46.699150,1.855,104.585,9.562
2025-12-25T22:11:36.170Z,49.077,0.075,3.669,16.540,0.00,3.6530,24.734756,46.699135,1.855,107.268,9.322
2025-12-25T22:11:36.362Z,49.081,0.063,3.087,16.540,0.00,3.6530,24.734756,46.699135,1.855,107.258,9.323
2025-12-25T22:11:36.363Z,49.082,0.066,3.217,16.540,0.00,3.6530,24.734756,46.699135,1.855,107.258,9.323
2025-12-25T22:11:36.749Z,49.082,0.066,3.219,16.540,0.00,3.6530,24.734756,46.699135,1.856,107.238,9.325
2025-12-25T22:11:36.896Z,49.083,0.070,3.415,16.540,0.00,3.6530,24.734756,46.699135,1.856,107.230,9.326
2025-12-25T22:11:36.897Z,49.082,0.072,3.542,16.540,0.00,3.6530,24.734756,46.699135,1.856,107.230,9.326
2025-12-25T22:11:37.261Z,49.084,0.071,3.473,15.800,0.00,3.6570,24.734795,46.699116,1.856,109.365,9.144
2025-12-25T22:11:37.297Z,49.085,0.072,3.518,15.800,0.00,3.6570,24.734795,46.699116,1.856,109.363,9.144
2025-12-25T22:11:37.571Z,49.088,0.065,3.166,15.800,0.00,3.6570,24.734795,46.699116,1.856,109.349,9.145
2025-12-25T22:11:37.571Z,49.089,0.065,3.193,15.800,0.00,3.6570,24.734795,46.699116,1.856,109.349,9.145
2025-12-25T22:11:37.773Z,49.087,0.073,3.586,15.800,0.00,3.6570,24.734795,46.699116,1.857,109.337,9.146
2025-12-25T22:11:37.899Z,49.089,0.070,3.421,15.800,0.00,3.6570,24.734795,46.699116,1.857,109.330,9.147
2025-12-25T22:11:38.182Z,49.091,0.069,3.375,15.800,0.00,3.6570,24.734795,46.699116,1.857,109.314,9.148
2025-12-25T22:11:38.182Z,49.093,0.064,3.150,15.430,0.00,3.6610,24.734827,46.699097,1.857,111.468,8.971
2025-12-25T22:11:38.387Z,49.081,0.102,4.993,15.430,0.00,3.6610,24.734827,46.699097,1.857,111.451,8.973
2025-12-25T22:11:38.518Z,49.046,0.213,10.457,15.430,0.00,3.6610,24.734827,46.699097,1.858,111.428,8.974
2025-12-25T22:11:38.900Z,49.004,0.330,16.157,15.430,0.00,3.6610,24.734827,46.699097,1.859,111.325,8.983
2025-12-25T22:11:38.900Z,48.969,0.436,21.346,15.430,0.00,3.6610,24.734827,46.699097,1.859,111.325,8.983
2025-12-25T22:11:38.935Z,48.993,0.388,19.030,15.430,0.00,3.6610,24.734827,46.699097,1.860,111.314,8.984
2025-12-25T22:11:39.309Z,48.995,0.380,18.598,14.850,0.00,3.6660,24.734858,46.699070,1.862,113.885,8.781
2025-12-25T22:11:39.454Z,48.956,0.547,26.760,14.850,0.00,3.6660,24.734858,46.699070,1.863,113.819,8.786
2025-12-25T22:11:39.454Z,48.972,0.483,23.635,14.850,0.00,3.6660,24.734858,46.699070,1.863,113.819,8.786
2025-12-25T22:11:39.821Z,48.940,0.541,26.458,14.850,0.00,3.6660,24.734858,46.699070,1.865,113.654,8.799
2025-12-25T22:11:39.849Z,48.840,0.821,40.097,14.850,0.00,3.6660,24.734858,46.699070,1.866,113.636,8.800
2025-12-25T22:11:39.849Z,48.855,0.761,37.186,14.850,0.00,3.6660,24.734858,46.699070,1.866,113.635,8.800
2025-12-25T22:11:40.063Z,48.751,1.073,52.297,14.390,0.00,3.6700,24.734886,46.699043,1.869,115.586,8.652
2025-12-25T22:11:40.436Z,48.297,2.457,118.668,14.390,0.00,3.6700,24.734886,46.699043,1.881,114.832,8.708
2025-12-25T22:11:40.554Z,48.179,2.830,136.344,14.390,0.00,3.6700,24.734886,46.699043,1.885,114.560,8.729
2025-12-25T22:11:40.558Z,47.987,3.401,163.192,14.390,0.00,3.6700,24.734886,46.699043,1.886,114.549,8.730
2025-12-25T22:11:40.947Z,47.908,3.625,173.680,14.390,0.00,3.6700,24.734886,46.699043,1.904,113.420,8.817
2025-12-25T22:11:40.956Z,47.891,3.611,172.925,14.390,0.00,3.6700,24.734886,46.699043,1.905,113.394,8.819
2025-12-25T22:11:41.151Z,47.769,3.879,185.300,14.390,0.00,3.6700,24.734886,46.699043,1.915,112.799,8.865
2025-12-25T22:11:41.151Z,47.695,4.199,200.291,14.500,0.00,3.6740,24.734911,46.699017,1.915,114.887,8.704
2025-12-25T22:11:41.288Z,47.889,3.536,169.312,14.500,0.00,3.6740,24.734911,46.699017,1.921,114.502,8.733
2025-12-25T22:11:41.562Z,48.009,3.138,150.637,14.500,0.00,3.6740,24.734911,46.699017,1.933,113.823,8.786
2025-12-25T22:11:41.699Z,47.620,4.296,204.586,14.500,0.00,3.6740,24.734911,46.699017,1.941,113.368,8.821
2025-12-25T22:11:41.699Z,47.454,4.750,225.407,14.500,0.00,3.6740,24.734911,46.699017,1.941,113.367,8.821
2025-12-25T22:11:42.176Z,47.423,4.799,227.568,14.500,0.00,3.6740,24.734911,46.699017,1.971,111.632,8.958
2025-12-25T22:11:42.196Z,47.688,4.002,190.864,15.060,0.00,3.6780,24.734936,46.698982,1.972,113.606,8.802
2025-12-25T22:11:42.197Z,47.541,4.418,210.025,15.060,0.00,3.6780,24.734936,46.698982,1.972,113.596,8.803
2025-12-25T22:11:42.586Z,47.467,4.743,225.158,15.060,0.00,3.6780,24.734936,46.698982,1.996,112.213,8.912
2025-12-25T22:11:42.645Z,47.618,4.197,199.847,15.060,0.00,3.6780,24.734936,46.698982,1.999,112.028,8.926
2025-12-25T22:11:42.996Z,47.636,4.229,201.433,15.060,0.00,3.6780,24.734936,46.698982,2.019,110.941,9.014
2025-12-25T22:11:42.996Z,47.654,4.077,194.265,15.060,0.00,3.6780,24.734936,46.698982,2.019,110.940,9.014
2025-12-25T22:11:43.025Z,47.435,4.838,229.473,15.060,0.00,3.6780,24.734936,46.698982,2.021,110.838,9.022
2025-12-25T22:11:43.238Z,47.430,4.871,231.016,15.430,0.00,3.6820,24.734957,46.698948,2.035,112.059,8.924
2025-12-25T22:11:43.433Z,47.480,4.557,216.375,15.430,0.00,3.6820,24.734957,46.698948,2.046,111.417,8.975
2025-12-25T22:11:43.438Z,47.526,4.411,209.655,15.430,0.00,3.6820,24.734957,46.698948,2.047,111.402,8.976
2025-12-25T22:11:43.634Z,47.367,4.879,231.091,15.430,0.00,3.6820,24.734957,46.698948,2.059,110.721,9.032
2025-12-25T22:11:44.020Z,47.475,4.549,215.961,15.430,0.00,3.6820,24.734957,46.698948,2.082,109.488,9.133
2025-12-25T22:11:44.082Z,47.411,4.762,225.774,15.430,0.00,3.6820,24.734957,46.698948,2.086,109.285,9.150
2025-12-25T22:11:44.083Z,47.339,5.029,238.075,15.720,0.00,3.6870,24.734972,46.698910,2.086,111.680,8.954
2025-12-25T22:11:44.326Z,47.334,4.963,234.927,15.720,0.00,3.6870,24.734972,46.698910,2.102,110.836,9.022
2025-12-25T22:11:44.737Z,47.370,4.816,228.120,15.720,0.00,3.6870,24.734972,46.698910,2.128,109.481,9.134
2025-12-25T22:11:44.737Z,47.409,4.592,217.724,15.720,0.00,3.6870,24.734972,46.698910,2.128,109.480,9.134
2025-12-25T22:11:44.758Z,47.239,5.197,245.504,15.720,0.00,3.6870,24.734972,46.698910,2.130,109.405,9.140
2025-12-25T22:11:45.044Z,47.415,4.788,227.003,15.720,0.00,3.6870,24.734972,46.698910,2.148,108.487,9.218
2025-12-25T22:11:45.168Z,47.352,4.926,233.275,16.450,0.00,3.6910,24.734982,46.698864,2.156,109.938,9.096
2025-12-25T22:11:45.169Z,47.432,4.727,224.192,16.450,0.00,3.6910,24.734982,46.698864,2.156,109.937,9.096
2025-12-25T22:11:45.453Z,47.180,5.410,255.238,16.450,0.00,3.6910,24.734982,46.698864,2.176,108.919,9.181
2025-12-25T22:11:45.658Z,47.611,4.100,195.207,16.450,0.00,3.6910,24.734982,46.698864,2.187,108.364,9.228
2025-12-25T22:11:46.067Z,47.125,5.426,255.719,16.450,0.00,3.6910,24.734982,46.698864,2.216,106.942,9.351
2025-12-25T22:11:46.068Z,47.213,5.301,250.293,16.450,0.00,3.6910,24.734982,46.698864,2.216,106.942,9.351
2025-12-25T22:11:46.095Z,47.184,5.344,252.152,16.450,0.00,3.6910,24.734982,46.698864,2.218,106.849,9.359
2025-12-25T22:11:46.096Z,47.246,5.205,245.923,16.910,0.00,3.6960,24.734983,46.698818,2.218,109.101,9.166
2025-12-25T22:11:46.374Z,47.254,5.199,245.664,16.910,0.00,3.6960,24.734983,46.698818,2.237,108.173,9.244
2025-12-25T22:11:46.395Z,47.388,4.717,223.546,16.910,0.00,3.6960,24.734983,46.698818,2.238,108.113,9.250
2025-12-25T22:11:46.682Z,47.338,5.414,256.301,16.910,0.00,3.6960,24.734983,46.698818,2.259,107.133,9.334
2025-12-25T22:11:46.794Z,47.200,5.256,248.085,16.910,0.00,3.6960,24.734983,46.698818,2.267,106.767,9.366
2025-12-25T22:11:47.296Z,47.741,3.652,174.366,16.910,0.00,3.6960,24.734983,46.698818,2.291,105.636,9.466
2025-12-25T22:11:47.296Z,47.106,5.477,258.000,17.480,0.00,3.7010,24.734978,46.698772,2.291,107.818,9.275
2025-12-25T22:11:47.326Z,47.411,4.520,214.320,17.480,0.00,3.7010,24.734978,46.698772,2.293,107.732,9.282
2025-12-25T22:11:47.807Z,47.088,5.662,266.592,17.480,0.00,3.7010,24.734978,46.698772,2.328,106.084,9.427
2025-12-25T22:11:47.808Z,47.089,5.566,262.076,17.480,0.00,3.7010,24.734978,46.698772,2.328,106.083,9.427
2025-12-25T22:11:47.834Z,47.277,4.964,234.665,17.480,0.00,3.7010,24.734978,46.698772,2.330,106.004,9.434
2025-12-25T22:11:47.834Z,47.128,5.629,265.276,17.480,0.00,3.7010,24.734978,46.698772,2.330,106.004,9.434
2025-12-25T22:11:48.116Z,47.227,5.063,239.130,17.690,0.00,3.7050,24.734964,46.698727,2.349,106.863,9.358
2025-12-25T22:11:48.249Z,47.160,5.116,241.291,17.690,0.00,3.7050,24.734964,46.698727,2.358,106.459,9.393
2025-12-25T22:11:48.628Z,47.164,5.470,257.980,17.690,0.00,3.7050,24.734964,46.698727,2.385,105.246,9.502
2025-12-25T22:11:48.628Z,47.479,4.498,213.573,17.690,0.00,3.7050,24.734964,46.698727,2.385,105.245,9.502
2025-12-25T22:11:48.663Z,47.420,4.679,221.881,17.690,0.00,3.7050,24.734964,46.698727,2.387,105.150,9.510
2025-12-25T22:11:48.935Z,47.299,4.866,230.140,17.690,0.00,3.7050,24.734964,46.698727,2.404,104.392,9.579
2025-12-25T22:11:49.059Z,46.985,5.765,270.866,17.690,0.00,3.7050,24.734964,46.698727,2.414,103.987,9.617
2025-12-25T22:11:49.363Z,47.106,5.288,249.103,17.960,0.00,3.7110,24.734940,46.698681,2.435,105.552,9.474
2025-12-25T22:11:49.364Z,47.021,5.639,265.174,17.960,0.00,3.7110,24.734940,46.698681,2.435,105.550,9.474
2025-12-25T22:11:49.475Z,47.389,4.651,220.387,17.960,0.00,3.7110,24.734940,46.698681,2.442,105.256,9.501
2025-12-25T22:11:49.754Z,47.152,5.342,251.870,17.960,0.00,3.7110,24.734940,46.698681,2.461,104.421,9.577
2025-12-25T22:11:49.882Z,46.990,5.733,269.373,17.960,0.00,3.7110,24.734940,46.698681,2.471,104.016,9.614
2025-12-25T22:11:49.887Z,46.920,5.895,276.595,17.960,0.00,3.7110,24.734940,46.698681,2.471,103.999,9.615
2025-12-25T22:11:50.158Z,46.959,5.870,275.655,18.670,0.00,3.7160,24.734909,46.698647,2.492,105.139,9.511
2025-12-25T22:11:50.288Z,47.077,5.469,257.458,18.670,0.00,3.7160,24.734909,46.698647,2.501,104.749,9.547
2025-12-25T22:11:50.676Z,47.020,5.689,267.496,18.670,0.00,3.7160,24.734909,46.698647,2.530,103.555,9.657
2025-12-25T22:11:50.677Z,47.071,5.521,259.869,18.670,0.00,3.7160,24.734909,46.698647,2.530,103.554,9.657
2025-12-25T22:11:50.698Z,46.987,5.860,275.338,18.670,0.00,3.7160,24.734909,46.698647,2.532,103.489,9.663
2025-12-25T22:11:50.983Z,47.031,5.734,269.663,18.670,0.00,3.7160,24.734909,46.698647,2.553,102.622,9.744
2025-12-25T22:11:51.119Z,47.127,5.319,250.687,18.670,0.00,3.7160,24.734909,46.698647,2.563,102.243,9.781
2025-12-25T22:11:51.119Z,47.115,5.361,252.608,19.830,0.00,3.7210,24.734867,46.698616,2.563,104.193,9.598
2025-12-25T22:11:51.394Z,46.882,6.031,282.748,19.830,0.00,3.7210,24.734867,46.698616,2.584,103.325,9.678
2025-12-25T22:11:51.524Z,47.282,4.699,222.168,19.830,0.00,3.7210,24.734867,46.698616,2.592,103.005,9.708
2025-12-25T22:11:51.904Z,46.966,5.855,274.983,19.830,0.00,3.7210,24.734867,46.698616,2.621,101.864,9.817
2025-12-25T22:11:51.904Z,46.884,6.062,284.228,19.830,0.00,3.7210,24.734867,46.698616,2.621,101.863,9.817
2025-12-25T22:11:52.315Z,47.019,5.659,266.069,19.830,0.00,3.7210,24.734867,46.698616,2.652,100.696,9.931
2025-12-25T22:11:52.315Z,47.001,5.634,264.795,20.590,0.00,3.7270,24.734819,46.698593,2.652,102.959,9.713
2025-12-25T22:11:52.315Z,47.055,5.567,261.941,20.590,0.00,3.7270,24.734819,46.698593,2.652,102.958,9.713
2025-12-25T22:11:52.518Z,46.849,6.014,281.742,20.590,0.00,3.7270,24.734819,46.698593,2.667,102.346,9.771
2025-12-25T22:11:52.648Z,46.957,5.756,270.298,20.590,0.00,3.7270,24.734819,46.698593,2.677,101.971,9.807
2025-12-25T22:11:53.031Z,46.867,6.020,282.155,20.590,0.00,3.7270,24.734819,46.698593,2.707,100.843,9.916
2025-12-25T22:11:53.031Z,47.101,5.367,252.785,20.590,0.00,3.7270,24.734819,46.698593,2.707,100.843,9.916
2025-12-25T22:11:53.255Z,47.002,5.716,268.651,20.590,0.00,3.7330,24.734768,46.698578,2.724,102.426,9.763
2025-12-25T22:11:53.255Z,46.999,5.658,265.904,20.590,0.00,3.7330,24.734768,46.698578,2.724,102.426,9.763
2025-12-25T22:11:53.542Z,46.930,5.841,274.132,20.590,0.00,3.7330,24.734768,46.698578,2.746,101.611,9.841
2025-12-25T22:11:53.542Z,47.079,5.356,252.172,20.590,0.00,3.7330,24.734768,46.698578,2.746,101.610,9.842
2025-12-25T22:11:53.748Z,46.993,5.671,266.477,20.590,0.00,3.7330,24.734768,46.698578,2.761,101.049,9.896
2025-12-25T22:11:53.874Z,46.994,6.036,283.665,20.590,0.00,3.7330,24.734768,46.698578,2.771,100.688,9.932
2025-12-25T22:11:54.157Z,47.037,5.556,261.324,20.590,0.00,3.7330,24.734768,46.698578,2.791,99.947,10.005
2025-12-25T22:11:54.289Z,47.137,5.095,240.151,21.590,0.00,3.7390,24.734715,46.698574,2.800,101.776,9.825
2025-12-25T22:11:54.289Z,46.863,5.931,277.933,21.590,0.00,3.7390,24.734715,46.698574,2.800,101.775,9.826
2025-12-25T22:11:54.567Z,47.056,5.402,254.197,21.590,0.00,3.7390,24.734715,46.698574,2.820,101.068,9.894
2025-12-25T22:11:54.873Z,47.175,5.085,239.903,21.590,0.00,3.7390,24.734715,46.698574,2.840,100.341,9.966
2025-12-25T22:11:54.885Z,47.111,5.252,247.425,21.590,0.00,3.7390,24.734715,46.698574,2.841,100.313,9.969
2025-12-25T22:11:54.989Z,47.041,5.437,255.765,21.590,0.00,3.7390,24.734715,46.698574,2.849,100.050,9.995
2025-12-25T22:11:55.200Z,46.969,5.648,265.263,20.630,0.00,3.7450,24.734663,46.698578,2.864,101.603,9.842
2025-12-25T22:11:55.201Z,47.055,5.380,253.149,20.630,0.00,3.7450,24.734663,46.698578,2.864,101.602,9.842
2025-12-25T22:11:55.399Z,46.862,6.082,285.002,20.630,0.00,3.7450,24.734663,46.698578,2.880,101.049,9.896
2025-12-25T22:11:55.693Z,47.488,4.161,197.618,20.630,0.00,3.7450,24.734663,46.698578,2.896,100.485,9.952
2025-12-25T22:11:55.820Z,46.819,6.115,286.323,20.630,0.00,3.7450,24.734663,46.698578,2.906,100.137,9.986
2025-12-25T22:11:56.102Z,47.035,5.388,253.417,20.630,0.00,3.7450,24.734663,46.698578,2.926,99.457,10.055
2025-12-25T22:11:56.102Z,47.020,5.505,258.852,21.800,0.00,3.7510,24.734612,46.698593,2.926,101.507,9.852
2025-12-25T22:11:56.307Z,47.055,5.378,253.052,21.800,0.00,3.7510,24.734612,46.698593,2.940,101.010,9.900
2025-12-25T22:11:56.431Z,46.978,5.574,261.839,21.800,0.00,3.7510,24.734612,46.698593,2.949,100.702,9.930
2025-12-25T22:11:56.648Z,46.845,6.024,282.196,21.800,0.00,3.7510,24.734612,46.698593,2.966,100.123,9.988
2025-12-25T22:11:56.648Z,46.875,5.994,280.982,21.800,0.00,3.7510,24.734612,46.698593,2.966,100.123,9.988
2025-12-25T22:11:57.024Z,47.115,5.266,248.108,21.800,0.00,3.7510,24.734612,46.698593,2.992,99.256,10.075
2025-12-25T22:11:57.024Z,47.036,5.426,255.206,21.800,0.00,3.7510,24.734612,46.698593,2.992,99.255,10.075
2025-12-25T22:11:57.433Z,46.829,6.057,283.658,22.210,0.00,3.7570,24.734560,46.698616,3.025,100.181,9.982
2025-12-25T22:11:57.434Z,47.042,5.326,250.558,22.210,0.00,3.7570,24.734560,46.698616,3.025,100.181,9.982
2025-12-25T22:11:57.559Z,47.305,4.581,216.699,22.210,0.00,3.7570,24.734560,46.698616,3.032,99.931,10.007
2025-12-25T22:11:57.559Z,46.954,5.581,262.034,22.210,0.00,3.7570,24.734560,46.698616,3.032,99.931,10.007
2025-12-25T22:11:57.757Z,46.865,5.962,279.408,22.210,0.00,3.7570,24.734560,46.698616,3.047,99.426,10.058
2025-12-25T22:11:58.052Z,46.767,6.234,291.547,22.210,0.00,3.7570,24.734560,46.698616,3.071,98.654,10.136
2025-12-25T22:11:58.178Z,46.763,6.234,291.515,22.390,0.00,3.7630,24.734512,46.698647,3.082,100.275,9.973
2025-12-25T22:11:58.178Z,47.147,4.953,233.512,22.390,0.00,3.7630,24.734512,46.698647,3.082,100.274,9.973
2025-12-25T22:11:58.458Z,46.816,6.017,281.712,22.390,0.00,3.7630,24.734512,46.698647,3.103,99.567,10.044
2025-12-25T22:11:58.573Z,46.817,5.823,272.630,22.390,0.00,3.7630,24.734512,46.698647,3.112,99.288,10.072
2025-12-25T22:11:58.867Z,47.133,5.022,236.686,22.390,0.00,3.7630,24.734512,46.698647,3.131,98.675,10.134
2025-12-25T22:11:58.985Z,46.986,5.335,250.690,22.390,0.00,3.7630,24.734512,46.698647,3.140,98.417,10.161
2025-12-25T22:11:58.985Z,46.751,6.103,285.337,22.780,0.00,3.7690,24.734467,46.698685,3.140,100.328,9.967
2025-12-25T22:11:59.335Z,46.656,6.411,299.116,22.780,0.00,3.7690,24.734467,46.698685,3.169,99.408,10.060
2025-12-25T22:11:59.398Z,46.878,5.809,272.297,22.780,0.00,3.7690,24.734467,46.698685,3.174,99.257,10.075
2025-12-25T22:11:59.687Z,46.771,6.229,291.334,22.780,0.00,3.7690,24.734467,46.698685,3.197,98.531,10.149
2025-12-25T22:11:59.687Z,47.106,5.135,241.880,22.780,0.00,3.7690,24.734467,46.698685,3.197,98.531,10.149
2025-12-25T22:12:00.096Z,48.814,0.076,3.711,22.780,0.00,3.7690,24.734467,46.698685,3.197,98.518,10.150
2025-12-25T22:12:00.096Z,48.817,0.116,5.665,22.780,0.00,3.7690,24.734467,46.698685,3.197,98.518,10.150
2025-12-25T22:12:00.108Z,48.757,0.334,16.306,21.780,0.00,3.7750,24.734425,46.698723,3.197,100.393,9.961
2025-12-25T22:12:00.359Z,48.727,0.400,19.510,21.780,0.00,3.7750,24.734425,46.698723,3.199,100.350,9.965
2025-12-25T22:12:00.711Z,48.780,0.298,14.535,21.780,0.00,3.7750,24.734425,46.698723,3.200,100.305,9.970
2025-12-25T22:12:00.711Z,48.818,0.191,9.322,21.780,0.00,3.7750,24.734425,46.698723,3.200,100.305,9.970
2025-12-25T22:12:00.915Z,48.843,0.119,5.821,21.780,0.00,3.7750,24.734425,46.698723,3.201,100.295,9.971
2025-12-25T22:12:01.048Z,48.865,0.072,3.512,21.780,0.00,3.7750,24.734425,46.698723,3.201,100.291,9.971
2025-12-25T22:12:01.049Z,48.871,0.065,3.158,20.240,0.00,3.7810,24.734392,46.698769,3.201,102.166,9.788
2025-12-25T22:12:01.326Z,48.875,0.068,3.332,20.240,0.00,3.7810,24.734392,46.698769,3.201,102.157,9.789
2025-12-25T22:12:01.736Z,48.874,0.079,3.878,20.240,0.00,3.7810,24.734392,46.698769,3.201,102.143,9.790
2025-12-25T22:12:01.737Z,48.882,0.068,3.310,20.240,0.00,3.7810,24.734392,46.698769,3.201,102.143,9.790
2025-12-25T22:12:01.737Z,48.885,0.064,3.133,20.240,0.00,3.7810,24.734392,46.698769,3.201,102.143,9.790
2025-12-25T22:12:01.848Z,48.885,0.073,3.558,20.240,0.00,3.7810,24.734392,46.698769,3.201,102.140,9.790
2025-12-25T22:12:02.144Z,48.887,0.077,3.773,20.240,0.00,3.7810,24.734392,46.698769,3.202,102.130,9.791
2025-12-25T22:12:02.284Z,48.894,0.066,3.206,18.480,0.00,3.7870,24.734364,46.698814,3.202,104.000,9.615
2025-12-25T22:12:02.284Z,48.896,0.065,3.201,18.480,0.00,3.7870,24.734364,46.698814,3.202,104.000,9.615
2025-12-25T22:12:02.656Z,48.897,0.067,3.262,18.480,0.00,3.7870,24.734364,46.698814,3.202,103.989,9.616
2025-12-25T22:12:02.691Z,48.901,0.067,3.257,18.480,0.00,3.7870,24.734364,46.698814,3.202,103.988,9.617
2025-12-25T22:12:02.971Z,48.900,0.074,3.610,18.480,0.00,3.7870,24.734364,46.698814,3.203,103.979,9.617
2025-12-25T22:12:02.971Z,48.906,0.064,3.140,18.480,0.00,3.7870,24.734364,46.698814,3.203,103.979,9.617
2025-12-25T22:12:03.167Z,48.908,0.065,3.192,17.300,0.00,3.7920,24.734344,46.698856,3.203,105.534,9.476
2025-12-25T22:12:03.305Z,48.908,0.070,3.442,17.300,0.00,3.7920,24.734344,46.698856,3.203,105.530,9.476
2025-12-25T22:12:03.503Z,48.909,0.073,3.552,17.300,0.00,3.7920,24.734344,46.698856,3.203,105.523,9.477
2025-12-25T22:12:03.782Z,48.914,0.064,3.144,17.300,0.00,3.7920,24.734344,46.698856,3.203,105.515,9.477
2025-12-25T22:12:03.783Z,48.916,0.065,3.165,17.300,0.00,3.7920,24.734344,46.698856,3.203,105.515,9.477
2025-12-25T22:12:03.987Z,48.914,0.077,3.752,17.300,0.00,3.7920,24.734344,46.698856,3.204,105.508,9.478
2025-12-25T22:12:04.113Z,48.906,0.104,5.075,16.560,0.00,3.7960,24.734333,46.698898,3.204,106.751,9.368
2025-12-25T22:12:04.307Z,48.909,0.104,5.077,16.560,0.00,3.7960,24.734333,46.698898,3.204,106.742,9.368
2025-12-25T22:12:04.317Z,48.897,0.145,7.101,16.560,0.00,3.7960,24.734333,46.698898,3.204,106.741,9.368
2025-12-25T22:12:04.601Z,48.883,0.197,9.626,16.560,0.00,3.7960,24.734333,46.698898,3.205,106.716,9.371
2025-12-25T22:12:04.728Z,48.840,0.330,16.103,16.560,0.00,3.7960,24.734333,46.698898,3.205,106.697,9.372
2025-12-25T22:12:05.049Z,48.811,0.439,21.441,16.560,0.00,3.7960,24.734333,46.698898,3.207,106.634,9.378
2025-12-25T22:12:05.049Z,48.804,0.661,32.253,16.560,0.00,3.7960,24.734333,46.698898,3.207,106.634,9.378
2025-12-25T22:12:05.431Z,48.757,0.575,28.044,15.950,0.00,3.8010,24.734331,46.698944,3.210,108.092,9.251
2025-12-25T22:12:05.498Z,48.749,0.624,30.403,15.950,0.00,3.8010,24.734331,46.698944,3.211,108.073,9.253
2025-12-25T22:12:05.502Z,48.456,1.478,71.617,15.950,0.00,3.8010,24.734331,46.698944,3.211,108.070,9.253
2025-12-25T22:12:05.728Z,47.741,3.602,171.960,15.950,0.00,3.8010,24.734331,46.698944,3.222,107.709,9.284
2025-12-25T22:12:05.852Z,47.739,3.563,170.078,15.950,0.00,3.8010,24.734331,46.698944,3.228,107.512,9.301
2025-12-25T22:12:06.243Z,47.756,3.506,167.423,15.950,0.00,3.8010,24.734331,46.698944,3.246,106.911,9.354
2025-12-25T22:12:06.243Z,47.737,3.590,171.362,15.650,0.00,3.8050,24.734333,46.698986,3.246,108.144,9.247
2025-12-25T22:12:06.301Z,47.651,3.817,181.867,15.650,0.00,3.8050,24.734333,46.698986,3.249,108.046,9.255
2025-12-25T22:12:06.546Z,47.754,3.493,166.830,15.650,0.00,3.8050,24.734333,46.698986,3.260,107.670,9.288
2025-12-25T22:12:06.683Z,47.542,4.127,196.215,15.650,0.00,3.8050,24.734333,46.698986,3.267,107.423,9.309
2025-12-25T22:12:06.683Z,47.543,4.106,195.229,15.650,0.00,3.8050,24.734333,46.698986,3.267,107.423,9.309
2025-12-25T22:12:06.956Z,47.550,3.774,179.435,15.650,0.00,3.8050,24.734333,46.698986,3.281,106.978,9.348
2025-12-25T22:12:07.085Z,47.525,4.158,197.630,16.040,0.00,3.8090,24.734344,46.699028,3.288,107.965,9.262
2025-12-25T22:12:07.432Z,47.844,3.175,151.922,16.040,0.00,3.8090,24.734344,46.699028,3.303,107.485,9.304
2025-12-25T22:12:07.433Z,47.627,3.837,182.724,16.040,0.00,3.8090,24.734344,46.699028,3.303,107.484,9.304
2025-12-25T22:12:07.781Z,47.778,3.335,159.328,16.040,0.00,3.8090,24.734344,46.699028,3.318,106.985,9.347
2025-12-25T22:12:07.797Z,47.525,4.096,194.682,16.040,0.00,3.8090,24.734344,46.699028,3.319,106.957,9.350
2025-12-25T22:12:07.798Z,47.639,3.648,173.795,16.040,0.00,3.8090,24.734344,46.699028,3.319,106.956,9.350
2025-12-25T22:12:08.083Z,47.500,4.325,205.453,16.040,0.00,3.8090,24.734344,46.699028,3.335,106.434,9.395
2025-12-25T22:12:08.198Z,47.637,3.769,179.559,16.560,0.00,3.8140,24.734364,46.699066,3.341,107.748,9.281
2025-12-25T22:12:08.595Z,47.530,3.231,153.579,16.560,0.00,3.8140,24.734364,46.699066,3.358,107.204,9.328
2025-12-25T22:12:08.596Z,47.466,4.179,198.349,16.560,0.00,3.8140,24.734364,46.699066,3.358,107.204,9.328
2025-12-25T22:12:08.611Z,47.660,3.703,176.469,16.560,0.00,3.8140,24.734364,46.699066,3.359,107.180,9.330
2025-12-25T22:12:08.902Z,47.446,4.456,211.435,16.560,0.00,3.8140,24.734364,46.699066,3.376,106.638,9.378
2025-12-25T22:12:09.029Z,47.496,4.035,191.637,16.560,0.00,3.8140,24.734364,46.699066,3.383,106.424,9.396
2025-12-25T22:12:09.029Z,47.384,4.436,210.175,16.610,0.00,3.8180,24.734392,46.699100,3.383,107.605,9.293
2025-12-25T22:12:09.414Z,47.426,4.385,207.954,16.610,0.00,3.8180,24.734392,46.699100,3.405,106.903,9.354
2025-12-25T22:12:09.444Z,47.371,4.444,210.518,16.610,0.00,3.8180,24.734392,46.699100,3.407,106.849,9.359
2025-12-25T22:12:09.721Z,47.353,4.572,216.517,16.610,0.00,3.8180,24.734392,46.699100,3.423,106.328,9.405
2025-12-25T22:12:09.722Z,47.547,3.957,188.131,16.610,0.00,3.8180,24.734392,46.699100,3.423,106.327,9.405
2025-12-25T22:12:09.927Z,47.383,4.368,206.963,16.610,0.00,3.8180,24.734392,46.699100,3.435,105.962,9.437
2025-12-25T22:12:10.335Z,47.387,4.464,211.542,17.130,0.00,3.8230,24.734426,46.699131,3.459,106.672,9.375
2025-12-25T22:12:10.335Z,47.455,4.241,201.258,17.130,0.00,3.8230,24.734426,46.699131,3.459,106.672,9.375
2025-12-25T22:12:10.358Z,47.386,4.394,208.226,17.130,0.00,3.8230,24.734426,46.699131,3.461,106.631,9.378
2025-12-25T22:12:10.643Z,47.400,4.349,206.142,17.130,0.00,3.8230,24.734426,46.699131,3.477,106.131,9.422
2025-12-25T22:12:10.763Z,47.438,4.384,207.971,17.130,0.00,3.8230,24.734426,46.699131,3.484,105.920,9.441
2025-12-25T22:12:10.763Z,47.435,4.249,201.570,17.130,0.00,3.8230,24.734426,46.699131,3.484,105.919,9.441
2025-12-25T22:12:11.154Z,47.448,4.214,199.970,17.130,0.00,3.8230,24.734426,46.699131,3.506,105.263,9.500
2025-12-25T22:12:11.175Z,47.408,4.358,206.599,17.710,0.00,3.8280,24.734467,46.699154,3.507,106.654,9.376
2025-12-25T22:12:11.383Z,47.369,4.490,212.678,17.710,0.00,3.8280,24.734467,46.699154,3.519,106.281,9.409
2025-12-25T22:12:11.383Z,47.380,4.529,214.588,17.710,0.00,3.8280,24.734467,46.699154,3.519,106.281,9.409
2025-12-25T22:12:11.578Z,48.048,2.353,113.067,17.710,0.00,3.8280,24.734467,46.699154,3.525,106.096,9.425
2025-12-25T22:12:11.973Z,48.658,0.671,32.644,17.710,0.00,3.8280,24.734467,46.699154,3.529,105.989,9.435
2025-12-25T22:12:11.998Z,48.756,0.399,19.477,17.710,0.00,3.8280,24.734467,46.699154,3.529,105.984,9.435
2025-12-25T22:12:11.999Z,48.780,0.311,15.154,18.690,0.00,3.8330,24.734510,46.699169,3.529,107.401,9.311
2025-12-25T22:12:12.282Z,48.826,0.227,11.073,18.690,0.00,3.8330,24.734510,46.699169,3.530,107.375,9.313
2025-12-25T22:12:12.404Z,48.850,0.163,7.946,18.690,0.00,3.8330,24.734510,46.699169,3.530,107.367,9.314
2025-12-25T22:12:12.896Z,48.872,0.094,4.584,18.690,0.00,3.8330,24.734510,46.699169,3.531,107.348,9.316
2025-12-25T22:12:12.896Z,48.886,0.069,3.357,18.690,0.00,3.8330,24.734510,46.699169,3.531,107.348,9.316
2025-12-25T22:12:12.921Z,48.882,0.091,4.468,18.690,0.00,3.8330,24.734510,46.699169,3.531,107.347,9.316
2025-12-25T22:12:13.203Z,48.894,0.067,3.285,18.690,0.00,3.8330,24.734510,46.699169,3.531,107.339,9.316
2025-12-25T22:12:13.203Z,48.897,0.063,3.104,19.460,0.00,3.8390,24.734560,46.699177,3.531,109.038,9.171
2025-12-25T22:12:13.322Z,48.899,0.065,3.199,19.460,0.00,3.8390,24.734560,46.699177,3.531,109.035,9.171
2025-12-25T22:12:13.714Z,48.898,0.075,3.663,19.460,0.00,3.8390,24.734560,46.699177,3.531,109.022,9.172
2025-12-25T22:12:13.752Z,48.904,0.064,3.117,19.460,0.00,3.8390,24.734560,46.699177,3.531,109.021,9.173
2025-12-25T22:12:13.753Z,48.906,0.065,3.190,19.460,0.00,3.8390,24.734560,46.699177,3.531,109.021,9.173
2025-12-25T22:12:14.022Z,48.905,0.073,3.565,19.460,0.00,3.8390,24.734560,46.699177,3.532,109.013,9.173
2025-12-25T22:12:14.148Z,48.909,0.071,3.474,20.190,0.00,3.8450,24.734610,46.699181,3.532,110.708,9.033
2025-12-25T22:12:14.534Z,48.909,0.074,3.623,20.190,0.00,3.8450,24.734610,46.699181,3.532,110.696,9.034
2025-12-25T22:12:14.569Z,48.915,0.064,3.114,20.190,0.00,3.8450,24.734610,46.699181,3.532,110.695,9.034
2025-12-25T22:12:14.569Z,48.916,0.064,3.139,20.190,0.00,3.8450,24.734610,46.699181,3.532,110.695,9.034
2025-12-25T22:12:14.842Z,48.917,0.069,3.366,20.190,0.00,3.8450,24.734610,46.699181,3.532,110.687,9.034
2025-12-25T22:12:14.959Z,48.917,0.073,3.588,20.190,0.00,3.8450,24.734610,46.699181,3.533,110.684,9.035
2025-12-25T22:12:15.288Z,48.922,0.065,3.178,20.870,0.00,3.8500,24.734659,46.699177,3.533,112.090,8.921
2025-12-25T22:12:15.288Z,48.922,0.067,3.258,20.870,0.00,3.8500,24.734659,46.699177,3.533,112.090,8.921
2025-12-25T22:12:15.483Z,48.921,0.075,3.671,20.870,0.00,3.8500,24.734659,46.699177,3.533,112.083,8.922
2025-12-25T22:12:15.483Z,48.928,0.064,3.121,20.870,0.00,3.8500,24.734659,46.699177,3.533,112.083,8.922
2025-12-25T22:12:15.688Z,48.929,0.066,3.220,20.870,0.00,3.8500,24.734659,46.699177,3.533,112.078,8.922
2025-12-25T22:12:15.968Z,48.928,0.071,3.477,20.870,0.00,3.8500,24.734659,46.699177,3.534,112.069,8.923
2025-12-25T22:12:16.149Z,48.923,0.091,4.444,20.870,0.00,3.8500,24.734659,46.699177,3.534,112.062,8.924
2025-12-25T22:12:16.162Z,48.933,0.064,3.147,20.830,0.00,3.8560,24.734711,46.699162,3.534,113.759,8.790
2025-12-25T22:12:16.297Z,48.935,0.066,3.211,20.830,0.00,3.8560,24.734711,46.699162,3.534,113.756,8.791
2025-12-25T22:12:16.582Z,48.931,0.076,3.703,20.830,0.00,3.8560,24.734711,46.699162,3.534,113.746,8.792
2025-12-25T22:12:16.706Z,48.936,0.068,3.343,20.830,0.00,3.8560,24.734711,46.699162,3.534,113.742,8.792
2025-12-25T22:12:17.093Z,48.938,0.064,3.140,20.830,0.00,3.8560,24.734711,46.699162,3.535,113.732,8.793
2025-12-25T22:12:17.093Z,48.940,0.064,3.136,20.830,0.00,3.8560,24.734711,46.699162,3.535,113.732,8.793
2025-12-25T22:12:17.119Z,48.941,0.065,3.181,19.720,0.00,3.8620,24.734758,46.699142,3.535,115.428,8.663
2025-12-25T22:12:17.605Z,48.938,0.077,3.760,19.720,0.00,3.8620,24.734758,46.699142,3.535,115.412,8.665
2025-12-25T22:12:17.605Z,48.944,0.065,3.204,19.720,0.00,3.8620,24.734758,46.699142,3.535,115.412,8.665
2025-12-25T22:12:17.665Z,48.941,0.076,3.712,19.720,0.00,3.8620,24.734758,46.699142,3.535,115.410,8.665
2025-12-25T22:12:17.843Z,48.947,0.064,3.141,19.720,0.00,3.8620,24.734758,46.699142,3.535,115.405,8.665
2025-12-25T22:12:17.843Z,48.944,0.076,3.700,19.720,0.00,3.8620,24.734758,46.699142,3.535,115.405,8.665
2025-12-25T22:12:18.037Z,48.948,0.069,3.380,19.710,0.00,3.8670,24.734802,46.699116,3.536,116.813,8.561
2025-12-25T22:12:18.263Z,48.946,0.075,3.660,19.710,0.00,3.8670,24.734802,46.699116,3.536,116.805,8.561
2025-12-25T22:12:18.448Z,48.948,0.076,3.723,19.710,0.00,3.8670,24.734802,46.699116,3.536,116.799,8.562
2025-12-25T22:12:18.449Z,48.954,0.064,3.139,19.710,0.00,3.8670,24.734802,46.699116,3.536,116.799,8.562
2025-12-25T22:12:18.824Z,48.953,0.065,3.190,19.710,0.00,3.8670,24.734802,46.699116,3.536,116.788,8.563
2025-12-25T22:12:18.851Z,48.953,0.070,3.438,19.710,0.00,3.8670,24.734802,46.699116,3.536,116.787,8.563
2025-12-25T22:12:19.072Z,48.953,0.075,3.671,19.710,0.00,3.8670,24.734802,46.699116,3.537,116.780,8.563
2025-12-25T22:12:19.273Z,48.958,0.065,3.203,19.210,0.00,3.8730,24.734842,46.699085,3.537,118.470,8.441
2025-12-25T22:12:19.273Z,48.958,0.067,3.263,19.210,0.00,3.8730,24.734842,46.699085,3.537,118.470,8.441
2025-12-25T22:12:19.479Z,48.956,0.074,3.616,19.210,0.00,3.8730,24.734842,46.699085,3.537,118.463,8.441
2025-12-25T22:12:19.787Z,48.958,0.070,3.451,19.210,0.00,3.8730,24.734842,46.699085,3.537,118.453,8.442
2025-12-25T22:12:19.787Z,48.962,0.067,3.263,19.210,0.00,3.8730,24.734842,46.699085,3.537,118.453,8.442
2025-12-25T22:12:19.991Z,48.951,0.100,4.900,19.210,0.00,3.8730,24.734842,46.699085,3.538,118.444,8.443
2025-12-25T22:12:20.268Z,48.960,0.079,3.874,18.610,0.00,3.8780,24.734879,46.699051,3.538,119.847,8.344
2025-12-25T22:12:20.268Z,48.962,0.074,3.609,18.610,0.00,3.8780,24.734879,46.699051,3.538,119.847,8.344
2025-12-25T22:12:20.393Z,48.956,0.096,4.695,18.610,0.00,3.8780,24.734879,46.699051,3.538,119.842,8.344
2025-12-25T22:12:20.626Z,48.942,0.137,6.691,18.610,0.00,3.8780,24.734879,46.699051,3.538,119.827,8.345
2025-12-25T22:12:20.798Z,48.946,0.138,6.776,18.610,0.00,3.8780,24.734879,46.699051,3.539,119.816,8.346
2025-12-25T22:12:20.798Z,48.954,0.107,5.255,18.610,0.00,3.8780,24.734879,46.699051,3.539,119.816,8.346
2025-12-25T22:12:21.087Z,48.909,0.252,12.320,18.610,0.00,3.8780,24.734879,46.699051,3.540,119.783,8.348
2025-12-25T22:12:21.262Z,48.900,0.275,13.433,18.240,0.00,3.8830,24.734911,46.699017,3.540,121.173,8.253
2025-12-25T22:12:21.420Z,48.901,0.284,13.869,18.240,0.00,3.8830,24.734911,46.699017,3.541,121.152,8.254
2025-12-25T22:12:21.613Z,48.918,0.243,11.902,18.240,0.00,3.8830,24.734911,46.699017,3.542,121.130,8.256
2025-12-25T22:12:21.614Z,48.889,0.323,15.783,18.240,0.00,3.8830,24.734911,46.699017,3.542,121.130,8.256
2025-12-25T22:12:21.906Z,48.861,0.414,20.207,18.240,0.00,3.8830,24.734911,46.699017,3.543,121.074,8.259
2025-12-25T22:12:22.076Z,48.897,0.288,14.066,18.240,0.00,3.8830,24.734911,46.699017,3.544,121.052,8.261
2025-12-25T22:12:22.245Z,48.848,0.437,21.323,17.740,0.00,3.8880,24.734938,46.698975,3.545,122.428,8.168
2025-12-25T22:12:22.249Z,48.868,0.392,19.150,17.740,0.00,3.8880,24.734938,46.698975,3.545,122.427,8.168
2025-12-25T22:12:22.435Z,48.891,0.345,16.892,17.740,0.00,3.8880,24.734938,46.698975,3.546,122.397,8.170
2025-12-25T22:12:22.835Z,48.865,0.464,22.671,17.740,0.00,3.8880,24.734938,46.698975,3.548,122.310,8.176
2025-12-25T22:12:22.972Z,48.860,0.423,20.674,17.740,0.00,3.8880,24.734938,46.698975,3.549,122.283,8.178
2025-12-25T22:12:22.972Z,48.826,0.544,26.573,17.740,0.00,3.8880,24.734938,46.698975,3.549,122.283,8.178
2025-12-25T22:12:23.154Z,48.832,0.498,24.319,17.090,0.00,3.8930,24.734959,46.698933,3.550,123.649,8.087
2025-12-25T22:12:23.154Z,48.861,0.409,19.992,17.090,0.00,3.8930,24.734959,46.698933,3.550,123.649,8.087
2025-12-25T22:12:23.441Z,48.834,0.466,22.775,17.090,0.00,3.8930,24.734959,46.698933,3.552,123.586,8.092
2025-12-25T22:12:23.580Z,48.834,0.493,24.063,17.090,0.00,3.8930,24.734959,46.698933,3.553,123.553,8.094
2025-12-25T22:12:23.852Z,48.844,0.488,23.848,17.090,0.00,3.8930,24.734959,46.698933,3.555,123.491,8.098
2025-12-25T22:12:23.971Z,48.834,0.516,25.177,17.090,0.00,3.8930,24.734959,46.698933,3.556,123.462,8.100
2025-12-25T22:12:23.971Z,48.793,0.600,29.295,17.090,0.00,3.8930,24.734959,46.698933,3.556,123.462,8.100
2025-12-25T22:12:24.178Z,48.669,0.981,47.725,16.630,0.00,3.8980,24.734974,46.698891,3.558,124.772,8.015
2025-12-25T22:12:24.376Z,48.644,1.079,52.477,16.630,0.00,3.8980,24.734974,46.698891,3.561,124.670,8.021
2025-12-25T22:12:24.671Z,48.646,1.052,51.193,16.630,0.00,3.8980,24.734974,46.698891,3.566,124.524,8.031
2025-12-25T22:12:24.671Z,48.532,1.406,68.256,16.630,0.00,3.8980,24.734974,46.698891,3.566,124.524,8.031
2025-12-25T22:12:24.783Z,47.899,3.190,152.775,16.630,0.00,3.8980,24.734974,46.698891,3.570,124.358,8.041
2025-12-25T22:12:25.019Z,47.870,3.260,156.044,16.630,0.00,3.8980,24.734974,46.698891,3.581,124.003,8.064
2025-12-25T22:12:25.204Z,47.860,3.387,162.124,16.370,0.00,3.9020,24.734982,46.698845,3.589,124.829,8.011
2025-12-25T22:12:25.204Z,47.908,3.162,151.483,16.370,0.00,3.9020,24.734982,46.698845,3.589,124.829,8.011
2025-12-25T22:12:25.595Z,47.971,2.831,135.805,16.370,0.00,3.9020,24.734982,46.698845,3.604,124.319,8.044
2025-12-25T22:12:25.595Z,48.015,2.784,133.669,16.370,0.00,3.9020,24.734982,46.698845,3.604,124.318,8.044
2025-12-25T22:12:25.708Z,48.014,2.872,137.895,16.370,0.00,3.9020,24.734982,46.698845,3.608,124.169,8.054
2025-12-25T22:12:26.003Z,48.030,2.838,136.310,16.370,0.00,3.9020,24.734982,46.698845,3.619,123.786,8.078
2025-12-25T22:12:26.140Z,47.949,3.058,146.623,16.590,0.00,3.9070,24.734982,46.698799,3.625,124.975,8.002
2025-12-25T22:12:26.413Z,48.008,2.922,140.278,16.590,0.00,3.9070,24.734982,46.698799,3.635,124.609,8.025
2025-12-25T22:12:26.414Z,48.017,2.900,139.269,16.590,0.00,3.9070,24.734982,46.698799,3.635,124.609,8.025
2025-12-25T22:12:26.823Z,48.034,2.829,135.868,16.590,0.00,3.9070,24.734982,46.698799,3.651,124.082,8.059
2025-12-25T22:12:26.823Z,48.004,2.882,138.353,16.590,0.00,3.9070,24.734982,46.698799,3.651,124.082,8.059
2025-12-25T22:12:26.848Z,48.011,2.789,133.919,16.590,0.00,3.9070,24.734982,46.698799,3.652,124.049,8.061
2025-12-25T22:12:27.129Z,48.123,2.573,123.822,16.590,0.00,3.9070,24.734982,46.698799,3.661,123.722,8.083
2025-12-25T22:12:27.258Z,47.904,3.125,149.711,16.280,0.00,3.9110,24.734974,46.698757,3.667,124.632,8.024
2025-12-25T22:12:27.258Z,48.140,2.457,118.269,16.280,0.00,3.9110,24.734974,46.698757,3.667,124.632,8.024
2025-12-25T22:12:27.642Z,48.082,2.640,126.944,16.280,0.00,3.9110,24.734974,46.698757,3.680,124.174,8.053
2025-12-25T22:12:27.675Z,48.157,2.394,115.303,16.280,0.00,3.9110,24.734974,46.698757,3.681,124.138,8.056
2025-12-25T22:12:27.949Z,48.182,2.332,112.358,16.280,0.00,3.9110,24.734974,46.698757,3.690,123.850,8.074
2025-12-25T22:12:27.957Z,48.154,2.439,117.454,16.280,0.00,3.9110,24.734974,46.698757,3.690,123.842,8.075
2025-12-25T22:12:28.153Z,48.110,2.495,120.016,16.460,0.00,3.9160,24.734955,46.698715,3.697,124.975,8.002
2025-12-25T22:12:28.283Z,48.107,2.592,124.713,16.460,0.00,3.9160,24.734955,46.698715,3.701,124.824,8.011
2025-12-25T22:12:28.489Z,48.140,2.448,117.864,16.460,0.00,3.9160,24.734955,46.698715,3.708,124.596,8.026
2025-12-25T22:12:28.768Z,48.178,2.296,110.639,16.460,0.00,3.9160,24.734955,46.698715,3.717,124.309,8.044
2025-12-25T22:12:28.768Z,48.127,2.434,117.128,16.460,0.00,3.9160,24.734955,46.698715,3.717,124.309,8.044
2025-12-25T22:12:28.897Z,48.139,2.458,118.306,16.460,0.00,3.9160,24.734955,46.698715,3.721,124.167,8.054
2025-12-25T22:12:29.177Z,48.175,2.338,112.652,16.480,0.00,3.9210,24.734926,46.698681,3.730,125.216,7.986
2025-12-25T22:12:29.308Z,48.157,2.337,112.548,16.480,0.00,3.9210,24.734926,46.698681,3.734,125.078,7.995
2025-12-25T22:12:29.309Z,48.200,2.228,107.395,16.480,0.00,3.9210,24.734926,46.698681,3.734,125.078,7.995
2025-12-25T22:12:29.586Z,48.218,2.201,106.137,16.480,0.00,3.9210,24.734926,46.698681,3.742,124.804,8.013
2025-12-25T22:12:29.718Z,48.256,2.121,102.336,16.480,0.00,3.9210,24.734926,46.698681,3.746,124.680,8.021
2025-12-25T22:12:29.996Z,48.212,2.211,106.577,16.480,0.00,3.9210,24.734926,46.698681,3.754,124.406,8.038
2025-12-25T22:12:29.997Z,48.254,2.121,102.329,16.480,0.00,3.9210,24.734926,46.698681,3.754,124.406,8.038
2025-12-25T22:12:30.122Z,48.164,2.340,112.703,16.780,0.00,3.9250,24.734896,46.698650,3.758,125.340,7.978
2025-12-25T22:12:30.406Z,48.251,2.097,101.195,16.780,0.00,3.9250,24.734896,46.698650,3.766,125.074,7.995
2025-12-25T22:12:30.714Z,48.186,2.301,110.858,16.780,0.00,3.9250,24.734896,46.698650,3.775,124.761,8.015
2025-12-25T22:12:30.714Z,48.220,2.203,106.231,16.780,0.00,3.9250,24.734896,46.698650,3.775,124.760,8.015
2025-12-25T22:12:31.021Z,48.186,2.284,110.072,16.780,0.00,3.9250,24.734896,46.698650,3.785,124.450,8.035
2025-12-25T22:12:31.022Z,48.175,2.325,112.001,16.780,0.00,3.9250,24.734896,46.698650,3.785,124.450,8.035
2025-12-25T22:12:31.153Z,48.141,2.436,117.281,16.910,0.00,3.9300,24.734863,46.698620,3.789,125.630,7.960
2025-12-25T22:12:31.458Z,48.197,2.253,108.594,16.910,0.00,3.9300,24.734863,46.698620,3.798,125.325,7.979
2025-12-25T22:12:31.459Z,48.164,2.389,115.070,16.910,0.00,3.9300,24.734863,46.698620,3.798,125.324,7.979
2025-12-25T22:12:31.653Z,48.121,2.458,118.258,16.910,0.00,3.9300,24.734863,46.698620,3.805,125.115,7.993
2025-12-25T22:12:31.653Z,48.124,2.467,118.746,16.910,0.00,3.9300,24.734863,46.698620,3.805,125.114,7.993
2025-12-25T22:12:31.942Z,48.023,2.754,132.245,16.910,0.00,3.9300,24.734863,46.698620,3.815,124.766,8.015
2025-12-25T22:12:32.068Z,47.677,3.833,182.721,16.910,0.00,3.9300,24.734863,46.698620,3.822,124.556,8.028
2025-12-25T22:12:32.278Z,47.646,3.850,183.441,16.800,0.00,3.9340,24.734827,46.698601,3.832,125.253,7.984
2025-12-25T22:12:32.278Z,47.640,3.919,186.693,16.800,0.00,3.9340,24.734827,46.698601,3.832,125.253,7.984
2025-12-25T22:12:32.556Z,47.683,3.762,179.364,16.800,0.00,3.9340,24.734827,46.698601,3.846,124.801,8.013
2025-12-25T22:12:32.966Z,47.654,3.929,187.236,16.800,0.00,3.9340,24.734827,46.698601,3.867,124.114,8.057
2025-12-25T22:12:32.975Z,47.618,3.963,188.693,16.800,0.00,3.9340,24.734827,46.698601,3.868,124.098,8.058
2025-12-25T22:12:33.011Z,47.590,3.964,188.625,16.800,0.00,3.9340,24.734827,46.698601,3.870,124.039,8.062
2025-12-25T22:12:33.188Z,47.591,3.914,186.290,17.060,0.00,3.9390,24.734789,46.698586,3.879,125.034,7.998
2025-12-25T22:12:33.399Z,47.435,4.410,209.181,17.060,0.00,3.9390,24.734789,46.698586,3.891,124.641,8.023
2025-12-25T22:12:33.399Z,47.516,4.155,197.420,17.060,0.00,3.9390,24.734789,46.698586,3.891,124.640,8.023
2025-12-25T22:12:33.888Z,47.517,4.194,199.286,17.060,0.00,3.9390,24.734789,46.698586,3.918,123.779,8.079
2025-12-25T22:12:33.888Z,47.545,4.100,194.954,17.060,0.00,3.9390,24.734789,46.698586,3.918,123.778,8.079
2025-12-25T22:12:33.918Z,47.528,4.163,197.869,17.060,0.00,3.9390,24.734789,46.698586,3.920,123.727,8.082
2025-12-25T22:12:34.118Z,47.572,3.969,188.823,17.480,0.00,3.9440,24.734745,46.698578,3.930,124.669,8.021
2025-12-25T22:12:34.466Z,47.498,4.245,201.618,17.480,0.00,3.9440,24.734745,46.698578,3.950,124.053,8.061
2025-12-25T22:12:34.467Z,47.512,4.209,199.965,17.480,0.00,3.9440,24.734745,46.698578,3.950,124.053,8.061
2025-12-25T22:12:34.524Z,47.501,4.141,196.685,17.480,0.00,3.9440,24.734745,46.698578,3.953,123.955,8.067
2025-12-25T22:12:34.809Z,47.510,4.084,194.033,17.480,0.00,3.9440,24.734745,46.698578,3.968,123.475,8.099
2025-12-25T22:12:34.944Z,47.655,3.817,181.885,17.480,0.00,3.9440,24.734745,46.698578,3.975,123.263,8.113
2025-12-25T22:12:34.944Z,47.598,3.779,179.887,17.480,0.00,3.9440,24.734745,46.698578,3.975,123.263,8.113
2025-12-25T22:12:35.322Z,47.551,4.035,191.874,17.710,0.00,3.9490,24.734701,46.698574,3.995,123.892,8.072
2025-12-25T22:12:35.358Z,47.544,4.164,197.994,17.710,0.00,3.9490,24.734701,46.698574,3.997,123.832,8.075
2025-12-25T22:12:35.548Z,47.528,4.090,194.388,17.710,0.00,3.9490,24.734701,46.698574,4.008,123.515,8.096
2025-12-25T22:12:35.833Z,47.513,4.186,198.887,17.710,0.00,3.9490,24.734701,46.698574,4.023,123.031,8.128
2025-12-25T22:12:35.833Z,47.497,3.986,189.338,17.710,0.00,3.9490,24.734701,46.698574,4.023,123.031,8.128
2025-12-25T22:12:36.140Z,47.513,4.251,201.962,17.710,0.00,3.9490,24.734701,46.698574,4.041,122.506,8.163
2025-12-25T22:12:36.141Z,47.476,4.361,207.025,18.040,0.00,3.9540,24.734655,46.698582,4.041,123.743,8.081
2025-12-25T22:12:36.346Z,47.467,4.359,206.893,18.040,0.00,3.9540,24.734655,46.698582,4.052,123.382,8.105
2025-12-25T22:12:36.468Z,47.438,4.396,208.525,18.040,0.00,3.9540,24.734655,46.698582,4.060,123.167,8.119
2025-12-25T22:12:36.758Z,47.501,4.162,197.713,18.040,0.00,3.9540,24.734655,46.698582,4.075,122.687,8.151
2025-12-25T22:12:36.758Z,47.373,4.327,204.998,18.040,0.00,3.9540,24.734655,46.698582,4.075,122.686,8.151
2025-12-25T22:12:36.894Z,47.475,4.341,206.099,18.040,0.00,3.9540,24.734655,46.698582,4.083,122.453,8.166
2025-12-25T22:12:37.267Z,47.453,4.430,210.237,18.500,0.00,3.9590,24.734612,46.698593,4.105,123.021,8.129
2025-12-25T22:12:37.278Z,47.481,4.239,201.269,18.500,0.00,3.9590,24.734612,46.698593,4.106,123.002,8.130
2025-12-25T22:12:37.471Z,47.568,3.981,189.380,18.500,0.00,3.9590,24.734612,46.698593,4.116,122.699,8.150
2025-12-25T22:12:37.588Z,47.402,4.428,209.879,18.500,0.00,3.9590,24.734612,46.698593,4.123,122.496,8.164
2025-12-25T22:12:37.881Z,47.553,4.100,194.980,18.500,0.00,3.9590,24.734612,46.698593,4.138,122.025,8.195
2025-12-25T22:12:37.882Z,47.516,4.130,196.245,18.500,0.00,3.9590,24.734612,46.698593,4.138,122.025,8.195
2025-12-25T22:12:38.003Z,47.645,3.644,173.606,18.500,0.00,3.9590,24.734612,46.698593,4.144,121.853,8.207
2025-12-25T22:12:38.394Z,47.490,4.187,198.819,18.760,0.00,3.9640,24.734568,46.698612,4.166,122.421,8.169
2025-12-25T22:12:38.395Z,47.368,4.403,208.560,18.760,0.00,3.9640,24.734568,46.698612,4.166,122.420,8.169
2025-12-25T22:12:38.604Z,47.439,4.174,197.999,18.760,0.00,3.9640,24.734568,46.698612,4.177,122.084,8.191
2025-12-25T22:12:38.730Z,47.420,4.306,204.193,18.760,0.00,3.9640,24.734568,46.698612,4.185,121.875,8.205
2025-12-25T22:12:38.730Z,47.446,4.297,203.862,18.760,0.00,3.9640,24.734568,46.698612,4.185,121.874,8.205
2025-12-25T22:12:38.929Z,47.420,4.310,204.375,18.760,0.00,3.9640,24.734568,46.698612,4.196,121.546,8.227
2025-12-25T22:12:39.179Z,47.413,4.330,205.306,19.060,0.00,3.9690,24.734526,46.698635,4.210,122.323,8.175
2025-12-25T22:12:39.344Z,47.381,4.452,210.931,19.060,0.00,3.9690,24.734526,46.698635,4.220,122.043,8.194
2025-12-25T22:12:39.344Z,47.408,4.392,208.228,19.060,0.00,3.9690,24.734526,46.698635,4.220,122.043,8.194
2025-12-25T22:12:39.622Z,47.385,4.509,213.638,19.060,0.00,3.9690,24.734526,46.698635,4.236,121.568,8.226
2025-12-25T22:12:39.753Z,47.412,4.314,204.513,19.060,0.00,3.9690,24.734526,46.698635,4.244,121.354,8.240
2025-12-25T22:12:40.135Z,47.396,4.360,206.631,19.060,0.00,3.9690,24.734526,46.698635,4.266,120.730,8.283
2025-12-25T22:12:40.135Z,47.408,4.368,207.066,19.540,0.00,3.9750,24.734486,46.698666,4.266,122.137,8.188
2025-12-25T22:12:40.190Z,47.436,4.291,203.541,19.540,0.00,3.9750,24.734486,46.698666,4.269,122.047,8.194
2025-12-25T22:12:40.348Z,47.433,4.231,200.704,19.540,0.00,3.9750,24.734486,46.698666,4.278,121.796,8.210
2025-12-25T22:12:40.584Z,47.389,4.423,209.603,19.540,0.00,3.9750,24.734486,46.698666,4.291,121.407,8.237
2025-12-25T22:12:41.061Z,47.434,4.217,200.020,19.540,0.00,3.9750,24.734486,46.698666,4.318,120.661,8.288
2025-12-25T22:12:41.061Z,47.405,4.367,207.019,19.540,0.00,3.9750,24.734486,46.698666,4.318,120.661,8.288
2025-12-25T22:12:41.083Z,47.394,4.388,207.951,19.540,0.00,3.9750,24.734486,46.698666,4.319,120.626,8.290
2025-12-25T22:12:41.083Z,47.479,4.188,198.834,18.820,0.00,3.9800,24.734449,46.698700,4.319,121.784,8.211
2025-12-25T22:12:41.363Z,47.369,4.544,215.244,18.820,0.00,3.9800,24.734449,46.698700,4.336,121.313,8.243
2025-12-25T22:12:41.488Z,47.316,4.632,219.168,18.820,0.00,3.9800,24.734449,46.698700,4.344,121.100,8.258
2025-12-25T22:12:41.783Z,47.322,4.647,219.904,18.820,0.00,3.9800,24.734449,46.698700,4.362,120.600,8.292
2025-12-25T22:12:41.783Z,47.324,4.600,217.677,18.820,0.00,3.9800,24.734449,46.698700,4.362,120.600,8.292
2025-12-25T22:12:41.912Z,47.248,4.572,216.010,18.820,0.00,3.9800,24.734449,46.698700,4.369,120.387,8.307
2025-12-25T22:12:42.181Z,47.265,4.776,225.749,18.300,0.00,3.9850,24.734417,46.698734,4.386,121.064,8.260
2025-12-25T22:12:42.319Z,47.475,4.140,196.524,18.300,0.00,3.9850,24.734417,46.698734,4.394,120.856,8.274
2025-12-25T22:12:42.693Z,47.484,4.083,193.854,18.300,0.00,3.9850,24.734417,46.698734,4.414,120.304,8.312
2025-12-25T22:12:42.693Z,47.532,3.941,187.308,18.300,0.00,3.9850,24.734417,46.698734,4.414,120.304,8.312
2025-12-25T22:12:42.898Z,47.352,4.523,214.173,18.300,0.00,3.9850,24.734417,46.698734,4.426,119.973,8.335
2025-12-25T22:12:42.904Z,47.280,4.685,221.528,18.300,0.00,3.9850,24.734417,46.698734,4.426,119.963,8.336
2025-12-25T22:12:43.020Z,47.288,4.628,218.826,18.300,0.00,3.9850,24.734417,46.698734,4.433,119.773,8.349
2025-12-25T22:12:43.308Z,47.414,4.204,199.319,17.520,0.00,3.9900,24.734390,46.698772,4.449,120.467,8.301
2025-12-25T22:12:43.427Z,47.279,4.705,222.443,17.520,0.00,3.9900,24.734390,46.698772,4.457,120.268,8.315
2025-12-25T22:12:43.427Z,47.282,4.579,216.519,17.520,0.00,3.9900,24.734390,46.698772,4.457,120.268,8.315
2025-12-25T22:12:43.820Z,47.385,4.303,203.883,17.520,0.00,3.9900,24.734390,46.698772,4.479,119.670,8.356
2025-12-25T22:12:43.836Z,47.276,4.646,219.642,17.520,0.00,3.9900,24.734390,46.698772,4.480,119.644,8.358
2025-12-25T22:12:44.128Z,47.679,3.416,162.893,17.520,0.00,3.9900,24.734390,46.698772,4.493,119.292,8.383
2025-12-25T22:12:44.129Z,47.258,4.764,225.137,16.670,0.00,3.9950,24.734367,46.698814,4.493,120.404,8.305
2025-12-25T22:12:44.269Z,47.285,4.722,223.297,16.670,0.00,3.9950,24.734367,46.698814,4.502,120.172,8.321
2025-12-25T22:12:44.453Z,47.294,4.508,213.206,16.670,0.00,3.9950,24.734367,46.698814,4.513,119.881,8.342
2025-12-25T22:12:44.668Z,47.191,4.872,229.927,16.670,0.00,3.9950,24.734367,46.698814,4.527,119.517,8.367
2025-12-25T22:12:44.949Z,47.267,4.508,213.055,16.670,0.00,3.9950,24.734367,46.698814,4.543,119.080,8.398
2025-12-25T22:12:44.949Z,47.259,4.677,221.054,16.670,0.00,3.9950,24.734367,46.698814,4.543,119.080,8.398
2025-12-25T22:12:45.082Z,47.387,4.379,207.493,16.350,0.00,4.0000,24.734350,46.698856,4.551,119.978,8.335
2025-12-25T22:12:45.355Z,47.343,4.466,211.445,16.350,0.00,4.0000,24.734350,46.698856,4.567,119.556,8.364
2025-12-25T22:12:45.487Z,47.297,4.646,219.751,16.350,0.00,4.0000,24.734350,46.698856,4.575,119.345,8.379
2025-12-25T22:12:45.488Z,47.335,4.514,213.652,16.350,0.00,4.0000,24.734350,46.698856,4.575,119.344,8.379
2025-12-25T22:12:45.688Z,47.274,4.645,219.608,16.350,0.00,4.0000,24.734350,46.698856,4.587,119.027,8.401
2025-12-25T22:12:46.073Z,47.308,4.431,209.611,16.350,0.00,4.0000,24.734350,46.698856,4.610,118.448,8.443
2025-12-25T22:12:46.074Z,47.271,4.577,216.347,16.350,0.00,4.0000,24.734350,46.698856,4.610,118.447,8.443
2025-12-25T22:12:46.298Z,47.326,4.449,210.545,16.610,0.00,4.0040,24.734339,46.698898,4.623,118.976,8.405
2025-12-25T22:12:46.299Z,47.307,4.501,212.951,16.610,0.00,4.0040,24.734339,46.698898,4.623,118.975,8.405
2025-12-25T22:12:46.513Z,47.425,4.175,197.992,16.610,0.00,4.0040,24.734339,46.698898,4.635,118.672,8.427
2025-12-25T22:12:46.704Z,47.282,4.569,216.013,16.610,0.00,4.0040,24.734339,46.698898,4.646,118.381,8.447
2025-12-25T22:12:46.704Z,47.269,4.605,217.671,16.610,0.00,4.0040,24.734339,46.698898,4.646,118.380,8.447
2025-12-25T22:12:46.995Z,47.350,4.275,202.401,16.610,0.00,4.0040,24.734339,46.698898,4.662,117.965,8.477
2025-12-25T22:12:47.111Z,47.427,4.095,194.203,17.060,0.00,4.0090,24.734339,46.698948,4.669,118.878,8.412
2025-12-25T22:12:47.322Z,47.236,4.807,227.075,17.060,0.00,4.0090,24.734339,46.698948,4.682,118.539,8.436
2025-12-25T22:12:47.714Z,47.546,3.778,179.647,17.060,0.00,4.0090,24.734339,46.698948,4.702,118.047,8.471
2025-12-25T22:12:47.714Z,47.346,4.423,209.428,17.060,0.00,4.0090,24.734339,46.698948,4.702,118.047,8.471
2025-12-25T22:12:47.916Z,47.414,4.238,200.952,17.060,0.00,4.0090,24.734339,46.698948,4.713,117.764,8.492
2025-12-25T22:12:47.916Z,47.391,4.184,198.292,17.060,0.00,4.0090,24.734339,46.698948,4.713,117.763,8.492
2025-12-25T22:12:48.033Z,47.425,4.155,197.068,17.560,0.00,4.0140,24.734346,46.698994,4.719,118.664,8.427
2025-12-25T22:12:48.327Z,47.355,4.370,206.927,17.560,0.00,4.0140,24.734346,46.698994,4.736,118.240,8.457
2025-12-25T22:12:48.634Z,47.310,4.454,210.735,17.560,0.00,4.0140,24.734346,46.698994,4.754,117.793,8.489
2025-12-25T22:12:48.634Z,47.323,4.420,209.157,17.560,0.00,4.0140,24.734346,46.698994,4.754,117.793,8.489
2025-12-25T22:12:48.754Z,47.560,3.747,178.217,17.560,0.00,4.0140,24.734346,46.698994,4.760,117.646,8.500
2025-12-25T22:12:48.754Z,47.437,4.013,190.375,17.560,0.00,4.0140,24.734346,46.698994,4.760,117.646,8.500
2025-12-25T22:12:49.042Z,47.668,3.360,160.163,17.560,0.00,4.0140,24.734346,46.698994,4.773,117.330,8.523
2025-12-25T22:12:49.173Z,47.332,4.385,207.572,17.910,0.00,4.0190,24.734365,46.699039,4.780,118.191,8.461
2025-12-25T22:12:49.374Z,47.636,3.586,170.840,17.910,0.00,4.0190,24.734365,46.699039,4.790,117.956,8.478
2025-12-25T22:12:49.588Z,47.461,3.933,186.641,17.910,0.00,4.0190,24.734365,46.699039,4.801,117.683,8.497
2025-12-25T22:12:49.588Z,47.289,4.371,206.713,17.910,0.00,4.0190,24.734365,46.699039,4.801,117.683,8.497
2025-12-25T22:12:49.788Z,47.394,4.148,196.593,17.910,0.00,4.0190,24.734365,46.699039,4.812,117.416,8.517
2025-12-25T22:12:49.992Z,47.490,3.960,188.052,17.910,0.00,4.0190,24.734365,46.699039,4.823,117.156,8.536
2025-12-25T22:12:50.375Z,47.391,4.110,194.767,18.090,0.00,4.0240,24.734390,46.699078,4.843,117.688,8.497
2025-12-25T22:12:50.375Z,47.393,4.119,195.204,18.090,0.00,4.0240,24.734390,46.699078,4.843,117.687,8.497
2025-12-25T22:12:50.394Z,47.427,4.195,198.946,18.090,0.00,4.0240,24.734390,46.699078,4.844,117.662,8.499
2025-12-25T22:12:50.784Z,47.393,4.326,205.005,18.090,0.00,4.0240,24.734390,46.699078,4.867,117.125,8.538
2025-12-25T22:12:50.807Z,47.393,4.118,195.145,18.090,0.00,4.0240,24.734390,46.699078,4.868,117.095,8.540
2025-12-25T22:12:50.807Z,47.404,4.310,204.322,18.090,0.00,4.0240,24.734390,46.699078,4.868,117.094,8.540
2025-12-25T22:12:51.193Z,47.407,4.238,200.904,18.090,0.00,4.0240,24.734390,46.699078,4.889,116.578,8.578
2025-12-25T22:12:51.199Z,47.339,4.122,195.155,18.540,0.00,4.0290,24.734425,46.699112,4.890,117.594,8.504
2025-12-25T22:12:51.317Z,47.405,4.267,202.266,18.540,0.00,4.0290,24.734425,46.699112,4.896,117.435,8.515
2025-12-25T22:12:51.523Z,47.367,4.265,202.029,18.540,0.00,4.0290,24.734425,46.699112,4.908,117.158,8.535
2025-12-25T22:12:51.808Z,47.358,4.325,204.834,18.540,0.00,4.0290,24.734425,46.699112,4.924,116.772,8.564
2025-12-25T22:12:51.939Z,47.404,4.197,198.949,18.540,0.00,4.0290,24.734425,46.699112,4.931,116.601,8.576
2025-12-25T22:12:51.948Z,47.414,4.046,191.834,18.540,0.00,4.0290,24.734425,46.699112,4.932,116.589,8.577
2025-12-25T22:12:52.171Z,47.360,4.225,200.108,18.980,0.00,4.0340,24.734465,46.699142,4.944,117.309,8.524
2025-12-25T22:12:52.330Z,47.298,4.417,208.922,18.980,0.00,4.0340,24.734465,46.699142,4.953,117.090,8.540
2025-12-25T22:12:52.626Z,47.337,4.330,204.958,18.980,0.00,4.0340,24.734465,46.699142,4.970,116.693,8.569
2025-12-25T22:12:52.626Z,47.350,4.266,201.990,18.980,0.00,4.0340,24.734465,46.699142,4.970,116.693,8.569
2025-12-25T22:12:53.037Z,47.846,2.811,134.495,18.980,0.00,4.0340,24.734465,46.699142,4.986,116.334,8.596
2025-12-25T22:12:53.037Z,48.504,0.866,42.005,18.980,0.00,4.0340,24.734465,46.699142,4.986,116.334,8.596
2025-12-25T22:12:53.168Z,48.672,0.413,20.086,19.950,0.00,4.0400,24.734510,46.699165,4.986,117.520,8.509
2025-12-25T22:12:53.168Z,48.704,0.312,15.196,19.950,0.00,4.0400,24.734510,46.699165,4.986,117.520,8.509
2025-12-25T22:12:53.368Z,48.739,0.258,12.561,19.950,0.00,4.0400,24.734510,46.699165,4.987,117.504,8.510
2025-12-25T22:12:53.753Z,48.767,0.174,8.487,19.950,0.00,4.0400,24.734510,46.699165,4.988,117.482,8.512
2025-12-25T22:12:53.753Z,48.792,0.107,5.241,19.950,0.00,4.0400,24.734510,46.699165,4.988,117.482,8.512
2025-12-25T22:12:53.872Z,48.803,0.088,4.289,19.950,0.00,4.0400,24.734510,46.699165,4.988,117.479,8.512
2025-12-25T22:12:54.162Z,48.812,0.071,3.447,19.950,0.00,4.0400,24.734510,46.699165,4.988,117.472,8.513
2025-12-25T22:12:54.303Z,48.818,0.065,3.158,20.430,0.00,4.0450,24.734560,46.699181,4.989,118.472,8.441
2025-12-25T22:12:54.303Z,48.820,0.067,3.291,20.430,0.00,4.0450,24.734560,46.699181,4.989,118.472,8.441
2025-12-25T22:12:54.573Z,48.823,0.065,3.177,20.430,0.00,4.0450,24.734560,46.699181,4.989,118.466,8.441
2025-12-25T22:12:54.703Z,48.822,0.075,3.645,20.430,0.00,4.0450,24.734560,46.699181,4.989,118.463,8.441
2025-12-25T22:12:54.982Z,48.824,0.081,3.949,20.430,0.00,4.0450,24.734560,46.699181,4.989,118.456,8.442
2025-12-25T22:12:54.982Z,48.830,0.065,3.195,20.430,0.00,4.0450,24.734560,46.699181,4.989,118.456,8.442
2025-12-25T22:12:55.108Z,48.833,0.065,3.187,21.220,0.00,4.0510,24.734612,46.699177,4.989,119.656,8.357
2025-12-25T22:12:55.391Z,48.831,0.077,3.755,21.220,0.00,4.0510,24.734612,46.699177,4.990,119.648,8.358
2025-12-25T22:12:55.522Z,48.838,0.065,3.193,21.220,0.00,4.0510,24.734612,46.699177,4.990,119.646,8.358
2025-12-25T22:12:55.523Z,48.840,0.064,3.141,21.220,0.00,4.0510,24.734612,46.699177,4.990,119.646,8.358
2025-12-25T22:12:55.904Z,48.841,0.067,3.290,21.220,0.00,4.0510,24.734612,46.699177,4.990,119.637,8.359
2025-12-25T22:12:55.976Z,48.839,0.071,3.465,21.220,0.00,4.0510,24.734612,46.699177,4.990,119.636,8.359
2025-12-25T22:12:56.313Z,48.842,0.077,3.743,21.960,0.00,4.0570,24.734667,46.699169,4.991,120.830,8.276
2025-12-25T22:12:56.314Z,48.849,0.065,3.151,21.960,0.00,4.0570,24.734667,46.699169,4.991,120.830,8.276
2025-12-25T22:12:56.430Z,48.845,0.076,3.717,21.960,0.00,4.0570,24.734667,46.699169,4.991,120.827,8.276
2025-12-25T22:12:56.637Z,48.852,0.064,3.136,21.960,0.00,4.0570,24.734667,46.699169,4.991,120.822,8.277
2025-12-25T22:12:56.637Z,48.853,0.066,3.218,21.960,0.00,4.0570,24.734667,46.699169,4.991,120.822,8.277
2025-12-25T22:12:56.930Z,48.853,0.069,3.360,21.960,0.00,4.0570,24.734667,46.699169,4.991,120.816,8.277
2025-12-25T22:12:57.050Z,48.853,0.073,3.569,21.960,0.00,4.0570,24.734667,46.699169,4.991,120.813,8.277
2025-12-25T22:12:57.337Z,48.859,0.064,3.148,21.580,0.00,4.0630,24.734716,46.699150,4.991,122.009,8.196
2025-12-25T22:12:57.337Z,48.860,0.064,3.137,21.580,0.00,4.0630,24.734716,46.699150,4.991,122.009,8.196
2025-12-25T22:12:57.452Z,48.862,0.066,3.245,21.580,0.00,4.0630,24.734716,46.699150,4.992,122.006,8.196
2025-12-25T22:12:57.759Z,48.862,0.072,3.499,21.580,0.00,4.0630,24.734716,46.699150,4.992,121.999,8.197
2025-12-25T22:12:57.879Z,48.863,0.069,3.353,21.580,0.00,4.0630,24.734716,46.699150,4.992,121.996,8.197
2025-12-25T22:12:57.879Z,48.865,0.068,3.314,21.580,0.00,4.0630,24.734716,46.699150,4.992,121.996,8.197
2025-12-25T22:12:58.246Z,48.867,0.066,3.240,20.980,0.00,4.0690,24.734766,46.699127,4.992,123.190,8.118
2025-12-25T22:12:58.285Z,48.865,0.074,3.607,20.980,0.00,4.0690,24.734766,46.699127,4.992,123.189,8.118
2025-12-25T22:12:58.566Z,48.869,0.069,3.361,20.980,0.00,4.0690,24.734766,46.699127,4.993,123.183,8.118
2025-12-25T22:12:58.873Z,48.872,0.064,3.138,20.980,0.00,4.0690,24.734766,46.699127,4.993,123.176,8.118
2025-12-25T22:12:58.873Z,48.872,0.064,3.147,20.980,0.00,4.0690,24.734766,46.699127,4.993,123.176,8.118
2025-12-25T22:12:58.996Z,48.622,0.526,25.593,20.980,0.00,4.0690,24.734766,46.699127,4.994,123.154,8.120
2025-12-25T22:12:58.996Z,48.874,0.064,3.149,20.370,0.00,4.0750,24.734812,46.699100,4.994,124.356,8.041
2025-12-25T22:12:59.204Z,48.875,0.070,3.412,20.370,0.00,4.0750,24.734812,46.699100,4.994,124.351,8.042
2025-12-25T22:12:59.594Z,48.875,0.077,3.751,20.370,0.00,4.0750,24.734812,46.699100,4.994,124.341,8.042
2025-12-25T22:12:59.666Z,48.880,0.065,3.174,20.370,0.00,4.0750,24.734812,46.699100,4.994,124.339,8.043
2025-12-25T22:12:59.666Z,48.881,0.066,3.241,20.370,0.00,4.0750,24.734812,46.699100,4.994,124.339,8.043
2025-12-25T22:12:59.999Z,48.882,0.068,3.306,20.370,0.00,4.0750,24.734812,46.699100,4.995,124.332,8.043
2025-12-25T22:12:59.999Z,48.883,0.066,3.230,20.370,0.00,4.0750,24.734812,46.699100,4.995,124.332,8.043
2025-12-25T22:13:00.255Z,48.884,0.069,3.357,19.930,0.00,4.0810,24.734854,46.699066,4.995,125.527,7.966
2025-12-25T22:13:00.255Z,48.887,0.065,3.182,19.930,0.00,4.0810,24.734854,46.699066,4.995,125.527,7.966
2025-12-25T22:13:00.614Z,48.888,0.066,3.208,19.930,0.00,4.0810,24.734854,46.699066,4.995,125.519,7.967
2025-12-25T22:13:00.614Z,48.890,0.065,3.193,19.930,0.00,4.0810,24.734854,46.699066,4.995,125.519,7.967
2025-12-25T22:13:01.034Z,48.887,0.078,3.804,19.930,0.00,4.0810,24.734854,46.699066,4.996,125.508,7.968
2025-12-25T22:13:01.037Z,48.892,0.064,3.145,19.930,0.00,4.0810,24.734854,46.699066,4.996,125.508,7.968
2025-12-25T22:13:01.037Z,48.893,0.066,3.204,19.430,0.00,4.0860,24.734890,46.699032,4.996,126.509,7.905
2025-12-25T22:13:01.370Z,48.891,0.071,3.490,19.430,0.00,4.0860,24.734890,46.699032,4.996,126.500,7.905
2025-12-25T22:13:01.371Z,48.893,0.071,3.469,19.430,0.00,4.0860,24.734890,46.699032,4.996,126.500,7.905
2025-12-25T22:13:01.679Z,48.893,0.075,3.669,19.430,0.00,4.0860,24.734890,46.699032,4.996,126.492,7.906
2025-12-25T22:13:01.679Z,48.898,0.064,3.152,19.430,0.00,4.0860,24.734890,46.699032,4.996,126.492,7.906
2025-12-25T22:13:01.946Z,48.899,0.066,3.218,19.430,0.00,4.0860,24.734890,46.699032,4.997,126.486,7.906
2025-12-25T22:13:02.069Z,48.896,0.075,3.689,19.430,0.00,4.0860,24.734890,46.699032,4.997,126.483,7.906
2025-12-25T22:13:02.457Z,48.900,0.069,3.354,18.980,0.00,4.0920,24.734921,46.698990,4.997,127.675,7.832
2025-12-25T22:13:02.458Z,48.902,0.063,3.087,18.980,0.00,4.0920,24.734921,46.698990,4.997,127.675,7.832
2025-12-25T22:13:02.509Z,48.903,0.066,3.205,18.980,0.00,4.0920,24.734921,46.698990,4.997,127.674,7.832
2025-12-25T22:13:02.764Z,48.900,0.078,3.833,18.980,0.00,4.0920,24.734921,46.698990,4.997,127.667,7.833
2025-12-25T22:13:02.900Z,48.904,0.067,3.278,18.980,0.00,4.0920,24.734921,46.698990,4.998,127.664,7.833
2025-12-25T22:13:02.903Z,48.907,0.065,3.179,18.980,0.00,4.0920,24.734921,46.698990,4.998,127.663,7.833
2025-12-25T22:13:03.276Z,48.908,0.064,3.149,18.500,0.00,4.0970,24.734945,46.698944,4.998,128.656,7.773
2025-12-25T22:13:03.337Z,48.908,0.068,3.315,18.500,0.00,4.0970,24.734945,46.698944,4.998,128.654,7.773
2025-12-25T22:13:03.583Z,48.906,0.077,3.754,18.500,0.00,4.0970,24.734945,46.698944,4.998,128.647,7.773
2025-12-25T22:13:03.992Z,48.894,0.114,5.575,18.500,0.00,4.0970,24.734945,46.698944,4.999,128.631,7.774
2025-12-25T22:13:04.002Z,48.883,0.158,7.729,18.500,0.00,4.0970,24.734945,46.698944,4.999,128.631,7.774
2025-12-25T22:13:04.002Z,48.887,0.148,7.215,18.500,0.00,4.0970,24.734945,46.698944,4.999,128.631,7.774
2025-12-25T22:13:04.118Z,48.883,0.158,7.716,17.820,0.00,4.1020,24.734964,46.698898,4.999,129.624,7.715
2025-12-25T22:13:04.413Z,48.885,0.155,7.590,17.820,0.00,4.1020,24.734964,46.698898,5.000,129.608,7.716
2025-12-25T22:13:04.419Z,48.877,0.183,8.933,17.820,0.00,4.1020,24.734964,46.698898,5.000,129.608,7.716
2025-12-25T22:13:04.537Z,48.890,0.145,7.104,17.820,0.00,4.1020,24.734964,46.698898,5.000,129.602,7.716
2025-12-25T22:13:04.798Z,48.848,0.273,13.338,17.820,0.00,4.1020,24.734964,46.698898,5.001,129.577,7.717
2025-12-25T22:13:04.992Z,48.848,0.266,13.006,17.820,0.00,4.1020,24.734964,46.698898,5.002,129.559,7.719
2025-12-25T22:13:04.992Z,48.855,0.255,12.460,17.820,0.00,4.1020,24.734964,46.698898,5.002,129.559,7.719
2025-12-25T22:13:05.146Z,48.857,0.249,12.142,17.410,0.00,4.1070,24.734974,46.698853,5.002,130.545,7.660
2025-12-25T22:13:05.350Z,48.859,0.244,11.912,17.410,0.00,4.1070,24.734974,46.698853,5.003,130.527,7.661
2025-12-25T22:13:05.632Z,48.854,0.257,12.546,17.410,0.00,4.1070,24.734974,46.698853,5.004,130.502,7.663
2025-12-25T22:13:05.763Z,48.842,0.309,15.092,17.410,0.00,4.1070,24.734974,46.698853,5.004,130.487,7.664
2025-12-25T22:13:05.763Z,48.801,0.439,21.405,17.410,0.00,4.1070,24.734974,46.698853,5.004,130.487,7.664
2025-12-25T22:13:06.348Z,48.757,0.659,32.121,17.410,0.00,4.1070,24.734974,46.698853,5.010,130.351,7.672
2025-12-25T22:13:06.348Z,48.697,0.732,35.669,17.190,0.00,4.1120,24.734978,46.698803,5.010,131.349,7.613
2025-12-25T22:13:06.482Z,48.370,1.699,82.191,17.190,0.00,4.1120,24.734978,46.698803,5.013,131.269,7.618
2025-12-25T22:13:06.483Z,48.273,2.002,96.635,17.190,0.00,4.1120,24.734978,46.698803,5.013,131.269,7.618
2025-12-25T22:13:06.690Z,48.267,1.979,95.515,17.190,0.00,4.1120,24.734978,46.698803,5.018,131.125,7.626
2025-12-25T22:13:06.690Z,48.416,1.595,77.207,17.190,0.00,4.1120,24.734978,46.698803,5.018,131.125,7.626
2025-12-25T22:13:06.886Z,48.379,1.652,79.919,17.190,0.00,4.1120,24.734978,46.698803,5.022,131.012,7.633
2025-12-25T22:13:07.141Z,48.273,1.972,95.216,16.480,0.00,4.1160,24.734972,46.698757,5.029,131.631,7.597
2025-12-25T22:13:07.300Z,47.846,3.246,155.323,16.480,0.00,4.1160,24.734972,46.698757,5.036,131.451,7.607
2025-12-25T22:13:07.301Z,47.638,3.924,186.919,16.480,0.00,4.1160,24.734972,46.698757,5.036,131.451,7.607
2025-12-25T22:13:07.508Z,47.576,3.870,184.098,16.480,0.00,4.1160,24.734972,46.698757,5.047,131.175,7.623
2025-12-25T22:13:07.884Z,47.559,4.111,195.498,16.480,0.00,4.1160,24.734972,46.698757,5.067,130.646,7.654
2025-12-25T22:13:07.913Z,47.546,4.090,194.452,16.480,0.00,4.1160,24.734972,46.698757,5.069,130.606,7.657
2025-12-25T22:13:08.210Z,47.697,3.577,170.594,16.480,0.00,4.1160,24.734972,46.698757,5.083,130.244,7.678
2025-12-25T22:13:08.210Z,47.597,3.901,185.663,16.720,0.00,4.1210,24.734961,46.698715,5.083,131.227,7.620
2025-12-25T22:13:08.331Z,47.591,3.883,184.799,16.720,0.00,4.1210,24.734961,46.698715,5.089,131.067,7.630
2025-12-25T22:13:08.600Z,47.547,3.993,189.862,16.720,0.00,4.1210,24.734961,46.698715,5.103,130.703,7.651
2025-12-25T22:13:08.733Z,47.682,3.616,172.395,16.720,0.00,4.1210,24.734961,46.698715,5.110,130.540,7.660
2025-12-25T22:13:08.733Z,47.569,3.869,184.067,16.720,0.00,4.1210,24.734961,46.698715,5.110,130.540,7.661
2025-12-25T22:13:09.113Z,47.479,4.200,199.405,16.720,0.00,4.1210,24.734961,46.698715,5.131,130.004,7.692
2025-12-25T22:13:09.121Z,47.420,4.406,208.948,16.390,0.00,4.1260,24.734941,46.698673,5.131,130.968,7.635
2025-12-25T22:13:09.245Z,47.497,4.144,196.831,16.390,0.00,4.1260,24.734941,46.698673,5.138,130.795,7.646
2025-12-25T22:13:09.432Z,47.314,4.677,221.298,16.390,0.00,4.1260,24.734941,46.698673,5.149,130.503,7.663
2025-12-25T22:13:09.829Z,47.360,4.535,214.790,16.390,0.00,4.1260,24.734941,46.698673,5.173,129.905,7.698
2025-12-25T22:13:09.829Z,47.368,4.370,206.986,16.390,0.00,4.1260,24.734941,46.698673,5.173,129.905,7.698
2025-12-25T22:13:09.848Z,47.317,4.640,219.556,16.390,0.00,4.1260,24.734941,46.698673,5.174,129.876,7.700
2025-12-25T22:13:10.050Z,47.474,4.116,195.386,17.430,0.00,4.1300,24.734913,46.698639,5.185,130.373,7.670
2025-12-25T22:13:10.254Z,47.399,4.379,207.581,17.430,0.00,4.1300,24.734913,46.698639,5.197,130.078,7.688
2025-12-25T22:13:10.547Z,47.466,4.562,216.563,17.430,0.00,4.1300,24.734913,46.698639,5.215,129.639,7.714
2025-12-25T22:13:10.547Z,47.431,4.232,200.710,17.430,0.00,4.1300,24.734913,46.698639,5.215,129.638,7.714
2025-12-25T22:13:10.751Z,47.496,4.107,195.052,17.430,0.00,4.1300,24.734913,46.698639,5.226,129.364,7.730
2025-12-25T22:13:10.879Z,47.333,4.705,222.721,17.430,0.00,4.1300,24.734913,46.698639,5.233,129.169,7.742
2025-12-25T22:13:11.187Z,47.332,4.603,217.850,17.430,0.00,4.1300,24.734913,46.698639,5.252,128.710,7.769
2025-12-25T22:13:11.187Z,47.319,4.456,210.848,18.210,0.00,4.1350,24.734877,46.698608,5.252,129.662,7.712
2025-12-25T22:13:11.385Z,47.357,4.605,218.063,18.210,0.00,4.1350,24.734877,46.698608,5.264,129.366,7.730
2025-12-25T22:13:11.385Z,47.311,4.390,207.714,18.210,0.00,4.1350,24.734877,46.698608,5.264,129.366,7.730
2025-12-25T22:13:11.597Z,47.416,4.352,206.350,18.210,0.00,4.1350,24.734877,46.698608,5.276,129.069,7.748
2025-12-25T22:13:11.879Z,47.340,4.271,202.167,18.210,0.00,4.1350,24.734877,46.698608,5.292,128.682,7.771
2025-12-25T22:13:12.003Z,47.340,4.402,208.399,18.210,0.00,4.1350,24.734877,46.698608,5.299,128.508,7.782
2025-12-25T22:13:12.003Z,47.439,4.125,195.695,18.450,0.00,4.1410,24.734835,46.698586,5.299,129.639,7.714
2025-12-25T22:13:12.389Z,47.539,3.951,187.814,18.450,0.00,4.1410,24.734835,46.698586,5.319,129.150,7.743
2025-12-25T22:13:12.461Z,47.281,4.623,218.600,18.450,0.00,4.1410,24.734835,46.698586,5.324,129.044,7.749
2025-12-25T22:13:12.616Z,47.396,4.264,202.100,18.450,0.00,4.1410,24.734835,46.698586,5.333,128.832,7.762
2025-12-25T22:13:13.006Z,47.348,4.541,215.005,18.450,0.00,4.1410,24.734835,46.698586,5.356,128.272,7.796
2025-12-25T22:13:13.006Z,47.306,4.524,214.014,18.450,0.00,4.1410,24.734835,46.698586,5.356,128.272,7.796
2025-12-25T22:13:13.020Z,47.236,4.834,228.338,18.450,0.00,4.1410,24.734835,46.698586,5.357,128.251,7.797
2025-12-25T22:13:13.228Z,47.250,4.700,222.076,18.240,0.00,4.1460,24.734791,46.698570,5.369,128.876,7.759
2025-12-25T22:13:13.741Z,47.377,4.268,202.196,18.240,0.00,4.1460,24.734791,46.698570,5.398,128.188,7.801
2025-12-25T22:13:13.741Z,47.151,4.963,234.028,18.240,0.00,4.1460,24.734791,46.698570,5.398,128.187,7.801
2025-12-25T22:13:13.742Z,47.147,4.996,235.552,18.240,0.00,4.1460,24.734791,46.698570,5.398,128.187,7.801
2025-12-25T22:13:13.832Z,47.038,5.304,249.477,18.240,0.00,4.1460,24.734791,46.698570,5.405,128.039,7.810
2025-12-25T22:13:14.193Z,47.256,4.610,217.848,18.240,0.00,4.1460,24.734791,46.698570,5.426,127.523,7.842
2025-12-25T22:13:14.204Z,47.413,4.219,200.021,19.850,0.00,4.1510,24.734741,46.698563,5.427,128.430,7.786
2025-12-25T22:13:14.353Z,47.123,5.034,237.240,19.850,0.00,4.1510,24.734741,46.698563,5.437,128.199,7.800
2025-12-25T22:13:14.353Z,46.947,5.499,258.159,19.850,0.00,4.1510,24.734741,46.698563,5.437,128.199,7.800
2025-12-25T22:13:14.747Z,47.213,4.726,223.148,19.850,0.00,4.1510,24.734741,46.698563,5.461,127.626,7.835
2025-12-25T22:13:14.772Z,47.184,4.808,226.837,19.850,0.00,4.1510,24.734741,46.698563,5.463,127.588,7.838
2025-12-25T22:13:15.052Z,46.811,5.972,279.552,19.850,0.00,4.1510,24.734741,46.698563,5.485,127.083,7.869
2025-12-25T22:13:15.187Z,46.927,5.507,258.429,20.190,0.00,4.1570,24.734692,46.698566,5.494,127.950,7.816
2025-12-25T22:13:15.187Z,46.919,5.672,266.138,20.190,0.00,4.1570,24.734692,46.698566,5.494,127.950,7.816
2025-12-25T22:13:15.563Z,46.966,5.479,257.331,20.190,0.00,4.1570,24.734692,46.698566,5.521,127.327,7.854
2025-12-25T22:13:15.592Z,46.826,5.910,276.740,20.190,0.00,4.1570,24.734692,46.698566,5.523,127.277,7.857
2025-12-25T22:13:16.077Z,46.958,5.536,259.974,20.190,0.00,4.1570,24.734692,46.698566,5.558,126.475,7.907
2025-12-25T22:13:16.086Z,204.800,5.817,1191.249,20.190,0.00,4.1570,24.734692,46.698566,5.561,126.405,7.911
2025-12-25T22:13:16.086Z,46.914,5.643,264.745,20.190,0.00,4.1570,24.734692,46.698566,5.562,126.405,7.911
2025-12-25T22:13:16.280Z,46.976,5.455,256.239,20.040,0.00,4.1620,24.734642,46.698578,5.575,126.989,7.875
2025-12-25T22:13:16.414Z,46.813,5.903,276.313,20.040,0.00,4.1620,24.734642,46.698578,5.586,126.754,7.889
2025-12-25T22:13:16.414Z,46.946,5.451,255.915,20.040,0.00,4.1620,24.734642,46.698578,5.586,126.754,7.889
2025-12-25T22:13:16.793Z,46.737,5.996,280.244,20.040,0.00,4.1620,24.734642,46.698578,5.615,126.088,7.931
2025-12-25T22:13:16.793Z,47.133,4.894,230.672,20.040,0.00,4.1620,24.734642,46.698578,5.615,126.088,7.931
2025-12-25T22:13:16.917Z,47.354,4.268,202.091,20.040,0.00,4.1620,24.734642,46.698578,5.622,125.933,7.941
2025-12-25T22:13:17.305Z,46.695,6.193,289.184,20.170,0.00,4.1680,24.734592,46.698593,5.653,126.299,7.918
2025-12-25T22:13:17.444Z,46.708,6.138,286.681,20.170,0.00,4.1680,24.734592,46.698593,5.664,126.053,7.933
2025-12-25T22:13:17.444Z,46.723,6.063,283.275,20.170,0.00,4.1680,24.734592,46.698593,5.664,126.052,7.933
2025-12-25T22:13:17.818Z,46.745,6.071,283.787,20.170,0.00,4.1680,24.734592,46.698593,5.694,125.400,7.974
2025-12-25T22:13:17.838Z,46.710,6.116,285.692,20.170,0.00,4.1680,24.734592,46.698593,5.695,125.364,7.977
2025-12-25T22:13:17.839Z,46.722,6.156,287.615,20.170,0.00,4.1680,24.734592,46.698593,5.695,125.364,7.977
2025-12-25T22:13:18.227Z,46.782,5.890,275.564,20.820,0.00,4.1740,24.734545,46.698620,5.725,125.760,7.952
2025-12-25T22:13:18.228Z,46.935,5.531,259.607,20.820,0.00,4.1740,24.734545,46.698620,5.725,125.759,7.952
2025-12-25T22:13:18.343Z,46.643,6.347,296.023,20.820,0.00,4.1740,24.734545,46.698620,5.735,125.551,7.965
2025-12-25T22:13:18.738Z,47.544,3.778,179.607,20.820,0.00,4.1740,24.734545,46.698620,5.754,125.121,7.992
2025-12-25T22:13:18.751Z,46.782,5.899,275.960,20.820,0.00,4.1740,24.734545,46.698620,5.755,125.100,7.994
2025-12-25T22:13:18.751Z,47.242,4.578,216.251,20.820,0.00,4.1740,24.734545,46.698620,5.755,125.100,7.994
2025-12-25T22:13:19.045Z,46.547,5.162,240.291,20.820,0.00,4.1740,24.734545,46.698620,5.775,124.674,8.021
2025-12-25T22:13:19.352Z,46.614,6.412,298.905,21.260,0.00,4.1800,24.734499,46.698647,5.800,125.162,7.990
2025-12-25T22:13:19.352Z,46.946,5.403,253.658,21.260,0.00,4.1800,24.734499,46.698647,5.800,125.162,7.990
2025-12-25T22:13:19.479Z,46.715,6.046,282.442,21.260,0.00,4.1800,24.734499,46.698647,5.810,124.947,8.003
2025-12-25T22:13:19.691Z,46.743,5.904,275.976,21.260,0.00,4.1800,24.734499,46.698647,5.827,124.598,8.026
2025-12-25T22:13:19.892Z,46.713,6.137,286.664,21.260,0.00,4.1800,24.734499,46.698647,5.843,124.258,8.048
2025-12-25T22:13:19.892Z,46.702,6.084,284.142,21.260,0.00,4.1800,24.734499,46.698647,5.843,124.258,8.048
2025-12-25T22:13:20.171Z,46.864,5.614,263.110,21.170,0.00,4.1860,24.734455,46.698681,5.863,124.849,8.010
2025-12-25T22:13:20.302Z,46.890,5.477,256.836,21.170,0.00,4.1860,24.734455,46.698681,5.872,124.650,8.022
2025-12-25T22:13:20.508Z,46.945,5.283,247.990,21.170,0.00,4.1860,24.734455,46.698681,5.887,124.349,8.042
2025-12-25T22:13:20.508Z,46.828,5.794,271.325,21.170,0.00,4.1860,24.734455,46.698681,5.887,124.349,8.042
2025-12-25T22:13:20.787Z,46.925,5.456,256.018,21.170,0.00,4.1860,24.734455,46.698681,5.907,123.931,8.069
2025-12-25T22:13:20.911Z,47.068,4.962,233.566,21.170,0.00,4.1860,24.734455,46.698681,5.915,123.763,8.080
2025-12-25T22:13:21.205Z,46.919,5.536,259.734,21.170,0.00,4.1860,24.734455,46.698681,5.936,123.321,8.109
2025-12-25T22:13:21.205Z,47.014,5.182,243.613,20.960,0.00,4.1910,24.734419,46.698719,5.936,124.163,8.054
2025-12-25T22:13:21.322Z,46.789,5.839,273.187,20.960,0.00,4.1910,24.734419,46.698719,5.945,123.978,8.066
2025-12-25T22:13:21.529Z,46.957,5.293,248.544,20.960,0.00,4.1910,24.734419,46.698719,5.959,123.681,8.085
2025-12-25T22:13:21.912Z,46.844,5.494,257.355,20.960,0.00,4.1910,24.734419,46.698719,5.986,123.114,8.123
2025-12-25T22:13:21.912Z,46.777,5.801,271.344,20.960,0.00,4.1910,24.734419,46.698719,5.986,123.114,8.123
2025-12-25T22:13:22.324Z,46.832,5.603,262.386,20.960,0.00,4.1910,24.734419,46.698719,6.016,122.500,8.163
2025-12-25T22:13:22.324Z,46.848,5.605,262.600,20.280,0.00,4.1970,24.734386,46.698761,6.016,123.497,8.097
2025-12-25T22:13:22.374Z,46.896,5.413,253.853,20.280,0.00,4.1970,24.734386,46.698761,6.020,123.426,8.102
2025-12-25T22:13:22.558Z,46.817,5.817,272.326,20.280,0.00,4.1970,24.734386,46.698761,6.034,123.140,8.121
2025-12-25T22:13:22.558Z,46.947,5.391,253.099,20.280,0.00,4.1970,24.734386,46.698761,6.034,123.140,8.121
2025-12-25T22:13:22.835Z,46.913,5.461,256.173,20.280,0.00,4.1970,24.734386,46.698761,6.053,122.740,8.147
2025-12-25T22:13:22.962Z,47.008,5.093,239.416,20.280,0.00,4.1970,24.734386,46.698761,6.062,122.569,8.159
2025-12-25T22:13:23.245Z,47.159,4.730,223.068,19.580,0.00,4.2030,24.734358,46.698807,6.079,123.202,8.117
2025-12-25T22:13:23.245Z,46.786,5.781,270.485,19.580,0.00,4.2030,24.734358,46.698807,6.079,123.201,8.117
2025-12-25T22:13:23.448Z,46.801,5.805,271.691,19.580,0.00,4.2030,24.734358,46.698807,6.095,122.892,8.137
2025-12-25T22:13:23.582Z,46.877,5.496,257.641,19.580,0.00,4.2030,24.734358,46.698807,6.104,122.700,8.150
2025-12-25T22:13:24.063Z,46.924,5.373,252.140,19.580,0.00,4.2030,24.734358,46.698807,6.138,122.026,8.195
2025-12-25T22:13:24.063Z,46.776,5.712,267.195,19.580,0.00,4.2030,24.734358,46.698807,6.138,122.025,8.195
2025-12-25T22:13:24.142Z,47.050,4.980,234.293,19.580,0.00,4.2030,24.734358,46.698807,6.143,121.924,8.202
2025-12-25T22:13:24.473Z,46.770,5.817,272.059,19.370,0.00,4.2080,24.734337,46.698856,6.168,122.240,8.181
2025-12-25T22:13:24.473Z,46.880,5.539,259.656,19.370,0.00,4.2080,24.734337,46.698856,6.168,122.239,8.181
2025-12-25T22:13:24.720Z,46.804,5.788,270.894,19.370,0.00,4.2080,24.734337,46.698856,6.187,121.872,8.205
2025-12-25T22:13:24.721Z,46.685,6.090,284.293,19.370,0.00,4.2080,24.734337,46.698856,6.187,121.871,8.205
2025-12-25T22:13:24.985Z,46.696,6.048,282.410,19.370,0.00,4.2080,24.734337,46.698856,6.208,121.465,8.233
2025-12-25T22:13:24.985Z,46.827,5.659,264.972,19.370,0.00,4.2080,24.734337,46.698856,6.208,121.464,8.233
2025-12-25T22:13:25.188Z,47.064,4.876,229.486,19.670,0.00,4.2140,24.734325,46.698910,6.221,122.176,8.185
2025-12-25T22:13:25.316Z,46.736,5.934,277.330,19.670,0.00,4.2140,24.734325,46.698910,6.230,121.983,8.198
2025-12-25T22:13:25.599Z,46.744,5.854,273.644,19.670,0.00,4.2140,24.734325,46.698910,6.252,121.564,8.226
2025-12-25T22:13:25.599Z,46.670,6.007,280.367,19.670,0.00,4.2140,24.734325,46.698910,6.252,121.563,8.226
2025-12-25T22:13:25.803Z,46.588,6.326,294.739,19.670,0.00,4.2140,24.734325,46.698910,6.269,121.239,8.248
2025-12-25T22:13:25.932Z,46.728,5.881,274.807,19.670,0.00,4.2140,24.734325,46.698910,6.278,121.049,8.261
2025-12-25T22:13:26.316Z,47.067,4.909,231.059,20.110,0.00,4.2190,24.734327,46.698963,6.303,121.369,8.239
2025-12-25T22:13:26.316Z,46.642,6.018,280.703,20.110,0.00,4.2190,24.734327,46.698963,6.303,121.369,8.239
2025-12-25T22:13:26.374Z,46.950,5.221,245.137,20.110,0.00,4.2190,24.734327,46.698963,6.307,121.293,8.245
2025-12-25T22:13:26.600Z,47.155,4.639,218.744,20.110,0.00,4.2190,24.734327,46.698963,6.321,121.029,8.262
2025-12-25T22:13:26.737Z,46.681,6.028,281.397,20.110,0.00,4.2190,24.734327,46.698963,6.332,120.824,8.276
2025-12-25T22:13:26.969Z,46.819,5.636,263.882,20.110,0.00,4.2190,24.734327,46.698963,6.348,120.501,8.299
2025-12-25T22:13:26.969Z,46.629,6.214,289.733,20.110,0.00,4.2190,24.734327,46.698963,6.349,120.501,8.299
2025-12-25T22:13:27.236Z,46.684,5.950,277.761,20.500,0.00,4.2250,24.734341,46.699017,6.369,121.053,8.261
2025-12-25T22:13:27.368Z,46.713,5.857,273.597,20.500,0.00,4.2250,24.734341,46.699017,6.379,120.863,8.274
2025-12-25T22:13:27.647Z,46.819,5.609,262.596,20.500,0.00,4.2250,24.734341,46.699017,6.400,120.478,8.300
2025-12-25T22:13:27.648Z,46.630,6.203,289.241,20.500,0.00,4.2250,24.734341,46.699017,6.400,120.478,8.300
2025-12-25T22:13:27.770Z,46.486,6.597,306.688,20.500,0.00,4.2250,24.734341,46.699017,6.410,120.282,8.314
2025-12-25T22:13:27.982Z,46.932,5.232,245.565,20.500,0.00,4.2250,24.734341,46.699017,6.424,120.011,8.333
2025-12-25T22:13:28.197Z,46.450,6.621,307.567,20.280,0.00,4.2310,24.734369,46.699066,6.443,120.600,8.292
2025-12-25T22:13:28.207Z,47.019,5.030,236.507,20.280,0.00,4.2310,24.734369,46.699066,6.443,120.587,8.293
2025-12-25T22:13:28.393Z,46.539,6.363,296.108,20.280,0.00,4.2310,24.734369,46.699066,6.459,120.303,8.312
2025-12-25T22:13:28.671Z,46.969,5.162,242.449,20.280,0.00,4.2310,24.734369,46.699066,6.477,119.954,8.337
2025-12-25T22:13:28.797Z,46.928,5.139,241.169,20.280,0.00,4.2310,24.734369,46.699066,6.486,119.798,8.347
2025-12-25T22:13:29.183Z,46.803,5.605,262.345,20.280,0.00,4.2310,24.734369,46.699066,6.514,119.281,8.384
2025-12-25T22:13:29.184Z,46.469,6.644,308.754,21.430,0.00,4.2370,24.734409,46.699104,6.514,120.201,8.319
2025-12-25T22:13:29.240Z,46.591,6.339,295.355,21.430,0.00,4.2370,24.734409,46.699104,6.519,120.115,8.325
2025-12-25T22:13:29.575Z,46.565,6.290,292.904,21.430,0.00,4.2370,24.734409,46.699104,6.546,119.615,8.360
2025-12-25T22:13:29.576Z,46.709,5.865,273.973,21.430,0.00,4.2370,24.734409,46.699104,6.546,119.614,8.360
2025-12-25T22:13:29.717Z,46.307,7.019,325.033,21.430,0.00,4.2370,24.734409,46.699104,6.559,119.382,8.376
2025-12-25T22:13:30.002Z,46.416,6.693,310.647,21.430,0.00,4.2370,24.734409,46.699104,6.583,118.935,8.408
2025-12-25T22:13:30.003Z,46.389,6.766,313.885,21.430,0.00,4.2370,24.734409,46.699104,6.583,118.935,8.408
2025-12-25T22:13:30.211Z,46.978,5.028,236.198,21.960,0.00,4.2420,24.734455,46.699135,6.597,119.447,8.372
2025-12-25T22:13:30.411Z,48.646,0.083,4.032,21.960,0.00,4.2420,24.734455,46.699135,6.597,119.443,8.372
2025-12-25T22:13:30.616Z,48.667,0.079,3.826,21.960,0.00,4.2420,24.734455,46.699135,6.597,119.439,8.372
2025-12-25T22:13:30.616Z,48.678,0.068,3.287,21.960,0.00,4.2420,24.734455,46.699135,6.597,119.439,8.372
2025-12-25T22:13:30.741Z,48.681,0.076,3.723,21.960,0.00,4.2420,24.734455,46.699135,6.598,119.437,8.373
2025-12-25T22:13:31.027Z,48.688,0.070,3.399,21.960,0.00,4.2420,24.734455,46.699135,6.598,119.432,8.373
2025-12-25T22:13:31.151Z,48.692,0.075,3.659,22.480,0.00,4.2490,24.734510,46.699158,6.598,120.491,8.299
2025-12-25T22:13:31.357Z,48.699,0.064,3.125,22.480,0.00,4.2490,24.734510,46.699158,6.598,120.487,8.300
2025-12-25T22:13:31.357Z,48.703,0.068,3.322,22.480,0.00,4.2490,24.734510,46.699158,6.598,120.487,8.300
2025-12-25T22:13:31.747Z,48.705,0.071,3.435,22.480,0.00,4.2490,24.734510,46.699158,6.599,120.481,8.300
2025-12-25T22:13:31.747Z,48.711,0.066,3.200,22.480,0.00,4.2490,24.734510,46.699158,6.599,120.481,8.300
2025-12-25T22:13:31.859Z,48.712,0.065,3.176,22.480,0.00,4.2490,24.734510,46.699158,6.599,120.479,8.300
2025-12-25T22:13:32.152Z,48.712,0.082,4.017,22.480,0.00,4.2490,24.734510,46.699158,6.599,120.473,8.301
2025-12-25T22:13:32.277Z,48.714,0.086,4.207,22.980,0.00,4.2560,24.734568,46.699169,6.599,121.531,8.228
2025-12-25T22:13:32.277Z,48.725,0.065,3.150,22.980,0.00,4.2560,24.734568,46.699169,6.599,121.531,8.228
2025-12-25T22:13:32.473Z,48.724,0.075,3.630,22.980,0.00,4.2560,24.734568,46.699169,6.599,121.527,8.229
2025-12-25T22:13:32.696Z,48.726,0.075,3.632,22.980,0.00,4.2560,24.734568,46.699169,6.600,121.523,8.229
2025-12-25T22:13:32.971Z,48.730,0.068,3.301,22.980,0.00,4.2560,24.734568,46.699169,6.600,121.518,8.229
2025-12-25T22:13:32.971Z,48.735,0.064,3.142,22.980,0.00,4.2560,24.734568,46.699169,6.600,121.518,8.229
2025-12-25T22:13:33.093Z,48.737,0.066,3.196,23.610,0.00,4.2620,24.734625,46.699169,6.600,122.426,8.168
2025-12-25T22:13:33.308Z,48.740,0.066,3.217,23.610,0.00,4.2620,24.734625,46.699169,6.600,122.422,8.168
2025-12-25T22:13:33.586Z,48.736,0.086,4.179,23.610,0.00,4.2620,24.734625,46.699169,6.600,122.416,8.169
2025-12-25T22:13:33.716Z,48.744,0.066,3.195,23.610,0.00,4.2620,24.734625,46.699169,6.601,122.414,8.169
2025-12-25T22:13:33.716Z,48.747,0.064,3.130,23.610,0.00,4.2620,24.734625,46.699169,6.601,122.414,8.169
2025-12-25T22:13:33.995Z,48.748,0.068,3.332,23.610,0.00,4.2620,24.734625,46.699169,6.601,122.409,8.169
2025-12-25T22:13:34.129Z,48.747,0.077,3.777,24.210,0.00,4.2680,24.734684,46.699162,6.601,123.315,8.109
2025-12-25T22:13:34.405Z,48.754,0.065,3.160,24.210,0.00,4.2680,24.734684,46.699162,6.601,123.311,8.110
2025-12-25T22:13:34.405Z,48.754,0.068,3.294,24.210,0.00,4.2680,24.734684,46.699162,6.601,123.311,8.110
2025-12-25T22:13:34.713Z,48.756,0.068,3.296,24.210,0.00,4.2680,24.734684,46.699162,6.601,123.306,8.110
2025-12-25T22:13:34.713Z,48.757,0.074,3.610,24.210,0.00,4.2680,24.734684,46.699162,6.601,123.306,8.110
2025-12-25T22:13:34.953Z,48.759,0.075,3.638,24.210,0.00,4.2680,24.734684,46.699162,6.602,123.301,8.110
2025-12-25T22:13:34.961Z,48.764,0.064,3.142,24.210,0.00,4.2680,24.734684,46.699162,6.602,123.301,8.110
2025-12-25T22:13:35.143Z,48.766,0.065,3.148,23.690,0.00,4.2750,24.734741,46.699139,6.602,124.358,8.041
2025-12-25T22:13:35.347Z,48.766,0.071,3.468,23.690,0.00,4.2750,24.734741,46.699139,6.602,124.355,8.042
2025-12-25T22:13:35.634Z,48.761,0.093,4.526,23.690,0.00,4.2750,24.734741,46.699139,6.602,124.348,8.042
2025-12-25T22:13:35.762Z,48.767,0.078,3.789,23.690,0.00,4.2750,24.734741,46.699139,6.603,124.345,8.042
2025-12-25T22:13:35.762Z,48.773,0.065,3.189,23.690,0.00,4.2750,24.734741,46.699139,6.603,124.345,8.042
2025-12-25T22:13:36.045Z,48.770,0.080,3.881,23.690,0.00,4.2750,24.734741,46.699139,6.603,124.340,8.042
2025-12-25T22:13:36.178Z,48.775,0.072,3.504,22.540,0.00,4.2820,24.734793,46.699112,6.603,125.397,7.975
2025-12-25T22:13:36.453Z,48.769,0.096,4.664,22.540,0.00,4.2820,24.734793,46.699112,6.603,125.390,7.975
2025-12-25T22:13:36.454Z,48.780,0.064,3.130,22.540,0.00,4.2820,24.734793,46.699112,6.603,125.390,7.975
2025-12-25T22:13:36.658Z,48.777,0.078,3.826,22.540,0.00,4.2820,24.734793,46.699112,6.604,125.386,7.975
2025-12-25T22:13:36.783Z,48.775,0.088,4.304,22.540,0.00,4.2820,24.734793,46.699112,6.604,125.384,7.976
2025-12-25T22:13:37.069Z,48.784,0.067,3.288,22.540,0.00,4.2820,24.734793,46.699112,6.604,125.379,7.976
2025-12-25T22:13:37.073Z,48.786,0.065,3.147,22.540,0.00,4.2880,24.734838,46.699078,6.604,126.287,7.918
2025-12-25T22:13:37.272Z,48.786,0.068,3.333,22.540,0.00,4.2880,24.734838,46.699078,6.604,126.283,7.919
2025-12-25T22:13:37.396Z,48.784,0.077,3.755,22.540,0.00,4.2880,24.734838,46.699078,6.604,126.281,7.919
2025-12-25T22:13:37.683Z,48.790,0.078,3.808,22.540,0.00,4.2880,24.734838,46.699078,6.605,126.275,7.919
2025-12-25T22:13:37.812Z,48.793,0.066,3.224,22.540,0.00,4.2880,24.734838,46.699078,6.605,126.273,7.919
2025-12-25T22:13:37.812Z,48.794,0.066,3.207,22.540,0.00,4.2880,24.734838,46.699078,6.605,126.273,7.919
2025-12-25T22:13:38.092Z,48.794,0.068,3.337,22.540,0.00,4.2880,24.734838,46.699078,6.605,126.268,7.920
2025-12-25T22:13:38.222Z,48.793,0.076,3.715,21.890,0.00,4.2940,24.734882,46.699039,6.605,127.174,7.863
2025-12-25T22:13:38.504Z,48.798,0.064,3.146,21.890,0.00,4.2940,24.734882,46.699039,6.605,127.169,7.864
2025-12-25T22:13:38.504Z,48.799,0.065,3.189,21.890,0.00,4.2940,24.734882,46.699039,6.605,127.169,7.864
2025-12-25T22:13:38.641Z,48.799,0.070,3.401,21.890,0.00,4.2940,24.734882,46.699039,6.606,127.167,7.864
2025-12-25T22:13:38.913Z,48.799,0.075,3.649,21.890,0.00,4.2940,24.734882,46.699039,6.606,127.161,7.864
2025-12-25T22:13:39.032Z,48.804,0.064,3.102,21.890,0.00,4.2940,24.734882,46.699039,6.606,127.159,7.864
2025-12-25T22:13:39.036Z,48.806,0.065,3.167,21.430,0.00,4.3000,24.734919,46.698994,6.606,128.068,7.808
2025-12-25T22:13:39.424Z,48.806,0.065,3.191,21.430,0.00,4.3000,24.734919,46.698994,6.606,128.061,7.809
2025-12-25T22:13:39.495Z,48.805,0.072,3.513,21.430,0.00,4.3000,24.734919,46.698994,6.606,128.060,7.809
2025-12-25T22:13:39.833Z,48.802,0.086,4.178,21.430,0.00,4.3000,24.734919,46.698994,6.607,128.052,7.809
2025-12-25T22:13:39.833Z,48.811,0.064,3.126,21.430,0.00,4.3000,24.734919,46.698994,6.607,128.052,7.809
2025-12-25T22:13:39.962Z,48.807,0.079,3.847,21.430,0.00,4.3000,24.734919,46.698994,6.607,128.049,7.809
2025-12-25T22:13:40.346Z,48.812,0.064,3.138,20.930,0.00,4.3060,24.734947,46.698944,6.607,128.951,7.755
2025-12-25T22:13:40.346Z,48.814,0.066,3.208,20.930,0.00,4.3060,24.734947,46.698944,6.607,128.951,7.755
2025-12-25T22:13:40.461Z,48.816,0.064,3.145,20.930,0.00,4.3060,24.734947,46.698944,6.607,128.949,7.755
2025-12-25T22:13:40.469Z,48.817,0.065,3.153,20.930,0.00,4.3060,24.734947,46.698944,6.607,128.949,7.755
2025-12-25T22:13:40.857Z,48.818,0.065,3.162,20.930,0.00,4.3060,24.734947,46.698944,6.608,128.942,7.755
2025-12-25T22:13:40.866Z,48.816,0.077,3.752,20.930,0.00,4.3060,24.734947,46.698944,6.608,128.942,7.755
2025-12-25T22:13:41.163Z,48.821,0.068,3.324,20.930,0.00,4.3060,24.734947,46.698944,6.608,128.937,7.756
2025-12-25T22:13:41.163Z,48.822,0.064,3.121,20.150,0.00,4.3120,24.734968,46.698891,6.608,129.845,7.702
2025-12-25T22:13:41.368Z,48.822,0.066,3.224,20.150,0.00,4.3120,24.734968,46.698891,6.608,129.841,7.702
2025-12-25T22:13:41.507Z,48.820,0.077,3.764,20.150,0.00,4.3120,24.734968,46.698891,6.608,129.838,7.702
2025-12-25T22:13:41.779Z,48.821,0.077,3.758,20.150,0.00,4.3120,24.734968,46.698891,6.609,129.833,7.702
2025-12-25T22:13:41.779Z,48.825,0.069,3.392,20.150,0.00,4.3120,24.734968,46.698891,6.609,129.833,7.702
2025-12-25T22:13:42.087Z,48.823,0.083,4.047,20.150,0.00,4.3120,24.734968,46.698891,6.609,129.826,7.703
2025-12-25T22:13:42.106Z,48.821,0.087,4.259,19.950,0.00,4.3170,24.734978,46.698837,6.609,130.582,7.658
2025-12-25T22:13:42.302Z,48.819,0.100,4.905,19.950,0.00,4.3170,24.734978,46.698837,6.609,130.577,7.658
2025-12-25T22:13:42.597Z,48.819,0.099,4.829,19.950,0.00,4.3170,24.734978,46.698837,6.610,130.569,7.659
2025-12-25T22:13:42.597Z,48.819,0.110,5.358,19.950,0.00,4.3170,24.734978,46.698837,6.610,130.569,7.659
2025-12-25T22:13:42.906Z,48.818,0.109,5.298,19.950,0.00,4.3170,24.734978,46.698837,6.610,130.560,7.659
2025-12-25T22:13:42.932Z,48.808,0.148,7.209,19.950,0.00,4.3170,24.734978,46.698837,6.610,130.559,7.659
2025-12-25T22:13:43.174Z,48.815,0.129,6.275,19.950,0.00,4.3170,24.734978,46.698837,6.610,130.550,7.660
2025-12-25T22:13:43.174Z,48.814,0.137,6.668,18.980,0.00,4.3230,24.734978,46.698784,6.610,131.458,7.607
2025-12-25T22:13:43.416Z,48.800,0.170,8.312,18.980,0.00,4.3230,24.734978,46.698784,6.611,131.447,7.608
2025-12-25T22:13:43.552Z,48.789,0.218,10.625,18.980,0.00,4.3230,24.734978,46.698784,6.611,131.439,7.608
2025-12-25T22:13:43.752Z,48.790,0.212,10.322,18.980,0.00,4.3230,24.734978,46.698784,6.612,131.428,7.609
2025-12-25T22:13:43.752Z,48.752,0.331,16.139,18.980,0.00,4.3230,24.734978,46.698784,6.612,131.428,7.609
2025-12-25T22:13:44.031Z,48.782,0.246,11.977,18.980,0.00,4.3230,24.734978,46.698784,6.613,131.409,7.610
2025-12-25T22:13:44.166Z,48.773,0.264,12.888,18.210,0.00,4.3280,24.734964,46.698738,6.613,132.156,7.567
2025-12-25T22:13:44.543Z,48.774,0.262,12.786,18.210,0.00,4.3280,24.734964,46.698738,6.615,132.129,7.568
2025-12-25T22:13:44.543Z,48.793,0.215,10.498,18.210,0.00,4.3280,24.734964,46.698738,6.615,132.129,7.568
2025-12-25T22:13:44.578Z,48.764,0.309,15.055,18.210,0.00,4.3280,24.734964,46.698738,6.615,132.126,7.569
2025-12-25T22:13:44.953Z,48.767,0.269,13.124,18.210,0.00,4.3280,24.734964,46.698738,6.616,132.099,7.570
2025-12-25T22:13:44.953Z,48.763,0.290,14.128,18.210,0.00,4.3280,24.734964,46.698738,6.616,132.099,7.570
2025-12-25T22:13:45.156Z,48.759,0.302,14.715,17.580,0.00,4.3330,24.734947,46.698692,6.617,132.838,7.528
2025-12-25T22:13:45.271Z,48.733,0.383,18.653,17.580,0.00,4.3330,24.734947,46.698692,6.618,132.826,7.529
2025-12-25T22:13:45.669Z,48.730,0.318,15.487,17.580,0.00,4.3330,24.734947,46.698692,6.619,132.791,7.531
2025-12-25T22:13:45.669Z,48.729,0.558,27.213,17.580,0.00,4.3330,24.734947,46.698692,6.619,132.791,7.531
2025-12-25T22:13:45.734Z,48.714,0.515,25.089,17.580,0.00,4.3330,24.734947,46.698692,6.620,132.782,7.531
2025-12-25T22:13:45.975Z,48.712,0.491,23.895,17.580,0.00,4.3330,24.734947,46.698692,6.621,132.750,7.533
2025-12-25T22:13:46.283Z,48.723,0.398,19.374,17.580,0.00,4.3330,24.734947,46.698692,6.623,132.717,7.535
2025-12-25T22:13:46.283Z,48.698,0.578,28.172,17.210,0.00,4.3370,24.734922,46.698654,6.623,133.321,7.501
2025-12-25T22:13:46.488Z,48.676,0.594,28.903,17.210,0.00,4.3370,24.734922,46.698654,6.625,133.288,7.503
2025-12-25T22:13:46.488Z,48.677,0.596,28.997,17.210,0.00,4.3370,24.734922,46.698654,6.625,133.288,7.503
2025-12-25T22:13:46.693Z,48.697,0.508,24.742,17.210,0.00,4.3370,24.734922,46.698654,6.626,133.259,7.504
2025-12-25T22:13:46.816Z,48.663,0.650,31.636,17.210,0.00,4.3370,24.734922,46.698654,6.627,133.238,7.505
2025-12-25T22:13:47.102Z,48.596,0.842,40.913,17.210,0.00,4.3370,24.734922,46.698654,6.631,133.172,7.509
2025-12-25T22:13:47.231Z,48.029,2.544,122.173,17.450,0.00,4.3420,24.734890,46.698620,6.635,133.838,7.472
2025-12-25T22:13:47.231Z,48.120,2.197,105.714,17.450,0.00,4.3420,24.734890,46.698620,6.635,133.838,7.472
2025-12-25T22:13:47.511Z,48.121,2.206,106.149,17.450,0.00,4.3420,24.734890,46.698620,6.643,133.672,7.481
2025-12-25T22:13:47.627Z,48.054,2.236,107.438,17.450,0.00,4.3420,24.734890,46.698620,6.647,133.602,7.485
2025-12-25T22:13:48.024Z,48.122,2.174,104.632,17.450,0.00,4.3420,24.734890,46.698620,6.658,133.371,7.498
2025-12-25T22:13:48.024Z,48.117,2.235,107.563,17.450,0.00,4.3420,24.734890,46.698620,6.658,133.370,7.498
2025-12-25T22:13:48.048Z,48.095,2.256,108.481,17.330,0.00,4.3470,24.734852,46.698597,6.659,134.107,7.457
2025-12-25T22:13:48.330Z,48.122,2.247,108.117,17.330,0.00,4.3470,24.734852,46.698597,6.667,133.937,7.466
2025-12-25T22:13:48.448Z,48.155,2.081,100.225,17.330,0.00,4.3470,24.734852,46.698597,6.671,133.871,7.470
2025-12-25T22:13:48.448Z,48.171,2.079,100.129,17.330,0.00,4.3470,24.734852,46.698597,6.671,133.871,7.470
2025-12-25T22:13:48.652Z,48.160,2.078,100.097,17.330,0.00,4.3470,24.734852,46.698597,6.676,133.757,7.476
2025-12-25T22:13:48.946Z,48.162,2.101,101.177,17.330,0.00,4.3470,24.734852,46.698597,6.685,133.592,7.485
2025-12-25T22:13:49.069Z,48.173,2.037,98.140,17.330,0.00,4.3470,24.734852,46.698597,6.688,133.525,7.489
2025-12-25T22:13:49.269Z,48.117,2.193,105.543,17.150,0.00,4.3520,24.734810,46.698578,6.694,134.155,7.454
2025-12-25T22:13:49.269Z,48.105,2.221,106.826,17.150,0.00,4.3520,24.734810,46.698578,6.694,134.155,7.454
2025-12-25T22:13:49.610Z,48.053,2.377,114.232,17.150,0.00,4.3520,24.734810,46.698578,6.705,133.939,7.466
2025-12-25T22:13:49.610Z,47.935,2.752,131.922,17.150,0.00,4.3520,24.734810,46.698578,6.705,133.939,7.466
2025-12-25T22:13:50.006Z,47.892,2.893,138.567,17.150,0.00,4.3520,24.734810,46.698578,6.720,133.634,7.483
2025-12-25T22:13:50.006Z,47.873,2.936,140.542,17.150,0.00,4.3520,24.734810,46.698578,6.720,133.634,7.483
2025-12-25T22:13:50.191Z,47.959,2.619,125.596,16.330,0.00,4.3570,24.734768,46.698570,6.726,134.250,7.449
2025-12-25T22:13:50.191Z,47.938,2.678,128.383,16.330,0.00,4.3570,24.734768,46.698570,6.726,134.249,7.449
2025-12-25T22:13:50.418Z,47.957,2.734,131.123,16.330,0.00,4.3570,24.734768,46.698570,6.735,134.085,7.458
2025-12-25T22:13:50.892Z,47.875,2.907,139.158,16.330,0.00,4.3570,24.734768,46.698570,6.753,133.721,7.478
2025-12-25T22:13:50.892Z,47.895,2.815,134.826,16.330,0.00,4.3570,24.734768,46.698570,6.753,133.721,7.478
2025-12-25T22:13:50.912Z,47.706,3.402,162.283,16.330,0.00,4.3570,24.734768,46.698570,6.754,133.703,7.479
2025-12-25T22:13:51.198Z,47.661,3.446,164.220,17.000,0.00,4.3620,24.734726,46.698566,6.767,134.184,7.452
2025-12-25T22:13:51.202Z,47.638,3.530,168.155,17.000,0.00,4.3620,24.734726,46.698566,6.767,134.180,7.453
2025-12-25T22:13:51.322Z,47.694,3.370,160.732,17.000,0.00,4.3620,24.734726,46.698566,6.772,134.075,7.459
2025-12-25T22:13:51.712Z,47.656,3.443,164.064,17.000,0.00,4.3620,24.734726,46.698566,6.790,133.723,7.478
2025-12-25T22:13:51.731Z,47.670,3.384,161.318,17.000,0.00,4.3620,24.734726,46.698566,6.791,133.707,7.479
2025-12-25T22:13:52.018Z,47.521,3.984,189.314,17.000,0.00,4.3620,24.734726,46.698566,6.806,133.410,7.496
2025-12-25T22:13:52.029Z,47.450,4.143,196.596,17.000,0.00,4.3620,24.734726,46.698566,6.807,133.398,7.496
2025-12-25T22:13:52.137Z,47.556,3.821,181.712,17.480,0.00,4.3670,24.734682,46.698570,6.812,134.026,7.461
2025-12-25T22:13:52.532Z,47.419,4.166,197.550,17.480,0.00,4.3670,24.734682,46.698570,6.834,133.600,7.485
2025-12-25T22:13:52.562Z,47.446,4.106,194.821,17.480,0.00,4.3670,24.734682,46.698570,6.835,133.569,7.487
2025-12-25T22:13:52.562Z,47.444,4.021,190.777,17.480,0.00,4.3670,24.734682,46.698570,6.835,133.569,7.487
2025-12-25T22:13:52.761Z,47.459,4.111,195.114,17.480,0.00,4.3670,24.734682,46.698570,6.846,133.358,7.499
2025-12-25T22:13:53.145Z,47.495,3.895,184.994,17.480,0.00,4.3670,24.734682,46.698570,6.866,132.975,7.520
2025-12-25T22:13:53.173Z,47.516,3.810,181.037,17.980,0.00,4.3720,24.734638,46.698582,6.867,133.676,7.481
2025-12-25T22:13:53.173Z,47.435,4.130,195.894,17.980,0.00,4.3720,24.734638,46.698582,6.867,133.675,7.481
2025-12-25T22:13:53.452Z,47.459,3.959,187.889,17.980,0.00,4.3720,24.734638,46.698582,6.882,133.393,7.497
2025-12-25T22:13:53.594Z,47.437,4.196,199.057,17.980,0.00,4.3720,24.734638,46.698582,6.890,133.241,7.505
2025-12-25T22:13:53.964Z,47.442,3.980,188.809,17.980,0.00,4.3720,24.734638,46.698582,6.909,132.866,7.526
2025-12-25T22:13:53.991Z,47.388,4.358,206.504,17.980,0.00,4.3720,24.734638,46.698582,6.911,132.836,7.528
2025-12-25T22:13:53.992Z,47.239,4.552,215.045,17.980,0.00,4.3720,24.734638,46.698582,6.911,132.836,7.528
2025-12-25T22:13:54.195Z,47.159,4.992,235.413,18.260,0.00,4.3770,24.734594,46.698597,6.924,133.303,7.502
2025-12-25T22:13:54.579Z,47.217,4.800,226.644,18.260,0.00,4.3770,24.734594,46.698597,6.948,132.839,7.528
2025-12-25T22:13:54.593Z,47.191,4.799,226.454,18.260,0.00,4.3770,24.734594,46.698597,6.949,132.823,7.529
2025-12-25T22:13:54.593Z,47.180,4.605,217.266,18.260,0.00,4.3770,24.734594,46.698597,6.949,132.822,7.529
2025-12-25T22:13:54.885Z,47.185,4.782,225.661,18.260,0.00,4.3770,24.734594,46.698597,6.967,132.474,7.549
2025-12-25T22:13:55.193Z,47.177,4.905,231.398,18.260,0.00,4.3770,24.734594,46.698597,6.987,132.099,7.570
2025-12-25T22:13:55.193Z,47.252,4.703,222.218,18.830,0.00,4.3820,24.734552,46.698616,6.987,132.814,7.529
2025-12-25T22:13:55.397Z,47.115,4.919,231.749,18.830,0.00,4.3820,24.734552,46.698616,7.000,132.564,7.544
2025-12-25T22:13:55.531Z,47.472,3.995,189.629,18.830,0.00,4.3820,24.734552,46.698616,7.007,132.431,7.551
2025-12-25T22:13:55.531Z,47.229,4.659,220.041,18.830,0.00,4.3820,24.734552,46.698616,7.007,132.431,7.551
2025-12-25T22:13:55.908Z,47.149,4.801,226.383,18.830,0.00,4.3820,24.734552,46.698616,7.031,131.984,7.577
2025-12-25T22:13:55.975Z,47.230,4.536,214.221,18.830,0.00,4.3820,24.734552,46.698616,7.035,131.910,7.581
2025-12-25T22:13:56.142Z,47.082,5.002,235.492,19.110,0.00,4.3870,24.734509,46.698643,7.046,132.415,7.552
2025-12-25T22:13:56.353Z,47.173,4.808,226.788,19.110,0.00,4.3870,24.734509,46.698643,7.059,132.166,7.566
2025-12-25T22:13:56.353Z,47.167,4.885,230.432,19.110,0.00,4.3870,24.734509,46.698643,7.059,132.166,7.566
2025-12-25T22:13:56.556Z,47.207,4.639,219.000,19.110,0.00,4.3870,24.734509,46.698643,7.072,131.935,7.580
2025-12-25T22:13:56.830Z,47.083,4.992,235.026,19.110,0.00,4.3870,24.734509,46.698643,7.090,131.602,7.599
2025-12-25T22:13:56.966Z,47.286,4.440,209.930,19.110,0.00,4.3870,24.734509,46.698643,7.097,131.455,7.607
2025-12-25T22:13:56.966Z,47.136,4.873,229.683,19.110,0.00,4.3870,24.734509,46.698643,7.097,131.455,7.607
2025-12-25T22:13:57.240Z,47.228,4.513,213.140,19.410,0.00,4.3930,24.734470,46.698673,7.114,131.998,7.576
2025-12-25T22:13:57.366Z,47.196,4.630,218.537,19.410,0.00,4.3930,24.734470,46.698673,7.121,131.857,7.584
2025-12-25T22:13:57.760Z,47.175,4.713,222.355,19.410,0.00,4.3930,24.734470,46.698673,7.146,131.408,7.610
2025-12-25T22:13:57.760Z,47.093,4.903,230.913,19.410,0.00,4.3930,24.734470,46.698673,7.146,131.408,7.610
2025-12-25T22:13:57.962Z,47.048,5.022,236.279,19.410,0.00,4.3930,24.734470,46.698673,7.159,131.164,7.624
2025-12-25T22:13:57.965Z,47.029,5.118,240.684,19.410,0.00,4.3930,24.734470,46.698673,7.159,131.161,7.624
2025-12-25T22:13:58.073Z,47.012,5.130,241.173,18.780,0.00,4.3980,24.734432,46.698708,7.166,131.726,7.592
2025-12-25T22:13:58.278Z,47.083,4.873,229.444,18.780,0.00,4.3980,24.734432,46.698708,7.179,131.486,7.605
2025-12-25T22:13:58.492Z,47.142,4.743,223.613,18.780,0.00,4.3980,24.734432,46.698708,7.193,131.243,7.619
2025-12-25T22:13:58.787Z,47.080,5.047,237.630,18.780,0.00,4.3980,24.734432,46.698708,7.212,130.889,7.640
2025-12-25T22:13:58.787Z,47.008,5.062,237.934,18.780,0.00,4.3980,24.734432,46.698708,7.212,130.889,7.640
2025-12-25T22:13:58.980Z,47.057,5.023,236.379,18.780,0.00,4.3980,24.734432,46.698708,7.225,130.659,7.654
2025-12-25T22:13:59.049Z,47.065,4.803,226.059,18.280,0.00,4.4030,24.734400,46.698746,7.229,131.272,7.618
2025-12-25T22:13:59.292Z,47.286,4.234,200.198,18.280,0.00,4.4030,24.734400,46.698746,7.243,131.028,7.632
2025-12-25T22:13:59.436Z,47.020,5.239,246.334,18.280,0.00,4.4030,24.734400,46.698746,7.253,130.849,7.642
2025-12-25T22:13:59.698Z,47.030,4.920,231.378,18.280,0.00,4.4030,24.734400,46.698746,7.269,130.547,7.660
2025-12-25T22:13:59.698Z,47.460,3.754,178.143,18.280,0.00,4.4030,24.734400,46.698746,7.269,130.547,7.660
2025-12-25T22:14:00.004Z,46.882,5.481,256.962,18.280,0.00,4.4030,24.734400,46.698746,7.291,130.155,7.683
2025-12-25T22:14:00.030Z,47.470,3.784,179.610,18.280,0.00,4.4030,24.734400,46.698746,7.293,130.132,7.684
2025-12-25T22:14:00.312Z,47.000,5.120,240.634,17.480,0.00,4.4080,24.734375,46.698784,7.311,130.480,7.664
2025-12-25T22:14:00.312Z,47.189,4.497,212.220,17.480,0.00,4.4080,24.734375,46.698784,7.311,130.480,7.664
2025-12-25T22:14:00.516Z,46.789,4.987,233.331,17.480,0.00,4.4080,24.734375,46.698784,7.325,130.245,7.678
2025-12-25T22:14:00.637Z,47.005,5.149,242.012,17.480,0.00,4.4080,24.734375,46.698784,7.333,130.101,7.686
2025-12-25T22:14:01.029Z,47.154,4.757,224.319,17.480,0.00,4.4080,24.734375,46.698784,7.357,129.668,7.712
2025-12-25T22:14:01.095Z,47.096,4.880,229.821,17.480,0.00,4.4080,24.734375,46.698784,7.361,129.594,7.716
2025-12-25T22:14:01.096Z,46.832,5.578,261.208,16.960,0.00,4.4130,24.734354,46.698826,7.361,130.273,7.676
2025-12-25T22:14:01.257Z,47.021,5.078,238.758,16.960,0.00,4.4130,24.734354,46.698826,7.372,130.083,7.687
2025-12-25T22:14:01.459Z,47.060,4.878,229.579,16.960,0.00,4.4130,24.734354,46.698826,7.385,129.856,7.701
2025-12-25T22:14:01.666Z,47.393,3.947,187.077,16.960,0.00,4.4130,24.734354,46.698826,7.396,129.667,7.712
2025-12-25T22:14:01.667Z,46.712,5.967,278.725,16.960,0.00,4.4130,24.734354,46.698826,7.396,129.667,7.712
2025-12-25T22:14:01.951Z,47.089,5.639,265.533,16.960,0.00,4.4130,24.734354,46.698826,7.417,129.300,7.734
2025-12-25T22:14:02.067Z,46.784,5.707,266.991,17.090,0.00,4.4180,24.734341,46.698872,7.425,129.824,7.703
2025-12-25T22:14:02.463Z,46.856,5.391,252.625,17.090,0.00,4.4180,24.734341,46.698872,7.453,129.340,7.732
2025-12-25T22:14:02.463Z,46.789,5.764,269.690,17.090,0.00,4.4180,24.734341,46.698872,7.453,129.340,7.732
2025-12-25T22:14:02.482Z,47.297,4.237,200.415,17.090,0.00,4.4180,24.734341,46.698872,7.454,129.322,7.733
2025-12-25T22:14:02.873Z,46.857,5.386,252.380,17.090,0.00,4.4180,24.734341,46.698872,7.482,128.848,7.761
2025-12-25T22:14:02.873Z,46.887,5.561,260.743,17.090,0.00,4.4180,24.734341,46.698872,7.482,128.847,7.761
2025-12-25T22:14:03.078Z,47.155,4.648,219.189,17.090,0.00,4.4180,24.734341,46.698872,7.494,128.633,7.774
2025-12-25T22:14:03.197Z,46.861,5.564,260.742,17.580,0.00,4.4230,24.734333,46.698917,7.503,129.152,7.743
2025-12-25T22:14:03.453Z,47.237,4.440,209.751,17.580,0.00,4.4230,24.734333,46.698917,7.518,128.896,7.758
2025-12-25T22:14:03.458Z,46.853,5.331,249.759,17.580,0.00,4.4230,24.734333,46.698917,7.518,128.889,7.759
2025-12-25T22:14:03.691Z,47.042,5.073,238.662,17.580,0.00,4.4230,24.734333,46.698917,7.534,128.624,7.775
2025-12-25T22:14:03.807Z,47.067,4.962,233.546,17.580,0.00,4.4230,24.734333,46.698917,7.541,128.497,7.782
2025-12-25T22:14:04.204Z,46.866,5.609,262.865,17.580,0.00,4.4230,24.734333,46.698917,7.570,128.005,7.812
2025-12-25T22:14:04.204Z,47.122,4.509,212.471,18.020,0.00,4.4280,24.734335,46.698967,7.570,128.665,7.772
2025-12-25T22:14:04.222Z,46.783,5.596,261.797,18.020,0.00,4.4280,24.734335,46.698967,7.571,128.642,7.773
2025-12-25T22:14:04.512Z,46.755,5.721,267.497,18.020,0.00,4.4280,24.734335,46.698967,7.593,128.278,7.796
2025-12-25T22:14:04.648Z,46.811,5.623,263.227,18.020,0.00,4.4280,24.734335,46.698967,7.603,128.110,7.806
2025-12-25T22:14:04.648Z,46.851,5.567,260.824,18.020,0.00,4.4280,24.734335,46.698967,7.603,128.110,7.806
2025-12-25T22:14:05.023Z,47.018,4.929,231.730,18.020,0.00,4.4280,24.734335,46.698967,7.627,127.705,7.831
2025-12-25T22:14:05.036Z,46.781,5.769,269.865,18.020,0.00,4.4280,24.734335,46.698967,7.628,127.688,7.832
2025-12-25T22:14:05.535Z,46.810,5.757,269.469,18.720,0.00,4.4320,24.734346,46.699013,7.665,127.588,7.838
2025-12-25T22:14:05.535Z,46.821,5.603,262.349,18.720,0.00,4.4320,24.734346,46.699013,7.665,127.588,7.838
2025-12-25T22:14:05.945Z,46.865,5.545,259.879,18.720,0.00,4.4320,24.734346,46.699013,7.695,127.097,7.868
2025-12-25T22:14:05.945Z,46.794,5.484,256.636,18.720,0.00,4.4320,24.734346,46.699013,7.695,127.097,7.868
2025-12-25T22:14:05.945Z,46.789,5.805,271.608,18.720,0.00,4.4320,24.734346,46.699013,7.695,127.097,7.868
2025-12-25T22:14:05.967Z,46.847,5.471,256.296,18.720,0.00,4.4320,24.734346,46.699013,7.696,127.071,7.870
2025-12-25T22:14:06.255Z,46.898,5.292,248.176,19.320,0.00,4.4380,24.734371,46.699062,7.716,127.521,7.842
2025-12-25T22:14:06.383Z,46.978,5.044,236.968,19.320,0.00,4.4380,24.734371,46.699062,7.725,127.383,7.850
2025-12-25T22:14:06.383Z,46.768,5.702,266.689,19.320,0.00,4.4380,24.734371,46.699062,7.725,127.383,7.850
2025-12-25T22:14:06.764Z,46.899,5.344,250.626,19.320,0.00,4.4380,24.734371,46.699062,7.751,126.947,7.877
2025-12-25T22:14:06.788Z,46.760,5.629,263.195,19.320,0.00,4.4380,24.734371,46.699062,7.753,126.918,7.879
2025-12-25T22:14:07.072Z,46.807,5.495,257.204,19.320,0.00,4.4380,24.734371,46.699062,7.773,126.587,7.900
2025-12-25T22:14:07.072Z,46.932,5.229,245.407,19.760,0.00,4.4430,24.734404,46.699100,7.773,127.230,7.860
2025-12-25T22:14:07.276Z,47.097,4.708,221.711,19.760,0.00,4.4430,24.734404,46.699100,7.786,127.025,7.872
2025-12-25T22:14:07.397Z,46.850,5.509,258.081,19.760,0.00,4.4430,24.734404,46.699100,7.795,126.884,7.881
2025-12-25T22:14:07.686Z,46.850,5.413,253.587,19.760,0.00,4.4430,24.734404,46.699100,7.815,126.553,7.902
2025-12-25T22:14:07.948Z,46.828,5.466,255.956,19.760,0.00,4.4430,24.734404,46.699100,7.834,126.252,7.921
2025-12-25T22:14:07.961Z,46.827,5.472,256.230,19.760,0.00,4.4430,24.734404,46.699100,7.834,126.237,7.922
2025-12-25T22:14:08.197Z,46.693,5.857,273.504,19.760,0.00,4.4430,24.734404,46.699100,7.852,125.949,7.940
2025-12-25T22:14:08.198Z,46.766,5.626,263.105,20.090,0.00,4.4480,24.734440,46.699131,7.852,126.585,7.900
2025-12-25T22:14:08.504Z,46.735,5.783,270.282,20.090,0.00,4.4480,24.734440,46.699131,7.875,126.215,7.923
2025-12-25T22:14:08.540Z,46.909,5.185,243.216,20.090,0.00,4.4480,24.734440,46.699131,7.878,126.176,7.925
2025-12-25T22:14:08.811Z,46.768,5.670,265.152,20.090,0.00,4.4480,24.734440,46.699131,7.898,125.857,7.946
2025-12-25T22:14:08.811Z,46.778,5.561,260.133,20.090,0.00,4.4480,24.734440,46.699131,7.898,125.857,7.946
2025-12-25T22:14:09.015Z,46.685,5.895,275.199,20.090,0.00,4.4480,24.734440,46.699131,7.913,125.609,7.961
2025-12-25T22:14:09.142Z,46.718,5.727,267.565,20.980,0.00,4.4540,24.734486,46.699158,7.923,126.216,7.923
2025-12-25T22:14:09.428Z,46.893,5.282,247.679,20.980,0.00,4.4540,24.734486,46.699158,7.943,125.904,7.943
2025-12-25T22:14:09.429Z,46.727,5.826,272.224,20.980,0.00,4.4540,24.734486,46.699158,7.943,125.903,7.943
2025-12-25T22:14:09.558Z,46.612,6.081,283.443,20.980,0.00,4.4540,24.734486,46.699158,7.953,125.742,7.953
2025-12-25T22:14:09.938Z,46.691,5.861,273.638,20.980,0.00,4.4540,24.734486,46.699158,7.982,125.288,7.982
2025-12-25T22:14:09.938Z,46.739,5.739,268.231,20.980,0.00,4.4540,24.734486,46.699158,7.982,125.287,7.982
2025-12-25T22:14:10.057Z,47.072,4.678,220.202,22.340,0.00,4.4600,24.734539,46.699173,7.989,125.924,7.941
2025-12-25T22:14:10.257Z,46.686,5.807,271.123,22.340,0.00,4.4600,24.734539,46.699173,8.004,125.687,7.956
2025-12-25T22:14:10.467Z,46.740,5.742,268.362,22.340,0.00,4.4600,24.734539,46.699173,8.020,125.442,7.972
2025-12-25T22:14:10.467Z,46.606,5.439,253.472,22.340,0.00,4.4600,24.734539,46.699173,8.020,125.442,7.972
2025-12-25T22:14:10.757Z,46.652,5.988,279.369,22.340,0.00,4.4600,24.734539,46.699173,8.042,125.090,7.994
2025-12-25T22:14:10.872Z,46.785,5.779,270.386,22.340,0.00,4.4600,24.734539,46.699173,8.051,124.956,8.003
2025-12-25T22:14:11.174Z,47.226,3.980,187.973,22.340,0.00,4.4600,24.734539,46.699173,8.067,124.712,8.018
2025-12-25T22:14:11.174Z,48.290,1.219,58.848,23.960,0.00,4.4670,24.734598,46.699177,8.067,125.580,7.963
2025-12-25T22:14:11.286Z,48.630,0.065,3.185,23.960,0.00,4.4670,24.734598,46.699177,8.067,125.579,7.963
2025-12-25T22:14:11.494Z,48.636,0.078,3.803,23.960,0.00,4.4670,24.734598,46.699177,8.067,125.575,7.963
2025-12-25T22:14:11.763Z,48.646,0.067,3.236,23.960,0.00,4.4670,24.734598,46.699177,8.067,125.571,7.964
2025-12-25T22:14:11.770Z,48.653,0.065,3.144,23.960,0.00,4.4670,24.734598,46.699177,8.067,125.571,7.964
2025-12-25T22:14:11.915Z,48.657,0.066,3.233,23.960,0.00,4.4670,24.734598,46.699177,8.067,125.569,7.964
2025-12-25T22:14:12.117Z,48.663,0.066,3.232,24.780,0.00,4.4740,24.734659,46.699169,8.067,126.434,7.909
2025-12-25T22:14:12.497Z,48.663,0.076,3.685,24.780,0.00,4.4740,24.734659,46.699169,8.068,126.428,7.910
2025-12-25T22:14:12.532Z,48.671,0.065,3.166,24.780,0.00,4.4740,24.734659,46.699169,8.068,126.428,7.910
2025-12-25T22:14:12.532Z,48.674,0.067,3.247,24.780,0.00,4.4740,24.734659,46.699169,8.068,126.428,7.910
2025-12-25T22:14:12.805Z,48.676,0.069,3.355,24.780,0.00,4.4740,24.734659,46.699169,8.068,126.424,7.910
2025-12-25T22:14:13.052Z,48.677,0.073,3.552,24.780,0.00,4.4740,24.734659,46.699169,8.068,126.420,7.910
2025-12-25T22:14:13.057Z,48.684,0.064,3.135,24.780,0.00,4.4740,24.734659,46.699169,8.068,126.420,7.910
2025-12-25T22:14:13.236Z,48.682,0.076,3.683,24.890,0.00,4.4810,24.734718,46.699150,8.069,127.284,7.856
2025-12-25T22:14:13.625Z,48.689,0.065,3.141,24.890,0.00,4.4810,24.734718,46.699150,8.069,127.279,7.857
2025-12-25T22:14:13.625Z,48.689,0.075,3.637,24.890,0.00,4.4810,24.734718,46.699150,8.069,127.279,7.857
2025-12-25T22:14:13.635Z,48.695,0.066,3.221,24.890,0.00,4.4810,24.734718,46.699150,8.069,127.279,7.857
2025-12-25T22:14:13.931Z,48.695,0.071,3.455,24.890,0.00,4.4810,24.734718,46.699150,8.069,127.274,7.857
2025-12-25T22:14:14.053Z,48.697,0.072,3.489,24.890,0.00,4.4810,24.734718,46.699150,8.069,127.273,7.857
2025-12-25T22:14:14.053Z,48.703,0.064,3.140,23.840,0.00,4.4870,24.734774,46.699123,8.069,128.016,7.812
2025-12-25T22:14:14.444Z,48.705,0.065,3.170,23.840,0.00,4.4870,24.734774,46.699123,8.070,128.011,7.812
2025-12-25T22:14:14.455Z,48.704,0.074,3.602,23.840,0.00,4.4870,24.734774,46.699123,8.070,128.011,7.812
2025-12-25T22:14:14.727Z,48.707,0.069,3.378,23.840,0.00,4.4870,24.734774,46.699123,8.070,128.006,7.812
2025-12-25T22:14:14.873Z,48.711,0.065,3.142,23.840,0.00,4.4870,24.734774,46.699123,8.070,128.004,7.812
2025-12-25T22:14:14.890Z,48.713,0.064,3.116,23.840,0.00,4.4870,24.734774,46.699123,8.070,128.004,7.812
2025-12-25T22:14:15.264Z,48.715,0.066,3.206,23.540,0.00,4.4940,24.734825,46.699089,8.070,128.866,7.760
2025-12-25T22:14:15.304Z,48.714,0.076,3.681,23.540,0.00,4.4940,24.734825,46.699089,8.070,128.866,7.760
2025-12-25T22:14:15.672Z,48.719,0.067,3.249,23.540,0.00,4.4940,24.734825,46.699089,8.071,128.860,7.760
2025-12-25T22:14:15.672Z,48.721,0.065,3.148,23.540,0.00,4.4940,24.734825,46.699089,8.071,128.860,7.760
2025-12-25T22:14:15.879Z,48.718,0.077,3.771,23.540,0.00,4.4940,24.734825,46.699089,8.071,128.857,7.761
2025-12-25T22:14:15.879Z,48.725,0.065,3.171,23.540,0.00,4.4940,24.734825,46.699089,8.071,128.857,7.761
2025-12-25T22:14:16.007Z,48.725,0.068,3.310,23.540,0.00,4.4940,24.734825,46.699089,8.071,128.855,7.761
2025-12-25T22:14:16.388Z,48.719,0.093,4.553,22.910,0.00,4.5010,24.734871,46.699047,8.072,129.715,7.709
2025-12-25T22:14:16.453Z,48.727,0.075,3.658,22.910,0.00,4.5010,24.734871,46.699047,8.072,129.713,7.709
2025-12-25T22:14:16.454Z,48.733,0.064,3.138,22.910,0.00,4.5010,24.734871,46.699047,8.072,129.713,7.709
2025-12-25T22:14:16.798Z,48.734,0.066,3.214,22.910,0.00,4.5010,24.734871,46.699047,8.072,129.709,7.710
2025-12-25T22:14:16.933Z,48.735,0.064,3.110,22.910,0.00,4.5010,24.734871,46.699047,8.072,129.707,7.710
2025-12-25T22:14:16.933Z,48.736,0.066,3.222,22.910,0.00,4.5010,24.734871,46.699047,8.072,129.707,7.710
2025-12-25T22:14:17.242Z,48.737,0.071,3.452,22.450,0.00,4.5070,24.734911,46.699005,8.072,130.445,7.666
2025-12-25T22:14:17.242Z,48.740,0.066,3.222,22.450,0.00,4.5070,24.734911,46.699005,8.072,130.445,7.666
2025-12-25T22:14:17.515Z,48.740,0.071,3.455,22.450,0.00,4.5070,24.734911,46.699005,8.073,130.441,7.666
2025-12-25T22:14:17.927Z,48.741,0.072,3.501,22.450,0.00,4.5070,24.734911,46.699005,8.073,130.434,7.667
2025-12-25T22:14:17.928Z,48.745,0.065,3.154,22.450,0.00,4.5070,24.734911,46.699005,8.073,130.434,7.667
2025-12-25T22:14:18.193Z,48.745,0.073,3.537,22.450,0.00,4.5070,24.734911,46.699005,8.073,130.430,7.667
2025-12-25T22:14:18.197Z,48.748,0.065,3.178,21.780,0.00,4.5130,24.734941,46.698956,8.073,131.173,7.623
2025-12-25T22:14:18.197Z,48.746,0.076,3.723,21.780,0.00,4.5130,24.734941,46.698956,8.073,131.173,7.623
2025-12-25T22:14:18.357Z,48.751,0.065,3.160,21.780,0.00,4.5130,24.734941,46.698956,8.073,131.171,7.624
2025-12-25T22:14:18.642Z,48.749,0.075,3.645,21.780,0.00,4.5130,24.734941,46.698956,8.074,131.166,7.624
2025-12-25T22:14:18.771Z,48.753,0.068,3.301,21.780,0.00,4.5130,24.734941,46.698956,8.074,131.164,7.624
2025-12-25T22:14:18.771Z,48.756,0.064,3.140,21.780,0.00,4.5130,24.734941,46.698956,8.074,131.164,7.624
2025-12-25T22:14:18.977Z,48.756,0.066,3.223,21.780,0.00,4.5130,24.734941,46.698956,8.074,131.161,7.624
2025-12-25T22:14:19.257Z,48.754,0.075,3.673,21.450,0.00,4.5190,24.734964,46.698902,8.074,131.900,7.582
2025-12-25T22:14:19.372Z,48.756,0.075,3.675,21.450,0.00,4.5190,24.734964,46.698902,8.074,131.898,7.582
2025-12-25T22:14:19.666Z,48.761,0.065,3.194,21.450,0.00,4.5190,24.734964,46.698902,8.075,131.894,7.582
2025-12-25T22:14:19.666Z,48.763,0.065,3.164,21.450,0.00,4.5190,24.734964,46.698902,8.075,131.894,7.582
2025-12-25T22:14:19.871Z,48.763,0.066,3.226,21.450,0.00,4.5190,24.734964,46.698902,8.075,131.891,7.582
2025-12-25T22:14:20.001Z,48.760,0.078,3.824,21.450,0.00,4.5190,24.734964,46.698902,8.075,131.889,7.582
2025-12-25T22:14:20.207Z,48.766,0.064,3.129,20.830,0.00,4.5250,24.734978,46.698845,8.075,132.629,7.540
2025-12-25T22:14:20.208Z,48.767,0.066,3.196,20.830,0.00,4.5250,24.734978,46.698845,8.075,132.629,7.540
2025-12-25T22:14:20.485Z,48.768,0.068,3.339,20.830,0.00,4.5250,24.734978,46.698845,8.075,132.624,7.540
2025-12-25T22:14:20.795Z,48.767,0.075,3.644,20.830,0.00,4.5250,24.734978,46.698845,8.076,132.619,7.540
2025-12-25T22:14:20.795Z,48.769,0.072,3.525,20.830,0.00,4.5250,24.734978,46.698845,8.076,132.619,7.540
2025-12-25T22:14:20.915Z,48.771,0.069,3.375,20.830,0.00,4.5250,24.734978,46.698845,8.076,132.617,7.540
2025-12-25T22:14:21.305Z,48.771,0.072,3.531,20.190,0.00,4.5300,24.734978,46.698792,8.076,133.230,7.506
2025-12-25T22:14:21.305Z,48.776,0.064,3.118,20.190,0.00,4.5300,24.734978,46.698792,8.076,133.230,7.506
2025-12-25T22:14:21.328Z,48.776,0.066,3.204,20.190,0.00,4.5300,24.734978,46.698792,8.076,133.230,7.506
2025-12-25T22:14:21.816Z,48.775,0.072,3.489,20.190,0.00,4.5300,24.734978,46.698792,8.077,133.222,7.506
2025-12-25T22:14:21.816Z,48.779,0.065,3.173,20.190,0.00,4.5300,24.734978,46.698792,8.077,133.222,7.506
2025-12-25T22:14:22.123Z,48.780,0.065,3.148,20.190,0.00,4.5300,24.734978,46.698792,8.077,133.218,7.507
2025-12-25T22:14:22.123Z,48.780,0.066,3.215,20.190,0.00,4.5300,24.734978,46.698792,8.077,133.218,7.507
2025-12-25T22:14:22.138Z,48.783,0.065,3.171,19.630,0.00,4.5350,24.734964,46.698742,8.077,133.836,7.472
2025-12-25T22:14:22.396Z,48.780,0.073,3.567,19.630,0.00,4.5350,24.734964,46.698742,8.077,133.832,7.472
2025-12-25T22:14:22.578Z,48.784,0.068,3.312,19.630,0.00,4.5350,24.734964,46.698742,8.077,133.829,7.472
2025-12-25T22:14:22.579Z,48.786,0.065,3.154,19.630,0.00,4.5350,24.734964,46.698742,8.077,133.829,7.472
2025-12-25T22:14:22.945Z,48.763,0.142,6.912,19.630,0.00,4.5350,24.734964,46.698742,8.078,133.818,7.473
2025-12-25T22:14:22.996Z,48.725,0.238,11.593,19.630,0.00,4.5350,24.734964,46.698742,8.078,133.815,7.473
2025-12-25T22:14:23.352Z,48.695,0.374,18.226,17.820,0.00,4.5410,24.734943,46.698696,8.080,134.528,7.433
2025-12-25T22:14:23.353Z,48.658,0.549,26.693,17.820,0.00,4.5410,24.734943,46.698696,8.080,134.528,7.433
2025-12-25T22:14:23.477Z,48.634,0.560,27.237,17.820,0.00,4.5410,24.734943,46.698696,8.081,134.512,7.434
2025-12-25T22:14:23.478Z,48.566,0.740,35.958,17.820,0.00,4.5410,24.734943,46.698696,8.081,134.512,7.434
2025-12-25T22:14:23.864Z,48.382,1.380,66.763,17.820,0.00,4.5410,24.734943,46.698696,8.088,134.393,7.441
2025-12-25T22:14:23.889Z,47.738,3.180,151.806,17.820,0.00,4.5410,24.734943,46.698696,8.089,134.375,7.442
2025-12-25T22:14:24.150Z,47.745,3.113,148.622,17.820,0.00,4.5410,24.734943,46.698696,8.100,134.197,7.452
2025-12-25T22:14:24.287Z,47.344,4.446,210.508,17.710,0.00,4.5460,24.734915,46.698658,8.108,134.681,7.425
2025-12-25T22:14:24.287Z,47.506,3.897,185.140,17.710,0.00,4.5460,24.734915,46.698658,8.108,134.681,7.425
2025-12-25T22:14:24.492Z,47.327,4.346,205.681,17.710,0.00,4.5460,24.734915,46.698658,8.120,134.486,7.436
2025-12-25T22:14:24.786Z,47.397,3.944,186.947,17.710,0.00,4.5460,24.734915,46.698658,8.135,134.234,7.450
2025-12-25T22:14:24.901Z,47.482,3.861,183.331,17.710,0.00,4.5460,24.734915,46.698658,8.141,134.137,7.455
2025-12-25T22:14:24.901Z,47.461,4.068,193.063,17.710,0.00,4.5460,24.734915,46.698658,8.141,134.137,7.455
2025-12-25T22:14:25.299Z,47.214,4.612,217.764,18.210,0.00,4.5510,24.734880,46.698624,8.165,134.355,7.443
2025-12-25T22:14:25.330Z,47.295,4.372,206.794,18.210,0.00,4.5510,24.734880,46.698624,8.167,134.325,7.445
2025-12-25T22:14:25.605Z,47.401,4.084,193.585,18.210,0.00,4.5510,24.734880,46.698624,8.182,134.082,7.458
2025-12-25T22:14:25.606Z,47.253,4.529,214.013,18.210,0.00,4.5510,24.734880,46.698624,8.182,134.082,7.458
2025-12-25T22:14:25.912Z,47.115,4.933,232.428,18.210,0.00,4.5510,24.734880,46.698624,8.201,133.758,7.476
2025-12-25T22:14:25.913Z,47.138,4.813,226.871,18.210,0.00,4.5510,24.734880,46.698624,8.201,133.758,7.476
2025-12-25T22:14:26.119Z,47.005,5.252,246.888,19.210,0.00,4.5560,24.734838,46.698597,8.216,134.136,7.455
2025-12-25T22:14:26.256Z,47.020,5.261,247.353,19.210,0.00,4.5560,24.734838,46.698597,8.225,133.982,7.464
2025-12-25T22:14:26.563Z,46.914,5.998,281.387,19.210,0.00,4.5560,24.734838,46.698597,8.249,133.592,7.485
2025-12-25T22:14:26.564Z,46.806,5.900,276.146,19.210,0.00,4.5560,24.734838,46.698597,8.249,133.592,7.485
2025-12-25T22:14:27.037Z,46.610,6.378,297.278,19.210,0.00,4.5560,24.734838,46.698597,8.288,132.961,7.521
2025-12-25T22:14:27.038Z,46.803,5.712,267.330,19.210,0.00,4.5560,24.734838,46.698597,8.288,132.961,7.521
2025-12-25T22:14:27.049Z,46.858,5.631,263.847,19.210,0.00,4.5560,24.734838,46.698597,8.289,132.948,7.522
2025-12-25T22:14:27.346Z,46.825,5.674,265.706,19.890,0.00,4.5620,24.734793,46.698578,8.311,133.319,7.501
2025-12-25T22:14:27.354Z,46.803,5.784,270.720,19.890,0.00,4.5620,24.734793,46.698578,8.311,133.309,7.501
2025-12-25T22:14:27.551Z,46.785,5.807,271.661,19.890,0.00,4.5620,24.734793,46.698578,8.326,133.071,7.515
2025-12-25T22:14:27.666Z,46.727,6.011,280.876,19.890,0.00,4.5620,24.734793,46.698578,8.335,132.929,7.523
2025-12-25T22:14:28.063Z,46.751,5.906,276.096,19.890,0.00,4.5620,24.734793,46.698578,8.366,132.445,7.550
2025-12-25T22:14:28.063Z,46.680,6.010,280.539,19.890,0.00,4.5620,24.734793,46.698578,8.366,132.444,7.550
2025-12-25T22:14:28.072Z,46.818,5.591,261.767,20.150,0.00,4.5670,24.734743,46.698570,8.366,133.032,7.517
2025-12-25T22:14:28.473Z,46.744,5.796,270.941,20.150,0.00,4.5670,24.734743,46.698570,8.397,132.553,7.544
2025-12-25T22:14:28.473Z,46.559,6.384,297.237,20.150,0.00,4.5670,24.734743,46.698570,8.397,132.553,7.544
2025-12-25T22:14:28.678Z,47.015,5.038,236.842,20.150,0.00,4.5670,24.734743,46.698570,8.410,132.341,7.556
2025-12-25T22:14:28.806Z,46.902,5.276,247.438,20.150,0.00,4.5670,24.734743,46.698570,8.419,132.202,7.564
2025-12-25T22:14:29.173Z,46.775,5.854,273.802,20.150,0.00,4.5670,24.734743,46.698570,8.447,131.765,7.589
2025-12-25T22:14:29.176Z,46.604,6.198,288.847,20.740,0.00,4.5730,24.734692,46.698570,8.447,132.472,7.549
2025-12-25T22:14:29.221Z,46.588,6.344,295.534,20.740,0.00,4.5730,24.734692,46.698570,8.451,132.415,7.552
2025-12-25T22:14:29.415Z,46.492,6.540,304.046,20.740,0.00,4.5730,24.734692,46.698570,8.467,132.158,7.567
2025-12-25T22:14:29.616Z,46.871,5.476,256.687,20.740,0.00,4.5730,24.734692,46.698570,8.481,131.935,7.579
2025-12-25T22:14:29.616Z,46.851,5.461,255.858,20.740,0.00,4.5730,24.734692,46.698570,8.481,131.935,7.579
2025-12-25T22:14:29.834Z,46.325,7.081,328.008,20.740,0.00,4.5730,24.734692,46.698570,8.501,131.627,7.597
2025-12-25T22:14:30.030Z,46.614,6.192,288.613,20.740,0.00,4.5730,24.734692,46.698570,8.517,131.383,7.611
2025-12-25T22:14:30.227Z,29.130,5.690,165.737,21.450,0.00,4.5790,24.734640,46.698586,8.526,131.947,7.579
2025-12-25T22:14:30.227Z,46.222,7.199,332.734,21.450,0.00,4.5790,24.734640,46.698586,8.526,131.947,7.579
2025-12-25T22:14:30.426Z,46.254,7.161,331.246,21.450,0.00,4.5790,24.734640,46.698586,8.544,131.665,7.595
2025-12-25T22:14:30.658Z,46.516,6.458,300.380,21.450,0.00,4.5790,24.734640,46.698586,8.564,131.367,7.612
2025-12-25T22:14:30.966Z,46.502,6.840,318.060,21.450,0.00,4.5790,24.734640,46.698586,8.591,130.952,7.636
2025-12-25T22:14:30.966Z,46.699,5.826,272.048,21.450,0.00,4.5790,24.734640,46.698586,8.591,130.951,7.636
2025-12-25T22:14:31.155Z,46.637,6.006,280.091,21.850,0.00,4.5850,24.734587,46.698605,8.606,131.424,7.609
2025-12-25T22:14:31.360Z,46.526,6.466,300.832,21.850,0.00,4.5850,24.734587,46.698605,8.623,131.163,7.624
2025-12-25T22:14:31.360Z,46.282,7.085,327.905,21.850,0.00,4.5850,24.734587,46.698605,8.623,131.163,7.624
2025-12-25T22:14:31.572Z,46.214,7.353,339.796,21.850,0.00,4.5850,24.734587,46.698605,8.643,130.859,7.642
2025-12-25T22:14:31.786Z,46.800,5.447,254.896,21.850,0.00,4.5850,24.734587,46.698605,8.658,130.631,7.655
2025-12-25T22:14:31.981Z,46.211,7.307,337.656,21.850,0.00,4.5850,24.734587,46.698605,8.676,130.355,7.671
2025-12-25T22:14:31.981Z,46.372,6.874,318.772,22.150,0.00,4.5910,24.734537,46.698627,8.676,131.047,7.631
2025-12-25T22:14:32.183Z,46.707,5.825,272.043,22.150,0.00,4.5910,24.734537,46.698627,8.692,130.816,7.644
2025-12-25T22:14:32.375Z,47.426,3.666,173.857,22.150,0.00,4.5910,24.734537,46.698627,8.701,130.677,7.652
2025-12-25T22:14:32.595Z,29.808,5.822,173.534,22.150,0.00,4.5910,24.734537,46.698627,8.711,130.518,7.662
2025-12-25T22:14:32.595Z,46.668,5.939,277.149,22.150,0.00,4.5910,24.734537,46.698627,8.711,130.517,7.662
2025-12-25T22:14:32.798Z,47.050,4.697,221.014,22.150,0.00,4.5910,24.734537,46.698627,8.724,130.331,7.673
2025-12-25T22:14:33.005Z,46.336,6.973,323.080,22.150,0.00,4.5910,24.734537,46.698627,8.743,130.054,7.689
2025-12-25T22:14:33.207Z,46.518,6.362,295.960,22.540,0.00,4.5970,24.734488,46.698662,8.759,130.493,7.663
2025-12-25T22:14:33.531Z,46.933,5.140,241.214,22.540,0.00,4.5970,24.734488,46.698662,8.781,130.171,7.682
2025-12-25T22:14:33.531Z,46.381,6.744,312.794,22.540,0.00,4.5970,24.734488,46.698662,8.781,130.170,7.682
2025-12-25T22:14:33.742Z,46.396,6.501,301.622,22.540,0.00,4.5970,24.734488,46.698662,8.798,129.909,7.698
2025-12-25T22:14:33.759Z,46.414,6.675,309.830,22.540,0.00,4.5970,24.734488,46.698662,8.800,129.887,7.699
2025-12-25T22:14:34.104Z,46.463,6.404,297.540,22.540,0.00,4.5970,24.734488,46.698662,8.829,129.467,7.724
2025-12-25T22:14:34.127Z,46.455,6.507,302.290,22.540,0.00,4.6030,24.734444,46.698696,8.830,130.119,7.685
2025-12-25T22:14:34.411Z,46.198,7.279,336.251,22.540,0.00,4.6030,24.734444,46.698696,8.857,129.729,7.708
2025-12-25T22:14:34.418Z,46.164,7.257,334.998,22.540,0.00,4.6030,24.734444,46.698696,8.858,129.719,7.709
2025-12-25T22:14:34.530Z,46.193,7.219,333.455,22.540,0.00,4.6030,24.734444,46.698696,8.868,129.567,7.718
2025-12-25T22:14:34.746Z,46.674,5.723,267.092,22.540,0.00,4.6030,24.734444,46.698696,8.884,129.334,7.732
2025-12-25T22:14:35.026Z,46.730,5.689,265.853,22.540,0.00,4.6030,24.734444,46.698696,8.905,129.034,7.750
2025-12-25T22:14:35.026Z,46.427,0.000,-0.002,22.540,0.00,4.6030,24.734444,46.698696,8.905,129.034,7.750
2025-12-25T22:14:35.152Z,46.841,5.252,246.025,22.090,0.00,4.6100,24.734406,46.698742,8.913,129.695,7.710
2025-12-25T22:14:35.357Z,46.182,7.279,336.163,22.090,0.00,4.6100,24.734406,46.698742,8.932,129.417,7.727
2025-12-25T22:14:35.566Z,46.284,6.982,323.169,22.090,0.00,4.6100,24.734406,46.698742,8.951,129.146,7.743
2025-12-25T22:14:35.777Z,46.194,7.155,330.538,22.090,0.00,4.6100,24.734406,46.698742,8.971,128.867,7.760
2025-12-25T22:14:35.780Z,46.508,6.233,289.883,22.090,0.00,4.6100,24.734406,46.698742,8.971,128.863,7.760
2025-12-25T22:14:36.152Z,46.363,6.685,309.923,22.090,0.00,4.6100,24.734406,46.698742,9.003,128.405,7.788
2025-12-25T22:14:36.152Z,46.325,6.909,320.040,21.540,0.00,4.6160,24.734373,46.698795,9.003,129.071,7.748
2025-12-25T22:14:36.566Z,46.289,6.845,316.856,21.540,0.00,4.6160,24.734373,46.698795,9.039,128.551,7.779
2025-12-25T22:14:36.566Z,46.753,5.533,258.677,21.540,0.00,4.6160,24.734373,46.698795,9.039,128.551,7.779
2025-12-25T22:14:36.766Z,46.282,7.109,329.036,21.540,0.00,4.6160,24.734373,46.698795,9.057,128.292,7.795
2025-12-25T22:14:36.766Z,46.281,6.971,322.603,21.540,0.00,4.6160,24.734373,46.698795,9.057,128.292,7.795
2025-12-25T22:14:36.971Z,46.528,6.092,283.445,21.540,0.00,4.6160,24.734373,46.698795,9.074,128.064,7.809
2025-12-25T22:14:37.087Z,46.277,6.838,316.452,21.130,0.00,4.6220,24.734352,46.698845,9.084,128.580,7.777
2025-12-25T22:14:37.482Z,46.687,5.649,263.733,21.130,0.00,4.6220,24.734352,46.698845,9.113,128.172,7.802
2025-12-25T22:14:37.482Z,46.263,6.887,318.594,21.130,0.00,4.6220,24.734352,46.698845,9.113,128.171,7.802
2025-12-25T22:14:37.497Z,46.385,6.529,302.831,21.130,0.00,4.6220,24.734352,46.698845,9.114,128.154,7.803
2025-12-25T22:14:37.732Z,46.569,6.084,283.342,21.130,0.00,4.6220,24.734352,46.698845,9.133,127.894,7.819
2025-12-25T22:14:38.097Z,47.081,4.473,210.576,21.130,0.00,4.6220,24.734352,46.698845,9.154,127.596,7.837
2025-12-25T22:14:38.116Z,46.592,5.915,275.584,21.130,0.00,4.6220,24.734352,46.698845,9.155,127.576,7.838
2025-12-25T22:14:38.116Z,46.406,6.529,302.965,21.350,0.00,4.6280,24.734339,46.698902,9.155,128.231,7.798
2025-12-25T22:14:38.322Z,46.593,6.014,280.227,21.350,0.00,4.6280,24.734339,46.698902,9.171,128.007,7.812
2025-12-25T22:14:38.712Z,46.456,6.374,296.130,21.350,0.00,4.6280,24.734339,46.698902,9.203,127.561,7.839
2025-12-25T22:14:38.712Z,46.446,6.389,296.762,21.350,0.00,4.6280,24.734339,46.698902,9.203,127.561,7.839
2025-12-25T22:14:38.845Z,46.316,6.717,311.104,21.350,0.00,4.6280,24.734339,46.698902,9.215,127.402,7.849
2025-12-25T22:14:39.223Z,46.516,6.271,291.715,21.350,0.00,4.6280,24.734339,46.698902,9.246,126.979,7.875
2025-12-25T22:14:39.224Z,46.308,6.752,312.664,21.630,0.00,4.6340,24.734339,46.698959,9.246,127.627,7.835
2025-12-25T22:14:39.247Z,46.487,6.148,285.779,21.630,0.00,4.6340,24.734339,46.698959,9.247,127.602,7.837
2025-12-25T22:14:39.530Z,46.332,6.721,311.421,21.630,0.00,4.6340,24.734339,46.698959,9.272,127.265,7.858
2025-12-25T22:14:39.666Z,46.305,9.044,418.774,21.630,0.00,4.6340,24.734339,46.698959,9.288,127.049,7.871
2025-12-25T22:14:39.666Z,46.469,6.284,292.004,21.630,0.00,4.6340,24.734339,46.698959,9.288,127.049,7.871
2025-12-25T22:14:40.042Z,46.470,6.302,292.853,21.630,0.00,4.6340,24.734339,46.698959,9.318,126.632,7.897
2025-12-25T22:14:40.067Z,46.291,6.704,310.326,22.060,0.00,4.6390,24.734352,46.699017,9.321,127.139,7.865
2025-12-25T22:14:40.349Z,46.323,6.642,307.698,22.060,0.00,4.6390,24.734352,46.699017,9.345,126.810,7.886
2025-12-25T22:14:40.467Z,46.782,5.274,246.747,22.060,0.00,4.6390,24.734352,46.699017,9.353,126.701,7.893
2025-12-25T22:14:40.467Z,46.720,5.345,249.733,22.060,0.00,4.6390,24.734352,46.699017,9.353,126.701,7.893
2025-12-25T22:14:40.665Z,46.286,6.846,316.857,22.060,0.00,4.6390,24.734352,46.699017,9.370,126.465,7.907
2025-12-25T22:14:40.968Z,46.544,5.900,274.626,22.060,0.00,4.6390,24.734352,46.699017,9.393,126.155,7.927
2025-12-25T22:14:41.215Z,46.471,6.361,295.596,22.060,0.00,4.6390,24.734352,46.699017,9.414,125.882,7.944
2025-12-25T22:14:41.216Z,46.705,5.556,259.499,22.410,0.00,4.6460,24.734381,46.699070,9.414,126.626,7.897
2025-12-25T22:14:41.401Z,46.269,6.816,315.363,22.410,0.00,4.6460,24.734381,46.699070,9.430,126.408,7.911
2025-12-25T22:14:41.401Z,47.001,4.761,223.768,22.410,0.00,4.6460,24.734381,46.699070,9.430,126.408,7.911
2025-12-25T22:14:41.594Z,46.280,0.000,-0.002,22.410,0.00,4.6460,24.734381,46.699070,9.430,126.408,7.911
2025-12-25T22:14:41.886Z,47.082,4.273,201.196,22.410,0.00,4.6460,24.734381,46.699070,9.446,126.189,7.925
2025-12-25T22:14:42.027Z,47.451,3.346,158.752,22.410,0.00,4.6460,24.734381,46.699070,9.452,126.106,7.930
2025-12-25T22:14:42.027Z,48.144,1.251,60.219,22.850,0.00,4.6520,24.734419,46.699116,9.452,126.741,7.890
2025-12-25T22:14:42.398Z,48.401,0.542,26.218,22.850,0.00,4.6520,24.734419,46.699116,9.455,126.705,7.892
2025-12-25T22:14:42.416Z,48.434,0.457,22.151,22.850,0.00,4.6520,24.734419,46.699116,9.455,126.703,7.892
2025-12-25T22:14:42.708Z,48.477,0.342,16.593,22.850,0.00,4.6520,24.734419,46.699116,9.457,126.685,7.894
2025-12-25T22:14:43.115Z,48.493,0.305,14.803,22.850,0.00,4.6520,24.734419,46.699116,9.458,126.663,7.895
2025-12-25T22:14:43.115Z,48.541,0.188,9.134,22.850,0.00,4.6520,24.734419,46.699116,9.458,126.663,7.895
2025-12-25T22:14:43.115Z,48.565,0.120,5.834,22.820,0.00,4.6580,24.734465,46.699150,9.458,127.297,7.856
2025-12-25T22:14:43.319Z,48.582,0.081,3.934,22.820,0.00,4.6580,24.734465,46.699150,9.458,127.294,7.856
2025-12-25T22:14:43.730Z,48.592,0.065,3.162,22.820,0.00,4.6580,24.734465,46.699150,9.459,127.289,7.856
2025-12-25T22:14:43.730Z,48.596,0.066,3.213,22.820,0.00,4.6580,24.734465,46.699150,9.459,127.289,7.856
2025-12-25T22:14:43.775Z,48.598,0.070,3.411,22.820,0.00,4.6580,24.734465,46.699150,9.459,127.289,7.856
2025-12-25T22:14:43.775Z,48.599,0.078,3.769,22.820,0.00,4.6580,24.734465,46.699150,9.459,127.289,7.856
2025-12-25T22:14:44.549Z,48.607,0.067,3.247,22.820,0.00,4.6580,24.734465,46.699150,9.460,127.279,7.857
2025-12-25T22:14:44.550Z,48.611,0.065,3.152,22.950,0.00,4.6650,24.734520,46.699173,9.460,128.019,7.811
2025-12-25T22:14:44.550Z,48.611,0.072,3.523,22.950,0.00,4.6650,24.734520,46.699173,9.460,128.019,7.811
2025-12-25T22:14:44.550Z,48.616,0.064,3.119,22.950,0.00,4.6650,24.734520,46.699173,9.460,128.019,7.811
2025-12-25T22:14:44.588Z,48.619,0.066,3.197,22.950,0.00,4.6650,24.734520,46.699173,9.460,128.019,7.811
2025-12-25T22:14:44.856Z,48.618,0.072,3.524,22.950,0.00,4.6650,24.734520,46.699173,9.460,128.015,7.812
2025-12-25T22:14:44.981Z,48.622,0.070,3.391,22.950,0.00,4.6650,24.734520,46.699173,9.460,128.014,7.812
2025-12-25T22:14:45.175Z,48.627,0.065,3.153,23.430,0.00,4.6710,24.734577,46.699181,9.460,128.646,7.773
2025-12-25T22:14:45.175Z,48.630,0.065,3.154,23.430,0.00,4.6710,24.734577,46.699181,9.460,128.646,7.773
2025-12-25T22:14:45.470Z,48.632,0.066,3.198,23.430,0.00,4.6710,24.734577,46.699181,9.460,128.642,7.773
2025-12-25T22:14:45.597Z,48.630,0.077,3.749,23.430,0.00,4.6710,24.734577,46.699181,9.460,128.640,7.774
2025-12-25T22:14:45.982Z,48.636,0.068,3.304,23.430,0.00,4.6710,24.734577,46.699181,9.461,128.636,7.774
2025-12-25T22:14:45.983Z,48.639,0.065,3.163,23.430,0.00,4.6710,24.734577,46.699181,9.461,128.636,7.774
2025-12-25T22:14:46.018Z,48.640,0.067,3.238,23.430,0.00,4.6710,24.734577,46.699181,9.461,128.635,7.774
2025-12-25T22:14:46.393Z,48.639,0.077,3.726,24.000,0.00,4.6780,24.734636,46.699173,9.461,129.370,7.730
2025-12-25T22:14:46.393Z,48.645,0.065,3.173,24.000,0.00,4.6780,24.734636,46.699173,9.461,129.370,7.730
2025-12-25T22:14:46.596Z,48.644,0.077,3.741,24.000,0.00,4.6780,24.734636,46.699173,9.461,129.367,7.730
2025-12-25T22:14:46.711Z,48.646,0.077,3.761,24.000,0.00,4.6780,24.734636,46.699173,9.462,129.365,7.730
2025-12-25T22:14:46.712Z,48.653,0.064,3.127,24.000,0.00,4.6780,24.734636,46.699173,9.462,129.365,7.730
2025-12-25T22:14:47.112Z,48.653,0.067,3.237,24.000,0.00,4.6780,24.734636,46.699173,9.462,129.360,7.730
2025-12-25T22:14:47.173Z,48.655,0.069,3.346,24.370,0.00,4.6850,24.734695,46.699158,9.462,130.099,7.686
2025-12-25T22:14:47.416Z,48.654,0.075,3.669,24.370,0.00,4.6850,24.734695,46.699158,9.462,130.096,7.687
2025-12-25T22:14:47.551Z,48.660,0.064,3.100,24.370,0.00,4.6850,24.734695,46.699158,9.462,130.094,7.687
2025-12-25T22:14:47.551Z,48.661,0.066,3.204,24.370,0.00,4.6850,24.734695,46.699158,9.462,130.094,7.687
2025-12-25T22:14:47.826Z,48.661,0.071,3.449,24.370,0.00,4.6850,24.734695,46.699158,9.463,130.091,7.687
2025-12-25T22:14:47.951Z,48.662,0.074,3.603,24.370,0.00,4.6850,24.734695,46.699158,9.463,130.089,7.687
2025-12-25T22:14:48.338Z,48.665,0.072,3.522,23.780,0.00,4.6910,24.734753,46.699135,9.463,130.718,7.650
2025-12-25T22:14:48.338Z,48.669,0.065,3.184,23.780,0.00,4.6910,24.734753,46.699135,9.463,130.718,7.650
2025-12-25T22:14:48.362Z,48.671,0.066,3.203,23.780,0.00,4.6910,24.734753,46.699135,9.463,130.718,7.650
2025-12-25T22:14:48.645Z,48.669,0.073,3.561,23.780,0.00,4.6910,24.734753,46.699135,9.463,130.714,7.650
2025-12-25T22:14:48.952Z,48.672,0.070,3.409,23.780,0.00,4.6910,24.734753,46.699135,9.464,130.710,7.651
2025-12-25T22:14:48.953Z,48.676,0.064,3.129,23.780,0.00,4.6910,24.734753,46.699135,9.464,130.710,7.651
2025-12-25T22:14:49.157Z,48.672,0.078,3.814,23.780,0.00,4.6910,24.734753,46.699135,9.464,130.707,7.651
2025-12-25T22:14:49.281Z,48.679,0.065,3.159,23.130,0.00,4.6980,24.734804,46.699104,9.464,131.445,7.608
2025-12-25T22:14:49.281Z,48.679,0.067,3.263,23.130,0.00,4.6980,24.734804,46.699104,9.464,131.445,7.608
2025-12-25T22:14:49.668Z,48.681,0.069,3.365,23.130,0.00,4.6980,24.734804,46.699104,9.464,131.440,7.608
2025-12-25T22:14:49.687Z,48.657,0.151,7.330,23.130,0.00,4.6980,24.734804,46.699104,9.464,131.439,7.608
2025-12-25T22:14:49.976Z,48.663,0.134,6.518,23.130,0.00,4.6980,24.734804,46.699104,9.465,131.432,7.609
2025-12-25T22:14:49.981Z,48.621,0.258,12.553,23.130,0.00,4.6980,24.734804,46.699104,9.465,131.432,7.609
2025-12-25T22:14:50.196Z,48.638,0.225,10.965,22.430,0.00,4.7040,24.734852,46.699066,9.466,132.056,7.573
2025-12-25T22:14:50.196Z,48.623,0.265,12.863,22.430,0.00,4.7040,24.734852,46.699066,9.466,132.056,7.573
2025-12-25T22:14:50.413Z,48.610,0.292,14.174,22.430,0.00,4.7040,24.734852,46.699066,9.467,132.045,7.573
2025-12-25T22:14:50.616Z,48.609,0.326,15.847,22.430,0.00,4.7040,24.734852,46.699066,9.467,132.032,7.574
2025-12-25T22:14:50.898Z,48.602,0.337,16.360,22.430,0.00,4.7040,24.734852,46.699066,9.469,132.014,7.575
2025-12-25T22:14:50.902Z,48.559,0.367,17.840,22.430,0.00,4.7040,24.734852,46.699066,9.469,132.014,7.575
2025-12-25T22:14:51.029Z,48.593,0.386,18.752,22.000,0.00,4.7100,24.734894,46.699028,9.469,132.638,7.539
2025-12-25T22:14:51.512Z,48.589,0.388,18.852,22.000,0.00,4.7100,24.734894,46.699028,9.472,132.603,7.541
2025-12-25T22:14:51.512Z,48.576,0.456,22.172,22.000,0.00,4.7100,24.734894,46.699028,9.472,132.603,7.541
2025-12-25T22:14:51.716Z,48.570,0.417,20.273,22.000,0.00,4.7100,24.734894,46.699028,9.473,132.587,7.542
2025-12-25T22:14:51.716Z,48.552,0.522,25.328,22.000,0.00,4.7100,24.734894,46.699028,9.473,132.587,7.542
2025-12-25T22:14:51.921Z,48.546,0.510,24.769,22.000,0.00,4.7100,24.734894,46.699028,9.474,132.567,7.543
2025-12-25T22:14:52.063Z,48.502,0.678,32.874,22.000,0.00,4.7100,24.734894,46.699028,9.476,132.549,7.544
2025-12-25T22:14:52.252Z,48.450,0.851,41.250,21.450,0.00,4.7160,24.734928,46.698982,9.478,133.152,7.510
2025-12-25T22:14:52.252Z,48.498,0.738,35.784,21.450,0.00,4.7160,24.734928,46.698982,9.478,133.152,7.510
2025-12-25T22:14:52.638Z,48.499,0.662,32.131,21.450,0.00,4.7160,24.734928,46.698982,9.481,133.103,7.513
2025-12-25T22:14:52.638Z,48.497,0.688,33.356,21.450,0.00,4.7160,24.734928,46.698982,9.481,133.103,7.513
2025-12-25T22:14:52.949Z,48.471,0.788,38.187,21.450,0.00,4.7160,24.734928,46.698982,9.485,133.057,7.516
2025-12-25T22:14:52.949Z,48.453,0.808,39.137,21.450,0.00,4.7160,24.734928,46.698982,9.485,133.057,7.516
2025-12-25T22:14:53.085Z,48.203,1.586,76.469,21.000,0.00,4.7220,24.734955,46.698933,9.488,133.649,7.482
2025-12-25T22:14:53.457Z,48.233,1.503,72.503,21.000,0.00,4.7220,24.734955,46.698933,9.495,133.544,7.488
2025-12-25T22:14:53.457Z,48.206,1.599,77.104,21.000,0.00,4.7220,24.734955,46.698933,9.495,133.543,7.488
2025-12-25T22:14:53.662Z,48.145,1.765,84.971,21.000,0.00,4.7220,24.734955,46.698933,9.500,133.476,7.492
2025-12-25T22:14:53.795Z,48.157,1.661,79.988,21.000,0.00,4.7220,24.734955,46.698933,9.503,133.434,7.494
2025-12-25T22:14:54.072Z,48.047,2.037,97.873,21.000,0.00,4.7220,24.734955,46.698933,9.510,133.328,7.500
2025-12-25T22:14:54.073Z,48.210,1.515,73.044,21.000,0.00,4.7220,24.734955,46.698933,9.510,133.328,7.500
2025-12-25T22:14:54.276Z,48.306,1.255,60.630,20.500,0.00,4.7280,24.734972,46.698879,9.514,133.911,7.468
2025-12-25T22:14:54.409Z,48.429,0.874,42.324,20.500,0.00,4.7280,24.734972,46.698879,9.515,133.889,7.469
2025-12-25T22:14:54.789Z,48.467,0.774,37.532,20.500,0.00,4.7280,24.734972,46.698879,9.519,133.833,7.472
2025-12-25T22:14:54.790Z,48.483,0.718,34.809,20.500,0.00,4.7280,24.734972,46.698879,9.519,133.833,7.472
2025-12-25T22:14:54.833Z,48.532,0.608,29.529,20.500,0.00,4.7280,24.734972,46.698879,9.520,133.828,7.472
2025-12-25T22:14:55.199Z,48.515,0.646,31.353,20.500,0.00,4.7280,24.734972,46.698879,9.523,133.783,7.475
2025-12-25T22:14:55.204Z,48.498,0.704,34.156,19.890,0.00,4.7330,24.734978,46.698826,9.523,134.308,7.446
2025-12-25T22:14:55.402Z,48.138,1.832,88.207,19.890,0.00,4.7330,24.734978,46.698826,9.528,134.239,7.449
2025-12-25T22:14:55.531Z,47.504,3.654,173.561,19.890,0.00,4.7330,24.734978,46.698826,9.534,134.152,7.454
2025-12-25T22:14:55.531Z,47.155,4.734,223.236,19.890,0.00,4.7330,24.734978,46.698826,9.534,134.152,7.454
2025-12-25T22:14:55.915Z,47.181,4.582,216.206,19.890,0.00,4.7330,24.734978,46.698826,9.557,133.828,7.472
2025-12-25T22:14:55.974Z,47.043,4.989,234.688,19.890,0.00,4.7330,24.734978,46.698826,9.561,133.775,7.475
2025-12-25T22:14:56.142Z,47.226,4.401,207.863,19.720,0.00,4.7390,24.734972,46.698772,9.571,134.266,7.448
2025-12-25T22:14:56.351Z,47.097,4.832,227.569,19.720,0.00,4.7390,24.734972,46.698772,9.584,134.080,7.458
2025-12-25T22:14:56.352Z,47.121,4.773,224.897,19.720,0.00,4.7390,24.734972,46.698772,9.584,134.080,7.458
2025-12-25T22:14:56.555Z,47.226,4.344,205.136,19.720,0.00,4.7390,24.734972,46.698772,9.595,133.918,7.467
2025-12-25T22:14:56.836Z,47.122,4.792,225.805,19.720,0.00,4.7390,24.734972,46.698772,9.613,133.673,7.481
2025-12-25T22:14:56.967Z,47.318,4.110,194.494,19.720,0.00,4.7390,24.734972,46.698772,9.620,133.574,7.486
2025-12-25T22:14:56.967Z,47.258,4.320,204.162,19.720,0.00,4.7390,24.734972,46.698772,9.620,133.574,7.486
2025-12-25T22:14:57.451Z,47.039,4.892,230.126,19.590,0.00,4.7440,24.734959,46.698719,9.651,133.664,7.481
2025-12-25T22:14:57.451Z,47.096,4.759,224.133,19.590,0.00,4.7440,24.734959,46.698719,9.651,133.664,7.481
2025-12-25T22:14:57.656Z,47.022,5.034,236.716,19.590,0.00,4.7440,24.734959,46.698719,9.665,133.478,7.492
2025-12-25T22:14:57.656Z,47.322,4.061,192.188,19.590,0.00,4.7440,24.734959,46.698719,9.665,133.478,7.492
2025-12-25T22:14:57.861Z,47.017,5.010,235.569,19.590,0.00,4.7440,24.734959,46.698719,9.678,133.293,7.502
2025-12-25T22:14:58.063Z,47.074,4.747,223.461,19.590,0.00,4.7440,24.734959,46.698719,9.690,133.120,7.512
2025-12-25T22:14:58.198Z,47.131,4.706,221.787,18.800,0.00,4.7500,24.734932,46.698677,9.699,133.625,7.484
2025-12-25T22:14:58.198Z,47.089,4.766,224.447,18.800,0.00,4.7500,24.734932,46.698677,9.699,133.625,7.484
2025-12-25T22:14:58.577Z,47.110,4.745,223.546,18.800,0.00,4.7500,24.734932,46.698677,9.722,133.301,7.502
2025-12-25T22:14:58.607Z,47.104,4.686,220.733,18.800,0.00,4.7500,24.734932,46.698677,9.724,133.276,7.503
2025-12-25T22:14:58.884Z,47.180,4.515,212.997,18.800,0.00,4.7500,24.734932,46.698677,9.741,133.052,7.516
2025-12-25T22:14:58.889Z,47.093,4.699,221.274,18.800,0.00,4.7500,24.734932,46.698677,9.741,133.048,7.516
2025-12-25T22:14:59.174Z,47.141,4.578,215.833,20.830,0.00,4.7550,24.734896,46.698639,9.758,133.327,7.500
2025-12-25T22:14:59.201Z,47.115,4.654,219.279,20.830,0.00,4.7550,24.734896,46.698639,9.760,133.304,7.502
2025-12-25T22:14:59.435Z,47.134,4.644,218.911,20.830,0.00,4.7550,24.734896,46.698639,9.774,133.110,7.513
2025-12-25T22:14:59.618Z,47.160,4.758,224.403,20.830,0.00,4.7550,24.734896,46.698639,9.785,132.955,7.521
2025-12-25T22:14:59.618Z,47.066,4.749,223.503,20.830,0.00,4.7550,24.734896,46.698639,9.785,132.955,7.521
2025-12-25T22:15:00.051Z,47.173,4.389,207.030,20.830,0.00,4.7550,24.734896,46.698639,9.810,132.618,7.540
2025-12-25T22:15:00.180Z,47.098,4.718,222.207,20.830,0.00,4.7550,24.734896,46.698639,9.818,132.510,7.547
2025-12-25T22:15:00.180Z,47.081,4.733,222.831,21.190,0.00,4.7610,24.734850,46.698608,9.818,133.121,7.512
2025-12-25T22:15:00.349Z,47.119,4.562,214.965,21.190,0.00,4.7610,24.734850,46.698608,9.828,132.984,7.520
2025-12-25T22:15:00.570Z,47.217,4.310,203.516,21.190,0.00,4.7610,24.734850,46.698608,9.841,132.816,7.529
2025-12-25T22:15:00.570Z,47.042,4.779,224.817,21.190,0.00,4.7610,24.734850,46.698608,9.841,132.816,7.529
2025-12-25T22:15:00.772Z,47.099,4.735,222.994,21.190,0.00,4.7610,24.734850,46.698608,9.853,132.647,7.539
2025-12-25T22:15:01.138Z,47.181,4.326,204.085,21.190,0.00,4.7610,24.734850,46.698608,9.874,132.368,7.555
2025-12-25T22:15:01.154Z,47.131,4.570,215.381,21.350,0.00,4.7670,24.734800,46.698586,9.875,132.963,7.521
2025-12-25T22:15:01.445Z,47.081,4.628,217.904,21.350,0.00,4.7670,24.734800,46.698586,9.893,132.727,7.534
2025-12-25T22:15:01.445Z,47.088,4.622,217.656,21.350,0.00,4.7670,24.734800,46.698586,9.893,132.726,7.534
2025-12-25T22:15:01.731Z,47.222,4.183,197.532,21.350,0.00,4.7670,24.734800,46.698586,9.908,132.516,7.546
2025-12-25T22:15:01.735Z,47.074,4.696,221.036,21.350,0.00,4.7670,24.734800,46.698586,9.908,132.513,7.546
2025-12-25T22:15:01.958Z,46.992,4.898,230.152,21.350,0.00,4.7670,24.734800,46.698586,9.923,132.323,7.557
2025-12-25T22:15:02.075Z,46.901,5.237,245.616,19.930,0.00,4.7730,24.734751,46.698570,9.931,132.821,7.529
2025-12-25T22:15:02.307Z,46.891,5.184,243.094,19.930,0.00,4.7730,24.734751,46.698570,9.946,132.611,7.541
2025-12-25T22:15:02.313Z,46.898,5.226,245.068,19.930,0.00,4.7730,24.734751,46.698570,9.947,132.606,7.541
2025-12-25T22:15:02.571Z,46.965,4.949,232.442,19.930,0.00,4.7730,24.734751,46.698570,9.963,132.384,7.554
2025-12-25T22:15:02.695Z,46.962,5.010,235.263,19.930,0.00,4.7730,24.734751,46.698570,9.972,132.276,7.560
2025-12-25T22:15:03.083Z,47.014,4.775,224.485,19.930,0.00,4.7730,24.734751,46.698570,9.996,131.956,7.578
2025-12-25T22:15:03.083Z,46.922,5.117,240.117,19.930,0.00,4.7730,24.734751,46.698570,9.996,131.956,7.578
2025-12-25T22:15:03.106Z,46.975,5.001,234.907,22.850,0.00,4.7790,24.734695,46.698570,9.997,132.536,7.545
2025-12-25T22:15:03.391Z,47.027,4.856,228.356,22.850,0.00,4.7790,24.734695,46.698570,10.015,132.298,7.559
2025-12-25T22:15:03.501Z,46.994,4.901,230.311,22.850,0.00,4.7790,24.734695,46.698570,10.022,132.205,7.564
2025-12-25T22:15:03.714Z,46.876,5.305,248.675,22.850,0.00,4.7790,24.734695,46.698570,10.037,132.010,7.575
2025-12-25T22:15:03.715Z,46.907,5.093,238.901,22.850,0.00,4.7790,24.734695,46.698570,10.037,132.010,7.575
2025-12-25T22:15:04.005Z,46.850,5.145,241.027,22.850,0.00,4.7790,24.734695,46.698570,10.057,131.755,7.590
2025-12-25T22:15:04.293Z,46.836,5.261,246.413,21.710,0.00,4.7850,24.734640,46.698582,10.076,132.093,7.570
2025-12-25T22:15:04.293Z,46.906,5.153,241.705,21.710,0.00,4.7850,24.734640,46.698582,10.076,132.093,7.570
2025-12-25T22:15:04.430Z,46.935,4.992,234.315,21.710,0.00,4.7850,24.734640,46.698582,10.085,131.976,7.577
2025-12-25T22:15:04.721Z,46.800,5.308,248.435,21.710,0.00,4.7850,24.734640,46.698582,10.105,131.713,7.592
2025-12-25T22:15:04.722Z,46.775,5.571,260.595,21.710,0.00,4.7850,24.734640,46.698582,10.105,131.713,7.592
2025-12-25T22:15:04.863Z,46.949,5.015,235.432,21.710,0.00,4.7850,24.734640,46.698582,10.115,131.592,7.599
2025-12-25T22:15:05.130Z,46.717,5.737,268.016,21.710,0.00,4.7850,24.734640,46.698582,10.134,131.334,7.614
2025-12-25T22:15:05.260Z,47.112,4.439,209.128,22.190,0.00,4.7920,24.734587,46.698601,10.142,131.926,7.580
2025-12-25T22:15:05.260Z,46.505,6.072,282.380,22.190,0.00,4.7920,24.734587,46.698601,10.142,131.926,7.580
2025-12-25T22:15:05.643Z,46.879,5.218,244.590,22.190,0.00,4.7920,24.734587,46.698601,10.168,131.589,7.599
2025-12-25T22:15:05.656Z,46.526,6.290,292.637,22.190,0.00,4.7920,24.734587,46.698601,10.169,131.576,7.600
2025-12-25T22:15:05.950Z,46.618,6.064,282.677,22.190,0.00,4.7920,24.734587,46.698601,10.192,131.278,7.617
2025-12-25T22:15:06.077Z,46.618,5.907,275.375,22.190,0.00,4.7920,24.734587,46.698601,10.202,131.153,7.625
2025-12-25T22:15:06.077Z,46.681,5.504,256.950,22.540,0.00,4.7980,24.734535,46.698627,10.202,131.740,7.591
2025-12-25T22:15:06.279Z,46.603,5.915,275.654,22.540,0.00,4.7980,24.734535,46.698627,10.217,131.541,7.602
2025-12-25T22:15:06.482Z,46.687,5.713,266.739,22.540,0.00,4.7980,24.734535,46.698627,10.232,131.348,7.613
2025-12-25T22:15:06.806Z,46.645,5.807,270.891,22.540,0.00,4.7980,24.734535,46.698627,10.257,131.036,7.631
2025-12-25T22:15:06.806Z,46.608,5.843,272.314,22.540,0.00,4.7980,24.734535,46.698627,10.257,131.036,7.632
2025-12-25T22:15:07.077Z,47.013,4.693,220.624,22.540,0.00,4.7980,24.734535,46.698627,10.273,130.824,7.644
2025-12-25T22:15:07.084Z,46.750,5.503,257.283,23.000,0.00,4.8040,24.734486,46.698662,10.274,131.402,7.610
2025-12-25T22:15:07.384Z,46.601,5.976,278.474,23.000,0.00,4.8040,24.734486,46.698662,10.297,131.106,7.627
2025-12-25T22:15:07.412Z,47.037,4.460,209.765,23.000,0.00,4.8040,24.734486,46.698662,10.299,131.084,7.629
2025-12-25T22:15:07.694Z,46.969,4.664,219.041,23.000,0.00,4.8040,24.734486,46.698662,10.316,130.867,7.641
2025-12-25T22:15:07.694Z,46.611,5.877,273.934,23.000,0.00,4.8040,24.734486,46.698662,10.316,130.867,7.641
2025-12-25T22:15:07.895Z,47.056,4.609,216.891,23.000,0.00,4.8040,24.734486,46.698662,10.328,130.713,7.650
2025-12-25T22:15:08.021Z,46.717,5.439,254.084,23.000,0.00,4.8040,24.734486,46.698662,10.337,130.600,7.657
2025-12-25T22:15:08.310Z,46.628,5.688,265.216,22.780,0.00,4.8110,24.734440,46.698700,10.358,131.008,7.633
2025-12-25T22:15:08.427Z,46.672,5.681,265.147,22.780,0.00,4.8110,24.734440,46.698700,10.367,130.899,7.639
2025-12-25T22:15:08.427Z,46.661,5.740,267.839,22.780,0.00,4.8110,24.734440,46.698700,10.367,130.899,7.639
2025-12-25T22:15:08.715Z,46.666,5.824,271.805,22.780,0.00,4.8110,24.734440,46.698700,10.389,130.625,7.655
2025-12-25T22:15:08.850Z,46.704,5.536,258.539,22.780,0.00,4.8110,24.734440,46.698700,10.398,130.503,7.663
2025-12-25T22:15:09.124Z,46.660,5.555,259.184,22.780,0.00,4.8110,24.734440,46.698700,10.418,130.256,7.677
2025-12-25T22:15:09.124Z,46.915,4.993,234.264,21.820,0.00,4.8170,24.734402,46.698742,10.418,130.832,7.643
2025-12-25T22:15:09.431Z,46.728,5.490,256.536,21.820,0.00,4.8170,24.734402,46.698742,10.440,130.558,7.659
2025-12-25T22:15:09.432Z,46.742,5.485,256.378,21.820,0.00,4.8170,24.734402,46.698742,10.440,130.557,7.659
2025-12-25T22:15:09.636Z,46.746,5.347,249.942,21.820,0.00,4.8170,24.734402,46.698742,10.454,130.380,7.670
2025-12-25T22:15:09.944Z,46.780,5.861,274.198,21.820,0.00,4.8170,24.734402,46.698742,10.477,130.089,7.687
2025-12-25T22:15:09.944Z,46.781,5.434,254.210,21.820,0.00,4.8170,24.734402,46.698742,10.478,130.088,7.687
2025-12-25T22:15:10.250Z,46.677,5.641,263.286,21.090,0.00,4.8230,24.734369,46.698792,10.500,130.382,7.670
2025-12-25T22:15:10.371Z,46.697,5.663,264.429,21.090,0.00,4.8230,24.734369,46.698792,10.509,130.272,7.676
2025-12-25T22:15:10.371Z,46.697,5.563,259.762,21.090,0.00,4.8230,24.734369,46.698792,10.509,130.272,7.676
2025-12-25T22:15:10.663Z,46.966,4.829,226.814,21.090,0.00,4.8230,24.734369,46.698792,10.527,130.045,7.690
2025-12-25T22:15:10.796Z,46.818,5.164,241.760,21.090,0.00,4.8230,24.734369,46.698792,10.536,129.935,7.696
2025-12-25T22:15:10.796Z,46.714,5.406,252.559,21.090,0.00,4.8230,24.734369,46.698792,10.536,129.934,7.696
2025-12-25T22:15:11.070Z,46.741,5.521,258.056,21.090,0.00,4.8230,24.734369,46.698792,10.556,129.693,7.711
2025-12-25T22:15:11.195Z,46.772,5.381,251.659,20.450,0.00,4.8290,24.734346,46.698841,10.564,130.154,7.683
2025-12-25T22:15:11.406Z,47.247,3.875,183.096,20.450,0.00,4.8290,24.734346,46.698841,10.575,130.021,7.691
2025-12-25T22:15:11.406Z,46.666,5.584,260.563,20.450,0.00,4.8290,24.734346,46.698841,10.575,130.021,7.691
2025-12-25T22:15:11.592Z,46.714,5.474,255.735,20.450,0.00,4.8290,24.734346,46.698841,10.588,129.859,7.701
2025-12-25T22:15:11.930Z,46.953,4.723,221.759,20.450,0.00,4.8290,24.734346,46.698841,10.609,129.604,7.716
2025-12-25T22:15:11.931Z,46.729,5.479,256.036,20.450,0.00,4.8290,24.734346,46.698841,10.609,129.603,7.716
2025-12-25T22:15:12.402Z,46.711,5.505,257.167,20.460,0.00,4.8340,24.734335,46.698898,10.643,129.663,7.712
2025-12-25T22:15:12.403Z,46.644,5.751,268.229,20.460,0.00,4.8340,24.734335,46.698898,10.643,129.662,7.712
2025-12-25T22:15:12.527Z,46.705,5.428,253.506,20.460,0.00,4.8340,24.734335,46.698898,10.652,129.556,7.719
2025-12-25T22:15:12.529Z,46.713,5.201,242.953,20.460,0.00,4.8340,24.734335,46.698898,10.652,129.555,7.719
2025-12-25T22:15:12.810Z,47.069,4.420,208.050,20.460,0.00,4.8340,24.734335,46.698898,10.668,129.357,7.731
2025-12-25T22:15:12.941Z,46.680,5.663,264.350,20.460,0.00,4.8340,24.734335,46.698898,10.678,129.241,7.737
2025-12-25T22:15:13.145Z,46.717,5.494,256.679,20.460,0.00,4.8340,24.734335,46.698898,10.692,129.065,7.748
2025-12-25T22:15:13.145Z,46.770,5.304,248.072,20.820,0.00,4.8400,24.734331,46.698956,10.692,129.626,7.714
2025-12-25T22:15:13.334Z,46.719,5.457,254.955,20.820,0.00,4.8400,24.734331,46.698956,10.706,129.464,7.724
2025-12-25T22:15:13.630Z,46.693,5.540,258.670,20.820,0.00,4.8400,24.734331,46.698956,10.727,129.207,7.739
2025-12-25T22:15:13.761Z,47.032,4.549,213.932,20.820,0.00,4.8400,24.734331,46.698956,10.735,129.114,7.745
2025-12-25T22:15:13.761Z,46.713,5.506,257.220,20.820,0.00,4.8400,24.734331,46.698956,10.735,129.113,7.745
2025-12-25T22:15:14.145Z,46.656,5.669,264.493,20.820,0.00,4.8400,24.734331,46.698956,10.763,128.775,7.765
2025-12-25T22:15:14.213Z,46.807,5.157,241.372,21.170,0.00,4.8460,24.734341,46.699013,10.767,129.278,7.735
2025-12-25T22:15:14.553Z,46.735,5.352,250.139,21.170,0.00,4.8460,24.734341,46.699013,10.791,128.995,7.752
2025-12-25T22:15:14.601Z,46.730,5.409,252.781,21.170,0.00,4.8460,24.734341,46.699013,10.795,128.954,7.755
2025-12-25T22:15:14.756Z,46.852,4.954,232.085,21.170,0.00,4.8460,24.734341,46.699013,10.805,128.835,7.762
2025-12-25T22:15:14.884Z,47.078,4.430,208.536,21.170,0.00,4.8460,24.734341,46.699013,10.812,128.747,7.767
2025-12-25T22:15:14.884Z,46.759,5.322,248.872,21.170,0.00,4.8460,24.734341,46.699013,10.812,128.747,7.767
2025-12-25T22:15:15.268Z,46.778,5.221,244.222,21.630,0.00,4.8520,24.734362,46.699066,10.838,128.991,7.752
2025-12-25T22:15:15.310Z,46.871,5.024,235.480,21.630,0.00,4.8520,24.734362,46.699066,10.841,128.958,7.754
2025-12-25T22:15:15.576Z,46.623,5.703,265.906,21.630,0.00,4.8520,24.734362,46.699066,10.860,128.725,7.769
2025-12-25T22:15:15.576Z,46.751,5.369,251.004,21.630,0.00,4.8520,24.734362,46.699066,10.860,128.725,7.769
2025-12-25T22:15:15.779Z,46.732,5.317,248.458,21.630,0.00,4.8520,24.734362,46.699066,10.874,128.559,7.779
2025-12-25T22:15:15.891Z,46.536,5.927,275.821,21.630,0.00,4.8520,24.734362,46.699066,10.883,128.458,7.785
2025-12-25T22:15:16.189Z,46.479,6.034,280.460,21.630,0.00,4.8520,24.734362,46.699066,10.906,128.184,7.801
2025-12-25T22:15:16.190Z,46.574,5.936,276.484,21.670,0.00,4.8580,24.734396,46.699108,10.906,128.734,7.768
2025-12-25T22:15:16.393Z,46.342,6.442,298.539,21.670,0.00,4.8580,24.734396,46.699108,10.923,128.535,7.780
2025-12-25T22:15:16.526Z,46.428,6.375,295.999,21.670,0.00,4.8580,24.734396,46.699108,10.934,128.406,7.788
2025-12-25T22:15:16.804Z,47.281,3.586,169.527,21.670,0.00,4.8580,24.734396,46.699108,10.947,128.253,7.797
2025-12-25T22:15:16.804Z,46.773,5.327,249.171,21.670,0.00,4.8580,24.734396,46.699108,10.947,128.253,7.797
2025-12-25T22:15:17.112Z,46.725,5.336,249.304,21.670,0.00,4.8580,24.734396,46.699108,10.968,128.003,7.812
2025-12-25T22:15:17.230Z,48.487,0.077,3.733,22.110,0.00,4.8640,24.734442,46.699142,10.969,128.549,7.779
2025-12-25T22:15:17.230Z,48.513,0.066,3.203,22.110,0.00,4.8640,24.734442,46.699142,10.969,128.549,7.779
2025-12-25T22:15:17.521Z,48.521,0.069,3.361,22.110,0.00,4.8640,24.734442,46.699142,10.969,128.546,7.779
2025-12-25T22:15:17.650Z,48.526,0.075,3.654,22.110,0.00,4.8640,24.734442,46.699142,10.969,128.544,7.779
2025-12-25T22:15:17.930Z,48.535,0.066,3.188,22.110,0.00,4.8640,24.734442,46.699142,10.969,128.541,7.780
2025-12-25T22:15:17.930Z,48.539,0.067,3.251,22.110,0.00,4.8640,24.734442,46.699142,10.969,128.541,7.780
2025-12-25T22:15:18.135Z,48.542,0.070,3.411,22.370,0.00,4.8700,24.734491,46.699165,10.969,129.086,7.747
2025-12-25T22:15:18.445Z,48.545,0.074,3.604,22.370,0.00,4.8700,24.734491,46.699165,10.970,129.082,7.747
2025-12-25T22:15:18.446Z,48.549,0.072,3.515,22.370,0.00,4.8700,24.734491,46.699165,10.970,129.082,7.747
2025-12-25T22:15:18.749Z,48.554,0.071,3.467,22.370,0.00,4.8700,24.734491,46.699165,10.970,129.079,7.747
2025-12-25T22:15:18.759Z,48.560,0.067,3.234,22.370,0.00,4.8700,24.734491,46.699165,10.970,129.079,7.747
2025-12-25T22:15:19.074Z,48.561,0.073,3.529,22.370,0.00,4.8700,24.734491,46.699165,10.970,129.075,7.747
2025-12-25T22:15:19.200Z,48.564,0.071,3.464,22.370,0.00,4.8700,24.734491,46.699165,10.970,129.074,7.748
2025-12-25T22:15:19.200Z,48.569,0.065,3.172,22.670,0.00,4.8760,24.734545,46.699177,10.970,129.621,7.715
2025-12-25T22:15:19.569Z,48.569,0.071,3.426,22.670,0.00,4.8760,24.734545,46.699177,10.971,129.617,7.715
2025-12-25T22:15:19.602Z,48.574,0.065,3.182,22.670,0.00,4.8760,24.734545,46.699177,10.971,129.616,7.715
2025-12-25T22:15:19.605Z,48.575,0.069,3.334,22.670,0.00,4.8760,24.734545,46.699177,10.971,129.616,7.715
2025-12-25T22:15:19.878Z,48.575,0.066,3.200,22.670,0.00,4.8760,24.734545,46.699177,10.971,129.613,7.715
2025-12-25T22:15:20.005Z,48.578,0.078,3.804,22.670,0.00,4.8760,24.734545,46.699177,10.971,129.612,7.715
2025-12-25T22:15:20.215Z,48.584,0.068,3.295,23.450,0.00,4.8820,24.734602,46.699177,10.971,130.156,7.683
2025-12-25T22:15:20.215Z,48.587,0.065,3.145,23.450,0.00,4.8820,24.734602,46.699177,10.971,130.156,7.683
2025-12-25T22:15:20.491Z,48.589,0.066,3.216,23.450,0.00,4.8820,24.734602,46.699177,10.972,130.153,7.683
2025-12-25T22:15:20.621Z,48.588,0.076,3.716,23.450,0.00,4.8820,24.734602,46.699177,10.972,130.152,7.683
2025-12-25T22:15:21.003Z,48.594,0.065,3.168,23.450,0.00,4.8820,24.734602,46.699177,10.972,130.148,7.684
2025-12-25T22:15:21.004Z,48.596,0.067,3.233,23.450,0.00,4.8820,24.734602,46.699177,10.972,130.148,7.684
2025-12-25T22:15:21.031Z,48.597,0.068,3.304,23.960,0.00,4.8890,24.734661,46.699169,10.972,130.786,7.646
2025-12-25T22:15:21.311Z,48.596,0.077,3.719,23.960,0.00,4.8890,24.734661,46.699169,10.972,130.782,7.646
2025-12-25T22:15:21.435Z,48.600,0.075,3.669,23.960,0.00,4.8890,24.734661,46.699169,10.973,130.781,7.646
2025-12-25T22:15:21.435Z,48.605,0.064,3.122,23.960,0.00,4.8890,24.734661,46.699169,10.973,130.781,7.646
2025-12-25T22:15:21.646Z,48.606,0.066,3.230,23.960,0.00,4.8890,24.734661,46.699169,10.973,130.778,7.647
2025-12-25T22:15:21.925Z,48.607,0.069,3.376,23.960,0.00,4.8890,24.734661,46.699169,10.973,130.775,7.647
2025-12-25T22:15:22.172Z,48.606,0.077,3.755,23.960,0.00,4.8890,24.734661,46.699169,10.973,130.772,7.647
2025-12-25T22:15:22.172Z,48.613,0.065,3.154,23.320,0.00,4.8960,24.734718,46.699150,10.973,131.410,7.610
2025-12-25T22:15:22.359Z,48.610,0.076,3.716,23.320,0.00,4.8960,24.734718,46.699150,10.973,131.408,7.610
2025-12-25T22:15:22.744Z,48.615,0.065,3.160,23.320,0.00,4.8960,24.734718,46.699150,10.974,131.404,7.610
2025-12-25T22:15:22.744Z,48.618,0.066,3.227,23.320,0.00,4.8960,24.734718,46.699150,10.974,131.404,7.610
2025-12-25T22:15:22.770Z,48.620,0.066,3.209,23.320,0.00,4.8960,24.734718,46.699150,10.974,131.403,7.610
2025-12-25T22:15:23.050Z,48.619,0.074,3.607,23.320,0.00,4.8960,24.734718,46.699150,10.974,131.400,7.610
2025-12-25T22:15:23.358Z,48.621,0.070,3.403,23.020,0.00,4.9020,24.734772,46.699123,10.974,131.943,7.579
2025-12-25T22:15:23.364Z,48.625,0.065,3.172,23.020,0.00,4.9020,24.734772,46.699123,10.974,131.943,7.579
2025-12-25T22:15:23.563Z,48.625,0.070,3.400,23.020,0.00,4.9020,24.734772,46.699123,10.975,131.941,7.579
2025-12-25T22:15:23.563Z,48.628,0.065,3.172,23.020,0.00,4.9020,24.734772,46.699123,10.975,131.941,7.579
2025-12-25T22:15:23.869Z,48.630,0.066,3.228,23.020,0.00,4.9020,24.734772,46.699123,10.975,131.938,7.579
2025-12-25T22:15:23.870Z,48.630,0.065,3.141,23.020,0.00,4.9020,24.734772,46.699123,10.975,131.938,7.579
2025-12-25T22:15:24.177Z,48.632,0.067,3.247,23.020,0.00,4.9020,24.734772,46.699123,10.975,131.934,7.580
2025-12-25T22:15:24.211Z,48.634,0.067,3.252,22.430,0.00,4.9080,24.734819,46.699093,10.975,132.481,7.548
2025-12-25T22:15:24.483Z,48.632,0.076,3.684,22.430,0.00,4.9080,24.734819,46.699093,10.975,132.477,7.548
2025-12-25T22:15:24.688Z,48.637,0.065,3.178,22.430,0.00,4.9080,24.734819,46.699093,10.976,132.475,7.549
2025-12-25T22:15:24.688Z,48.639,0.066,3.212,22.430,0.00,4.9080,24.734819,46.699093,10.976,132.475,7.549
2025-12-25T22:15:24.936Z,48.639,0.071,3.457,22.430,0.00,4.9080,24.734819,46.699093,10.976,132.472,7.549
2025-12-25T22:15:24.936Z,48.642,0.066,3.225,22.430,0.00,4.9080,24.734819,46.699093,10.976,132.472,7.549
2025-12-25T22:15:25.135Z,48.642,0.070,3.405,21.890,0.00,4.9150,24.734863,46.699051,10.976,133.108,7.513
2025-12-25T22:15:25.326Z,48.640,0.077,3.739,21.890,0.00,4.9150,24.734863,46.699051,10.976,133.105,7.513
2025-12-25T22:15:25.610Z,48.645,0.071,3.468,21.890,0.00,4.9150,24.734863,46.699051,10.977,133.102,7.513
2025-12-25T22:15:25.610Z,48.642,0.116,5.633,21.890,0.00,4.9150,24.734863,46.699051,10.977,133.102,7.513
2025-12-25T22:15:25.815Z,48.619,0.167,8.129,21.890,0.00,4.9150,24.734863,46.699051,10.977,133.096,7.513
2025-12-25T22:15:26.123Z,48.565,0.349,16.938,21.890,0.00,4.9150,24.734863,46.699051,10.978,133.079,7.514
2025-12-25T22:15:26.124Z,48.548,0.387,18.788,21.260,0.00,4.9210,24.734901,46.699009,10.978,133.625,7.484
2025-12-25T22:15:26.250Z,48.510,0.511,24.791,21.260,0.00,4.9210,24.734901,46.699009,10.979,133.615,7.484
2025-12-25T22:15:26.533Z,48.532,0.446,21.659,21.260,0.00,4.9210,24.734901,46.699009,10.981,133.594,7.485
2025-12-25T22:15:26.665Z,48.528,0.436,21.181,21.260,0.00,4.9210,24.734901,46.699009,10.982,133.585,7.486
2025-12-25T22:15:26.665Z,48.560,0.359,17.426,21.260,0.00,4.9210,24.734901,46.699009,10.982,133.585,7.486
2025-12-25T22:15:26.871Z,48.584,0.274,13.320,21.260,0.00,4.9210,24.734901,46.699009,10.983,133.575,7.486
2025-12-25T22:15:27.173Z,48.601,0.237,11.526,21.260,0.00,4.9210,24.734901,46.699009,10.984,133.564,7.487
2025-12-25T22:15:27.266Z,48.592,0.276,13.409,20.890,0.00,4.9260,24.734932,46.698963,10.984,134.015,7.462
2025-12-25T22:15:27.266Z,48.550,0.406,19.717,20.890,0.00,4.9260,24.734932,46.698963,10.984,134.014,7.462
2025-12-25T22:15:27.489Z,48.508,0.575,27.908,20.890,0.00,4.9260,24.734932,46.698963,10.986,133.993,7.463
2025-12-25T22:15:27.864Z,48.571,0.541,26.297,20.890,0.00,4.9260,24.734932,46.698963,10.988,133.960,7.465
2025-12-25T22:15:27.881Z,48.506,0.525,25.470,20.890,0.00,4.9260,24.734932,46.698963,10.988,133.959,7.465
2025-12-25T22:15:27.881Z,48.450,0.725,35.146,20.890,0.00,4.9260,24.734932,46.698963,10.988,133.959,7.465
2025-12-25T22:15:28.142Z,48.473,0.643,31.181,20.130,0.00,4.9320,24.734953,46.698910,10.991,134.477,7.436
2025-12-25T22:15:28.316Z,48.501,0.604,29.308,20.130,0.00,4.9320,24.734953,46.698910,10.992,134.460,7.437
2025-12-25T22:15:28.499Z,48.504,0.655,31.758,20.130,0.00,4.9320,24.734953,46.698910,10.994,134.440,7.438
2025-12-25T22:15:28.499Z,48.395,0.894,43.248,20.130,0.00,4.9320,24.734953,46.698910,10.994,134.440,7.438
2025-12-25T22:15:28.785Z,47.980,2.148,103.073,20.130,0.00,4.9320,24.734953,46.698910,11.002,134.340,7.444
2025-12-25T22:15:28.900Z,47.607,3.260,155.202,20.130,0.00,4.9320,24.734953,46.698910,11.007,134.279,7.447
2025-12-25T22:15:29.205Z,47.410,3.801,180.187,19.780,0.00,4.9380,24.734966,46.698860,11.022,134.638,7.427
2025-12-25T22:15:29.328Z,47.186,4.475,211.154,19.780,0.00,4.9380,24.734966,46.698860,11.029,134.550,7.432
2025-12-25T22:15:29.331Z,47.719,2.808,133.970,19.780,0.00,4.9380,24.734966,46.698860,11.029,134.548,7.432
2025-12-25T22:15:29.605Z,48.344,0.946,45.727,19.780,0.00,4.9380,24.734966,46.698860,11.033,134.506,7.435
2025-12-25T22:15:29.912Z,48.388,0.840,40.638,19.780,0.00,4.9380,24.734966,46.698860,11.036,134.464,7.437
2025-12-25T22:15:29.912Z,47.772,2.705,129.222,19.780,0.00,4.9380,24.734966,46.698860,11.036,134.464,7.437
2025-12-25T22:15:30.115Z,47.073,4.794,225.681,19.780,0.00,4.9380,24.734966,46.698860,11.049,134.309,7.446
2025-12-25T22:15:30.247Z,47.040,4.748,223.353,19.800,0.00,4.9430,24.734970,46.698803,11.057,134.661,7.426
2025-12-25T22:15:30.248Z,47.247,4.296,202.977,19.800,0.00,4.9430,24.734970,46.698803,11.057,134.661,7.426
2025-12-25T22:15:30.731Z,46.991,5.014,235.593,19.800,0.00,4.9430,24.734970,46.698803,11.089,134.277,7.447
2025-12-25T22:15:30.731Z,47.349,3.876,183.529,19.800,0.00,4.9430,24.734970,46.698803,11.089,134.277,7.447
2025-12-25T22:15:30.748Z,47.179,4.406,207.857,19.800,0.00,4.9430,24.734970,46.698803,11.090,134.265,7.448
2025-12-25T22:15:31.038Z,47.146,4.501,212.230,19.800,0.00,4.9430,24.734970,46.698803,11.107,134.059,7.459
2025-12-25T22:15:31.165Z,47.039,4.787,225.173,19.150,0.00,4.9480,24.734959,46.698753,11.115,134.413,7.440
2025-12-25T22:15:31.362Z,47.056,4.767,224.338,19.150,0.00,4.9480,24.734959,46.698753,11.127,134.265,7.448
2025-12-25T22:15:31.362Z,47.145,4.407,207.781,19.150,0.00,4.9480,24.734959,46.698753,11.127,134.264,7.448
2025-12-25T22:15:32.473Z,47.090,4.600,216.604,19.150,0.00,4.9480,24.734959,46.698753,11.194,133.462,7.493
2025-12-25T22:15:32.474Z,47.022,4.796,225.535,19.150,0.00,4.9480,24.734959,46.698753,11.194,133.461,7.493
2025-12-25T22:15:32.475Z,46.803,5.435,254.361,19.150,0.00,4.9480,24.734959,46.698753,11.194,133.461,7.493
2025-12-25T22:15:32.475Z,46.847,5.323,249.372,19.800,0.00,4.9540,24.734940,46.698704,11.194,133.997,7.463
2025-12-25T22:15:32.475Z,46.757,5.606,262.114,19.800,0.00,4.9540,24.734940,46.698704,11.194,133.997,7.463
2025-12-25T22:15:32.475Z,46.779,5.586,261.309,19.800,0.00,4.9540,24.734940,46.698704,11.194,133.997,7.463
2025-12-25T22:15:32.678Z,46.794,5.522,258.389,19.800,0.00,4.9540,24.734940,46.698704,11.209,133.823,7.473
2025-12-25T22:15:32.678Z,46.802,5.458,255.436,19.800,0.00,4.9540,24.734940,46.698704,11.209,133.823,7.473
2025-12-25T22:15:32.881Z,47.222,4.124,194.755,19.800,0.00,4.9540,24.734940,46.698704,11.220,133.692,7.480
2025-12-25T22:15:33.005Z,47.220,4.195,198.082,19.800,0.00,4.9540,24.734940,46.698704,11.227,133.610,7.484
2025-12-25T22:15:33.210Z,47.164,4.317,203.599,20.480,0.00,4.9600,24.734909,46.698658,11.238,134.007,7.462
2025-12-25T22:15:33.495Z,47.042,4.704,221.292,20.480,0.00,4.9600,24.734909,46.698658,11.256,133.798,7.474
2025-12-25T22:15:33.496Z,47.005,4.861,228.485,20.480,0.00,4.9600,24.734909,46.698658,11.256,133.798,7.474
2025-12-25T22:15:33.632Z,46.917,5.062,237.502,20.480,0.00,4.9600,24.734909,46.698658,11.265,133.691,7.480
2025-12-25T22:15:33.905Z,47.016,4.786,225.027,20.480,0.00,4.9600,24.734909,46.698658,11.282,133.489,7.491
2025-12-25T22:15:34.023Z,47.159,4.362,205.716,20.480,0.00,4.9600,24.734909,46.698658,11.289,133.409,7.496
2025-12-25T22:15:34.023Z,47.317,3.805,180.037,20.890,0.00,4.9650,24.734871,46.698620,11.289,133.852,7.471
2025-12-25T22:15:34.230Z,46.913,5.088,238.676,20.890,0.00,4.9650,24.734871,46.698620,11.302,133.689,7.480
2025-12-25T22:15:34.621Z,47.015,4.710,221.440,20.890,0.00,4.9650,24.734871,46.698620,11.326,133.405,7.496
2025-12-25T22:15:34.661Z,46.936,5.022,235.722,20.890,0.00,4.9650,24.734871,46.698620,11.329,133.374,7.498
2025-12-25T22:15:34.664Z,46.965,4.902,230.220,20.890,0.00,4.9650,24.734871,46.698620,11.329,133.372,7.498
2025-12-25T22:15:34.887Z,47.008,4.762,223.841,20.890,0.00,4.9650,24.734871,46.698620,11.343,133.209,7.507
2025-12-25T22:15:35.041Z,46.958,4.871,228.748,20.890,0.00,4.9650,24.734871,46.698620,11.353,133.094,7.513
2025-12-25T22:15:35.339Z,47.167,4.325,204.000,21.260,0.00,4.9720,24.734823,46.698589,11.370,133.512,7.490
2025-12-25T22:15:35.339Z,47.019,4.612,216.843,21.260,0.00,4.9720,24.734823,46.698589,11.370,133.512,7.490
2025-12-25T22:15:35.542Z,46.929,5.001,234.681,21.260,0.00,4.9720,24.734823,46.698589,11.383,133.357,7.499
2025-12-25T22:15:35.664Z,46.965,4.856,228.075,21.260,0.00,4.9720,24.734823,46.698589,11.391,133.266,7.504
2025-12-25T22:15:35.955Z,46.841,5.170,242.174,21.260,0.00,4.9720,24.734823,46.698589,11.410,133.038,7.517
2025-12-25T22:15:36.073Z,46.966,4.940,231.996,21.260,0.00,4.9720,24.734823,46.698589,11.418,132.949,7.522
2025-12-25T22:15:36.073Z,46.897,4.995,234.260,21.220,0.00,4.9770,24.734774,46.698574,11.418,133.387,7.497
2025-12-25T22:15:36.363Z,46.853,5.177,242.577,21.220,0.00,4.9770,24.734774,46.698574,11.437,133.160,7.510
2025-12-25T22:15:36.495Z,46.865,5.128,240.306,21.220,0.00,4.9770,24.734774,46.698574,11.446,133.057,7.516
2025-12-25T22:15:36.686Z,46.874,5.100,239.075,21.220,0.00,4.9770,24.734774,46.698574,11.459,132.910,7.524
2025-12-25T22:15:36.686Z,47.037,4.639,218.203,21.220,0.00,4.9770,24.734774,46.698574,11.459,132.910,7.524
2025-12-25T22:15:36.977Z,46.782,5.364,250.926,21.220,0.00,4.9770,24.734774,46.698574,11.479,132.675,7.537
2025-12-25T22:15:37.100Z,46.898,4.587,215.123,21.320,0.00,4.9830,24.734720,46.698566,11.487,133.113,7.512
2025-12-25T22:15:37.489Z,46.831,5.232,245.022,21.320,0.00,4.9830,24.734720,46.698566,11.513,132.806,7.530
2025-12-25T22:15:37.489Z,46.910,5.049,236.831,21.320,0.00,4.9830,24.734720,46.698566,11.513,132.806,7.530
2025-12-25T22:15:37.504Z,47.071,4.517,212.634,21.320,0.00,4.9830,24.734720,46.698566,11.514,132.796,7.530
2025-12-25T22:15:37.796Z,46.807,5.297,247.938,21.320,0.00,4.9830,24.734720,46.698566,11.534,132.564,7.544
2025-12-25T22:15:38.000Z,46.927,5.014,235.283,21.320,0.00,4.9830,24.734720,46.698566,11.547,132.411,7.552
2025-12-25T22:15:38.411Z,47.086,4.366,205.570,21.320,0.00,4.9830,24.734720,46.698566,11.571,132.143,7.568
2025-12-25T22:15:38.411Z,46.660,5.747,268.166,21.740,0.00,4.9890,24.734665,46.698574,11.571,132.661,7.538
2025-12-25T22:15:38.426Z,47.133,4.187,197.327,21.740,0.00,4.9890,24.734665,46.698574,11.572,132.652,7.539
2025-12-25T22:15:38.426Z,46.566,6.061,282.236,21.740,0.00,4.9890,24.734665,46.698574,11.572,132.652,7.539
2025-12-25T22:15:38.718Z,46.825,5.218,244.337,21.740,0.00,4.9890,24.734665,46.698574,11.591,132.425,7.551
2025-12-25T22:15:38.850Z,46.518,6.123,284.842,21.740,0.00,4.9890,24.734665,46.698574,11.602,132.306,7.558
2025-12-25T22:15:39.230Z,46.588,5.889,274.333,21.740,0.00,4.9890,24.734665,46.698574,11.631,131.976,7.577
2025-12-25T22:15:39.230Z,46.349,6.626,307.096,22.130,0.00,4.9950,24.734612,46.698586,11.631,132.492,7.548
2025-12-25T22:15:39.543Z,46.369,6.522,302.419,22.130,0.00,4.9950,24.734612,46.698586,11.657,132.193,7.565
2025-12-25T22:15:39.543Z,46.574,5.982,278.607,22.130,0.00,4.9950,24.734612,46.698586,11.657,132.193,7.565
2025-12-25T22:15:39.742Z,46.528,5.968,277.664,22.130,0.00,4.9950,24.734612,46.698586,11.672,132.020,7.575
2025-12-25T22:15:39.743Z,46.854,5.087,238.364,22.130,0.00,4.9950,24.734612,46.698586,11.673,132.019,7.575
2025-12-25T22:15:39.865Z,46.325,6.706,310.654,22.130,0.00,4.9950,24.734612,46.698586,11.683,131.899,7.582
2025-12-25T22:15:40.149Z,46.325,6.811,315.498,22.370,0.00,5.0020,24.734558,46.698608,11.708,132.217,7.563
2025-12-25T22:15:40.278Z,46.472,6.176,287.031,22.370,0.00,5.0020,24.734558,46.698608,11.718,132.102,7.570
2025-12-25T22:15:40.492Z,46.463,6.203,288.228,22.370,0.00,5.0020,24.734558,46.698608,11.735,131.908,7.581
2025-12-25T22:15:40.492Z,46.373,6.333,293.662,22.370,0.00,5.0020,24.734558,46.698608,11.735,131.908,7.581
2025-12-25T22:15:40.868Z,46.490,6.244,290.285,22.370,0.00,5.0020,24.734558,46.698608,11.766,131.568,7.601
2025-12-25T22:15:40.933Z,46.667,5.527,257.949,22.370,0.00,5.0020,24.734558,46.698608,11.770,131.516,7.604
2025-12-25T22:15:41.143Z,46.054,7.354,338.676,22.370,0.00,5.0020,24.734558,46.698608,11.790,131.296,7.616
2025-12-25T22:15:41.143Z,46.238,6.869,317.605,23.020,0.00,5.0080,24.734507,46.698635,11.790,131.805,7.587
2025-12-25T22:15:41.296Z,46.164,6.853,316.376,23.020,0.00,5.0080,24.734507,46.698635,11.804,131.655,7.596
2025-12-25T22:15:41.547Z,46.098,7.391,340.723,23.020,0.00,5.0080,24.734507,46.698635,11.827,131.391,7.611
2025-12-25T22:15:41.700Z,46.130,7.068,326.047,23.020,0.00,5.0080,24.734507,46.698635,11.841,131.236,7.620
2025-12-25T22:15:41.700Z,46.039,7.198,331.400,23.020,0.00,5.0080,24.734507,46.698635,11.841,131.236,7.620
2025-12-25T22:15:42.169Z,45.977,7.615,350.125,23.020,0.00,5.0080,24.734507,46.698635,11.887,130.734,7.649
2025-12-25T22:15:42.211Z,46.752,5.328,249.077,23.020,0.00,5.0150,24.734459,46.698669,11.890,131.290,7.617
2025-12-25T22:15:42.311Z,45.905,7.771,356.716,23.020,0.00,5.0150,24.734459,46.698669,11.900,131.181,7.623
2025-12-25T22:15:42.650Z,46.116,7.206,332.308,23.020,0.00,5.0150,24.734459,46.698669,11.931,130.837,7.643
2025-12-25T22:15:42.650Z,46.846,4.981,233.322,23.020,0.00,5.0150,24.734459,46.698669,11.931,130.837,7.643
2025-12-25T22:15:43.226Z,46.412,6.404,297.206,23.020,0.00,5.0150,24.734459,46.698669,11.978,130.317,7.674
2025-12-25T22:15:43.226Z,46.034,7.194,331.161,23.020,0.00,5.0150,24.734459,46.698669,11.978,130.317,7.674
2025-12-25T22:15:43.226Z,45.912,7.914,363.342,22.560,0.00,5.0210,24.734415,46.698711,11.978,130.818,7.644
2025-12-25T22:15:43.247Z,45.999,7.633,351.115,22.560,0.00,5.0210,24.734415,46.698711,11.981,130.795,7.646
2025-12-25T22:15:43.530Z,46.007,7.294,335.595,22.560,0.00,5.0210,24.734415,46.698711,12.007,130.508,7.662
2025-12-25T22:15:43.530Z,46.569,5.735,267.061,22.560,0.00,5.0210,24.734415,46.698711,12.007,130.508,7.662
2025-12-25T22:15:43.735Z,46.332,6.342,293.855,22.560,0.00,5.0210,24.734415,46.698711,12.024,130.327,7.673
2025-12-25T22:15:45.478Z,46.071,7.259,334.428,22.560,0.00,5.0210,24.734415,46.698711,12.186,128.595,7.776
2025-12-25T22:15:45.478Z,46.137,7.056,325.553,22.560,0.00,5.0210,24.734415,46.698711,12.186,128.595,7.776
2025-12-25T22:15:45.479Z,46.295,6.647,307.729,22.000,0.00,5.0270,24.734379,46.698753,12.186,129.087,7.747
2025-12-25T22:15:45.479Z,45.926,7.744,355.666,22.000,0.00,5.0270,24.734379,46.698753,12.186,129.087,7.747
2025-12-25T22:15:45.992Z,46.094,7.115,327.951,22.000,0.00,5.0270,24.734379,46.698753,12.232,128.593,7.776
2025-12-25T22:15:45.992Z,46.163,6.915,319.207,22.000,0.00,5.0270,24.734379,46.698753,12.232,128.593,7.776
2025-12-25T22:15:45.992Z,46.169,6.867,317.023,22.000,0.00,5.0270,24.734379,46.698753,12.232,128.593,7.776
2025-12-25T22:15:45.992Z,46.165,6.886,317.870,22.000,0.00,5.0270,24.734379,46.698753,12.232,128.593,7.776
2025-12-25T22:15:45.992Z,46.273,6.755,312.594,21.280,0.00,5.0330,24.734352,46.698807,12.232,129.084,7.747
2025-12-25T22:15:45.992Z,46.035,7.136,328.503,21.280,0.00,5.0330,24.734352,46.698807,12.232,129.084,7.747
2025-12-25T22:15:45.992Z,46.260,6.568,303.842,21.280,0.00,5.0330,24.734352,46.698807,12.232,129.083,7.747
2025-12-25T22:15:46.296Z,46.369,6.317,292.912,21.280,0.00,5.0330,24.734352,46.698807,12.257,128.823,7.763
2025-12-25T22:15:46.297Z,46.221,6.627,306.303,21.280,0.00,5.0330,24.734352,46.698807,12.257,128.823,7.763
2025-12-25T22:15:46.297Z,46.106,7.012,323.317,21.280,0.00,5.0330,24.734352,46.698807,12.257,128.822,7.763
2025-12-25T22:15:46.297Z,46.608,5.602,261.094,21.280,0.00,5.0330,24.734352,46.698807,12.257,128.822,7.763
2025-12-25T22:15:46.297Z,46.280,6.516,301.570,21.130,0.00,5.0390,24.734333,46.698860,12.257,129.312,7.733
2025-12-25T22:15:46.500Z,46.218,6.719,310.543,21.130,0.00,5.0390,24.734333,46.698860,12.275,129.127,7.744
2025-12-25T22:15:46.500Z,46.053,7.229,332.934,21.130,0.00,5.0390,24.734333,46.698860,12.275,129.127,7.744
2025-12-25T22:15:46.637Z,46.592,5.614,261.553,21.130,0.00,5.0390,24.734333,46.698860,12.285,129.023,7.751
2025-12-25T22:15:47.524Z,46.286,6.434,297.807,21.130,0.00,5.0390,24.734333,46.698860,12.358,128.257,7.797
2025-12-25T22:15:47.526Z,45.889,7.730,354.718,21.130,0.00,5.0390,24.734333,46.698860,12.358,128.255,7.797
2025-12-25T22:15:47.526Z,46.101,7.344,338.587,21.480,0.00,5.0450,24.734324,46.698917,12.358,128.740,7.768
2025-12-25T22:15:47.526Z,46.163,6.798,313.836,21.480,0.00,5.0450,24.734324,46.698917,12.358,128.740,7.768
2025-12-25T22:15:47.836Z,46.275,6.504,300.958,21.480,0.00,5.0450,24.734324,46.698917,12.384,128.471,7.784
2025-12-25T22:15:47.836Z,46.335,6.402,296.630,21.480,0.00,5.0450,24.734324,46.698917,12.384,128.471,7.784
2025-12-25T22:15:47.836Z,46.360,6.074,281.583,21.480,0.00,5.0450,24.734324,46.698917,12.384,128.470,7.784
2025-12-25T22:15:48.783Z,46.276,6.459,298.889,21.480,0.00,5.0450,24.734324,46.698917,12.463,127.660,7.833
2025-12-25T22:15:48.788Z,47.788,1.893,90.438,21.840,0.00,5.0510,24.734325,46.698978,12.463,128.140,7.804
2025-12-25T22:15:48.789Z,48.137,0.933,44.934,21.840,0.00,5.0510,24.734325,46.698978,12.463,128.140,7.804
2025-12-25T22:15:48.789Z,48.238,0.705,34.019,21.840,0.00,5.0510,24.734325,46.698978,12.463,128.140,7.804
2025-12-25T22:15:48.789Z,48.243,0.572,27.607,21.840,0.00,5.0510,24.734325,46.698978,12.463,128.140,7.804
2025-12-25T22:15:48.913Z,48.358,0.393,18.999,21.840,0.00,5.0510,24.734325,46.698978,12.464,128.133,7.804
2025-12-25T22:15:48.914Z,48.412,0.221,10.696,21.840,0.00,5.0510,24.734325,46.698978,12.464,128.133,7.804
2025-12-25T22:15:48.985Z,48.445,0.152,7.368,21.840,0.00,5.0510,24.734325,46.698978,12.464,128.132,7.804
2025-12-25T22:15:49.265Z,48.463,0.111,5.365,21.560,0.00,5.0570,24.734339,46.699036,12.464,128.609,7.776
2025-12-25T22:15:49.406Z,48.481,0.071,3.440,21.560,0.00,5.0570,24.734339,46.699036,12.464,128.608,7.776
2025-12-25T22:15:49.778Z,48.487,0.065,3.144,21.560,0.00,5.0570,24.734339,46.699036,12.465,128.604,7.776
2025-12-25T22:15:49.779Z,48.490,0.066,3.219,21.560,0.00,5.0570,24.734339,46.699036,12.465,128.604,7.776
2025-12-25T22:15:50.371Z,48.495,0.066,3.200,21.560,0.00,5.0570,24.734339,46.699036,12.465,128.599,7.776
2025-12-25T22:15:50.371Z,48.498,0.067,3.232,21.560,0.00,5.0570,24.734339,46.699036,12.465,128.599,7.776
2025-12-25T22:15:50.371Z,48.503,0.067,3.229,21.090,0.00,5.0630,24.734365,46.699085,12.465,129.080,7.747
2025-12-25T22:15:50.371Z,48.503,0.075,3.639,21.090,0.00,5.0630,24.734365,46.699085,12.465,129.080,7.747
2025-12-25T22:15:50.599Z,48.505,0.077,3.751,21.090,0.00,5.0630,24.734365,46.699085,12.465,129.078,7.747
2025-12-25T22:15:50.600Z,48.513,0.065,3.159,21.090,0.00,5.0630,24.734365,46.699085,12.465,129.078,7.747
2025-12-25T22:15:51.006Z,48.514,0.066,3.222,21.090,0.00,5.0630,24.734365,46.699085,12.466,129.074,7.748
2025-12-25T22:15:51.076Z,48.514,0.077,3.744,21.090,0.00,5.0630,24.734365,46.699085,12.466,129.073,7.748
2025-12-25T22:15:51.081Z,48.521,0.067,3.234,20.330,0.00,5.0680,24.734404,46.699120,12.466,129.474,7.724
2025-12-25T22:15:51.359Z,48.518,0.078,3.763,20.330,0.00,5.0680,24.734404,46.699120,12.466,129.471,7.724
2025-12-25T22:15:51.365Z,48.526,0.066,3.188,20.330,0.00,5.0680,24.734404,46.699120,12.466,129.471,7.724
2025-12-25T22:15:51.535Z,48.529,0.067,3.269,20.330,0.00,5.0680,24.734404,46.699120,12.466,129.470,7.724
2025-12-25T22:15:52.419Z,48.528,0.076,3.710,20.330,0.00,5.0680,24.734404,46.699120,12.467,129.460,7.724
2025-12-25T22:15:52.419Z,48.535,0.065,3.157,20.330,0.00,5.0680,24.734404,46.699120,12.467,129.460,7.724
2025-12-25T22:15:52.420Z,48.536,0.067,3.233,20.330,0.00,5.0680,24.734404,46.699120,12.467,129.460,7.724
2025-12-25T22:15:52.420Z,48.538,0.069,3.353,19.950,0.00,5.0740,24.734447,46.699146,12.467,129.941,7.696
2025-12-25T22:15:52.420Z,48.537,0.075,3.655,19.950,0.00,5.0740,24.734447,46.699146,12.467,129.941,7.696
2025-12-25T22:15:52.646Z,48.543,0.064,3.126,19.950,0.00,5.0740,24.734447,46.699146,12.467,129.939,7.696
2025-12-25T22:15:52.646Z,48.545,0.066,3.191,19.950,0.00,5.0740,24.734447,46.699146,12.467,129.939,7.696
2025-12-25T22:15:53.280Z,48.545,0.072,3.478,19.950,0.00,5.0740,24.734447,46.699146,12.468,129.933,7.696
2025-12-25T22:15:53.280Z,48.546,0.079,3.815,19.950,0.00,5.0740,24.734447,46.699146,12.468,129.933,7.696
2025-12-25T22:15:53.280Z,48.552,0.065,3.178,20.000,0.00,5.0800,24.734497,46.699169,12.468,130.414,7.668
2025-12-25T22:15:53.404Z,48.552,0.073,3.541,20.000,0.00,5.0800,24.734497,46.699169,12.468,130.413,7.668
2025-12-25T22:15:54.078Z,48.554,0.071,3.460,20.000,0.00,5.0800,24.734497,46.699169,12.469,130.406,7.668
2025-12-25T22:15:54.078Z,48.558,0.064,3.127,20.000,0.00,5.0800,24.734497,46.699169,12.469,130.406,7.668
2025-12-25T22:15:54.134Z,48.558,0.070,3.410,20.000,0.00,5.0800,24.734497,46.699169,12.469,130.405,7.668
2025-12-25T22:15:54.134Z,48.562,0.065,3.155,20.000,0.00,5.0800,24.734497,46.699169,12.469,130.405,7.668
2025-12-25T22:15:54.134Z,48.563,0.067,3.246,20.590,0.00,5.0850,24.734549,46.699177,12.469,130.806,7.645
2025-12-25T22:15:55.000Z,48.561,0.078,3.788,20.590,0.00,5.0850,24.734549,46.699177,12.470,130.797,7.645
2025-12-25T22:15:55.000Z,48.564,0.077,3.720,20.590,0.00,5.0850,24.734549,46.699177,12.470,130.797,7.645
2025-12-25T22:15:55.000Z,48.569,0.068,3.285,20.590,0.00,5.0850,24.734549,46.699177,12.470,130.797,7.645
2025-12-25T22:16:02.307Z,48.572,0.064,3.092,20.590,0.00,5.0850,24.734549,46.699177,12.476,130.731,7.649
2025-12-25T22:16:02.308Z,48.572,0.066,3.211,20.590,0.00,5.0850,24.734549,46.699177,12.476,130.731,7.649
2025-12-25T22:16:02.308Z,48.574,0.066,3.185,20.590,0.00,5.0850,24.734549,46.699177,12.476,130.731,7.649
2025-12-25T22:16:02.308Z,48.577,0.066,3.195,21.460,0.00,5.0910,24.734600,46.699177,12.476,131.212,7.621
2025-12-25T22:16:02.308Z,48.577,0.066,3.217,21.460,0.00,5.0910,24.734600,46.699177,12.476,131.212,7.621
2025-12-25T22:16:02.308Z,48.579,0.068,3.299,21.460,0.00,5.0910,24.734600,46.699177,12.476,131.212,7.621
2025-12-25T22:16:09.480Z,48.576,0.078,3.788,21.460,0.00,5.0910,24.734600,46.699177,12.484,131.133,7.626
2025-12-25T22:16:09.480Z,48.583,0.076,3.695,21.460,0.00,5.0910,24.734600,46.699177,12.484,131.133,7.626
2025-12-25T22:16:09.481Z,48.585,0.065,3.138,21.460,0.00,5.0910,24.734600,46.699177,12.484,131.133,7.626
2025-12-25T22:16:09.481Z,48.586,0.067,3.236,21.870,0.00,5.0970,24.734653,46.699169,12.484,131.613,7.598
2025-12-25T22:16:09.481Z,48.585,0.070,3.414,21.870,0.00,5.0970,24.734653,46.699169,12.484,131.613,7.598
2025-12-25T22:16:09.481Z,48.586,0.073,3.549,21.870,0.00,5.0970,24.734653,46.699169,12.484,131.613,7.598
2025-12-25T22:16:09.481Z,48.591,0.065,3.149,21.870,0.00,5.0970,24.734653,46.699169,12.484,131.613,7.598
2025-12-25T22:16:09.481Z,48.592,0.067,3.248,21.870,0.00,5.0970,24.734653,46.699169,12.484,131.613,7.598
2025-12-25T22:16:09.481Z,48.591,0.074,3.574,21.870,0.00,5.0970,24.734653,46.699169,12.484,131.613,7.598
2025-12-25T22:16:09.481Z,48.593,0.072,3.481,21.870,0.00,5.0970,24.734653,46.699169,12.484,131.613,7.598
2025-12-25T22:16:09.481Z,48.597,0.072,3.483,21.460,0.00,5.1030,24.734707,46.699154,12.484,132.094,7.570
2025-12-25T22:16:09.481Z,48.598,0.065,3.139,21.460,0.00,5.1030,24.734707,46.699154,12.484,132.094,7.570
2025-12-25T22:16:09.481Z,48.589,0.102,4.956,21.460,0.00,5.1030,24.734707,46.699154,12.484,132.094,7.570
2025-12-25T22:16:09.481Z,48.598,0.075,3.643,21.460,0.00,5.1030,24.734707,46.699154,12.484,132.094,7.570
2025-12-25T22:16:09.481Z,48.602,0.068,3.326,21.460,0.00,5.1030,24.734707,46.699154,12.484,132.094,7.570
2025-12-25T22:16:09.481Z,48.604,0.065,3.165,21.460,0.00,5.1030,24.734707,46.699154,12.484,132.094,7.570
2025-12-25T22:16:23.315Z,48.601,0.078,3.788,21.450,0.00,5.1090,24.734756,46.699135,12.498,132.420,7.552
2025-12-25T22:16:23.315Z,48.607,0.064,3.130,21.450,0.00,5.1090,24.734756,46.699135,12.498,132.420,7.552
2025-12-25T22:16:23.315Z,48.607,0.066,3.215,21.450,0.00,5.1090,24.734756,46.699135,12.498,132.420,7.552
2025-12-25T22:16:23.315Z,48.605,0.078,3.768,21.450,0.00,5.1090,24.734756,46.699135,12.498,132.420,7.552
2025-12-25T22:16:23.316Z,48.607,0.077,3.757,21.450,0.00,5.1090,24.734756,46.699135,12.498,132.420,7.552
2025-12-25T22:16:23.316Z,48.613,0.065,3.182,21.450,0.00,5.1090,24.734756,46.699135,12.498,132.420,7.552
2025-12-25T22:16:35.637Z,48.614,0.065,3.179,21.000,0.00,5.1150,24.734804,46.699108,12.509,132.785,7.531
2025-12-25T22:16:35.637Z,48.614,0.067,3.269,21.000,0.00,5.1150,24.734804,46.699108,12.509,132.785,7.531
2025-12-25T22:16:35.639Z,48.611,0.082,4.000,21.000,0.00,5.1150,24.734804,46.699108,12.509,132.785,7.531
2025-12-25T22:16:35.639Z,48.616,0.069,3.372,21.000,0.00,5.1150,24.734804,46.699108,12.509,132.785,7.531
2025-12-25T22:16:35.639Z,48.615,0.076,3.703,21.000,0.00,5.1150,24.734804,46.699108,12.509,132.785,7.531
2025-12-25T22:16:35.639Z,48.621,0.065,3.168,21.000,0.00,5.1150,24.734804,46.699108,12.509,132.785,7.531
2025-12-25T22:16:35.639Z,48.620,0.066,3.205,21.000,0.00,5.1150,24.734804,46.699108,12.509,132.785,7.531
2025-12-25T22:16:35.639Z,48.623,0.066,3.207,20.330,0.00,5.1210,24.734846,46.699074,12.509,133.264,7.504
2025-12-25T22:16:35.639Z,48.621,0.071,3.435,20.330,0.00,5.1210,24.734846,46.699074,12.509,133.264,7.504
2025-12-25T22:16:35.639Z,48.622,0.074,3.578,20.330,0.00,5.1210,24.734846,46.699074,12.509,133.264,7.504
2025-12-25T22:16:35.639Z,48.593,0.167,8.130,20.330,0.00,5.1210,24.734846,46.699074,12.509,133.264,7.504
2025-12-25T22:16:35.639Z,48.523,0.384,18.636,20.330,0.00,5.1210,24.734846,46.699074,12.509,133.264,7.504
2025-12-25T22:16:35.639Z,48.505,0.423,20.541,20.330,0.00,5.1210,24.734846,46.699074,12.509,133.264,7.504
2025-12-25T22:16:35.639Z,48.472,0.550,26.643,19.830,0.00,5.1260,24.734884,46.699039,12.509,133.664,7.481
2025-12-25T22:16:35.639Z,48.465,0.679,32.895,19.830,0.00,5.1260,24.734884,46.699039,12.509,133.664,7.481
2025-12-25T22:16:35.639Z,48.315,1.003,48.438,19.830,0.00,5.1260,24.734884,46.699039,12.509,133.664,7.481
2025-12-25T22:16:35.639Z,48.310,1.023,49.445,19.830,0.00,5.1260,24.734884,46.699039,12.509,133.664,7.481
2025-12-25T22:16:35.639Z,47.646,3.106,147.975,19.830,0.00,5.1260,24.734884,46.699039,12.509,133.664,7.481
2025-12-25T22:16:35.639Z,46.896,5.217,244.674,19.830,0.00,5.1260,24.734884,46.699039,12.509,133.664,7.481
2025-12-25T22:16:35.639Z,46.966,4.901,230.178,19.220,0.00,5.1320,24.734917,46.699001,12.509,134.144,7.455
2025-12-25T22:16:35.639Z,46.869,5.251,246.091,19.220,0.00,5.1320,24.734917,46.699001,12.509,134.144,7.455
2025-12-25T22:16:35.640Z,46.917,5.068,237.778,19.220,0.00,5.1320,24.734917,46.699001,12.509,134.144,7.455
2025-12-25T22:16:35.640Z,46.703,5.789,270.370,19.220,0.00,5.1320,24.734917,46.699001,12.509,134.143,7.455
2025-12-25T22:16:35.792Z,46.874,5.167,242.205,19.220,0.00,5.1320,24.734917,46.699001,12.519,134.034,7.461
2025-12-25T22:16:35.792Z,46.385,6.521,302.497,19.220,0.00,5.1320,24.734917,46.699001,12.519,134.034,7.461
2025-12-25T22:16:35.792Z,46.187,7.292,336.786,19.220,0.00,5.1320,24.734917,46.699001,12.519,134.033,7.461
2025-12-25T22:16:35.792Z,204.800,6.486,1328.374,19.800,0.00,5.1370,24.734943,46.698956,12.519,134.433,7.439
2025-12-25T22:16:35.792Z,46.832,5.274,246.989,19.800,0.00,5.1370,24.734943,46.698956,12.519,134.433,7.439
2025-12-25T22:16:35.793Z,204.800,6.839,1400.647,19.800,0.00,5.1370,24.734943,46.698956,12.519,134.431,7.439
2025-12-25T22:16:35.793Z,46.271,6.938,321.026,19.800,0.00,5.1370,24.734943,46.698956,12.519,134.431,7.439
2025-12-25T22:16:35.793Z,46.740,5.446,254.545,19.800,0.00,5.1370,24.734943,46.698956,12.519,134.431,7.439
2025-12-25T22:16:35.793Z,46.420,6.291,292.013,19.800,0.00,5.1370,24.734943,46.698956,12.519,134.431,7.439
2025-12-25T22:16:35.793Z,46.673,5.689,265.531,20.370,0.00,5.1430,24.734962,46.698902,12.519,134.911,7.412
2025-12-25T22:16:35.793Z,46.358,6.544,303.365,20.370,0.00,5.1430,24.734962,46.698902,12.519,134.911,7.412
2025-12-25T22:16:35.793Z,46.519,6.825,317.503,20.370,0.00,5.1430,24.734962,46.698902,12.519,134.911,7.412
2025-12-25T22:16:35.915Z,46.743,5.460,255.239,20.370,0.00,5.1430,24.734962,46.698902,12.528,134.817,7.417
2025-12-25T22:16:35.915Z,46.456,6.325,293.829,20.370,0.00,5.1430,24.734962,46.698902,12.528,134.817,7.417
2025-12-25T22:16:35.916Z,46.264,6.873,317.969,20.370,0.00,5.1430,24.734962,46.698902,12.528,134.817,7.417
2025-12-25T22:16:35.916Z,46.459,6.338,294.469,20.370,0.00,5.1430,24.734962,46.698902,12.528,134.816,7.418
2025-12-25T22:16:35.916Z,204.800,6.229,1275.741,21.040,0.00,5.1490,24.734974,46.698849,12.528,135.295,7.391
2025-12-25T22:16:35.917Z,46.385,6.521,302.460,21.040,0.00,5.1490,24.734974,46.698849,12.528,135.295,7.391
2025-12-25T22:16:35.917Z,46.213,6.863,317.172,21.040,0.00,5.1490,24.734974,46.698849,12.528,135.295,7.391
2025-12-25T22:16:35.917Z,46.315,6.686,309.683,21.040,0.00,5.1490,24.734974,46.698849,12.528,135.295,7.391
2025-12-25T22:16:35.917Z,46.513,6.027,280.315,21.040,0.00,5.1490,24.734974,46.698849,12.528,135.294,7.391
2025-12-25T22:16:35.917Z,45.937,7.693,353.404,21.040,0.00,5.1490,24.734974,46.698849,12.528,135.294,7.391
2025-12-25T22:16:35.917Z,46.139,7.189,331.674,21.240,0.00,5.1540,24.734974,46.698792,12.528,135.693,7.370
2025-12-25T22:16:35.917Z,46.235,6.875,317.884,21.240,0.00,5.1540,24.734974,46.698792,12.528,135.693,7.370
2025-12-25T22:16:35.917Z,46.256,6.812,315.074,21.240,0.00,5.1540,24.734974,46.698792,12.528,135.693,7.370
2025-12-25T22:16:35.917Z,46.196,7.016,324.109,21.240,0.00,5.1540,24.734974,46.698792,12.528,135.693,7.370
2025-12-25T22:16:35.917Z,46.384,6.288,291.678,21.240,0.00,5.1540,24.734974,46.698792,12.528,135.693,7.370
2025-12-25T22:16:35.917Z,46.107,7.183,331.172,21.240,0.00,5.1540,24.734974,46.698792,12.528,135.693,7.370
2025-12-25T22:16:35.917Z,46.096,7.227,333.141,21.540,0.00,5.1600,24.734961,46.698734,12.528,136.172,7.344
2025-12-25T22:16:35.917Z,45.970,7.558,347.449,21.540,0.00,5.1600,24.734961,46.698734,12.528,136.172,7.344
2025-12-25T22:16:35.917Z,46.262,6.752,312.369,21.540,0.00,5.1600,24.734961,46.698734,12.528,136.172,7.344
2025-12-25T22:16:35.917Z,46.755,5.181,242.260,21.540,0.00,5.1600,24.734961,46.698734,12.528,136.172,7.344
2025-12-25T22:16:35.917Z,46.038,0.000,-0.002,21.540,0.00,5.1600,24.734961,46.698734,12.528,136.172,7.344
2025-12-25T22:16:35.917Z,46.416,6.081,282.239,21.540,0.00,5.1600,24.734961,46.698734,12.528,136.172,7.344
2025-12-25T22:16:35.917Z,45.977,7.613,350.012,21.540,0.00,5.1600,24.734961,46.698734,12.528,136.172,7.344
2025-12-25T22:16:36.043Z,46.103,7.202,332.009,21.460,0.00,5.1660,24.734930,46.698689,12.540,136.525,7.325
2025-12-25T22:16:36.043Z,45.850,7.728,354.333,21.460,0.00,5.1660,24.734930,46.698689,12.540,136.525,7.325
2025-12-25T22:16:36.043Z,46.317,6.325,292.963,21.460,0.00,5.1660,24.734930,46.698689,12.540,136.524,7.325
2025-12-25T22:16:36.043Z,46.084,7.290,335.959,21.460,0.00,5.1660,24.734930,46.698689,12.540,136.524,7.325
2025-12-25T22:16:36.043Z,46.150,7.062,325.897,21.460,0.00,5.1660,24.734930,46.698689,12.540,136.524,7.325
2025-12-25T22:16:36.044Z,45.782,8.160,373.580,21.460,0.00,5.1660,24.734930,46.698689,12.540,136.524,7.325
2025-12-25T22:16:36.044Z,45.938,7.579,348.173,22.460,0.00,5.1720,24.734892,46.698643,12.540,137.003,7.299
2025-12-25T22:16:36.044Z,46.313,6.486,300.386,22.460,0.00,5.1720,24.734892,46.698643,12.540,137.003,7.299
2025-12-25T22:16:36.044Z,46.215,6.680,308.725,22.460,0.00,5.1720,24.734892,46.698643,12.540,137.003,7.299
2025-12-25T22:16:36.044Z,45.975,7.677,352.936,22.460,0.00,5.1720,24.734892,46.698643,12.540,137.003,7.299
2025-12-25T22:16:36.044Z,45.958,7.779,357.523,22.460,0.00,5.1720,24.734892,46.698643,12.540,137.002,7.299
2025-12-25T22:16:36.044Z,46.264,6.593,305.005,22.460,0.00,5.1720,24.734892,46.698643,12.540,137.002,7.299
2025-12-25T22:16:36.044Z,46.072,7.393,340.613,23.090,0.00,5.1790,24.734844,46.698608,12.540,137.561,7.270
2025-12-25T22:16:36.044Z,46.394,6.135,284.635,23.090,0.00,5.1790,24.734844,46.698608,12.540,137.561,7.270
2025-12-25T22:16:36.044Z,45.914,7.327,336.395,23.090,0.00,5.1790,24.734844,46.698608,12.540,137.561,7.270
2025-12-25T22:16:36.044Z,46.125,7.092,327.140,23.090,0.00,5.1790,24.734844,46.698608,12.540,137.561,7.270
2025-12-25T22:16:36.044Z,45.825,7.877,360.953,23.090,0.00,5.1790,24.734844,46.698608,12.540,137.561,7.270
2025-12-25T22:16:36.044Z,45.948,7.545,346.661,23.090,0.00,5.1790,24.734844,46.698608,12.540,137.561,7.270
2025-12-25T22:16:36.044Z,45.743,8.361,382.447,23.090,0.00,5.1790,24.734844,46.698608,12.540,137.561,7.270
2025-12-25T22:16:36.176Z,45.862,8.135,373.080,23.720,0.00,5.1850,24.734789,46.698586,12.554,137.888,7.252
2025-12-25T22:16:36.176Z,45.852,8.233,377.490,23.720,0.00,5.1850,24.734789,46.698586,12.554,137.888,7.252
2025-12-25T22:16:36.177Z,45.784,8.615,394.410,23.720,0.00,5.1850,24.734789,46.698586,12.554,137.888,7.252
2025-12-25T22:16:36.177Z,46.024,7.970,366.834,23.720,0.00,5.1850,24.734789,46.698586,12.554,137.888,7.252
2025-12-25T22:16:36.177Z,45.868,8.188,375.566,23.720,0.00,5.1850,24.734789,46.698586,12.554,137.888,7.252
2025-12-25T22:16:36.177Z,46.308,7.208,333.773,23.720,0.00,5.1850,24.734789,46.698586,12.554,137.888,7.252
2025-12-25T22:16:36.177Z,46.020,6.577,302.685,23.710,0.00,5.1920,24.734730,46.698578,12.554,138.445,7.223
2025-12-25T22:16:36.177Z,45.964,7.431,341.561,23.710,0.00,5.1920,24.734730,46.698578,12.554,138.445,7.223
2025-12-25T22:16:36.177Z,45.824,7.550,345.956,23.710,0.00,5.1920,24.734730,46.698578,12.554,138.445,7.223
2025-12-25T22:16:36.177Z,45.751,7.519,344.008,23.710,0.00,5.1920,24.734730,46.698578,12.554,138.445,7.223
2025-12-25T22:16:36.177Z,46.080,6.879,316.987,23.710,0.00,5.1920,24.734730,46.698578,12.554,138.445,7.223
2025-12-25T22:16:36.177Z,46.044,7.332,337.588,23.710,0.00,5.1920,24.734730,46.698578,12.554,138.445,7.223
2025-12-25T22:16:36.177Z,45.789,7.045,322.588,24.590,0.00,5.1990,24.734667,46.698582,12.554,139.003,7.194
2025-12-25T22:16:36.177Z,45.557,9.118,415.412,24.590,0.00,5.1990,24.734667,46.698582,12.554,139.003,7.194
2025-12-25T22:16:36.177Z,45.575,8.721,397.443,24.590,0.00,5.1990,24.734667,46.698582,12.554,139.003,7.194
2025-12-25T22:16:36.177Z,45.818,8.131,372.535,24.590,0.00,5.1990,24.734667,46.698582,12.554,139.003,7.194
2025-12-25T22:16:36.177Z,45.933,7.300,335.305,24.590,0.00,5.1990,24.734667,46.698582,12.554,139.002,7.194
2025-12-25T22:16:36.177Z,45.692,8.134,371.655,24.590,0.00,5.1990,24.734667,46.698582,12.554,139.002,7.194
2025-12-25T22:16:36.177Z,45.806,7.729,354.021,24.590,0.00,5.1990,24.734667,46.698582,12.554,139.002,7.194
2025-12-25T22:16:36.177Z,45.627,8.318,379.516,25.150,0.00,5.2060,24.734604,46.698597,12.554,139.560,7.165
2025-12-25T22:16:36.177Z,45.587,8.808,401.527,25.150,0.00,5.2060,24.734604,46.698597,12.554,139.560,7.165
2025-12-25T22:16:36.177Z,46.184,7.250,334.841,25.150,0.00,5.2060,24.734604,46.698597,12.554,139.560,7.165
2025-12-25T22:16:36.305Z,46.184,6.551,302.565,25.150,0.00,5.2060,24.734604,46.698597,12.565,139.440,7.172
2025-12-25T22:16:36.306Z,45.477,8.863,403.077,25.150,0.00,5.2060,24.734604,46.698597,12.565,139.440,7.172
2025-12-25T22:16:36.306Z,46.520,5.580,259.598,25.150,0.00,5.2060,24.734604,46.698597,12.565,139.439,7.172
2025-12-25T22:16:36.306Z,45.715,7.904,361.327,25.300,0.00,5.2130,24.734545,46.698620,12.565,139.996,7.143
2025-12-25T22:16:36.306Z,45.883,7.860,360.652,25.300,0.00,5.2130,24.734545,46.698620,12.565,139.996,7.143
2025-12-25T22:16:36.306Z,45.737,8.011,366.414,25.300,0.00,5.2130,24.734545,46.698620,12.565,139.996,7.143
2025-12-25T22:16:36.308Z,46.413,5.941,275.725,25.300,0.00,5.2130,24.734545,46.698620,12.565,139.995,7.143
2025-12-25T22:16:36.308Z,45.561,8.366,381.163,25.300,0.00,5.2130,24.734545,46.698620,12.565,139.995,7.143
2025-12-25T22:16:36.308Z,46.023,7.152,329.155,25.300,0.00,5.2130,24.734545,46.698620,12.565,139.995,7.143
2025-12-25T22:16:36.308Z,47.324,3.105,146.919,25.300,0.00,5.2130,24.734545,46.698620,12.565,139.995,7.143
2025-12-25T22:16:36.308Z,46.577,5.498,256.064,25.760,0.00,5.2200,24.734488,46.698658,12.565,140.552,7.115
2025-12-25T22:16:36.308Z,45.793,7.743,354.581,25.760,0.00,5.2200,24.734488,46.698658,12.565,140.552,7.115
2025-12-25T22:16:36.308Z,204.800,7.700,1577.030,25.760,0.00,5.2200,24.734488,46.698658,12.565,140.552,7.115
2025-12-25T22:16:36.308Z,45.740,8.080,369.600,25.760,0.00,5.2200,24.734488,46.698658,12.565,140.552,7.115
2025-12-25T22:16:36.308Z,45.819,0.000,-0.002,25.760,0.00,5.2200,24.734488,46.698658,12.565,140.552,7.115
2025-12-25T22:16:36.308Z,46.208,6.566,303.387,25.760,0.00,5.2200,24.734488,46.698658,12.565,140.552,7.115
2025-12-25T22:16:36.308Z,46.116,6.723,310.052,25.780,0.00,5.2270,24.734438,46.698700,12.565,141.109,7.087
2025-12-25T22:16:36.308Z,46.123,6.659,307.128,25.780,0.00,5.2270,24.734438,46.698700,12.565,141.109,7.087
2025-12-25T22:16:36.308Z,45.768,7.757,354.998,25.780,0.00,5.2270,24.734438,46.698700,12.565,141.109,7.087
2025-12-25T22:16:36.308Z,45.968,7.309,335.975,25.780,0.00,5.2270,24.734438,46.698700,12.565,141.109,7.087
2025-12-25T22:16:36.312Z,46.143,6.256,288.660,25.780,0.00,5.2270,24.734438,46.698700,12.565,141.105,7.087
2025-12-25T22:16:36.312Z,45.724,7.765,355.054,25.780,0.00,5.2270,24.734438,46.698700,12.565,141.105,7.087
2025-12-25T22:16:36.440Z,45.614,7.451,339.872,25.080,0.00,5.2350,24.734394,46.698753,12.577,141.607,7.062
2025-12-25T22:16:36.440Z,46.369,6.353,294.571,25.080,0.00,5.2350,24.734394,46.698753,12.577,141.607,7.062
2025-12-25T22:16:36.441Z,45.878,7.339,336.716,25.080,0.00,5.2350,24.734394,46.698753,12.577,141.605,7.062
2025-12-25T22:16:36.441Z,46.603,5.926,276.162,25.080,0.00,5.2350,24.734394,46.698753,12.577,141.605,7.062
2025-12-25T22:16:36.441Z,46.010,6.664,306.621,25.080,0.00,5.2350,24.734394,46.698753,12.577,141.605,7.062
2025-12-25T22:16:36.441Z,45.898,7.930,363.969,25.080,0.00,5.2350,24.734394,46.698753,12.577,141.605,7.062
2025-12-25T22:16:36.441Z,45.399,7.999,363.131,25.080,0.00,5.2350,24.734394,46.698753,12.577,141.605,7.062
2025-12-25T22:16:36.441Z,45.933,7.389,339.381,24.390,0.00,5.2410,24.734362,46.698811,12.577,142.082,7.038
2025-12-25T22:16:36.441Z,46.028,6.998,322.118,24.390,0.00,5.2410,24.734362,46.698811,12.577,142.082,7.038
2025-12-25T22:16:36.441Z,45.770,7.794,356.746,24.390,0.00,5.2410,24.734362,46.698811,12.577,142.082,7.038
2025-12-25T22:16:36.441Z,46.967,4.127,193.830,24.390,0.00,5.2410,24.734362,46.698811,12.577,142.082,7.038
2025-12-25T22:16:36.441Z,46.263,6.478,299.692,24.390,0.00,5.2410,24.734362,46.698811,12.577,142.082,7.038
2025-12-25T22:16:36.441Z,46.122,6.812,314.206,24.390,0.00,5.2410,24.734362,46.698811,12.577,142.082,7.038
2025-12-25T22:16:36.441Z,45.728,7.656,350.094,24.020,0.00,5.2480,24.734341,46.698872,12.577,142.639,7.011
2025-12-25T22:16:36.441Z,46.076,6.561,302.294,24.020,0.00,5.2480,24.734341,46.698872,12.577,142.639,7.011
2025-12-25T22:16:36.441Z,46.087,6.958,320.681,24.020,0.00,5.2480,24.734341,46.698872,12.577,142.639,7.011
2025-12-25T22:16:36.441Z,45.873,7.764,356.176,24.020,0.00,5.2480,24.734341,46.698872,12.577,142.639,7.011
2025-12-25T22:16:36.441Z,45.967,7.443,342.135,24.020,0.00,5.2480,24.734341,46.698872,12.577,142.639,7.011
2025-12-25T22:16:36.443Z,45.926,7.663,351.951,24.020,0.00,5.2480,24.734341,46.698872,12.577,142.636,7.011
2025-12-25T22:16:36.444Z,45.583,7.946,362.212,24.220,0.00,5.2550,24.734331,46.698936,12.577,143.193,6.984
2025-12-25T22:16:36.444Z,45.887,7.090,325.322,24.220,0.00,5.2550,24.734331,46.698936,12.577,143.193,6.984
2025-12-25T22:16:36.444Z,45.687,7.895,360.711,24.220,0.00,5.2550,24.734331,46.698936,12.577,143.193,6.984
2025-12-25T22:16:36.444Z,45.670,7.903,360.951,24.220,0.00,5.2550,24.734331,46.698936,12.577,143.193,6.984
2025-12-25T22:16:36.444Z,46.247,3.281,151.722,24.220,0.00,5.2550,24.734331,46.698936,12.577,143.193,6.984
2025-12-25T22:16:36.444Z,46.523,5.632,262.027,24.220,0.00,5.2550,24.734331,46.698936,12.577,143.192,6.984
2025-12-25T22:16:36.444Z,45.858,8.182,375.227,24.220,0.00,5.2550,24.734331,46.698936,12.577,143.192,6.984
2025-12-25T22:16:36.444Z,46.192,6.472,298.963,24.370,0.00,5.2610,24.734343,46.699001,12.577,143.669,6.960
2025-12-25T22:16:36.444Z,45.671,8.351,381.397,24.370,0.00,5.2610,24.734343,46.699001,12.577,143.669,6.960
2025-12-25T22:16:36.444Z,46.229,6.797,314.204,24.370,0.00,5.2610,24.734343,46.699001,12.577,143.669,6.960
2025-12-25T22:16:36.444Z,45.648,7.323,334.255,24.370,0.00,5.2610,24.734343,46.699001,12.577,143.669,6.960
2025-12-25T22:16:36.444Z,45.679,8.719,398.293,24.370,0.00,5.2610,24.734343,46.699001,12.577,143.669,6.960
2025-12-25T22:16:36.444Z,45.802,8.275,379.029,24.370,0.00,5.2610,24.734343,46.699001,12.577,143.669,6.960
2025-12-25T22:16:36.444Z,46.003,0.000,-0.002,24.870,0.00,5.2680,24.734373,46.699062,12.577,144.226,6.934
2025-12-25T22:16:36.444Z,45.915,7.161,328.789,24.870,0.00,5.2680,24.734373,46.699062,12.577,144.226,6.934
2025-12-25T22:16:36.444Z,45.533,8.293,377.602,24.870,0.00,5.2680,24.734373,46.699062,12.577,144.226,6.934
2025-12-25T22:16:36.444Z,45.739,7.508,343.432,24.870,0.00,5.2680,24.734373,46.699062,12.577,144.226,6.934
2025-12-25T22:16:36.574Z,45.656,8.099,369.771,24.870,0.00,5.2680,24.734373,46.699062,12.591,144.072,6.941
2025-12-25T22:16:36.574Z,45.833,7.429,340.505,24.870,0.00,5.2680,24.734373,46.699062,12.591,144.072,6.941
2025-12-25T22:16:36.580Z,45.710,8.120,371.161,24.870,0.00,5.2680,24.734373,46.699062,12.591,144.066,6.941
2025-12-25T22:16:36.580Z,45.609,8.042,366.789,25.320,0.00,5.2750,24.734415,46.699112,12.591,144.622,6.915
2025-12-25T22:16:36.580Z,46.085,6.591,303.751,25.320,0.00,5.2750,24.734415,46.699112,12.591,144.622,6.915
2025-12-25T22:16:36.580Z,45.686,8.342,381.125,25.320,0.00,5.2750,24.734415,46.699112,12.591,144.622,6.915
2025-12-25T22:16:36.580Z,45.777,7.835,358.673,25.320,0.00,5.2750,24.734415,46.699112,12.591,144.622,6.915
2025-12-25T22:16:36.580Z,45.565,8.287,377.593,25.320,0.00,5.2750,24.734415,46.699112,12.591,144.622,6.915
2025-12-25T22:16:36.580Z,46.138,6.417,296.047,25.320,0.00,5.2750,24.734415,46.699112,12.591,144.622,6.915
2025-12-25T22:16:36.580Z,47.353,2.797,132.457,25.870,0.00,5.2820,24.734470,46.699150,12.591,145.177,6.888
2025-12-25T22:16:36.580Z,47.992,0.980,47.050,25.870,0.00,5.2820,24.734470,46.699150,12.591,145.177,6.888
2025-12-25T22:16:36.581Z,48.102,0.622,29.930,25.870,0.00,5.2820,24.734470,46.699150,12.591,145.177,6.888
2025-12-25T22:16:36.581Z,48.146,0.570,27.425,25.870,0.00,5.2820,24.734470,46.699150,12.591,145.177,6.888
2025-12-25T22:16:36.581Z,48.169,0.537,25.846,25.870,0.00,5.2820,24.734470,46.699150,12.591,145.177,6.888
2025-12-25T22:16:36.581Z,48.217,0.437,21.051,25.870,0.00,5.2820,24.734470,46.699150,12.591,145.177,6.888
2025-12-25T22:16:36.581Z,48.270,0.295,14.263,26.520,0.00,5.2900,24.734533,46.699169,12.591,145.813,6.858
2025-12-25T22:16:36.581Z,48.300,0.189,9.152,26.520,0.00,5.2900,24.734533,46.699169,12.591,145.813,6.858
2025-12-25T22:16:36.581Z,48.332,0.126,6.069,26.520,0.00,5.2900,24.734533,46.699169,12.591,145.813,6.858
2025-12-25T22:16:36.581Z,48.353,0.072,3.475,26.520,0.00,5.2900,24.734533,46.699169,12.591,145.813,6.858
2025-12-25T22:16:36.581Z,48.357,0.076,3.652,26.520,0.00,5.2900,24.734533,46.699169,12.591,145.813,6.858
2025-12-25T22:16:36.581Z,48.366,0.064,3.081,26.520,0.00,5.2900,24.734533,46.699169,12.591,145.813,6.858
2025-12-25T22:16:36.581Z,48.368,0.066,3.201,26.520,0.00,5.2900,24.734533,46.699169,12.591,145.813,6.858
2025-12-25T22:16:36.581Z,48.371,0.072,3.473,27.150,0.00,5.2970,24.734602,46.699173,12.591,146.369,6.832
2025-12-25T22:16:37.499Z,48.375,0.072,3.493,27.150,0.00,5.2970,24.734602,46.699173,12.592,146.358,6.833
2025-12-25T22:16:37.499Z,48.379,0.070,3.411,27.150,0.00,5.2970,24.734602,46.699173,12.592,146.358,6.833
2025-12-25T22:16:37.499Z,48.385,0.064,3.114,27.150,0.00,5.2970,24.734602,46.699173,12.592,146.358,6.833
2025-12-25T22:16:37.499Z,48.388,0.066,3.212,27.150,0.00,5.2970,24.734602,46.699173,12.592,146.358,6.833
2025-12-25T22:16:37.499Z,48.385,0.085,4.112,27.150,0.00,5.2970,24.734602,46.699173,12.592,146.358,6.833
2025-12-25T22:16:37.499Z,48.392,0.072,3.472,27.580,0.00,5.3050,24.734669,46.699158,12.592,146.994,6.803
2025-12-25T22:16:37.500Z,48.397,0.066,3.174,27.580,0.00,5.3050,24.734669,46.699158,12.592,146.994,6.803
2025-12-25T22:16:37.500Z,48.401,0.066,3.200,27.580,0.00,5.3050,24.734669,46.699158,12.592,146.994,6.803
2025-12-25T22:16:37.500Z,48.382,0.133,6.443,27.580,0.00,5.3050,24.734669,46.699158,12.592,146.994,6.803
2025-12-25T22:16:37.500Z,48.406,0.070,3.375,27.580,0.00,5.3050,24.734669,46.699158,12.592,146.994,6.803
2025-12-25T22:16:37.500Z,48.411,0.067,3.245,27.580,0.00,5.3050,24.734669,46.699158,12.592,146.994,6.803
2025-12-25T22:16:37.500Z,48.409,0.078,3.754,27.210,0.00,5.3130,24.734734,46.699135,12.592,147.629,6.774
2025-12-25T22:16:37.500Z,48.415,0.066,3.204,27.210,0.00,5.3130,24.734734,46.699135,12.592,147.629,6.774
2025-12-25T22:16:37.500Z,48.419,0.065,3.162,27.210,0.00,5.3130,24.734734,46.699135,12.592,147.629,6.774
2025-12-25T22:16:37.500Z,48.420,0.068,3.291,27.210,0.00,5.3130,24.734734,46.699135,12.592,147.629,6.774
2025-12-25T22:16:37.500Z,48.419,0.077,3.731,27.210,0.00,5.3130,24.734734,46.699135,12.592,147.629,6.774
2025-12-25T22:16:37.500Z,48.426,0.065,3.168,27.210,0.00,5.3130,24.734734,46.699135,12.592,147.629,6.774
2025-12-25T22:16:37.500Z,48.428,0.067,3.261,27.210,0.00,5.3130,24.734734,46.699135,12.592,147.629,6.774
2025-12-25T22:16:37.500Z,48.429,0.069,3.357,26.060,0.00,5.3200,24.734797,46.699104,12.592,148.185,6.748
2025-12-25T22:16:37.500Z,48.432,0.070,3.381,26.060,0.00,5.3200,24.734797,46.699104,12.592,148.185,6.748
2025-12-25T22:16:37.500Z,48.431,0.080,3.876,26.060,0.00,5.3200,24.734797,46.699104,12.592,148.185,6.748
2025-12-25T22:16:37.500Z,48.438,0.065,3.156,26.060,0.00,5.3200,24.734797,46.699104,12.592,148.185,6.748
2025-12-25T22:16:37.501Z,48.434,0.084,4.044,26.060,0.00,5.3200,24.734797,46.699104,12.592,148.185,6.748
2025-12-25T22:16:37.501Z,48.430,0.102,4.953,26.060,0.00,5.3200,24.734797,46.699104,12.592,148.185,6.748
2025-12-25T22:16:37.501Z,48.399,0.220,10.655,26.170,0.00,5.3270,24.734850,46.699066,12.592,148.741,6.723
2025-12-25T22:16:37.501Z,48.378,0.279,13.490,26.170,0.00,5.3270,24.734850,46.699066,12.592,148.741,6.723
2025-12-25T22:16:37.506Z,48.337,0.403,19.457,26.170,0.00,5.3270,24.734850,46.699066,12.592,148.740,6.723
2025-12-25T22:16:37.507Z,48.393,0.234,11.307,26.170,0.00,5.3270,24.734850,46.699066,12.592,148.740,6.723
2025-12-25T22:16:37.507Z,48.369,0.233,11.272,26.170,0.00,5.3270,24.734850,46.699066,12.592,148.740,6.723
2025-12-25T22:16:37.507Z,48.395,0.247,11.978,26.170,0.00,5.3270,24.734850,46.699066,12.592,148.740,6.723
2025-12-25T22:16:37.507Z,48.417,0.178,8.642,25.300,0.00,5.3340,24.734896,46.699017,12.592,149.296,6.698
2025-12-25T22:16:37.507Z,48.401,0.237,11.471,25.300,0.00,5.3340,24.734896,46.699017,12.592,149.296,6.698
2025-12-25T22:16:37.507Z,48.379,0.317,15.355,25.300,0.00,5.3340,24.734896,46.699017,12.592,149.296,6.698
2025-12-25T22:16:37.507Z,48.416,0.209,10.105,25.300,0.00,5.3340,24.734896,46.699017,12.592,149.296,6.698
2025-12-25T22:16:37.507Z,48.429,0.175,8.498,25.300,0.00,5.3340,24.734896,46.699017,12.592,149.296,6.698
2025-12-25T22:16:37.507Z,48.374,0.348,16.835,25.300,0.00,5.3340,24.734896,46.699017,12.592,149.296,6.698
2025-12-25T22:16:37.507Z,48.377,0.337,16.321,25.300,0.00,5.3340,24.734896,46.699017,12.592,149.296,6.698
2025-12-25T22:16:37.507Z,48.381,0.465,22.498,24.720,0.00,5.3420,24.734934,46.698959,12.592,149.931,6.670
2025-12-25T22:16:37.507Z,48.339,0.459,22.207,24.720,0.00,5.3420,24.734934,46.698959,12.592,149.931,6.670
2025-12-25T22:16:37.507Z,48.278,0.529,25.542,24.720,0.00,5.3420,24.734934,46.698959,12.592,149.931,6.670
2025-12-25T22:16:37.507Z,48.155,1.060,51.036,24.720,0.00,5.3420,24.734934,46.698959,12.592,149.931,6.670
2025-12-25T22:16:37.507Z,48.288,0.623,30.068,24.720,0.00,5.3420,24.734934,46.698959,12.592,149.931,6.670
2025-12-25T22:16:37.507Z,48.281,0.653,31.539,24.720,0.00,5.3420,24.734934,46.698959,12.592,149.931,6.670
2025-12-25T22:16:37.507Z,48.329,0.482,23.307,24.150,0.00,5.3480,24.734959,46.698902,12.592,150.408,6.649
2025-12-25T22:16:37.507Z,48.200,0.932,44.945,24.150,0.00,5.3480,24.734959,46.698902,12.592,150.408,6.649
2025-12-25T22:16:37.507Z,48.267,0.712,34.374,24.150,0.00,5.3480,24.734959,46.698902,12.592,150.408,6.649
2025-12-25T22:16:37.507Z,48.148,1.078,51.903,24.150,0.00,5.3480,24.734959,46.698902,12.592,150.408,6.649
2025-12-25T22:16:37.507Z,48.221,0.847,40.831,24.150,0.00,5.3480,24.734959,46.698902,12.592,150.408,6.649
2025-12-25T22:16:37.507Z,48.226,0.827,39.901,24.150,0.00,5.3480,24.734959,46.698902,12.592,150.408,6.649
2025-12-25T22:16:37.508Z,48.162,1.056,50.864,24.150,0.00,5.3480,24.734959,46.698902,12.592,150.408,6.649
2025-12-25T22:16:37.518Z,48.171,1.017,48.972,23.280,0.00,5.3550,24.734972,46.698837,12.593,150.962,6.624
2025-12-25T22:16:37.518Z,48.151,1.143,55.012,23.280,0.00,5.3550,24.734972,46.698837,12.593,150.962,6.624
2025-12-25T22:16:37.518Z,48.028,1.419,68.175,23.280,0.00,5.3550,24.734972,46.698837,12.593,150.962,6.624
2025-12-25T22:16:37.518Z,48.050,1.342,64.468,23.280,0.00,5.3550,24.734972,46.698837,12.593,150.962,6.624
2025-12-25T22:16:37.518Z,48.103,1.273,61.212,23.280,0.00,5.3550,24.734972,46.698837,12.593,150.962,6.624
2025-12-25T22:16:37.518Z,48.138,1.159,55.815,23.280,0.00,5.3550,24.734972,46.698837,12.593,150.962,6.624
2025-12-25T22:16:37.692Z,47.998,1.546,74.222,23.060,0.00,5.3610,24.734968,46.698776,12.596,151.395,6.605
2025-12-25T22:16:37.692Z,47.987,1.563,74.988,23.060,0.00,5.3610,24.734968,46.698776,12.596,151.395,6.605
2025-12-25T22:16:37.692Z,47.809,2.076,99.254,23.060,0.00,5.3610,24.734968,46.698776,12.596,151.395,6.605
2025-12-25T22:16:37.692Z,47.113,4.247,200.098,23.060,0.00,5.3610,24.734968,46.698776,12.596,151.395,6.605
2025-12-25T22:16:37.692Z,46.823,5.106,239.086,23.060,0.00,5.3610,24.734968,46.698776,12.596,151.395,6.605
2025-12-25T22:16:37.692Z,46.872,4.732,221.785,23.060,0.00,5.3610,24.734968,46.698776,12.596,151.395,6.605
2025-12-25T22:16:37.692Z,46.940,4.658,218.641,22.350,0.00,5.3670,24.734955,46.698715,12.596,151.872,6.585
2025-12-25T22:16:37.692Z,46.934,4.669,219.128,22.350,0.00,5.3670,24.734955,46.698715,12.596,151.872,6.585
2025-12-25T22:16:37.692Z,46.830,5.044,236.235,22.350,0.00,5.3670,24.734955,46.698715,12.596,151.872,6.585
2025-12-25T22:16:37.692Z,46.882,4.744,222.397,22.350,0.00,5.3670,24.734955,46.698715,12.596,151.871,6.585
2025-12-25T22:16:37.692Z,46.985,4.425,207.907,22.350,0.00,5.3670,24.734955,46.698715,12.596,151.871,6.585
2025-12-25T22:16:37.837Z,47.219,3.716,175.445,22.350,0.00,5.3670,24.734955,46.698715,12.603,151.787,6.588
2025-12-25T22:16:38.034Z,47.295,3.558,168.294,22.350,0.00,5.3670,24.734955,46.698715,12.612,151.676,6.593
2025-12-25T22:16:38.234Z,47.234,3.727,176.031,22.610,0.00,5.3730,24.734926,46.698662,12.622,152.033,6.578
2025-12-25T22:16:38.439Z,47.369,3.347,158.560,22.610,0.00,5.3730,24.734926,46.698662,12.631,151.925,6.582
2025-12-25T22:16:38.439Z,47.306,3.523,166.657,22.610,0.00,5.3730,24.734926,46.698662,12.631,151.925,6.582
2025-12-25T22:16:38.653Z,47.401,3.312,157.011,22.610,0.00,5.3730,24.734926,46.698662,12.641,151.813,6.587
2025-12-25T22:16:39.133Z,47.353,3.437,162.754,22.610,0.00,5.3730,24.734926,46.698662,12.662,151.553,6.598
2025-12-25T22:16:39.133Z,47.225,3.837,181.226,22.610,0.00,5.3730,24.734926,46.698662,12.662,151.553,6.598
2025-12-25T22:16:39.173Z,47.238,3.773,178.225,22.340,0.00,5.3800,24.734886,46.698616,12.664,152.081,6.575
2025-12-25T22:16:39.354Z,47.121,4.136,194.879,22.340,0.00,5.3800,24.734886,46.698616,12.674,151.964,6.581
2025-12-25T22:16:39.355Z,46.780,5.040,235.778,22.340,0.00,5.3800,24.734886,46.698616,12.674,151.964,6.581
2025-12-25T22:16:39.559Z,46.830,4.922,230.516,22.340,0.00,5.3800,24.734886,46.698616,12.687,151.807,6.587
2025-12-25T22:16:39.764Z,46.818,4.919,230.284,22.340,0.00,5.3800,24.734886,46.698616,12.700,151.650,6.594
2025-12-25T22:16:39.969Z,46.852,4.980,233.300,22.340,0.00,5.3800,24.734886,46.698616,12.714,151.492,6.601
2025-12-25T22:16:39.969Z,46.784,4.959,231.994,22.630,0.00,5.3860,24.734838,46.698586,12.714,151.963,6.581
2025-12-25T22:16:40.362Z,46.812,4.877,228.283,22.630,0.00,5.3860,24.734838,46.698586,12.738,151.666,6.593
2025-12-25T22:16:40.447Z,46.834,4.992,233.787,22.630,0.00,5.3860,24.734838,46.698586,12.744,151.601,6.596
2025-12-25T22:16:40.593Z,46.879,4.807,225.349,22.630,0.00,5.3860,24.734838,46.698586,12.753,151.492,6.601
2025-12-25T22:16:40.800Z,46.871,4.843,227.008,22.630,0.00,5.3860,24.734838,46.698586,12.766,151.337,6.608
2025-12-25T22:16:40.800Z,47.008,4.345,204.233,22.630,0.00,5.3860,24.734838,46.698586,12.766,151.337,6.608
2025-12-25T22:16:41.182Z,47.004,4.311,202.656,22.630,0.00,5.3860,24.734838,46.698586,12.788,151.083,6.619
2025-12-25T22:16:41.187Z,46.950,4.593,215.645,22.520,0.00,5.3920,24.734785,46.698570,12.788,151.548,6.599
2025-12-25T22:16:41.286Z,46.842,4.852,227.265,22.520,0.00,5.3920,24.734785,46.698570,12.794,151.474,6.602
2025-12-25T22:16:41.570Z,46.815,4.993,233.769,22.520,0.00,5.3920,24.734785,46.698570,12.813,151.256,6.611
2025-12-25T22:16:41.720Z,46.722,5.187,242.368,22.520,0.00,5.3920,24.734785,46.698570,12.823,151.137,6.617
2025-12-25T22:16:41.720Z,46.604,5.544,258.367,22.520,0.00,5.3920,24.734785,46.698570,12.823,151.137,6.617
2025-12-25T22:16:41.932Z,46.684,5.334,249.020,22.520,0.00,5.3920,24.734785,46.698570,12.837,150.965,6.624
2025-12-25T22:16:42.215Z,46.597,5.597,260.793,23.130,0.00,5.3990,24.734728,46.698563,12.858,151.268,6.611
2025-12-25T22:16:42.349Z,46.581,5.587,260.261,23.130,0.00,5.3990,24.734728,46.698563,12.868,151.154,6.616
2025-12-25T22:16:42.349Z,46.722,5.200,242.971,23.130,0.00,5.3990,24.734728,46.698563,12.868,151.154,6.616
2025-12-25T22:16:42.617Z,46.648,5.394,251.612,23.130,0.00,5.3990,24.734728,46.698563,12.886,150.934,6.625
2025-12-25T22:16:42.734Z,46.589,5.506,256.536,23.130,0.00,5.3990,24.734728,46.698563,12.895,150.837,6.630
2025-12-25T22:16:43.129Z,46.774,4.885,228.470,23.130,0.00,5.3990,24.734728,46.698563,12.920,150.544,6.643
2025-12-25T22:16:43.143Z,46.565,5.672,264.139,23.240,0.00,5.4050,24.734669,46.698563,12.921,150.997,6.623
2025-12-25T22:16:43.143Z,46.770,4.857,227.154,23.240,0.00,5.4050,24.734669,46.698563,12.921,150.997,6.623
2025-12-25T22:16:43.345Z,46.752,5.074,237.198,23.240,0.00,5.4050,24.734669,46.698563,12.934,150.841,6.629
2025-12-25T22:16:43.641Z,46.639,5.413,252.438,23.240,0.00,5.4050,24.734669,46.698563,12.955,150.600,6.640
2025-12-25T22:16:43.755Z,46.617,5.630,262.474,23.240,0.00,5.4050,24.734669,46.698563,12.963,150.503,6.644
2025-12-25T22:16:43.755Z,46.645,5.369,250.424,23.240,0.00,5.4050,24.734669,46.698563,12.963,150.503,6.644
2025-12-25T22:16:44.255Z,46.541,5.653,263.112,23.240,0.00,5.4050,24.734669,46.698563,13.000,150.080,6.663
2025-12-25T22:16:44.255Z,46.725,5.161,241.129,23.800,0.00,5.4120,24.734612,46.698578,13.000,150.618,6.639
2025-12-25T22:16:44.265Z,46.467,5.938,275.943,23.800,0.00,5.4120,24.734612,46.698578,13.001,150.609,6.640
2025-12-25T22:16:44.561Z,46.770,4.956,231.778,23.800,0.00,5.4120,24.734612,46.698578,13.020,150.389,6.649
2025-12-25T22:16:44.691Z,46.751,5.123,239.501,23.800,0.00,5.4120,24.734612,46.698578,13.028,150.290,6.654
2025-12-25T22:16:45.076Z,46.476,6.113,284.119,23.800,0.00,5.4120,24.734612,46.698578,13.059,149.939,6.669
2025-12-25T22:16:45.076Z,46.421,6.209,288.220,23.800,0.00,5.4120,24.734612,46.698578,13.059,149.939,6.669
2025-12-25T22:16:45.097Z,46.613,5.618,261.882,23.780,0.00,5.4180,24.734556,46.698605,13.060,150.381,6.650
2025-12-25T22:16:45.299Z,46.726,4.907,229.289,23.780,0.00,5.4180,24.734556,46.698605,13.073,150.234,6.656
2025-12-25T22:16:45.688Z,46.392,5.926,274.932,23.780,0.00,5.4180,24.734556,46.698605,13.103,149.893,6.671
2025-12-25T22:16:45.688Z,46.575,5.373,250.251,23.780,0.00,5.4180,24.734556,46.698605,13.103,149.893,6.671
2025-12-25T22:16:45.710Z,46.500,5.660,263.171,23.780,0.00,5.4180,24.734556,46.698605,13.104,149.874,6.672
2025-12-25T22:16:45.999Z,46.462,5.590,259.745,23.780,0.00,5.4180,24.734556,46.698605,13.125,149.636,6.683
2025-12-25T22:16:46.132Z,46.523,5.816,270.589,23.780,0.00,5.4180,24.734556,46.698605,13.135,149.522,6.688
2025-12-25T22:16:46.132Z,46.827,4.900,229.458,23.740,0.00,5.4250,24.734505,46.698639,13.135,150.055,6.664
2025-12-25T22:16:46.506Z,46.468,5.730,266.257,23.740,0.00,5.4250,24.734505,46.698639,13.163,149.740,6.678
2025-12-25T22:16:46.645Z,46.510,5.830,271.169,23.740,0.00,5.4250,24.734505,46.698639,13.173,149.621,6.684
2025-12-25T22:16:46.645Z,46.657,5.321,248.244,23.740,0.00,5.4250,24.734505,46.698639,13.173,149.621,6.684
2025-12-25T22:16:46.836Z,46.799,4.983,233.198,23.740,0.00,5.4250,24.734505,46.698639,13.186,149.480,6.690
2025-12-25T22:16:47.119Z,46.474,6.017,279.636,23.740,0.00,5.4250,24.734505,46.698639,13.208,149.231,6.701
2025-12-25T22:16:47.255Z,46.656,5.082,237.105,23.740,0.00,5.4320,24.734455,46.698677,13.217,149.660,6.682
2025-12-25T22:16:47.255Z,46.563,5.411,251.944,23.740,0.00,5.4320,24.734455,46.698677,13.217,149.660,6.682
2025-12-25T22:16:47.632Z,46.334,6.166,285.697,23.740,0.00,5.4320,24.734455,46.698677,13.247,149.322,6.697
2025-12-25T22:16:47.660Z,46.416,5.896,273.654,23.740,0.00,5.4320,24.734455,46.698677,13.249,149.298,6.698
2025-12-25T22:16:47.943Z,46.431,5.812,269.881,23.740,0.00,5.4320,24.734455,46.698677,13.270,149.059,6.709
2025-12-25T22:16:47.943Z,46.376,6.010,278.699,23.740,0.00,5.4320,24.734455,46.698677,13.270,149.059,6.709
2025-12-25T22:16:48.145Z,46.472,5.868,272.677,22.780,0.00,5.4390,24.734413,46.698727,13.285,149.415,6.693
2025-12-25T22:16:48.276Z,46.550,5.517,256.834,22.780,0.00,5.4390,24.734413,46.698727,13.295,149.310,6.697
2025-12-25T22:16:48.560Z,46.252,6.455,298.541,22.780,0.00,5.4390,24.734413,46.698727,13.318,149.046,6.709
2025-12-25T22:16:48.560Z,46.307,6.303,291.878,22.780,0.00,5.4390,24.734413,46.698727,13.318,149.046,6.709
2025-12-25T22:16:48.758Z,46.405,5.877,272.711,22.780,0.00,5.4390,24.734413,46.698727,13.333,148.878,6.717
2025-12-25T22:16:48.889Z,46.721,4.911,229.449,22.780,0.00,5.4390,24.734413,46.698727,13.341,148.785,6.721
2025-12-25T22:16:49.373Z,46.431,5.896,273.738,22.780,0.00,5.4390,24.734413,46.698727,13.378,148.375,6.740
2025-12-25T22:16:49.374Z,46.496,5.672,263.731,21.950,0.00,5.4450,24.734379,46.698772,13.378,148.824,6.719
2025-12-25T22:16:49.390Z,46.518,5.572,259.216,21.950,0.00,5.4450,24.734379,46.698772,13.379,148.811,6.720
2025-12-25T22:16:49.686Z,47.718,1.994,95.160,21.950,0.00,5.4450,24.734379,46.698772,13.387,148.724,6.724
2025-12-25T22:16:49.687Z,48.098,0.877,42.158,21.950,0.00,5.4450,24.734379,46.698772,13.387,148.724,6.724
2025-12-25T22:16:49.885Z,48.082,0.947,45.532,21.950,0.00,5.4450,24.734379,46.698772,13.390,148.696,6.725
2025-12-25T22:16:50.011Z,48.218,0.586,28.251,21.950,0.00,5.4450,24.734379,46.698772,13.391,148.685,6.726
2025-12-25T22:16:50.225Z,48.249,0.463,22.357,20.780,0.00,5.4510,24.734352,46.698826,13.392,149.118,6.706
2025-12-25T22:16:50.225Z,48.286,0.388,18.722,20.780,0.00,5.4510,24.734352,46.698826,13.392,149.118,6.706
2025-12-25T22:16:50.409Z,48.347,0.195,9.428,20.780,0.00,5.4510,24.734352,46.698826,13.393,149.113,6.706
2025-12-25T22:16:50.807Z,48.394,0.083,4.028,20.780,0.00,5.4510,24.734352,46.698826,13.393,149.108,6.707
2025-12-25T22:16:50.845Z,48.402,0.071,3.425,20.780,0.00,5.4510,24.734352,46.698826,13.393,149.107,6.707
2025-12-25T22:16:50.845Z,48.408,0.064,3.104,20.780,0.00,5.4510,24.734352,46.698826,13.393,149.107,6.707
2025-12-25T22:16:51.114Z,48.411,0.065,3.167,20.000,0.00,5.4570,24.734335,46.698879,13.393,149.553,6.687
2025-12-25T22:16:51.285Z,48.411,0.074,3.575,20.000,0.00,5.4570,24.734335,46.698879,13.393,149.551,6.687
2025-12-25T22:16:51.627Z,48.416,0.069,3.321,20.000,0.00,5.4570,24.734335,46.698879,13.394,149.547,6.687
2025-12-25T22:16:51.627Z,48.421,0.064,3.105,20.000,0.00,5.4570,24.734335,46.698879,13.394,149.547,6.687
2025-12-25T22:16:51.933Z,48.422,0.066,3.207,20.000,0.00,5.4570,24.734335,46.698879,13.394,149.544,6.687
2025-12-25T22:16:51.954Z,48.422,0.075,3.622,20.000,0.00,5.4570,24.734335,46.698879,13.394,149.544,6.687
2025-12-25T22:16:51.955Z,48.429,0.065,3.146,20.000,0.00,5.4570,24.734335,46.698879,13.394,149.544,6.687
2025-12-25T22:16:52.243Z,48.432,0.067,3.224,19.320,0.00,5.4620,24.734331,46.698933,13.394,149.914,6.670
2025-12-25T22:16:52.354Z,48.431,0.076,3.675,19.320,0.00,5.4620,24.734331,46.698933,13.394,149.913,6.671
2025-12-25T22:16:52.753Z,48.438,0.065,3.139,19.320,0.00,5.4620,24.734331,46.698933,13.395,149.909,6.671
2025-12-25T22:16:52.753Z,48.439,0.067,3.235,19.320,0.00,5.4620,24.734331,46.698933,13.395,149.909,6.671
2025-12-25T22:16:52.769Z,48.441,0.068,3.287,19.320,0.00,5.4620,24.734331,46.698933,13.395,149.909,6.671
2025-12-25T22:16:53.060Z,48.427,0.136,6.582,19.320,0.00,5.4620,24.734331,46.698933,13.395,149.903,6.671
2025-12-25T22:16:53.176Z,48.381,0.275,13.281,18.580,0.00,5.4670,24.734339,46.698986,13.396,150.271,6.655
2025-12-25T22:16:53.176Z,48.326,0.440,21.270,18.580,0.00,5.4670,24.734339,46.698986,13.396,150.271,6.655
2025-12-25T22:16:53.573Z,48.303,0.522,25.227,18.580,0.00,5.4670,24.734339,46.698986,13.399,150.240,6.656
2025-12-25T22:16:53.641Z,48.303,0.533,25.743,18.580,0.00,5.4670,24.734339,46.698986,13.399,150.235,6.656
2025-12-25T22:16:53.879Z,48.326,0.444,21.434,18.580,0.00,5.4670,24.734339,46.698986,13.400,150.219,6.657
2025-12-25T22:16:53.879Z,48.334,0.431,20.844,18.580,0.00,5.4670,24.734339,46.698986,13.400,150.219,6.657
2025-12-25T22:16:54.005Z,48.342,0.411,19.890,18.240,0.00,5.4720,24.734354,46.699032,13.401,150.584,6.641
2025-12-25T22:16:54.306Z,48.262,0.662,31.925,18.240,0.00,5.4720,24.734354,46.699032,13.404,150.554,6.642
2025-12-25T22:16:54.306Z,48.265,0.502,24.206,18.240,0.00,5.4720,24.734354,46.699032,13.404,150.554,6.642
2025-12-25T22:16:54.595Z,48.280,0.383,18.506,18.240,0.00,5.4720,24.734354,46.699032,13.405,150.538,6.643
2025-12-25T22:16:54.819Z,48.243,0.599,28.889,18.240,0.00,5.4720,24.734354,46.699032,13.407,150.517,6.644
2025-12-25T22:16:54.826Z,48.253,0.726,35.045,18.240,0.00,5.4720,24.734354,46.699032,13.407,150.517,6.644
2025-12-25T22:16:55.080Z,48.277,0.646,31.201,18.240,0.00,5.4720,24.734354,46.699032,13.409,150.492,6.645
2025-12-25T22:16:55.312Z,48.253,0.713,34.407,17.410,0.00,5.4770,24.734381,46.699070,13.412,150.840,6.630
2025-12-25T22:16:55.313Z,48.256,0.737,35.568,17.410,0.00,5.4770,24.734381,46.699070,13.412,150.840,6.630
2025-12-25T22:16:55.621Z,48.172,1.002,48.283,17.410,0.00,5.4770,24.734381,46.699070,13.416,150.793,6.632
2025-12-25T22:16:55.647Z,48.052,1.333,64.059,17.410,0.00,5.4770,24.734381,46.699070,13.416,150.788,6.632
2025-12-25T22:16:55.927Z,47.976,1.610,77.230,17.410,0.00,5.4770,24.734381,46.699070,13.422,150.721,6.635
2025-12-25T22:16:55.927Z,47.816,2.060,98.479,17.410,0.00,5.4770,24.734381,46.699070,13.422,150.721,6.635
2025-12-25T22:16:56.056Z,47.331,3.521,166.645,17.220,0.00,5.4820,24.734411,46.699104,13.428,151.026,6.621
2025-12-25T22:16:56.456Z,47.004,4.430,208.232,17.220,0.00,5.4820,24.734411,46.699104,13.451,150.766,6.633
2025-12-25T22:16:56.457Z,47.083,4.208,198.129,17.220,0.00,5.4820,24.734411,46.699104,13.451,150.766,6.633
2025-12-25T22:16:56.746Z,47.058,4.235,199.301,17.220,0.00,5.4820,24.734411,46.699104,13.467,150.586,6.641
2025-12-25T22:16:56.746Z,46.889,4.820,225.997,17.220,0.00,5.4820,24.734411,46.699104,13.467,150.586,6.641
2025-12-25T22:16:56.859Z,46.909,4.694,220.178,17.220,0.00,5.4820,24.734411,46.699104,13.474,150.510,6.644
2025-12-25T22:16:57.158Z,46.739,5.189,242.533,17.220,0.00,5.4820,24.734411,46.699104,13.494,150.285,6.654
2025-12-25T22:16:57.285Z,46.727,5.399,252.291,17.560,0.00,5.4870,24.734447,46.699135,13.503,150.556,6.642
2025-12-25T22:16:57.288Z,46.661,5.308,247.663,17.560,0.00,5.4870,24.734447,46.699135,13.504,150.553,6.642
2025-12-25T22:16:57.668Z,46.862,4.939,231.473,17.560,0.00,5.4870,24.734447,46.699135,13.528,150.282,6.654
2025-12-25T22:16:57.668Z,46.629,5.289,246.631,17.560,0.00,5.4870,24.734447,46.699135,13.528,150.282,6.654
2025-12-25T22:16:57.876Z,46.711,5.158,240.931,17.560,0.00,5.4870,24.734447,46.699135,13.542,150.127,6.661
2025-12-25T22:16:58.000Z,46.739,0.000,-0.002,17.560,0.00,5.4870,24.734447,46.699135,13.542,150.127,6.661
2025-12-25T22:16:58.276Z,46.594,5.559,259.019,18.650,0.00,5.4920,24.734489,46.699158,13.562,150.275,6.654
2025-12-25T22:16:58.276Z,47.021,4.262,200.393,18.650,0.00,5.4920,24.734489,46.699158,13.562,150.275,6.654
2025-12-25T22:16:58.409Z,46.562,5.653,263.222,18.650,0.00,5.4920,24.734489,46.699158,13.572,150.167,6.659
2025-12-25T22:16:58.694Z,46.692,5.184,242.045,18.650,0.00,5.4920,24.734489,46.699158,13.591,149.956,6.669
2025-12-25T22:16:58.825Z,46.823,4.887,228.818,18.650,0.00,5.4920,24.734489,46.699158,13.599,149.864,6.673
2025-12-25T22:16:59.102Z,46.625,5.432,253.285,18.650,0.00,5.4920,24.734489,46.699158,13.619,149.649,6.682
2025-12-25T22:16:59.103Z,46.606,5.529,257.697,19.870,0.00,5.4980,24.734537,46.699169,13.619,150.089,6.663
2025-12-25T22:16:59.214Z,46.618,5.442,253.710,19.870,0.00,5.4980,24.734537,46.699169,13.626,150.003,6.667
2025-12-25T22:16:59.613Z,46.432,5.940,275.824,19.870,0.00,5.4980,24.734537,46.699169,13.657,149.667,6.681
2025-12-25T22:16:59.645Z,46.795,4.785,223.919,19.870,0.00,5.4980,24.734537,46.699169,13.659,149.646,6.682
2025-12-25T22:16:59.645Z,46.483,5.913,274.856,19.870,0.00,5.4980,24.734537,46.699169,13.659,149.646,6.682
2025-12-25T22:17:00.126Z,46.626,5.399,251.755,19.870,0.00,5.4980,24.734537,46.699169,13.693,149.278,6.699
2025-12-25T22:17:00.126Z,47.254,3.409,161.103,19.870,0.00,5.4980,24.734537,46.699169,13.693,149.278,6.699
2025-12-25T22:17:00.330Z,46.747,5.040,235.593,21.590,0.00,5.5040,24.734591,46.699169,13.706,149.571,6.686
2025-12-25T22:17:00.330Z,46.673,5.261,245.564,21.590,0.00,5.5040,24.734591,46.699169,13.706,149.571,6.686
2025-12-25T22:17:00.444Z,46.310,6.367,294.873,21.590,0.00,5.5040,24.734591,46.699169,13.715,149.469,6.690
2025-12-25T22:17:00.665Z,46.314,6.325,292.940,21.590,0.00,5.5040,24.734591,46.699169,13.733,149.273,6.699
2025-12-25T22:17:00.868Z,46.448,5.985,277.998,21.590,0.00,5.5040,24.734591,46.699169,13.749,149.102,6.707
2025-12-25T22:17:01.255Z,46.549,5.577,259.623,21.590,0.00,5.5040,24.734591,46.699169,13.777,148.801,6.720
2025-12-25T22:17:01.264Z,46.729,5.156,240.955,22.930,0.00,5.5100,24.734646,46.699162,13.777,149.229,6.701
2025-12-25T22:17:01.276Z,47.466,2.859,135.683,22.930,0.00,5.5100,24.734646,46.699162,13.778,149.225,6.701
2025-12-25T22:17:01.496Z,48.051,1.077,51.775,22.930,0.00,5.5100,24.734646,46.699162,13.781,149.190,6.703
2025-12-25T22:17:01.764Z,48.122,0.893,42.991,22.930,0.00,5.5100,24.734646,46.699162,13.784,149.156,6.704
2025-12-25T22:17:01.764Z,48.242,0.582,28.068,22.930,0.00,5.5100,24.734646,46.699162,13.784,149.156,6.704
2025-12-25T22:17:02.072Z,48.256,0.648,31.274,22.930,0.00,5.5100,24.734646,46.699162,13.787,149.127,6.706
2025-12-25T22:17:02.072Z,48.305,0.401,19.385,23.690,0.00,5.5170,24.734703,46.699146,13.787,149.635,6.683
2025-12-25T22:17:02.275Z,48.349,0.277,13.394,23.690,0.00,5.5170,24.734703,46.699146,13.788,149.626,6.683
2025-12-25T22:17:02.399Z,48.386,0.194,9.402,23.690,0.00,5.5170,24.734703,46.699146,13.788,149.623,6.683
2025-12-25T22:17:02.789Z,48.421,0.086,4.171,23.690,0.00,5.5170,24.734703,46.699146,13.788,149.618,6.684
2025-12-25T22:17:02.789Z,48.432,0.065,3.165,23.690,0.00,5.5170,24.734703,46.699146,13.788,149.618,6.684
2025-12-25T22:17:02.992Z,48.432,0.075,3.651,23.690,0.00,5.5170,24.734703,46.699146,13.789,149.616,6.684
2025-12-25T22:17:03.001Z,48.436,0.073,3.555,23.690,0.00,5.5170,24.734703,46.699146,13.789,149.616,6.684
2025-12-25T22:17:03.109Z,48.438,0.075,3.640,23.020,0.00,5.5230,24.734756,46.699123,13.789,150.050,6.664
2025-12-25T22:17:03.311Z,48.440,0.072,3.511,23.020,0.00,5.5230,24.734756,46.699123,13.789,150.048,6.665
2025-12-25T22:17:03.531Z,48.443,0.076,3.661,23.020,0.00,5.5230,24.734756,46.699123,13.789,150.045,6.665
2025-12-25T22:17:03.915Z,48.450,0.067,3.225,23.020,0.00,5.5230,24.734756,46.699123,13.790,150.041,6.665
2025-12-25T22:17:03.915Z,48.452,0.064,3.122,23.020,0.00,5.5230,24.734756,46.699123,13.790,150.041,6.665
2025-12-25T22:17:03.934Z,48.448,0.085,4.114,23.020,0.00,5.5230,24.734756,46.699123,13.790,150.041,6.665
2025-12-25T22:17:04.171Z,48.453,0.076,3.706,22.090,0.00,5.5290,24.734808,46.699097,13.790,150.474,6.646
2025-12-25T22:17:04.349Z,48.454,0.082,3.996,22.090,0.00,5.5290,24.734808,46.699097,13.790,150.471,6.646
2025-12-25T22:17:04.349Z,48.459,0.069,3.342,22.090,0.00,5.5290,24.734808,46.699097,13.790,150.471,6.646
2025-12-25T22:17:04.734Z,48.462,0.068,3.289,22.090,0.00,5.5290,24.734808,46.699097,13.790,150.468,6.646
2025-12-25T22:17:04.754Z,48.460,0.069,3.364,22.090,0.00,5.5290,24.734808,46.699097,13.790,150.467,6.646
2025-12-25T22:17:05.041Z,48.465,0.072,3.498,22.090,0.00,5.5290,24.734808,46.699097,13.791,150.464,6.646
2025-12-25T22:17:05.047Z,48.469,0.065,3.145,22.090,0.00,5.5290,24.734808,46.699097,13.791,150.464,6.646
2025-12-25T22:17:05.159Z,48.471,0.066,3.188,21.930,0.00,5.5360,24.734856,46.699062,13.791,150.971,6.624
2025-12-25T22:17:05.553Z,48.471,0.071,3.421,21.930,0.00,5.5360,24.734856,46.699062,13.791,150.967,6.624
2025-12-25T22:17:05.588Z,48.472,0.072,3.489,21.930,0.00,5.5360,24.734856,46.699062,13.791,150.966,6.624
2025-12-25T22:17:05.860Z,48.476,0.065,3.129,21.930,0.00,5.5360,24.734856,46.699062,13.791,150.964,6.624
2025-12-25T22:17:05.860Z,48.478,0.065,3.166,21.930,0.00,5.5360,24.734856,46.699062,13.791,150.964,6.624
2025-12-25T22:17:06.064Z,48.477,0.073,3.552,21.930,0.00,5.5360,24.734856,46.699062,13.792,150.962,6.624
2025-12-25T22:17:06.189Z,48.480,0.073,3.523,21.390,0.00,5.5410,24.734896,46.699024,13.792,151.323,6.608
2025-12-25T22:17:06.476Z,48.482,0.069,3.331,21.390,0.00,5.5410,24.734896,46.699024,13.792,151.320,6.609
2025-12-25T22:17:06.476Z,48.486,0.064,3.124,21.390,0.00,5.5410,24.734896,46.699024,13.792,151.320,6.609
2025-12-25T22:17:06.683Z,48.487,0.065,3.167,21.390,0.00,5.5410,24.734896,46.699024,13.792,151.318,6.609
2025-12-25T22:17:06.805Z,48.484,0.075,3.657,21.390,0.00,5.5410,24.734896,46.699024,13.792,151.316,6.609
2025-12-25T22:17:07.186Z,48.489,0.067,3.241,21.390,0.00,5.5410,24.734896,46.699024,13.793,151.313,6.609
2025-12-25T22:17:07.187Z,48.492,0.064,3.093,20.960,0.00,5.5470,24.734928,46.698978,13.793,151.748,6.590
2025-12-25T22:17:07.310Z,48.489,0.075,3.627,20.960,0.00,5.5470,24.734928,46.698978,13.793,151.746,6.590
2025-12-25T22:17:07.315Z,48.495,0.064,3.106,20.960,0.00,5.5470,24.734928,46.698978,13.793,151.746,6.590
2025-12-25T22:17:07.601Z,48.496,0.065,3.163,20.960,0.00,5.5470,24.734928,46.698978,13.793,151.744,6.590
2025-12-25T22:17:07.720Z,48.495,0.076,3.694,20.960,0.00,5.5470,24.734928,46.698978,13.793,151.742,6.590
2025-12-25T22:17:08.112Z,48.496,0.075,3.661,20.960,0.00,5.5470,24.734928,46.698978,13.794,151.738,6.590
2025-12-25T22:17:08.135Z,48.501,0.064,3.127,20.960,0.00,5.5470,24.734928,46.698978,13.794,151.738,6.590
2025-12-25T22:17:08.136Z,48.503,0.065,3.171,20.500,0.00,5.5530,24.734955,46.698929,13.794,152.173,6.571
2025-12-25T22:17:08.421Z,48.503,0.068,3.301,20.500,0.00,5.5530,24.734955,46.698929,13.794,152.170,6.572
2025-12-25T22:17:08.542Z,48.489,0.119,5.753,20.500,0.00,5.5530,24.734955,46.698929,13.794,152.168,6.572
2025-12-25T22:17:08.830Z,48.481,0.147,7.117,20.500,0.00,5.5530,24.734955,46.698929,13.795,152.161,6.572
2025-12-25T22:17:08.830Z,48.489,0.129,6.254,20.500,0.00,5.5530,24.734955,46.698929,13.795,152.161,6.572
2025-12-25T22:17:09.034Z,48.474,0.171,8.306,20.500,0.00,5.5530,24.734955,46.698929,13.795,152.156,6.572
2025-12-25T22:17:09.342Z,48.400,0.423,20.457,19.910,0.00,5.5580,24.734972,46.698879,13.797,152.499,6.557
2025-12-25T22:17:09.348Z,48.388,0.475,22.968,19.910,0.00,5.5580,24.734972,46.698879,13.797,152.499,6.557
2025-12-25T22:17:09.679Z,48.379,0.455,22.008,19.910,0.00,5.5580,24.734972,46.698879,13.799,152.476,6.558
2025-12-25T22:17:09.679Z,48.407,0.395,19.116,19.910,0.00,5.5580,24.734972,46.698879,13.799,152.476,6.558
2025-12-25T22:17:09.679Z,48.372,0.510,24.682,19.910,0.00,5.5580,24.734972,46.698879,13.799,152.476,6.558
2025-12-25T22:17:10.059Z,48.333,0.611,29.542,19.910,0.00,5.5580,24.734972,46.698879,13.802,152.442,6.560
2025-12-25T22:17:10.114Z,48.352,0.599,28.973,19.150,0.00,5.5640,24.734980,46.698826,13.802,152.872,6.541
2025-12-25T22:17:10.469Z,48.410,0.428,20.718,19.150,0.00,5.5640,24.734980,46.698826,13.804,152.849,6.542
2025-12-25T22:17:10.495Z,48.293,0.763,36.836,19.150,0.00,5.5640,24.734980,46.698826,13.805,152.846,6.543
2025-12-25T22:17:10.495Z,48.337,0.616,29.788,19.150,0.00,5.5640,24.734980,46.698826,13.805,152.846,6.543
2025-12-25T22:17:10.775Z,48.296,0.771,37.217,19.150,0.00,5.5640,24.734980,46.698826,13.808,152.814,6.544
2025-12-25T22:17:10.905Z,48.257,0.864,41.675,19.150,0.00,5.5640,24.734980,46.698826,13.809,152.797,6.545
2025-12-25T22:17:11.201Z,48.138,1.205,58.005,19.150,0.00,5.5640,24.734980,46.698826,13.814,152.745,6.547
2025-12-25T22:17:11.201Z,48.087,1.347,64.790,19.020,0.00,5.5690,24.734978,46.698776,13.814,153.107,6.531
2025-12-25T22:17:11.415Z,48.200,1.009,48.657,19.020,0.00,5.5690,24.734978,46.698776,13.817,153.074,6.533
2025-12-25T22:17:11.416Z,48.001,1.615,77.508,19.020,0.00,5.5690,24.734978,46.698776,13.817,153.074,6.533
2025-12-25T22:17:11.609Z,48.074,1.423,68.404,19.020,0.00,5.5690,24.734978,46.698776,13.820,153.034,6.535
2025-12-25T22:17:11.837Z,48.028,1.546,74.251,19.020,0.00,5.5690,24.734978,46.698776,13.825,152.982,6.537
2025-12-25T22:17:12.019Z,47.818,2.244,107.287,19.020,0.00,5.5690,24.734978,46.698776,13.831,152.922,6.539
2025-12-25T22:17:12.019Z,47.148,4.146,195.473,18.540,0.00,5.5740,24.734966,46.698727,13.831,153.283,6.524
2025-12-25T22:17:12.414Z,46.970,4.641,217.981,18.540,0.00,5.5740,24.734966,46.698727,13.855,153.018,6.535
2025-12-25T22:17:12.429Z,47.061,4.537,213.528,18.540,0.00,5.5740,24.734966,46.698727,13.855,153.009,6.536
2025-12-25T22:17:12.721Z,47.077,4.463,210.121,18.540,0.00,5.5740,24.734966,46.698727,13.872,152.821,6.544
2025-12-25T22:17:13.028Z,46.983,4.565,214.456,18.540,0.00,5.5740,24.734966,46.698727,13.891,152.620,6.552
2025-12-25T22:17:13.028Z,47.038,4.598,216.272,18.540,0.00,5.5740,24.734966,46.698727,13.891,152.619,6.552
2025-12-25T22:17:13.154Z,47.017,4.515,212.298,18.150,0.00,5.5790,24.734945,46.698681,13.898,152.898,6.540
2025-12-25T22:17:13.154Z,47.008,4.686,220.268,18.150,0.00,5.5790,24.734945,46.698681,13.898,152.898,6.540
2025-12-25T22:17:13.541Z,46.928,4.797,225.104,18.150,0.00,5.5790,24.734945,46.698681,13.922,152.632,6.552
2025-12-25T22:17:13.562Z,47.080,4.288,201.898,18.150,0.00,5.5790,24.734945,46.698681,13.924,152.619,6.552
2025-12-25T22:17:13.865Z,46.634,5.570,259.738,18.150,0.00,5.5790,24.734945,46.698681,13.945,152.379,6.563
2025-12-25T22:17:13.866Z,46.881,4.922,230.747,18.150,0.00,5.5790,24.734945,46.698681,13.945,152.379,6.563
2025-12-25T22:17:13.964Z,46.671,5.573,260.086,18.150,0.00,5.5790,24.734945,46.698681,13.953,152.302,6.566
2025-12-25T22:17:14.358Z,46.752,5.316,248.510,18.330,0.00,5.5840,24.734919,46.698643,13.980,152.363,6.563
2025-12-25T22:17:14.434Z,46.868,4.902,229.750,18.330,0.00,5.5840,24.734919,46.698643,13.985,152.310,6.566
2025-12-25T22:17:14.435Z,46.425,6.130,284.606,18.330,0.00,5.5840,24.734919,46.698643,13.985,152.310,6.566
2025-12-25T22:17:14.666Z,46.478,5.987,278.251,18.330,0.00,5.5840,24.734919,46.698643,14.003,152.115,6.574
2025-12-25T22:17:14.781Z,46.446,6.023,279.752,18.330,0.00,5.5840,24.734919,46.698643,14.011,152.018,6.578
2025-12-25T22:17:15.143Z,46.482,6.034,280.474,18.330,0.00,5.5840,24.734919,46.698643,14.040,151.713,6.591
2025-12-25T22:17:15.225Z,47.205,3.849,181.693,19.580,0.00,5.5900,24.734882,46.698605,14.044,152.095,6.575
2025-12-25T22:17:15.230Z,46.402,6.252,290.126,19.580,0.00,5.5900,24.734882,46.698605,14.044,152.091,6.575
2025-12-25T22:17:15.487Z,46.368,6.282,291.297,19.580,0.00,5.5900,24.734882,46.698605,14.065,151.866,6.585
2025-12-25T22:17:15.611Z,46.222,6.649,307.337,19.580,0.00,5.5900,24.734882,46.698605,14.076,151.752,6.590
2025-12-25T22:17:15.895Z,46.427,6.252,290.257,19.580,0.00,5.5900,24.734882,46.698605,14.098,151.506,6.600
2025-12-25T22:17:15.895Z,46.354,6.390,296.228,19.580,0.00,5.5900,24.734882,46.698605,14.099,151.505,6.600
2025-12-25T22:17:16.030Z,46.122,7.103,327.593,20.150,0.00,5.5950,24.734840,46.698578,14.111,151.728,6.591
2025-12-25T22:17:16.359Z,46.148,7.018,323.877,20.150,0.00,5.5950,24.734840,46.698578,14.140,151.410,6.605
2025-12-25T22:17:16.423Z,46.191,6.960,321.478,20.150,0.00,5.5950,24.734840,46.698578,14.146,151.349,6.607
2025-12-25T22:17:16.428Z,46.419,6.072,281.858,20.150,0.00,5.5950,24.734840,46.698578,14.146,151.345,6.607
2025-12-25T22:17:16.714Z,46.250,6.479,299.677,20.150,0.00,5.5950,24.734840,46.698578,14.170,151.091,6.619
2025-12-25T22:17:17.021Z,46.197,6.719,310.389,20.150,0.00,5.5950,24.734840,46.698578,14.197,150.809,6.631
2025-12-25T22:17:17.021Z,46.092,6.989,322.142,20.150,0.00,5.5950,24.734840,46.698578,14.197,150.809,6.631
2025-12-25T22:17:17.154Z,45.925,7.393,339.521,21.000,0.00,5.6010,24.734789,46.698563,14.209,151.098,6.618
2025-12-25T22:17:17.534Z,46.410,5.976,277.341,21.000,0.00,5.6010,24.734789,46.698563,14.239,150.788,6.632
2025-12-25T22:17:17.534Z,46.456,5.972,277.437,21.000,0.00,5.6010,24.734789,46.698563,14.239,150.787,6.632
2025-12-25T22:17:17.664Z,46.147,6.851,316.130,21.000,0.00,5.6010,24.734789,46.698563,14.250,150.667,6.637
2025-12-25T22:17:18.046Z,45.826,7.807,357.743,21.000,0.00,5.6010,24.734789,46.698563,14.288,150.267,6.655
2025-12-25T22:17:18.046Z,46.002,7.166,329.668,21.000,0.00,5.6010,24.734789,46.698563,14.288,150.266,6.655
2025-12-25T22:17:18.091Z,46.083,6.999,322.525,21.220,0.00,5.6070,24.734735,46.698559,14.292,150.644,6.638
2025-12-25T22:17:18.259Z,45.953,7.450,342.349,21.220,0.00,5.6070,24.734735,46.698559,14.308,150.476,6.646
2025-12-25T22:17:18.558Z,45.933,7.332,336.799,21.220,0.00,5.6070,24.734735,46.698559,14.336,150.182,6.659
2025-12-25T22:17:18.558Z,46.017,7.099,326.657,21.220,0.00,5.6070,24.734735,46.698559,14.336,150.182,6.659
2025-12-25T22:17:18.762Z,46.021,7.230,332.726,21.220,0.00,5.6070,24.734735,46.698559,14.355,149.985,6.667
2025-12-25T22:17:18.876Z,45.852,7.685,352.378,21.220,0.00,5.6070,24.734735,46.698559,14.366,149.868,6.673
2025-12-25T22:17:19.108Z,47.239,3.459,163.378,21.220,0.00,5.6070,24.734735,46.698559,14.377,149.758,6.677
2025-12-25T22:17:19.582Z,46.535,5.578,259.550,21.670,0.00,5.6130,24.734682,46.698563,14.411,149.820,6.675
2025-12-25T22:17:19.582Z,45.723,8.104,370.546,21.670,0.00,5.6130,24.734682,46.698563,14.411,149.820,6.675
2025-12-25T22:17:19.595Z,46.113,6.858,316.228,21.670,0.00,5.6130,24.734682,46.698563,14.412,149.808,6.675
2025-12-25T22:17:19.596Z,45.791,7.879,360.773,21.670,0.00,5.6130,24.734682,46.698563,14.412,149.807,6.675
2025-12-25T22:17:19.888Z,45.984,7.251,333.435,21.670,0.00,5.6130,24.734682,46.698563,14.439,149.526,6.688
2025-12-25T22:17:20.006Z,45.812,7.734,354.296,21.670,0.00,5.6130,24.734682,46.698563,14.451,149.406,6.693
2025-12-25T22:17:20.326Z,45.844,7.563,346.735,22.260,0.00,5.6190,24.734629,46.698578,14.481,149.503,6.689
2025-12-25T22:17:20.326Z,45.890,7.546,346.288,22.260,0.00,5.6190,24.734629,46.698578,14.481,149.502,6.689
2025-12-25T22:17:20.531Z,45.670,8.136,371.571,22.260,0.00,5.6190,24.734629,46.698578,14.503,149.284,6.699
2025-12-25T22:17:20.531Z,46.400,5.999,278.353,22.260,0.00,5.6190,24.734629,46.698578,14.503,149.284,6.699
2025-12-25T22:17:20.791Z,46.280,6.420,297.137,22.260,0.00,5.6190,24.734629,46.698578,14.524,149.063,6.709
2025-12-25T22:17:20.934Z,45.788,7.793,356.842,22.260,0.00,5.6190,24.734629,46.698578,14.538,148.918,6.715
2025-12-25T22:17:21.174Z,46.648,5.214,243.216,23.150,0.00,5.6260,24.734575,46.698601,14.554,149.233,6.701
2025-12-25T22:17:21.174Z,45.820,7.807,357.713,23.150,0.00,5.6260,24.734575,46.698601,14.554,149.233,6.701
2025-12-25T22:17:21.350Z,46.292,6.194,286.721,23.150,0.00,5.6260,24.734575,46.698601,14.568,149.090,6.707
2025-12-25T22:17:21.544Z,45.850,7.532,345.327,23.150,0.00,5.6260,24.734575,46.698601,14.587,148.900,6.716
2025-12-25T22:17:21.834Z,45.960,7.427,341.334,23.150,0.00,5.6260,24.734575,46.698601,14.615,148.619,6.729
2025-12-25T22:17:21.964Z,45.826,8.053,369.055,23.150,0.00,5.6260,24.734575,46.698601,14.628,148.483,6.735
2025-12-25T22:17:21.965Z,45.941,7.459,342.692,23.150,0.00,5.6260,24.734575,46.698601,14.628,148.483,6.735
2025-12-25T22:17:22.255Z,45.661,8.052,367.656,23.280,0.00,5.6320,24.734522,46.698627,14.658,148.592,6.730
2025-12-25T22:17:22.410Z,46.071,6.923,318.975,23.280,0.00,5.6320,24.734522,46.698627,14.671,148.453,6.736
2025-12-25T22:17:22.410Z,45.718,7.993,365.428,23.280,0.00,5.6320,24.734522,46.698627,14.671,148.453,6.736
2025-12-25T22:17:22.564Z,46.054,6.747,310.734,23.280,0.00,5.6320,24.734522,46.698627,14.685,148.318,6.742
2025-12-25T22:17:22.858Z,45.896,7.516,344.959,23.280,0.00,5.6320,24.734522,46.698627,14.713,148.035,6.755
2025-12-25T22:17:23.269Z,45.860,7.639,350.323,23.280,0.00,5.6320,24.734522,46.698627,14.753,147.633,6.774
2025-12-25T22:17:23.269Z,45.556,8.448,384.864,23.410,0.00,5.6390,24.734472,46.698662,14.753,148.108,6.752
2025-12-25T22:17:23.269Z,45.871,8.049,369.195,23.410,0.00,5.6390,24.734472,46.698662,14.753,148.108,6.752
2025-12-25T22:17:23.383Z,46.206,6.706,309.857,23.410,0.00,5.6390,24.734472,46.698662,14.763,148.010,6.756
2025-12-25T22:17:23.720Z,45.818,7.507,343.954,23.410,0.00,5.6390,24.734472,46.698662,14.795,147.687,6.771
2025-12-25T22:17:23.720Z,45.983,7.011,322.405,23.410,0.00,5.6390,24.734472,46.698662,14.795,147.687,6.771
2025-12-25T22:17:23.894Z,45.779,7.675,351.373,23.410,0.00,5.6390,24.734472,46.698662,14.812,147.518,6.779
2025-12-25T22:17:24.114Z,46.035,6.951,319.991,23.020,0.00,5.6450,24.734426,46.698708,14.831,147.728,6.769
2025-12-25T22:17:24.319Z,45.866,7.403,339.550,23.020,0.00,5.6450,24.734426,46.698708,14.851,147.536,6.778
2025-12-25T22:17:24.321Z,45.986,7.128,327.798,23.020,0.00,5.6450,24.734426,46.698708,14.851,147.534,6.778
2025-12-25T22:17:24.524Z,46.842,4.480,209.848,23.020,0.00,5.6450,24.734426,46.698708,14.863,147.416,6.784
2025-12-25T22:17:24.875Z,46.034,7.009,322.668,23.020,0.00,5.6450,24.734426,46.698708,14.894,147.105,6.798
2025-12-25T22:17:24.974Z,46.688,5.019,234.323,23.020,0.00,5.6450,24.734426,46.698708,14.901,147.041,6.801
2025-12-25T22:17:24.974Z,45.864,7.492,343.610,23.020,0.00,5.6450,24.734426,46.698708,14.901,147.041,6.801
2025-12-25T22:17:25.125Z,46.161,6.501,300.092,22.580,0.00,5.6520,24.734390,46.698753,14.913,147.386,6.785
2025-12-25T22:17:25.329Z,46.020,6.874,316.341,22.580,0.00,5.6520,24.734390,46.698753,14.931,147.210,6.793
2025-12-25T22:17:25.726Z,45.814,7.459,341.723,22.580,0.00,5.6520,24.734390,46.698753,14.969,146.839,6.810
2025-12-25T22:17:25.726Z,46.157,6.467,298.485,22.580,0.00,5.6520,24.734390,46.698753,14.969,146.839,6.810
2025-12-25T22:17:25.745Z,46.246,6.177,285.666,22.580,0.00,5.6520,24.734390,46.698753,14.970,146.824,6.811
2025-12-25T22:17:26.032Z,45.909,7.303,335.285,22.580,0.00,5.6520,24.734390,46.698753,14.997,146.563,6.823
2025-12-25T22:17:26.147Z,45.925,7.213,331.242,21.760,0.00,5.6580,24.734362,46.698807,15.008,146.860,6.809
2025-12-25T22:17:26.448Z,46.526,5.359,249.325,21.760,0.00,5.6580,24.734362,46.698807,15.028,146.656,6.819
2025-12-25T22:17:26.448Z,46.024,6.927,318.801,21.760,0.00,5.6580,24.734362,46.698807,15.028,146.655,6.819
2025-12-25T22:17:26.616Z,45.915,7.309,335.587,21.760,0.00,5.6580,24.734362,46.698807,15.044,146.503,6.826
2025-12-25T22:17:26.758Z,46.825,4.511,211.234,21.760,0.00,5.6580,24.734362,46.698807,15.052,146.422,6.830
2025-12-25T22:17:26.984Z,46.030,6.857,315.610,21.760,0.00,5.6580,24.734362,46.698807,15.072,146.229,6.839
2025-12-25T22:17:26.990Z,47.560,2.192,104.252,21.760,0.00,5.6580,24.734362,46.698807,15.072,146.227,6.839
2025-12-25T22:17:27.264Z,46.891,4.333,203.196,21.800,0.00,5.6640,24.734341,46.698864,15.088,146.475,6.827
2025-12-25T22:17:27.388Z,46.111,6.634,305.904,21.800,0.00,5.6640,24.734341,46.698864,15.098,146.373,6.832
2025-12-25T22:17:27.772Z,46.001,5.511,253.530,21.800,0.00,5.6640,24.734341,46.698864,15.125,146.111,6.844
2025-12-25T22:17:27.772Z,46.099,6.698,308.794,21.800,0.00,5.6640,24.734341,46.698864,15.125,146.111,6.844
2025-12-25T22:17:27.783Z,45.958,7.212,331.431,21.800,0.00,5.6640,24.734341,46.698864,15.127,146.101,6.845
2025-12-25T22:17:28.247Z,45.980,7.178,330.059,21.800,0.00,5.6640,24.734341,46.698864,15.169,145.692,6.864
2025-12-25T22:17:28.247Z,45.992,7.012,322.494,21.800,0.00,5.6700,24.734333,46.698925,15.169,146.088,6.845
2025-12-25T22:17:28.489Z,46.005,6.831,314.269,21.800,0.00,5.6700,24.734333,46.698925,15.190,145.885,6.855
2025-12-25T22:17:28.490Z,45.959,7.067,324.810,21.800,0.00,5.6700,24.734333,46.698925,15.190,145.883,6.855
2025-12-25T22:17:28.693Z,46.243,6.284,290.603,21.800,0.00,5.6700,24.734333,46.698925,15.207,145.726,6.862
2025-12-25T22:17:28.825Z,46.269,6.080,281.340,21.800,0.00,5.6700,24.734333,46.698925,15.217,145.627,6.867
2025-12-25T22:17:29.159Z,45.888,7.334,336.524,21.800,0.00,5.6700,24.734333,46.698925,15.248,145.329,6.881
2025-12-25T22:17:29.159Z,46.088,6.584,303.458,22.150,0.00,5.6760,24.734337,46.698982,15.248,145.723,6.862
2025-12-25T22:17:29.239Z,46.060,6.724,309.719,22.150,0.00,5.6760,24.734337,46.698982,15.255,145.657,6.865
2025-12-25T22:17:29.513Z,45.654,8.004,365.409,22.150,0.00,5.6760,24.734337,46.698982,15.283,145.392,6.878
2025-12-25T22:17:29.661Z,45.891,7.210,330.866,22.150,0.00,5.6760,24.734337,46.698982,15.296,145.263,6.884
2025-12-25T22:17:29.661Z,46.094,6.609,304.629,22.150,0.00,5.6760,24.734337,46.698982,15.296,145.262,6.884
2025-12-25T22:17:30.025Z,46.162,6.482,299.205,22.150,0.00,5.6760,24.734337,46.698982,15.327,144.976,6.898
2025-12-25T22:17:30.158Z,46.070,6.687,308.073,22.150,0.00,5.6760,24.734337,46.698982,15.338,144.868,6.903
2025-12-25T22:17:30.158Z,46.093,6.576,303.117,22.820,0.00,5.6830,24.734356,46.699043,15.338,145.325,6.881
2025-12-25T22:17:30.357Z,45.879,7.259,333.054,22.820,0.00,5.6830,24.734356,46.699043,15.357,145.150,6.889
2025-12-25T22:17:30.639Z,46.591,5.186,241.609,22.820,0.00,5.6830,24.734356,46.699043,15.375,144.971,6.898
2025-12-25T22:17:30.763Z,45.731,7.596,347.393,22.820,0.00,5.6830,24.734356,46.699043,15.387,144.859,6.903
2025-12-25T22:17:30.763Z,46.104,6.531,301.124,22.820,0.00,5.6830,24.734356,46.699043,15.387,144.859,6.903
2025-12-25T22:17:31.152Z,46.213,6.254,289.012,22.820,0.00,5.6830,24.734356,46.699043,15.419,144.566,6.917
2025-12-25T22:17:31.172Z,45.715,7.761,354.795,23.090,0.00,5.6890,24.734390,46.699089,15.421,144.936,6.900
2025-12-25T22:17:31.458Z,46.102,6.726,310.103,23.090,0.00,5.6890,24.734390,46.699089,15.445,144.705,6.911
2025-12-25T22:17:31.458Z,46.768,4.464,208.781,23.090,0.00,5.6890,24.734390,46.699089,15.445,144.705,6.911
2025-12-25T22:17:31.575Z,46.185,6.589,304.304,23.090,0.00,5.6890,24.734390,46.699089,15.455,144.613,6.915
2025-12-25T22:17:31.971Z,45.882,7.315,335.613,23.090,0.00,5.6890,24.734390,46.699089,15.492,144.268,6.932
2025-12-25T22:17:32.034Z,45.597,7.878,359.227,23.090,0.00,5.6890,24.734390,46.699089,15.498,144.209,6.934
2025-12-25T22:17:32.034Z,45.630,8.100,369.597,23.300,0.00,5.6950,24.734436,46.699131,15.498,144.596,6.916
2025-12-25T22:17:32.299Z,46.524,5.273,245.344,23.300,0.00,5.6950,24.734436,46.699131,15.516,144.428,6.924
2025-12-25T22:17:32.305Z,47.138,3.470,163.580,23.300,0.00,5.6950,24.734436,46.699131,15.517,144.425,6.924
2025-12-25T22:17:32.688Z,47.814,1.293,61.842,23.300,0.00,5.6950,24.734436,46.699131,15.523,144.364,6.927
2025-12-25T22:17:32.688Z,48.054,0.653,31.372,23.300,0.00,5.6950,24.734436,46.699131,15.523,144.364,6.927
2025-12-25T22:17:32.892Z,48.096,0.604,29.043,23.300,0.00,5.6950,24.734436,46.699131,15.525,144.349,6.928
2025-12-25T22:17:33.009Z,48.151,0.434,20.886,23.300,0.00,5.6950,24.734436,46.699131,15.526,144.343,6.928
2025-12-25T22:17:33.210Z,48.179,0.308,14.828,24.040,0.00,5.7020,24.734489,46.699162,15.526,144.786,6.907
2025-12-25T22:17:33.509Z,48.244,0.204,9.828,24.040,0.00,5.7020,24.734489,46.699162,15.527,144.778,6.907
2025-12-25T22:17:33.509Z,48.266,0.164,7.921,24.040,0.00,5.7020,24.734489,46.699162,15.527,144.778,6.907
2025-12-25T22:17:33.814Z,48.293,0.096,4.618,24.040,0.00,5.7020,24.734489,46.699162,15.528,144.774,6.907
2025-12-25T22:17:33.828Z,48.304,0.074,3.590,24.040,0.00,5.7020,24.734489,46.699162,15.528,144.774,6.907
2025-12-25T22:17:34.030Z,48.296,0.118,5.720,24.040,0.00,5.7020,24.734489,46.699162,15.528,144.771,6.907
2025-12-25T22:17:34.159Z,48.307,0.088,4.259,24.170,0.00,5.7090,24.734550,46.699173,15.528,145.221,6.886
2025-12-25T22:17:34.531Z,48.319,0.065,3.157,24.170,0.00,5.7090,24.734550,46.699173,15.528,145.218,6.886
2025-12-25T22:17:34.531Z,48.321,0.069,3.316,24.170,0.00,5.7090,24.734550,46.699173,15.528,145.218,6.886
2025-12-25T22:17:34.562Z,48.318,0.092,4.431,24.170,0.00,5.7090,24.734550,46.699173,15.528,145.217,6.886
2025-12-25T22:17:34.838Z,48.324,0.067,3.219,24.170,0.00,5.7090,24.734550,46.699173,15.529,145.215,6.886
2025-12-25T22:17:34.969Z,48.325,0.089,4.317,24.170,0.00,5.7090,24.734550,46.699173,15.529,145.214,6.886
2025-12-25T22:17:34.969Z,48.336,0.064,3.090,25.060,0.00,5.7160,24.734612,46.699173,15.529,145.664,6.865
2025-12-25T22:17:35.186Z,48.339,0.066,3.188,25.060,0.00,5.7160,24.734612,46.699173,15.529,145.663,6.865
2025-12-25T22:17:35.358Z,48.339,0.074,3.588,25.060,0.00,5.7160,24.734612,46.699173,15.529,145.661,6.865
2025-12-25T22:17:35.761Z,48.339,0.084,4.049,25.060,0.00,5.7160,24.734612,46.699173,15.530,145.657,6.865
2025-12-25T22:17:35.789Z,48.348,0.065,3.134,25.060,0.00,5.7160,24.734612,46.699173,15.530,145.656,6.865
2025-12-25T22:17:35.790Z,48.349,0.069,3.355,25.060,0.00,5.7160,24.734612,46.699173,15.530,145.656,6.865
2025-12-25T22:17:36.066Z,48.351,0.073,3.506,25.060,0.00,5.7160,24.734612,46.699173,15.530,145.654,6.866
2025-12-25T22:17:36.199Z,48.350,0.088,4.237,25.630,0.00,5.7230,24.734674,46.699158,15.530,146.103,6.844
2025-12-25T22:17:36.579Z,48.356,0.073,3.512,25.630,0.00,5.7230,24.734674,46.699158,15.530,146.100,6.845
2025-12-25T22:17:36.579Z,48.362,0.066,3.177,25.630,0.00,5.7230,24.734674,46.699158,15.530,146.100,6.845
2025-12-25T22:17:36.604Z,48.358,0.087,4.195,25.630,0.00,5.7230,24.734674,46.699158,15.531,146.099,6.845
2025-12-25T22:17:36.885Z,48.363,0.074,3.561,25.630,0.00,5.7230,24.734674,46.699158,15.531,146.097,6.845
2025-12-25T22:17:37.004Z,48.361,0.094,4.549,25.630,0.00,5.7230,24.734674,46.699158,15.531,146.095,6.845
2025-12-25T22:17:37.004Z,48.370,0.068,3.310,24.820,0.00,5.7300,24.734734,46.699135,15.531,146.546,6.824
2025-12-25T22:17:37.398Z,48.372,0.066,3.214,24.820,0.00,5.7300,24.734734,46.699135,15.531,146.543,6.824
2025-12-25T22:17:37.473Z,48.371,0.077,3.731,24.820,0.00,5.7300,24.734734,46.699135,15.531,146.542,6.824
2025-12-25T22:17:37.808Z,48.374,0.077,3.718,24.820,0.00,5.7300,24.734734,46.699135,15.532,146.539,6.824
2025-12-25T22:17:37.808Z,48.378,0.074,3.576,24.820,0.00,5.7300,24.734734,46.699135,15.532,146.539,6.824
2025-12-25T22:17:37.933Z,48.372,0.097,4.705,24.820,0.00,5.7300,24.734734,46.699135,15.532,146.537,6.824
2025-12-25T22:17:38.322Z,48.383,0.066,3.186,24.820,0.00,5.7300,24.734734,46.699135,15.532,146.534,6.824
2025-12-25T22:17:38.322Z,48.386,0.065,3.164,24.500,0.00,5.7360,24.734789,46.699108,15.532,146.920,6.806
2025-12-25T22:17:38.353Z,48.387,0.068,3.271,24.500,0.00,5.7360,24.734789,46.699108,15.532,146.920,6.806
2025-12-25T22:17:38.627Z,48.385,0.078,3.786,24.500,0.00,5.7360,24.734789,46.699108,15.533,146.917,6.807
2025-12-25T22:17:38.758Z,48.393,0.065,3.133,24.500,0.00,5.7360,24.734789,46.699108,15.533,146.916,6.807
2025-12-25T22:17:38.758Z,48.393,0.066,3.212,24.500,0.00,5.7360,24.734789,46.699108,15.533,146.916,6.807
2025-12-25T22:17:39.140Z,48.394,0.069,3.354,24.500,0.00,5.7360,24.734789,46.699108,15.533,146.913,6.807
2025-12-25T22:17:39.165Z,48.390,0.091,4.412,23.980,0.00,5.7430,24.734842,46.699074,15.533,147.363,6.786
2025-12-25T22:17:39.379Z,48.396,0.076,3.674,23.980,0.00,5.7430,24.734842,46.699074,15.533,147.361,6.786
2025-12-25T22:17:39.379Z,48.402,0.065,3.144,23.980,0.00,5.7430,24.734842,46.699074,15.533,147.361,6.786
2025-12-25T22:17:39.651Z,48.403,0.067,3.226,23.980,0.00,5.7430,24.734842,46.699074,15.534,147.359,6.786
2025-12-25T22:17:39.768Z,48.402,0.073,3.521,23.980,0.00,5.7430,24.734842,46.699074,15.534,147.358,6.786
2025-12-25T22:17:40.060Z,48.404,0.074,3.599,23.980,0.00,5.7430,24.734842,46.699074,15.534,147.355,6.786
2025-12-25T22:17:40.182Z,48.409,0.064,3.115,23.350,0.00,5.7500,24.734888,46.699036,15.534,147.805,6.766
2025-12-25T22:17:40.182Z,48.406,0.077,3.739,23.350,0.00,5.7500,24.734888,46.699036,15.534,147.805,6.766
2025-12-25T22:17:40.447Z,48.407,0.067,3.243,23.350,0.00,5.7500,24.734888,46.699036,15.534,147.802,6.766
2025-12-25T22:17:40.594Z,48.410,0.075,3.632,23.350,0.00,5.7500,24.734888,46.699036,15.534,147.801,6.766
2025-12-25T22:17:40.891Z,48.413,0.076,3.690,23.350,0.00,5.7500,24.734888,46.699036,15.535,147.798,6.766
2025-12-25T22:17:40.891Z,48.411,0.089,4.323,23.350,0.00,5.7500,24.734888,46.699036,15.535,147.798,6.766
2025-12-25T22:17:41.006Z,48.419,0.066,3.199,23.350,0.00,5.7500,24.734888,46.699036,15.535,147.797,6.766
2025-12-25T22:17:41.400Z,48.410,0.101,4.910,22.890,0.00,5.7560,24.734928,46.698990,15.535,148.178,6.749
2025-12-25T22:17:41.415Z,48.415,0.091,4.423,22.890,0.00,5.7560,24.734928,46.698990,15.535,148.178,6.749
2025-12-25T22:17:41.416Z,48.421,0.077,3.711,22.890,0.00,5.7560,24.734928,46.698990,15.535,148.178,6.749
2025-12-25T22:17:41.638Z,48.425,0.067,3.238,22.890,0.00,5.7560,24.734928,46.698990,15.536,148.176,6.749
2025-12-25T22:17:41.816Z,48.423,0.078,3.753,22.890,0.00,5.7560,24.734928,46.698990,15.536,148.174,6.749
2025-12-25T22:17:42.019Z,48.424,0.078,3.779,22.890,0.00,5.7560,24.734928,46.698990,15.536,148.172,6.749
2025-12-25T22:17:42.326Z,48.430,0.068,3.270,22.350,0.00,5.7620,24.734959,46.698936,15.536,148.556,6.731
2025-12-25T22:17:42.326Z,48.431,0.066,3.200,22.350,0.00,5.7620,24.734959,46.698936,15.536,148.556,6.731
2025-12-25T22:17:42.630Z,48.433,0.068,3.274,22.350,0.00,5.7620,24.734959,46.698936,15.537,148.553,6.732
2025-12-25T22:17:42.631Z,48.434,0.066,3.196,22.350,0.00,5.7620,24.734959,46.698936,15.537,148.553,6.732
2025-12-25T22:17:42.839Z,48.421,0.111,5.386,22.350,0.00,5.7620,24.734959,46.698936,15.537,148.550,6.732
2025-12-25T22:17:42.959Z,48.434,0.075,3.625,22.350,0.00,5.7620,24.734959,46.698936,15.537,148.549,6.732
2025-12-25T22:17:43.336Z,48.439,0.065,3.154,21.870,0.00,5.7690,24.734978,46.698879,15.537,148.996,6.712
2025-12-25T22:17:43.342Z,48.435,0.065,3.154,21.870,0.00,5.7690,24.734978,46.698879,15.537,148.996,6.712
2025-12-25T22:17:43.397Z,48.442,0.066,3.197,21.870,0.00,5.7690,24.734978,46.698879,15.537,148.996,6.712
2025-12-25T22:17:43.644Z,48.440,0.075,3.638,21.870,0.00,5.7690,24.734978,46.698879,15.538,148.993,6.712
2025-12-25T22:17:43.773Z,48.441,0.078,3.762,21.870,0.00,5.7690,24.734978,46.698879,15.538,148.992,6.712
2025-12-25T22:17:43.774Z,48.446,0.065,3.151,21.870,0.00,5.7690,24.734978,46.698879,15.538,148.992,6.712
2025-12-25T22:17:43.968Z,48.447,0.069,3.325,21.870,0.00,5.7690,24.734978,46.698879,15.538,148.990,6.712
2025-12-25T22:17:44.261Z,48.446,0.074,3.578,20.830,0.00,5.7750,24.734987,46.698822,15.538,149.374,6.695
2025-12-25T22:17:44.377Z,48.447,0.075,3.633,20.830,0.00,5.7750,24.734987,46.698822,15.538,149.373,6.695
2025-12-25T22:17:44.668Z,48.452,0.065,3.125,20.830,0.00,5.7750,24.734987,46.698822,15.539,149.370,6.695
2025-12-25T22:17:44.669Z,48.452,0.067,3.233,20.830,0.00,5.7750,24.734987,46.698822,15.539,149.370,6.695
2025-12-25T22:17:44.873Z,48.450,0.080,3.894,20.830,0.00,5.7750,24.734987,46.698822,15.539,149.368,6.695
2025-12-25T22:17:44.988Z,48.451,0.079,3.806,20.830,0.00,5.7750,24.734987,46.698822,15.539,149.367,6.695
2025-12-25T22:17:45.385Z,48.456,0.069,3.340,20.430,0.00,5.7800,24.734982,46.698769,15.539,149.685,6.681
2025-12-25T22:17:45.385Z,48.457,0.071,3.420,20.430,0.00,5.7800,24.734982,46.698769,15.539,149.685,6.681
2025-12-25T22:17:45.423Z,48.459,0.066,3.220,20.430,0.00,5.7800,24.734982,46.698769,15.539,149.685,6.681
2025-12-25T22:17:45.897Z,48.456,0.080,3.900,20.430,0.00,5.7800,24.734982,46.698769,15.540,149.680,6.681
2025-12-25T22:17:45.897Z,48.461,0.070,3.370,20.430,0.00,5.7800,24.734982,46.698769,15.540,149.680,6.681
2025-12-25T22:17:45.936Z,48.452,0.103,4.992,20.430,0.00,5.7800,24.734982,46.698769,15.540,149.679,6.681
2025-12-25T22:17:46.183Z,48.464,0.065,3.150,18.430,0.00,5.7860,24.734966,46.698715,15.540,150.063,6.664
2025-12-25T22:17:46.196Z,48.466,0.064,3.113,18.430,0.00,5.7860,24.734966,46.698715,15.540,150.063,6.664
2025-12-25T22:17:46.325Z,48.466,0.067,3.258,18.430,0.00,5.7860,24.734966,46.698715,15.540,150.062,6.664
2025-12-25T22:17:46.538Z,48.467,0.070,3.369,18.430,0.00,5.7860,24.734966,46.698715,15.540,150.060,6.664
2025-12-25T22:17:46.921Z,48.433,0.202,9.796,18.430,0.00,5.7860,24.734966,46.698715,15.541,150.050,6.664
2025-12-25T22:17:46.921Z,48.410,0.258,12.476,18.430,0.00,5.7860,24.734966,46.698715,15.541,150.050,6.664
2025-12-25T22:17:47.126Z,48.421,0.214,10.372,18.430,0.00,5.7860,24.734966,46.698715,15.542,150.044,6.665
2025-12-25T22:17:47.258Z,48.372,0.381,18.442,19.130,0.00,5.7910,24.734943,46.698669,15.543,150.360,6.651
2025-12-25T22:17:47.258Z,48.402,0.289,13.964,19.130,0.00,5.7910,24.734943,46.698669,15.543,150.360,6.651
2025-12-25T22:17:47.454Z,48.387,0.334,16.160,19.130,0.00,5.7910,24.734943,46.698669,15.544,150.351,6.651
2025-12-25T22:17:47.739Z,48.387,0.333,16.097,19.130,0.00,5.7910,24.734943,46.698669,15.545,150.339,6.652
2025-12-25T22:17:47.867Z,48.334,0.500,24.168,19.130,0.00,5.7910,24.734943,46.698669,15.546,150.330,6.652
2025-12-25T22:17:47.868Z,48.302,0.612,29.579,19.130,0.00,5.7910,24.734943,46.698669,15.546,150.330,6.652
2025-12-25T22:17:48.253Z,48.292,0.515,24.882,18.690,0.00,5.7960,24.734911,46.698631,15.548,150.626,6.639
2025-12-25T22:17:48.253Z,48.329,0.547,26.448,18.690,0.00,5.7960,24.734911,46.698631,15.548,150.626,6.639
2025-12-25T22:17:48.560Z,48.321,0.520,25.124,18.690,0.00,5.7960,24.734911,46.698631,15.551,150.606,6.640
2025-12-25T22:17:48.560Z,48.357,0.610,29.513,18.690,0.00,5.7960,24.734911,46.698631,15.551,150.606,6.640
2025-12-25T22:17:48.765Z,48.330,0.612,29.602,18.690,0.00,5.7960,24.734911,46.698631,15.552,150.589,6.641
2025-12-25T22:17:48.895Z,48.300,0.570,27.509,18.690,0.00,5.7960,24.734911,46.698631,15.553,150.580,6.641
2025-12-25T22:17:49.174Z,48.351,0.561,27.148,18.690,0.00,5.7960,24.734911,46.698631,15.555,150.559,6.642
2025-12-25T22:17:49.312Z,48.205,0.940,45.303,18.800,0.00,5.8010,24.734875,46.698601,15.557,150.864,6.628
2025-12-25T22:17:49.313Z,48.278,0.688,33.218,18.800,0.00,5.8010,24.734875,46.698601,15.557,150.864,6.628
2025-12-25T22:17:49.639Z,48.253,0.786,37.922,18.800,0.00,5.8010,24.734875,46.698601,15.561,150.830,6.630
2025-12-25T22:17:49.758Z,48.188,0.965,46.507,18.800,0.00,5.8010,24.734875,46.698601,15.562,150.816,6.631
2025-12-25T22:17:49.993Z,47.803,2.184,104.402,18.800,0.00,5.8010,24.734875,46.698601,15.569,150.749,6.634
2025-12-25T22:17:49.994Z,47.457,3.123,148.230,18.800,0.00,5.8010,24.734875,46.698601,15.569,150.749,6.634
2025-12-25T22:17:50.197Z,47.336,3.635,172.044,18.190,0.00,5.8070,24.734831,46.698578,15.579,151.040,6.621
2025-12-25T22:17:50.335Z,47.199,3.763,177.601,18.190,0.00,5.8070,24.734831,46.698578,15.585,150.975,6.624
2025-12-25T22:17:50.609Z,47.143,4.209,198.417,18.190,0.00,5.8070,24.734831,46.698578,15.601,150.828,6.630
2025-12-25T22:17:50.609Z,47.091,4.345,204.600,18.190,0.00,5.8070,24.734831,46.698578,15.601,150.828,6.630
2025-12-25T22:17:51.018Z,47.099,4.254,200.372,18.190,0.00,5.8070,24.734831,46.698578,15.623,150.608,6.640
2025-12-25T22:17:51.019Z,47.119,4.113,193.777,18.190,0.00,5.8070,24.734831,46.698578,15.623,150.608,6.640
2025-12-25T22:17:51.047Z,46.983,4.520,212.378,18.060,0.00,5.8120,24.734785,46.698566,15.625,150.912,6.626
2025-12-25T22:17:51.326Z,47.198,3.947,186.300,18.060,0.00,5.8120,24.734785,46.698566,15.639,150.773,6.632
2025-12-25T22:17:51.460Z,47.052,4.105,193.149,18.060,0.00,5.8120,24.734785,46.698566,15.647,150.703,6.636
2025-12-25T22:17:51.734Z,47.087,4.330,203.887,18.060,0.00,5.8120,24.734785,46.698566,15.662,150.554,6.642
2025-12-25T22:17:51.734Z,47.036,4.358,204.967,18.060,0.00,5.8120,24.734785,46.698566,15.662,150.554,6.642
2025-12-25T22:17:51.938Z,47.088,4.073,191.804,18.060,0.00,5.8120,24.734785,46.698566,15.673,150.449,6.647
2025-12-25T22:17:52.068Z,47.205,3.650,172.290,18.060,0.00,5.8120,24.734785,46.698566,15.679,150.390,6.649
2025-12-25T22:17:52.373Z,47.092,4.093,192.737,18.720,0.00,5.8170,24.734739,46.698563,15.696,150.552,6.642
2025-12-25T22:17:52.373Z,47.432,3.015,143.022,18.720,0.00,5.8170,24.734739,46.698563,15.696,150.552,6.642
2025-12-25T22:17:52.544Z,47.002,4.271,200.751,18.720,0.00,5.8170,24.734739,46.698563,15.705,150.461,6.646
2025-12-25T22:17:52.758Z,47.073,4.104,193.173,18.720,0.00,5.8170,24.734739,46.698563,15.717,150.351,6.651
2025-12-25T22:17:52.893Z,46.890,4.792,224.708,18.720,0.00,5.8170,24.734739,46.698563,15.725,150.270,6.655
2025-12-25T22:17:52.893Z,46.944,4.591,215.530,18.720,0.00,5.8170,24.734739,46.698563,15.725,150.270,6.655
2025-12-25T22:17:53.269Z,47.126,4.067,191.642,18.630,0.00,5.8220,24.734692,46.698566,15.745,150.397,6.649
2025-12-25T22:17:53.283Z,46.797,4.932,230.814,18.630,0.00,5.8220,24.734692,46.698566,15.746,150.388,6.649
2025-12-25T22:17:53.503Z,47.027,4.279,201.211,18.630,0.00,5.8220,24.734692,46.698566,15.758,150.271,6.655
2025-12-25T22:17:53.885Z,46.784,4.953,231.712,18.630,0.00,5.8220,24.734692,46.698566,15.783,150.037,6.665
2025-12-25T22:17:53.885Z,46.738,5.235,244.667,18.630,0.00,5.8220,24.734692,46.698566,15.783,150.037,6.665
2025-12-25T22:17:53.920Z,46.782,5.040,235.803,18.630,0.00,5.8220,24.734692,46.698566,15.785,150.015,6.666
2025-12-25T22:17:54.191Z,46.756,5.082,237.608,19.150,0.00,5.8280,24.734646,46.698578,15.803,150.224,6.657
2025-12-25T22:17:54.333Z,46.810,4.877,228.282,19.150,0.00,5.8280,24.734646,46.698578,15.812,150.139,6.660
2025-12-25T22:17:54.333Z,46.697,5.170,241.432,19.150,0.00,5.8280,24.734646,46.698578,15.812,150.139,6.660
2025-12-25T22:17:54.605Z,46.733,5.055,236.248,19.150,0.00,5.8280,24.734646,46.698578,15.830,149.970,6.668
2025-12-25T22:17:54.740Z,46.827,4.772,223.460,19.150,0.00,5.8280,24.734646,46.698578,15.838,149.891,6.672
2025-12-25T22:17:55.113Z,46.778,5.023,234.987,19.150,0.00,5.8280,24.734646,46.698578,15.863,149.660,6.682
2025-12-25T22:17:55.114Z,46.782,4.967,232.348,19.150,0.00,5.8280,24.734646,46.698578,15.863,149.660,6.682
2025-12-25T22:17:55.138Z,46.568,5.532,257.622,19.710,0.00,5.8330,24.734598,46.698593,15.864,149.959,6.668
2025-12-25T22:17:55.330Z,46.634,5.458,254.531,19.710,0.00,5.8330,24.734598,46.698593,15.878,149.831,6.674
2025-12-25T22:17:55.625Z,46.575,5.609,261.247,19.710,0.00,5.8330,24.734598,46.698593,15.899,149.629,6.683
2025-12-25T22:17:55.625Z,46.830,4.841,226.684,19.710,0.00,5.8330,24.734598,46.698593,15.899,149.629,6.683
2025-12-25T22:17:55.829Z,46.922,4.541,213.066,19.710,0.00,5.8330,24.734598,46.698593,15.911,149.515,6.688
2025-12-25T22:17:55.962Z,46.661,5.392,251.601,19.710,0.00,5.8330,24.734598,46.698593,15.921,149.428,6.692
2025-12-25T22:17:56.240Z,46.704,5.154,240.733,20.000,0.00,5.8380,24.734554,46.698616,15.939,149.567,6.686
2025-12-25T22:17:56.367Z,46.655,5.354,249.774,20.000,0.00,5.8380,24.734554,46.698616,15.948,149.484,6.690
2025-12-25T22:17:56.368Z,46.800,4.753,222.441,20.000,0.00,5.8380,24.734554,46.698616,15.948,149.484,6.690
2025-12-25T22:17:56.570Z,46.721,5.148,240.533,20.000,0.00,5.8380,24.734554,46.698616,15.962,149.357,6.695
2025-12-25T22:17:56.773Z,46.725,5.012,234.167,20.000,0.00,5.8380,24.734554,46.698616,15.975,149.234,6.701
2025-12-25T22:17:57.058Z,46.885,4.565,214.034,20.000,0.00,5.8380,24.734554,46.698616,15.992,149.076,6.708
2025-12-25T22:17:57.058Z,46.669,5.192,242.294,20.210,0.00,5.8440,24.734509,46.698643,15.992,149.451,6.691
2025-12-25T22:17:57.264Z,46.701,5.085,237.455,20.210,0.00,5.8440,24.734509,46.698643,16.005,149.324,6.697
2025-12-25T22:17:57.384Z,46.621,5.412,252.315,20.210,0.00,5.8440,24.734509,46.698643,16.014,149.246,6.700
2025-12-25T22:17:57.674Z,47.023,4.134,194.417,20.210,0.00,5.8440,24.734509,46.698643,16.030,149.100,6.707
2025-12-25T22:17:57.675Z,46.729,5.060,236.448,20.210,0.00,5.8440,24.734509,46.698643,16.030,149.100,6.707
2025-12-25T22:17:57.782Z,46.892,4.589,215.205,20.210,0.00,5.8440,24.734509,46.698643,16.036,149.040,6.710
2025-12-25T22:17:58.187Z,46.644,5.239,244.379,20.210,0.00,5.8440,24.734509,46.698643,16.063,148.785,6.721
2025-12-25T22:17:58.231Z,46.756,5.084,237.722,20.430,0.00,5.8500,24.734465,46.698677,16.066,149.131,6.705
2025-12-25T22:17:58.232Z,46.729,5.083,237.527,20.430,0.00,5.8500,24.734465,46.698677,16.066,149.131,6.706
2025-12-25T22:17:58.492Z,46.641,5.364,250.187,20.430,0.00,5.8500,24.734465,46.698677,16.084,148.964,6.713
2025-12-25T22:17:58.604Z,46.823,4.808,225.126,20.430,0.00,5.8500,24.734465,46.698677,16.092,148.898,6.716
2025-12-25T22:17:59.004Z,46.715,5.088,237.690,20.430,0.00,5.8500,24.734465,46.698677,16.118,148.654,6.727
2025-12-25T22:17:59.415Z,46.680,5.211,243.271,20.430,0.00,5.8500,24.734465,46.698677,16.146,148.399,6.739
2025-12-25T22:17:59.415Z,46.726,5.011,234.125,19.910,0.00,5.8560,24.734428,46.698715,16.146,148.770,6.722
2025-12-25T22:17:59.416Z,46.833,4.698,220.029,19.910,0.00,5.8560,24.734428,46.698715,16.146,148.770,6.722
2025-12-25T22:17:59.429Z,46.733,5.072,237.051,19.910,0.00,5.8560,24.734428,46.698715,16.147,148.762,6.722
2025-12-25T22:17:59.824Z,46.889,4.550,213.327,19.910,0.00,5.8560,24.734428,46.698715,16.170,148.547,6.732
2025-12-25T22:17:59.824Z,46.775,4.835,226.161,19.910,0.00,5.8560,24.734428,46.698715,16.170,148.547,6.732
2025-12-25T22:18:00.031Z,46.755,4.901,229.163,19.910,0.00,5.8560,24.734428,46.698715,16.183,148.426,6.737
2025-12-25T22:18:00.124Z,46.888,4.518,211.821,19.910,0.00,5.8560,24.734428,46.698715,16.189,148.375,6.740
2025-12-25T22:18:00.265Z,46.918,4.498,211.016,19.130,0.00,5.8610,24.734400,46.698753,16.197,148.609,6.729
2025-12-25T22:18:00.452Z,46.918,4.509,211.543,19.130,0.00,5.8610,24.734400,46.698753,16.208,148.508,6.734
2025-12-25T22:18:00.453Z,46.900,4.392,205.986,19.130,0.00,5.8610,24.734400,46.698753,16.208,148.508,6.734
2025-12-25T22:18:00.745Z,46.853,4.623,216.621,19.130,0.00,5.8610,24.734400,46.698753,16.226,148.347,6.741
2025-12-25T22:18:00.877Z,46.823,4.637,217.122,19.130,0.00,5.8610,24.734400,46.698753,16.234,148.274,6.744
2025-12-25T22:18:01.257Z,46.937,4.269,200.361,19.130,0.00,5.8610,24.734400,46.698753,16.255,148.081,6.753
2025-12-25T22:18:01.258Z,46.821,4.587,214.758,18.090,0.00,5.8660,24.734373,46.698799,16.255,148.388,6.739
2025-12-25T22:18:01.295Z,46.769,4.893,228.824,18.090,0.00,5.8660,24.734373,46.698799,16.257,148.367,6.740
2025-12-25T22:18:01.482Z,46.834,4.755,222.714,18.090,0.00,5.8660,24.734373,46.698799,16.269,148.261,6.745
2025-12-25T22:18:02.180Z,46.877,4.490,210.500,18.090,0.00,5.8660,24.734373,46.698799,16.309,147.890,6.762
2025-12-25T22:18:02.180Z,46.756,4.899,229.043,18.090,0.00,5.8660,24.734373,46.698799,16.309,147.890,6.762
2025-12-25T22:18:02.180Z,47.024,4.883,229.618,18.090,0.00,5.8660,24.734373,46.698799,16.309,147.890,6.762
2025-12-25T22:18:02.180Z,46.767,4.922,230.172,17.650,0.00,5.8710,24.734352,46.698845,16.309,148.196,6.748
2025-12-25T22:18:02.313Z,46.789,4.721,220.899,17.650,0.00,5.8710,24.734352,46.698845,16.318,148.122,6.751
2025-12-25T22:18:02.314Z,46.767,4.850,226.806,17.650,0.00,5.8710,24.734352,46.698845,16.318,148.122,6.751
2025-12-25T22:18:02.515Z,46.812,4.711,220.514,17.650,0.00,5.8710,24.734352,46.698845,16.330,148.010,6.756
2025-12-25T22:18:02.792Z,46.763,4.867,227.612,17.650,0.00,5.8710,24.734352,46.698845,16.348,147.851,6.764
2025-12-25T22:18:02.937Z,47.048,3.914,184.146,17.650,0.00,5.8710,24.734352,46.698845,16.355,147.784,6.767
2025-12-25T22:18:03.123Z,46.917,4.480,210.185,17.650,0.00,5.8710,24.734352,46.698845,16.366,147.687,6.771
2025-12-25T22:18:03.123Z,46.861,4.561,213.724,17.980,0.00,5.8760,24.734337,46.698891,16.366,147.992,6.757
2025-12-25T22:18:03.348Z,46.977,4.195,197.075,17.980,0.00,5.8760,24.734337,46.698891,16.378,147.881,6.762
2025-12-25T22:18:03.524Z,46.776,4.671,218.497,17.980,0.00,5.8760,24.734337,46.698891,16.389,147.784,6.767
2025-12-25T22:18:03.920Z,46.916,4.380,205.478,17.980,0.00,5.8760,24.734337,46.698891,16.411,147.581,6.776
2025-12-25T22:18:03.920Z,46.793,4.574,214.016,17.980,0.00,5.8760,24.734337,46.698891,16.411,147.580,6.776
2025-12-25T22:18:04.226Z,47.144,3.768,177.617,17.980,0.00,5.8760,24.734337,46.698891,16.426,147.445,6.782
2025-12-25T22:18:04.233Z,46.874,4.458,208.941,18.280,0.00,5.8810,24.734335,46.698940,16.427,147.746,6.768
2025-12-25T22:18:04.243Z,46.864,4.590,215.102,18.280,0.00,5.8810,24.734335,46.698940,16.427,147.740,6.769
2025-12-25T22:18:04.534Z,46.786,4.735,221.526,18.280,0.00,5.8810,24.734335,46.698940,16.445,147.579,6.776
2025-12-25T22:18:04.678Z,46.984,4.151,195.035,18.280,0.00,5.8810,24.734335,46.698940,16.453,147.509,6.779
2025-12-25T22:18:04.679Z,46.884,4.319,202.483,18.280,0.00,5.8810,24.734335,46.698940,16.453,147.509,6.779
2025-12-25T22:18:05.054Z,46.869,4.705,220.514,18.280,0.00,5.8810,24.734335,46.698940,16.476,147.303,6.789
2025-12-25T22:18:05.065Z,46.921,4.305,202.006,18.540,0.00,5.8860,24.734341,46.698990,16.477,147.601,6.775
2025-12-25T22:18:05.340Z,46.953,4.420,207.522,18.540,0.00,5.8860,24.734341,46.698990,16.493,147.459,6.782
2025-12-25T22:18:05.478Z,46.960,4.341,203.868,18.540,0.00,5.8860,24.734341,46.698990,16.501,147.389,6.785
2025-12-25T22:18:05.478Z,46.937,4.344,203.897,18.540,0.00,5.8860,24.734341,46.698990,16.501,147.389,6.785
2025-12-25T22:18:05.688Z,46.806,4.655,217.898,18.540,0.00,5.8860,24.734341,46.698990,16.513,147.276,6.790
2025-12-25T22:18:05.950Z,46.979,4.025,189.103,18.540,0.00,5.8860,24.734341,46.698990,16.527,147.153,6.796
2025-12-25T22:18:06.097Z,46.830,4.618,216.265,18.540,0.00,5.8860,24.734341,46.698990,16.536,147.075,6.799
2025-12-25T22:18:06.097Z,46.861,4.666,218.637,18.820,0.00,5.8910,24.734358,46.699036,16.536,147.377,6.785
2025-12-25T22:18:06.377Z,46.869,4.637,217.342,18.820,0.00,5.8910,24.734358,46.699036,16.553,147.227,6.792
2025-12-25T22:18:06.499Z,46.993,4.217,198.171,18.820,0.00,5.8910,24.734358,46.699036,16.559,147.167,6.795
2025-12-25T22:18:06.702Z,46.784,4.856,227.194,18.820,0.00,5.8910,24.734358,46.699036,16.572,147.053,6.800
2025-12-25T22:18:06.702Z,46.754,4.741,221.675,18.820,0.00,5.8910,24.734358,46.699036,16.572,147.053,6.800
2025-12-25T22:18:06.990Z,46.911,4.333,203.282,18.820,0.00,5.8910,24.734358,46.699036,16.589,146.909,6.807
2025-12-25T22:18:07.113Z,46.736,5.034,235.262,19.110,0.00,5.8960,24.734383,46.699078,16.597,147.139,6.796
2025-12-25T22:18:07.329Z,46.661,5.148,240.228,19.110,0.00,5.8960,24.734383,46.699078,16.611,147.011,6.802
2025-12-25T22:18:07.527Z,46.657,5.133,239.506,19.110,0.00,5.8960,24.734383,46.699078,16.624,146.895,6.808
2025-12-25T22:18:07.527Z,46.741,5.513,257.678,19.110,0.00,5.8960,24.734383,46.699078,16.624,146.895,6.808
2025-12-25T22:18:07.922Z,46.648,5.147,240.100,19.110,0.00,5.8960,24.734383,46.699078,16.650,146.662,6.818
2025-12-25T22:18:07.932Z,46.767,4.845,226.596,19.110,0.00,5.8960,24.734383,46.699078,16.651,146.657,6.819
2025-12-25T22:18:08.224Z,46.648,5.061,236.077,19.630,0.00,5.9020,24.734417,46.699116,16.670,146.849,6.810
2025-12-25T22:18:08.224Z,46.581,5.408,251.895,19.630,0.00,5.9020,24.734417,46.699116,16.670,146.849,6.810
2025-12-25T22:18:08.426Z,46.621,5.205,242.658,19.630,0.00,5.9020,24.734417,46.699116,16.684,146.729,6.815
2025-12-25T22:18:08.565Z,46.966,4.194,196.966,19.630,0.00,5.9020,24.734417,46.699116,16.691,146.662,6.818
2025-12-25T22:18:08.761Z,46.744,4.764,222.667,19.630,0.00,5.9020,24.734417,46.699116,16.704,146.555,6.823
2025-12-25T22:18:08.761Z,46.720,4.942,230.874,19.630,0.00,5.9020,24.734417,46.699116,16.704,146.555,6.823
2025-12-25T22:18:09.038Z,46.732,4.875,227.812,19.630,0.00,5.9020,24.734417,46.699116,16.721,146.402,6.831
2025-12-25T22:18:09.165Z,46.602,5.326,248.184,20.080,0.00,5.9070,24.734461,46.699142,16.730,146.624,6.820
2025-12-25T22:18:09.551Z,46.626,5.113,238.393,20.080,0.00,5.9070,24.734461,46.699142,16.755,146.401,6.831
2025-12-25T22:18:09.632Z,46.700,5.000,233.493,20.080,0.00,5.9070,24.734461,46.699142,16.761,146.354,6.833
2025-12-25T22:18:09.632Z,46.675,4.946,230.838,20.080,0.00,5.9070,24.734461,46.699142,16.761,146.354,6.833
2025-12-25T22:18:09.977Z,46.693,4.933,230.350,20.080,0.00,5.9070,24.734461,46.699142,16.783,146.162,6.842
2025-12-25T22:18:09.978Z,46.688,5.019,234.325,20.080,0.00,5.9070,24.734461,46.699142,16.783,146.162,6.842
2025-12-25T22:18:10.098Z,46.773,4.677,218.744,21.130,0.00,5.9130,24.734509,46.699162,16.790,146.455,6.828
2025-12-25T22:18:10.329Z,46.663,5.096,237.784,21.130,0.00,5.9130,24.734509,46.699162,16.805,146.322,6.834
2025-12-25T22:18:10.504Z,46.749,5.056,236.380,21.130,0.00,5.9130,24.734509,46.699162,16.817,146.222,6.839
2025-12-25T22:18:10.505Z,46.799,4.623,216.371,21.130,0.00,5.9130,24.734509,46.699162,16.817,146.222,6.839
2025-12-25T22:18:10.780Z,48.307,0.082,3.977,21.130,0.00,5.9130,24.734509,46.699162,16.817,146.219,6.839
2025-12-25T22:18:10.913Z,48.244,0.319,15.374,21.130,0.00,5.9130,24.734509,46.699162,16.818,146.214,6.839
2025-12-25T22:18:11.208Z,48.181,0.533,25.702,21.130,0.00,5.9130,24.734509,46.699162,16.820,146.196,6.840
2025-12-25T22:18:11.208Z,48.259,0.305,14.726,22.090,0.00,5.9190,24.734562,46.699173,16.820,146.553,6.823
2025-12-25T22:18:11.319Z,48.304,0.168,8.137,22.090,0.00,5.9190,24.734562,46.699173,16.820,146.551,6.824
2025-12-25T22:18:11.519Z,48.333,0.098,4.724,22.090,0.00,5.9190,24.734562,46.699173,16.820,146.548,6.824
2025-12-25T22:18:11.713Z,48.342,0.084,4.040,22.090,0.00,5.9190,24.734562,46.699173,16.821,146.546,6.824
2025-12-25T22:18:11.933Z,48.350,0.071,3.442,22.090,0.00,5.9190,24.734562,46.699173,16.821,146.545,6.824
2025-12-25T22:18:11.933Z,48.355,0.067,3.258,22.090,0.00,5.9190,24.734562,46.699173,16.821,146.545,6.824
2025-12-25T22:18:12.133Z,48.359,0.067,3.232,22.740,0.00,5.9260,24.734619,46.699169,16.821,146.959,6.805
2025-12-25T22:18:12.418Z,48.358,0.075,3.629,22.740,0.00,5.9260,24.734619,46.699169,16.821,146.957,6.805
2025-12-25T22:18:12.551Z,48.365,0.066,3.186,22.740,0.00,5.9260,24.734619,46.699169,16.821,146.956,6.805
2025-12-25T22:18:12.552Z,48.367,0.065,3.159,22.740,0.00,5.9260,24.734619,46.699169,16.821,146.956,6.805
2025-12-25T22:18:12.929Z,48.369,0.067,3.223,22.740,0.00,5.9260,24.734619,46.699169,16.822,146.953,6.805
2025-12-25T22:18:12.992Z,48.369,0.076,3.670,22.740,0.00,5.9260,24.734619,46.699169,16.822,146.952,6.805
2025-12-25T22:18:13.163Z,48.375,0.064,3.111,23.460,0.00,5.9320,24.734676,46.699158,16.822,147.308,6.789
2025-12-25T22:18:13.163Z,48.373,0.068,3.299,23.460,0.00,5.9320,24.734676,46.699158,16.822,147.308,6.789
2025-12-25T22:18:13.545Z,48.374,0.089,4.281,23.460,0.00,5.9320,24.734676,46.699158,16.822,147.304,6.789
2025-12-25T22:18:13.615Z,48.375,0.089,4.281,23.460,0.00,5.9320,24.734676,46.699158,16.822,147.303,6.789
2025-12-25T22:18:13.771Z,48.380,0.076,3.686,23.460,0.00,5.9320,24.734676,46.699158,16.823,147.301,6.789
2025-12-25T22:18:13.771Z,48.385,0.072,3.494,23.460,0.00,5.9320,24.734676,46.699158,16.823,147.301,6.789
2025-12-25T22:18:14.136Z,48.386,0.074,3.562,23.460,0.00,5.9320,24.734676,46.699158,16.823,147.298,6.789
2025-12-25T22:18:14.182Z,48.386,0.081,3.926,22.840,0.00,5.9390,24.734732,46.699135,16.823,147.714,6.770
2025-12-25T22:18:14.487Z,48.390,0.071,3.419,22.840,0.00,5.9390,24.734732,46.699135,16.823,147.711,6.770
2025-12-25T22:18:14.487Z,48.395,0.065,3.140,22.840,0.00,5.9390,24.734732,46.699135,16.823,147.711,6.770
2025-12-25T22:18:14.775Z,48.394,0.071,3.458,22.840,0.00,5.9390,24.734732,46.699135,16.824,147.709,6.770
2025-12-25T22:18:14.902Z,48.397,0.070,3.379,22.840,0.00,5.9390,24.734732,46.699135,16.824,147.708,6.770
2025-12-25T22:18:14.902Z,48.401,0.065,3.152,22.840,0.00,5.9390,24.734732,46.699135,16.824,147.708,6.770
2025-12-25T22:18:15.102Z,48.399,0.080,3.859,22.580,0.00,5.9450,24.734783,46.699112,16.824,148.063,6.754
2025-12-25T22:18:15.313Z,48.397,0.087,4.189,22.580,0.00,5.9450,24.734783,46.699112,16.824,148.060,6.754
2025-12-25T22:18:15.593Z,48.402,0.077,3.717,22.580,0.00,5.9450,24.734783,46.699112,16.824,148.058,6.754
2025-12-25T22:18:15.596Z,48.404,0.079,3.841,22.580,0.00,5.9450,24.734783,46.699112,16.824,148.058,6.754
2025-12-25T22:18:15.900Z,48.404,0.081,3.937,22.580,0.00,5.9450,24.734783,46.699112,16.825,148.055,6.754
2025-12-25T22:18:15.900Z,48.371,0.195,9.449,22.580,0.00,5.9450,24.734783,46.699112,16.825,148.055,6.754
2025-12-25T22:18:16.018Z,48.304,0.408,19.685,22.260,0.00,5.9510,24.734833,46.699081,16.825,148.406,6.738
2025-12-25T22:18:16.411Z,48.379,0.167,8.085,22.260,0.00,5.9510,24.734833,46.699081,16.826,148.398,6.739
2025-12-25T22:18:16.440Z,48.370,0.211,10.184,22.260,0.00,5.9510,24.734833,46.699081,16.826,148.397,6.739
2025-12-25T22:18:16.720Z,48.377,0.189,9.126,22.260,0.00,5.9510,24.734833,46.699081,16.827,148.391,6.739
2025-12-25T22:18:16.720Z,48.366,0.232,11.240,22.260,0.00,5.9510,24.734833,46.699081,16.827,148.391,6.739
2025-12-25T22:18:16.923Z,48.383,0.165,7.971,22.260,0.00,5.9510,24.734833,46.699081,16.828,148.387,6.739
2025-12-25T22:18:17.042Z,48.372,0.223,10.808,22.260,0.00,5.9510,24.734833,46.699081,16.828,148.384,6.739
2025-12-25T22:18:17.333Z,48.360,0.262,12.687,21.690,0.00,5.9570,24.734875,46.699047,16.829,148.732,6.724
2025-12-25T22:18:17.334Z,48.377,0.216,10.443,21.690,0.00,5.9570,24.734875,46.699047,16.829,148.732,6.724
2025-12-25T22:18:17.538Z,48.335,0.351,16.987,21.690,0.00,5.9570,24.734875,46.699047,16.830,148.723,6.724
2025-12-25T22:18:17.675Z,48.374,0.224,10.845,21.690,0.00,5.9570,24.734875,46.699047,16.830,148.719,6.724
2025-12-25T22:18:18.050Z,48.362,0.265,12.824,21.690,0.00,5.9570,24.734875,46.699047,16.832,148.708,6.725
2025-12-25T22:18:18.051Z,48.396,0.170,8.223,21.690,0.00,5.9570,24.734875,46.699047,16.832,148.708,6.725
2025-12-25T22:18:18.092Z,48.324,0.368,17.804,21.130,0.00,5.9630,24.734913,46.699005,16.832,149.062,6.709
2025-12-25T22:18:18.357Z,48.304,0.465,22.477,21.130,0.00,5.9630,24.734913,46.699005,16.834,149.048,6.709
2025-12-25T22:18:18.483Z,48.321,0.396,19.132,21.130,0.00,5.9630,24.734913,46.699005,16.834,149.042,6.710
2025-12-25T22:18:18.767Z,48.387,0.213,10.294,21.130,0.00,5.9630,24.734913,46.699005,16.835,149.034,6.710
2025-12-25T22:18:18.767Z,48.408,0.151,7.311,21.130,0.00,5.9630,24.734913,46.699005,16.835,149.034,6.710
2025-12-25T22:18:18.972Z,48.425,0.100,4.836,21.130,0.00,5.9630,24.734913,46.699005,16.835,149.032,6.710
2025-12-25T22:18:19.108Z,48.434,0.074,3.573,20.520,0.00,5.9690,24.734943,46.698959,16.835,149.387,6.694
2025-12-25T22:18:19.484Z,48.438,0.067,3.265,20.520,0.00,5.9690,24.734943,46.698959,16.836,149.384,6.694
2025-12-25T22:18:19.484Z,48.441,0.064,3.091,20.520,0.00,5.9690,24.734943,46.698959,16.836,149.384,6.694
2025-12-25T22:18:19.526Z,48.435,0.088,4.261,20.520,0.00,5.9690,24.734943,46.698959,16.836,149.384,6.694
2025-12-25T22:18:19.791Z,48.438,0.082,3.956,20.520,0.00,5.9690,24.734943,46.698959,16.836,149.381,6.694
2025-12-25T22:18:19.927Z,48.445,0.067,3.251,20.520,0.00,5.9690,24.734943,46.698959,16.836,149.380,6.694
2025-12-25T22:18:19.927Z,48.445,0.066,3.201,20.520,0.00,5.9690,24.734943,46.698959,16.836,149.380,6.694
2025-12-25T22:18:20.303Z,48.444,0.074,3.594,20.000,0.00,5.9740,24.734968,46.698910,16.837,149.674,6.681
2025-12-25T22:18:20.366Z,48.441,0.090,4.359,20.000,0.00,5.9740,24.734968,46.698910,16.837,149.673,6.681
2025-12-25T22:18:20.610Z,48.446,0.077,3.722,20.000,0.00,5.9740,24.734968,46.698910,16.837,149.671,6.681
2025-12-25T22:18:20.610Z,48.452,0.065,3.125,20.000,0.00,5.9740,24.734968,46.698910,16.837,149.671,6.681
2025-12-25T22:18:20.815Z,48.452,0.066,3.199,20.000,0.00,5.9740,24.734968,46.698910,16.837,149.669,6.681
2025-12-25T22:18:20.957Z,48.453,0.069,3.338,20.000,0.00,5.9740,24.734968,46.698910,16.837,149.668,6.681
2025-12-25T22:18:21.152Z,48.450,0.078,3.793,19.650,0.00,5.9800,24.734983,46.698856,16.837,150.022,6.666
2025-12-25T22:18:21.430Z,48.452,0.077,3.722,19.650,0.00,5.9800,24.734983,46.698856,16.838,150.020,6.666
2025-12-25T22:18:21.430Z,48.454,0.074,3.604,19.650,0.00,5.9800,24.734983,46.698856,16.838,150.020,6.666
2025-12-25T22:18:21.634Z,48.456,0.071,3.429,19.650,0.00,5.9800,24.734983,46.698856,16.838,150.018,6.666
2025-12-25T22:18:21.760Z,48.457,0.072,3.486,19.650,0.00,5.9800,24.734983,46.698856,16.838,150.017,6.666
2025-12-25T22:18:22.146Z,48.399,0.251,12.167,19.650,0.00,5.9800,24.734983,46.698856,16.839,150.006,6.666
2025-12-25T22:18:22.146Z,48.376,0.338,16.372,19.650,0.00,5.9800,24.734983,46.698856,16.839,150.005,6.666
2025-12-25T22:18:22.170Z,48.380,0.313,15.148,18.830,0.00,5.9850,24.734989,46.698807,16.839,150.302,6.653
2025-12-25T22:18:22.368Z,48.306,0.514,24.825,18.830,0.00,5.9850,24.734989,46.698807,16.841,150.289,6.654
2025-12-25T22:18:22.638Z,48.383,0.307,14.852,18.830,0.00,5.9850,24.734989,46.698807,16.842,150.279,6.654
2025-12-25T22:18:22.638Z,48.354,0.422,20.426,18.830,0.00,5.9850,24.734989,46.698807,16.842,150.279,6.654
2025-12-25T22:18:22.783Z,48.377,0.339,16.382,18.830,0.00,5.9850,24.734989,46.698807,16.843,150.273,6.655
2025-12-25T22:18:23.170Z,48.358,0.397,19.178,18.830,0.00,5.9850,24.734989,46.698807,16.845,150.255,6.655
2025-12-25T22:18:23.232Z,48.368,0.367,17.755,18.210,0.00,5.9900,24.734987,46.698753,16.845,150.549,6.642
2025-12-25T22:18:23.580Z,48.300,0.576,27.820,18.210,0.00,5.9900,24.734987,46.698753,16.848,150.525,6.643
2025-12-25T22:18:23.581Z,48.233,0.794,38.307,18.210,0.00,5.9900,24.734987,46.698753,16.848,150.525,6.643
2025-12-25T22:18:23.595Z,48.249,0.744,35.885,18.210,0.00,5.9900,24.734987,46.698753,16.848,150.524,6.643
2025-12-25T22:18:23.887Z,48.049,1.324,63.610,18.210,0.00,5.9900,24.734987,46.698753,16.853,150.478,6.646
2025-12-25T22:18:24.297Z,48.188,0.898,43.281,18.210,0.00,5.9900,24.734987,46.698753,16.858,150.434,6.647
2025-12-25T22:18:24.297Z,48.163,0.977,47.044,18.040,0.00,5.9950,24.734972,46.698708,16.858,150.730,6.634
2025-12-25T22:18:24.335Z,47.984,1.575,75.588,18.040,0.00,5.9950,24.734972,46.698708,16.859,150.723,6.635
2025-12-25T22:18:24.335Z,47.791,2.157,103.097,18.040,0.00,5.9950,24.734972,46.698708,16.859,150.723,6.635
2025-12-25T22:18:24.707Z,47.859,1.916,91.700,18.040,0.00,5.9950,24.734972,46.698708,16.868,150.638,6.638
2025-12-25T22:18:24.732Z,47.829,1.878,89.816,18.040,0.00,5.9950,24.734972,46.698708,16.869,150.633,6.639
2025-12-25T22:18:25.014Z,47.767,2.189,104.561,18.040,0.00,5.9950,24.734972,46.698708,16.877,150.560,6.642
2025-12-25T22:18:25.014Z,47.821,2.019,96.532,18.040,0.00,5.9950,24.734972,46.698708,16.877,150.560,6.642
2025-12-25T22:18:25.165Z,47.767,2.158,103.097,17.410,0.00,6.0000,24.734947,46.698669,16.881,150.817,6.631
2025-12-25T22:18:25.328Z,47.821,2.006,95.947,17.410,0.00,6.0000,24.734947,46.698669,16.886,150.779,6.632
2025-12-25T22:18:25.570Z,47.836,1.998,95.571,17.410,0.00,6.0000,24.734947,46.698669,16.892,150.721,6.635
2025-12-25T22:18:25.832Z,47.760,2.244,107.156,17.410,0.00,6.0000,24.734947,46.698669,16.900,150.652,6.638
2025-12-25T22:18:25.832Z,47.678,2.437,116.183,17.410,0.00,6.0000,24.734947,46.698669,16.900,150.652,6.638
2025-12-25T22:18:26.139Z,47.130,4.090,192.757,17.410,0.00,6.0000,24.734947,46.698669,16.916,150.505,6.644
2025-12-25T22:18:26.140Z,47.183,3.981,187.846,17.280,0.00,6.0050,24.734915,46.698635,16.916,150.801,6.631
2025-12-25T22:18:26.432Z,47.127,4.062,191.436,17.280,0.00,6.0050,24.734915,46.698635,16.932,150.662,6.637
2025-12-25T22:18:26.433Z,47.155,3.906,184.205,17.280,0.00,6.0050,24.734915,46.698635,16.932,150.662,6.637
2025-12-25T22:18:26.653Z,47.162,3.778,178.162,17.280,0.00,6.0050,24.734915,46.698635,16.943,150.565,6.642
2025-12-25T22:18:26.783Z,47.200,3.919,184.976,17.280,0.00,6.0050,24.734915,46.698635,16.950,150.506,6.644
2025-12-25T22:18:27.029Z,47.264,3.622,171.179,17.280,0.00,6.0050,24.734915,46.698635,16.961,150.402,6.649
2025-12-25T22:18:27.033Z,47.068,4.111,193.495,18.090,0.00,6.0100,24.734877,46.698608,16.961,150.695,6.636
2025-12-25T22:18:27.193Z,47.206,3.864,182.383,18.090,0.00,6.0100,24.734877,46.698608,16.970,150.623,6.639
2025-12-25T22:18:27.483Z,47.313,3.412,161.452,18.090,0.00,6.0100,24.734877,46.698608,16.983,150.507,6.644
2025-12-25T22:18:27.608Z,47.354,3.305,156.510,18.090,0.00,6.0100,24.734877,46.698608,16.988,150.459,6.646
2025-12-25T22:18:27.881Z,47.022,4.399,206.840,18.090,0.00,6.0100,24.734877,46.698608,17.004,150.320,6.652
2025-12-25T22:18:27.881Z,46.902,4.805,225.353,18.090,0.00,6.0100,24.734877,46.698608,17.004,150.320,6.652
2025-12-25T22:18:28.193Z,46.953,4.600,215.965,18.090,0.00,6.0100,24.734877,46.698608,17.022,150.155,6.660
2025-12-25T22:18:28.193Z,46.919,4.443,208.468,18.330,0.00,6.0150,24.734835,46.698586,17.022,150.449,6.647
2025-12-25T22:18:28.317Z,46.946,4.682,219.786,18.330,0.00,6.0150,24.734835,46.698586,17.030,150.382,6.650
2025-12-25T22:18:28.700Z,46.903,4.622,216.762,18.330,0.00,6.0150,24.734835,46.698586,17.053,150.179,6.659
2025-12-25T22:18:28.729Z,46.986,4.508,211.825,18.330,0.00,6.0150,24.734835,46.698586,17.055,150.164,6.659
2025-12-25T22:18:28.732Z,46.833,5.016,234.925,18.330,0.00,6.0150,24.734835,46.698586,17.055,150.162,6.659
2025-12-25T22:18:29.008Z,46.809,5.052,236.459,18.330,0.00,6.0150,24.734835,46.698586,17.073,150.002,6.667
2025-12-25T22:18:29.122Z,46.856,4.779,223.940,18.450,0.00,6.0200,24.734791,46.698570,17.080,150.233,6.656
2025-12-25T22:18:29.519Z,46.884,4.865,228.105,18.450,0.00,6.0200,24.734791,46.698570,17.105,150.012,6.666
2025-12-25T22:18:29.519Z,46.834,4.694,219.858,18.450,0.00,6.0200,24.734791,46.698570,17.105,150.012,6.666
2025-12-25T22:18:29.529Z,47.087,4.086,192.400,18.450,0.00,6.0200,24.734791,46.698570,17.106,150.007,6.666
2025-12-25T22:18:30.030Z,46.876,4.770,223.615,18.450,0.00,6.0200,24.734791,46.698570,17.137,149.735,6.678
2025-12-25T22:18:30.031Z,47.033,4.266,200.646,18.450,0.00,6.0200,24.734791,46.698570,17.137,149.734,6.678
2025-12-25T22:18:30.046Z,46.942,4.510,211.710,19.500,0.00,6.0260,24.734743,46.698555,17.138,150.077,6.663
2025-12-25T22:18:30.258Z,46.891,4.580,214.749,19.500,0.00,6.0260,24.734743,46.698555,17.151,149.966,6.668
2025-12-25T22:18:30.459Z,46.828,4.744,222.166,19.500,0.00,6.0260,24.734743,46.698555,17.163,149.858,6.673
2025-12-25T22:18:30.459Z,46.835,4.792,224.419,19.500,0.00,6.0260,24.734743,46.698555,17.163,149.857,6.673
2025-12-25T22:18:30.664Z,46.913,4.472,209.800,19.500,0.00,6.0260,24.734743,46.698555,17.175,149.754,6.678
2025-12-25T22:18:30.954Z,46.763,4.991,233.416,19.500,0.00,6.0260,24.734743,46.698555,17.194,149.590,6.685
2025-12-25T22:18:31.086Z,46.821,4.803,224.896,19.500,0.00,6.0260,24.734743,46.698555,17.202,149.518,6.688
2025-12-25T22:18:31.086Z,46.802,4.858,227.371,19.580,0.00,6.0310,24.734695,46.698547,17.202,149.808,6.675
2025-12-25T22:18:31.465Z,46.867,4.783,224.184,19.580,0.00,6.0310,24.734695,46.698547,17.226,149.604,6.684
2025-12-25T22:18:31.509Z,46.893,4.588,215.137,19.580,0.00,6.0310,24.734695,46.698547,17.228,149.580,6.685
2025-12-25T22:18:31.977Z,46.790,4.861,227.456,19.580,0.00,6.0310,24.734695,46.698547,17.258,149.324,6.697
2025-12-25T22:18:31.978Z,46.806,4.812,225.222,19.580,0.00,6.0310,24.734695,46.698547,17.258,149.324,6.697
2025-12-25T22:18:32.014Z,46.762,5.024,234.924,19.580,0.00,6.0310,24.734695,46.698547,17.260,149.303,6.698
2025-12-25T22:18:32.021Z,46.712,5.096,238.024,21.630,0.00,6.0370,24.734644,46.698559,17.261,149.647,6.682
2025-12-25T22:18:32.284Z,46.874,4.642,217.597,21.630,0.00,6.0370,24.734644,46.698559,17.277,149.509,6.689
2025-12-25T22:18:32.397Z,46.982,4.227,198.586,21.630,0.00,6.0370,24.734644,46.698559,17.283,149.455,6.691
2025-12-25T22:18:32.694Z,46.846,4.823,225.943,21.630,0.00,6.0370,24.734644,46.698559,17.301,149.294,6.698
2025-12-25T22:18:32.809Z,46.786,4.785,223.869,21.630,0.00,6.0370,24.734644,46.698559,17.309,149.233,6.701
2025-12-25T22:18:32.809Z,46.598,5.470,254.912,21.630,0.00,6.0370,24.734644,46.698559,17.309,149.232,6.701
2025-12-25T22:18:33.206Z,46.507,5.802,269.850,21.630,0.00,6.0370,24.734644,46.698559,17.338,148.976,6.712
2025-12-25T22:18:33.224Z,46.616,5.355,249.624,20.720,0.00,6.0430,24.734596,46.698574,17.340,149.312,6.697
2025-12-25T22:18:33.439Z,46.738,4.939,230.819,20.720,0.00,6.0430,24.734596,46.698574,17.353,149.193,6.703
2025-12-25T22:18:33.440Z,46.652,5.255,245.162,20.720,0.00,6.0430,24.734596,46.698574,17.353,149.193,6.703
2025-12-25T22:18:33.717Z,46.547,5.731,266.780,20.720,0.00,6.0430,24.734596,46.698574,17.374,149.016,6.711
2025-12-25T22:18:33.827Z,46.430,5.997,278.424,20.720,0.00,6.0430,24.734596,46.698574,17.382,148.943,6.714
2025-12-25T22:18:34.126Z,46.399,5.880,272.848,20.720,0.00,6.0430,24.734596,46.698574,17.405,148.749,6.723
2025-12-25T22:18:34.127Z,46.372,6.053,280.675,20.710,0.00,6.0480,24.734550,46.698597,17.405,149.036,6.710
2025-12-25T22:18:34.331Z,46.266,6.433,297.637,20.710,0.00,6.0480,24.734550,46.698597,17.422,148.891,6.716
2025-12-25T22:18:34.442Z,46.571,5.567,259.266,20.710,0.00,6.0480,24.734550,46.698597,17.430,148.824,6.719
2025-12-25T22:18:34.843Z,46.248,6.323,292.407,20.710,0.00,6.0480,24.734550,46.698597,17.463,148.546,6.732
2025-12-25T22:18:34.912Z,46.480,6.018,279.704,20.710,0.00,6.0480,24.734550,46.698597,17.468,148.500,6.734
2025-12-25T22:18:34.912Z,46.414,5.806,269.492,20.710,0.00,6.0480,24.734550,46.698597,17.468,148.500,6.734
2025-12-25T22:18:35.140Z,46.362,6.135,284.439,20.930,0.00,6.0540,24.734505,46.698624,17.486,148.690,6.725
2025-12-25T22:18:35.273Z,46.740,4.888,228.458,20.930,0.00,6.0540,24.734505,46.698624,17.494,148.618,6.729
2025-12-25T22:18:35.484Z,46.437,5.818,270.149,20.930,0.00,6.0540,24.734505,46.698624,17.510,148.484,6.735
2025-12-25T22:18:35.484Z,46.601,5.250,244.632,20.930,0.00,6.0540,24.734505,46.698624,17.510,148.484,6.735
2025-12-25T22:18:35.969Z,46.546,5.589,260.144,20.930,0.00,6.0540,24.734505,46.698624,17.545,148.187,6.748
2025-12-25T22:18:35.970Z,46.365,5.963,276.487,20.930,0.00,6.0540,24.734505,46.698624,17.545,148.187,6.748
2025-12-25T22:18:36.008Z,46.505,5.597,260.292,20.930,0.00,6.0540,24.734505,46.698624,17.548,148.164,6.749
2025-12-25T22:18:36.196Z,46.401,5.945,275.862,21.130,0.00,6.0600,24.734465,46.698658,17.563,148.384,6.739
2025-12-25T22:18:36.411Z,46.439,5.899,273.954,21.130,0.00,6.0600,24.734465,46.698658,17.579,148.246,6.746
2025-12-25T22:18:36.412Z,46.305,6.147,284.617,21.130,0.00,6.0600,24.734465,46.698658,17.579,148.245,6.746
2025-12-25T22:18:36.686Z,46.630,5.243,244.505,21.130,0.00,6.0600,24.734465,46.698658,17.598,148.088,6.753
2025-12-25T22:18:36.804Z,46.501,5.538,257.521,21.130,0.00,6.0600,24.734465,46.698658,17.606,148.017,6.756
2025-12-25T22:18:37.198Z,46.477,5.589,259.751,21.130,0.00,6.0600,24.734465,46.698658,17.634,147.779,6.767
2025-12-25T22:18:37.218Z,46.555,5.415,252.092,20.430,0.00,6.0660,24.734426,46.698700,17.636,148.107,6.752
2025-12-25T22:18:37.218Z,46.384,5.914,274.295,20.430,0.00,6.0660,24.734426,46.698700,17.636,148.107,6.752
2025-12-25T22:18:37.477Z,46.485,5.699,264.907,20.430,0.00,6.0660,24.734426,46.698700,17.655,147.948,6.759
2025-12-25T22:18:37.627Z,46.224,6.427,297.073,20.430,0.00,6.0660,24.734426,46.698700,17.667,147.844,6.764
2025-12-25T22:18:38.018Z,46.312,6.068,281.027,20.430,0.00,6.0660,24.734426,46.698700,17.698,147.589,6.776
2025-12-25T22:18:38.018Z,46.193,6.406,295.937,20.430,0.00,6.0660,24.734426,46.698700,17.698,147.589,6.776
2025-12-25T22:18:38.033Z,47.179,3.554,167.667,20.090,0.00,6.0720,24.734394,46.698746,17.699,147.922,6.760
2025-12-25T22:18:38.327Z,46.387,5.996,278.116,20.090,0.00,6.0720,24.734394,46.698746,17.721,147.732,6.769
2025-12-25T22:18:38.447Z,46.136,6.734,310.690,20.090,0.00,6.0720,24.734394,46.698746,17.732,147.646,6.773
2025-12-25T22:18:38.447Z,46.382,5.920,274.575,20.090,0.00,6.0720,24.734394,46.698746,17.732,147.646,6.773
2025-12-25T22:18:38.647Z,46.177,6.500,300.164,20.090,0.00,6.0720,24.734394,46.698746,17.748,147.507,6.779
2025-12-25T22:18:38.941Z,46.415,5.675,263.382,20.090,0.00,6.0720,24.734394,46.698746,17.770,147.329,6.788
2025-12-25T22:18:39.053Z,46.336,6.140,284.515,20.090,0.00,6.0720,24.734394,46.698746,17.779,147.255,6.791
2025-12-25T22:18:39.451Z,46.355,6.123,283.813,19.210,0.00,6.0770,24.734367,46.698792,17.810,147.277,6.790
2025-12-25T22:18:39.451Z,46.177,6.554,302.654,19.210,0.00,6.0770,24.734367,46.698792,17.810,147.277,6.790
2025-12-25T22:18:39.471Z,46.383,6.019,279.188,19.210,0.00,6.0770,24.734367,46.698792,17.812,147.264,6.791
2025-12-25T22:18:39.768Z,46.269,6.424,297.216,19.210,0.00,6.0770,24.734367,46.698792,17.836,147.061,6.800
2025-12-25T22:18:39.893Z,46.202,6.546,302.438,19.210,0.00,6.0770,24.734367,46.698792,17.847,146.975,6.804
2025-12-25T22:18:39.909Z,46.204,6.599,304.893,19.210,0.00,6.0770,24.734367,46.698792,17.848,146.964,6.804
2025-12-25T22:18:40.271Z,46.305,6.097,282.340,18.580,0.00,6.0830,24.734346,46.698841,17.876,147.066,6.800
2025-12-25T22:18:40.353Z,46.199,6.344,293.089,18.580,0.00,6.0830,24.734346,46.698841,17.883,147.011,6.802
2025-12-25T22:18:40.506Z,46.716,4.957,231.592,18.580,0.00,6.0830,24.734346,46.698841,17.893,146.930,6.806
2025-12-25T22:18:40.507Z,46.418,5.686,263.917,18.580,0.00,6.0830,24.734346,46.698841,17.893,146.930,6.806
2025-12-25T22:18:40.885Z,46.316,6.118,283.355,18.580,0.00,6.0830,24.734346,46.698841,17.923,146.686,6.817
2025-12-25T22:18:40.907Z,46.714,4.867,227.372,18.580,0.00,6.0830,24.734346,46.698841,17.924,146.675,6.818
2025-12-25T22:18:41.192Z,46.529,5.548,258.157,18.580,0.00,6.0830,24.734346,46.698841,17.945,146.507,6.826
2025-12-25T22:18:41.193Z,46.390,5.773,267.829,19.130,0.00,6.0880,24.734335,46.698891,17.945,146.785,6.813
2025-12-25T22:18:41.327Z,46.429,5.545,257.466,19.130,0.00,6.0880,24.734335,46.698891,17.954,146.707,6.816
2025-12-25T22:18:41.529Z,46.201,6.314,291.705,19.130,0.00,6.0880,24.734335,46.698891,17.971,146.574,6.823
2025-12-25T22:18:41.737Z,46.190,6.411,296.149,19.130,0.00,6.0880,24.734335,46.698891,17.988,146.434,6.829
2025-12-25T22:18:41.737Z,46.329,5.926,274.568,19.130,0.00,6.0880,24.734335,46.698891,17.988,146.434,6.829
2025-12-25T22:18:42.140Z,47.022,4.566,214.717,19.130,0.00,6.0880,24.734335,46.698891,18.012,146.239,6.838
2025-12-25T22:18:42.236Z,46.540,5.398,251.206,19.630,0.00,6.0940,24.734333,46.698948,18.018,146.517,6.825
2025-12-25T22:18:42.236Z,46.246,6.275,290.174,19.630,0.00,6.0940,24.734333,46.698948,18.018,146.517,6.825
2025-12-25T22:18:42.600Z,46.316,6.031,279.312,19.630,0.00,6.0940,24.734333,46.698948,18.047,146.288,6.836
2025-12-25T22:18:42.600Z,46.228,6.336,292.886,19.630,0.00,6.0940,24.734333,46.698948,18.047,146.288,6.836
2025-12-25T22:18:42.830Z,46.104,6.540,301.518,19.630,0.00,6.0940,24.734333,46.698948,18.066,146.132,6.843
2025-12-25T22:18:42.954Z,46.456,5.605,260.401,19.630,0.00,6.0940,24.734333,46.698948,18.075,146.059,6.847
2025-12-25T22:18:43.345Z,46.179,6.259,289.015,20.330,0.00,6.0990,24.734343,46.699001,18.106,146.082,6.845
2025-12-25T22:18:43.345Z,46.108,6.543,301.688,20.330,0.00,6.0990,24.734343,46.699001,18.106,146.082,6.845
2025-12-25T22:18:43.550Z,46.574,5.954,277.306,20.330,0.00,6.0990,24.734343,46.699001,18.122,145.955,6.851
2025-12-25T22:18:43.550Z,46.226,6.128,283.269,20.330,0.00,6.0990,24.734343,46.699001,18.122,145.955,6.851
2025-12-25T22:18:43.761Z,46.226,6.245,288.695,20.330,0.00,6.0990,24.734343,46.699001,18.139,145.819,6.858
2025-12-25T22:18:43.880Z,45.949,7.061,324.424,20.330,0.00,6.0990,24.734343,46.699001,18.150,145.732,6.862
2025-12-25T22:18:44.265Z,46.026,6.869,316.174,20.330,0.00,6.0990,24.734343,46.699001,18.184,145.461,6.875
2025-12-25T22:18:44.348Z,46.899,4.185,196.282,20.760,0.00,6.1050,24.734365,46.699051,18.188,145.755,6.861
2025-12-25T22:18:44.348Z,46.110,6.585,303.636,20.760,0.00,6.1050,24.734365,46.699051,18.188,145.755,6.861
2025-12-25T22:18:44.571Z,46.355,5.775,267.721,20.760,0.00,6.1050,24.734365,46.699051,18.205,145.622,6.867
2025-12-25T22:18:44.706Z,46.353,5.785,268.135,20.760,0.00,6.1050,24.734365,46.699051,18.215,145.542,6.871
2025-12-25T22:18:45.083Z,45.977,6.958,319.927,20.760,0.00,6.1050,24.734365,46.699051,18.248,145.275,6.883
2025-12-25T22:18:45.085Z,46.680,4.752,221.837,20.760,0.00,6.1050,24.734365,46.699051,18.248,145.274,6.884
2025-12-25T22:18:45.098Z,46.062,6.694,308.325,21.190,0.00,6.1110,24.734402,46.699097,18.249,145.594,6.868
2025-12-25T22:18:45.417Z,46.173,6.376,294.411,21.190,0.00,6.1110,24.734402,46.699097,18.275,145.386,6.878
2025-12-25T22:18:45.418Z,46.445,5.530,256.851,21.190,0.00,6.1110,24.734402,46.699097,18.276,145.386,6.878
2025-12-25T22:18:45.605Z,46.133,6.387,294.668,21.190,0.00,6.1110,24.734402,46.699097,18.291,145.264,6.884
2025-12-25T22:18:45.817Z,46.043,6.622,304.903,21.190,0.00,6.1110,24.734402,46.699097,18.309,145.121,6.891
2025-12-25T22:18:45.817Z,46.045,6.743,310.501,21.190,0.00,6.1110,24.734402,46.699097,18.309,145.121,6.891
2025-12-25T22:18:46.023Z,46.130,6.513,300.460,21.710,0.00,6.1170,24.734446,46.699131,18.326,145.313,6.882
2025-12-25T22:18:46.312Z,46.467,6.173,286.823,21.710,0.00,6.1170,24.734446,46.699131,18.349,145.130,6.890
2025-12-25T22:18:46.422Z,46.232,6.032,278.861,21.710,0.00,6.1170,24.734446,46.699131,18.358,145.063,6.894
2025-12-25T22:18:46.824Z,45.880,7.238,332.092,21.710,0.00,6.1170,24.734446,46.699131,18.395,144.770,6.908
2025-12-25T22:18:46.825Z,46.023,6.856,315.551,21.710,0.00,6.1170,24.734446,46.699131,18.395,144.770,6.908
2025-12-25T22:18:46.852Z,46.012,6.621,304.665,21.710,0.00,6.1170,24.734446,46.699131,18.397,144.752,6.908
2025-12-25T22:18:47.131Z,46.132,6.322,291.631,21.710,0.00,6.1170,24.734446,46.699131,18.420,144.574,6.917
2025-12-25T22:18:47.253Z,46.618,4.984,232.328,22.740,0.00,6.1240,24.734503,46.699158,18.427,144.893,6.902
2025-12-25T22:18:47.253Z,47.409,2.577,122.157,22.740,0.00,6.1240,24.734503,46.699158,18.427,144.892,6.902
2025-12-25T22:18:47.645Z,47.918,1.069,51.202,22.740,0.00,6.1240,24.734503,46.699158,18.433,144.849,6.904
2025-12-25T22:18:47.666Z,48.090,0.531,25.519,22.740,0.00,6.1240,24.734503,46.699158,18.433,144.847,6.904
2025-12-25T22:18:47.952Z,48.090,0.585,28.141,22.740,0.00,6.1240,24.734503,46.699158,18.435,144.830,6.905
2025-12-25T22:18:47.952Z,48.163,0.473,22.762,22.740,0.00,6.1240,24.734503,46.699158,18.435,144.830,6.905
2025-12-25T22:18:48.156Z,48.199,0.286,13.782,23.890,0.00,6.1300,24.734560,46.699165,18.436,145.149,6.889
2025-12-25T22:18:48.282Z,48.220,0.243,11.736,23.890,0.00,6.1300,24.734560,46.699165,18.437,145.146,6.890
2025-12-25T22:18:48.500Z,48.256,0.131,6.329,23.890,0.00,6.1300,24.734560,46.699165,18.437,145.143,6.890
2025-12-25T22:18:48.872Z,48.281,0.066,3.175,23.890,0.00,6.1300,24.734560,46.699165,18.437,145.140,6.890
2025-12-25T22:18:48.873Z,48.285,0.068,3.273,23.890,0.00,6.1300,24.734560,46.699165,18.437,145.140,6.890
2025-12-25T22:18:48.897Z,48.286,0.072,3.491,23.890,0.00,6.1300,24.734560,46.699165,18.437,145.140,6.890
2025-12-25T22:18:49.151Z,48.289,0.077,3.703,24.350,0.00,6.1370,24.734619,46.699165,18.438,145.518,6.872
2025-12-25T22:18:49.307Z,48.285,0.105,5.058,24.350,0.00,6.1370,24.734619,46.699165,18.438,145.516,6.872
2025-12-25T22:18:49.308Z,48.301,0.066,3.195,24.350,0.00,6.1370,24.734619,46.699165,18.438,145.516,6.872
2025-12-25T22:18:49.522Z,48.302,0.070,3.398,24.350,0.00,6.1370,24.734619,46.699165,18.438,145.514,6.872
2025-12-25T22:18:49.896Z,48.295,0.098,4.716,24.350,0.00,6.1370,24.734619,46.699165,18.439,145.511,6.872
2025-12-25T22:18:49.949Z,48.307,0.068,3.295,24.350,0.00,6.1370,24.734619,46.699165,18.439,145.510,6.872
2025-12-25T22:18:49.949Z,48.311,0.067,3.218,24.350,0.00,6.1370,24.734619,46.699165,18.439,145.510,6.872
2025-12-25T22:18:50.203Z,48.313,0.067,3.247,24.910,0.00,6.1440,24.734680,46.699150,18.439,145.888,6.855
2025-12-25T22:18:50.329Z,48.310,0.087,4.183,24.910,0.00,6.1440,24.734680,46.699150,18.439,145.887,6.855
2025-12-25T22:18:50.613Z,48.316,0.075,3.616,24.910,0.00,6.1440,24.734680,46.699150,18.439,145.885,6.855
2025-12-25T22:18:50.614Z,48.319,0.079,3.803,24.910,0.00,6.1440,24.734680,46.699150,18.439,145.885,6.855
2025-12-25T22:18:50.819Z,48.324,0.065,3.145,24.910,0.00,6.1440,24.734680,46.699150,18.439,145.883,6.855
2025-12-25T22:18:50.947Z,48.325,0.067,3.235,24.910,0.00,6.1440,24.734680,46.699150,18.440,145.882,6.855
2025-12-25T22:18:51.227Z,48.300,0.154,7.449,24.210,0.00,6.1500,24.734737,46.699131,18.440,146.203,6.840
2025-12-25T22:18:51.362Z,48.331,0.067,3.230,24.210,0.00,6.1500,24.734737,46.699131,18.440,146.202,6.840
2025-12-25T22:18:51.362Z,48.333,0.067,3.221,24.210,0.00,6.1500,24.734737,46.699131,18.440,146.202,6.840
2025-12-25T22:18:51.710Z,48.335,0.069,3.343,24.210,0.00,6.1500,24.734737,46.699131,18.441,146.200,6.840
2025-12-25T22:18:51.748Z,48.330,0.087,4.224,24.210,0.00,6.1500,24.734737,46.699131,18.441,146.199,6.840
2025-12-25T22:18:52.047Z,48.329,0.101,4.875,24.210,0.00,6.1500,24.734737,46.699131,18.441,146.196,6.840
2025-12-25T22:18:52.047Z,48.341,0.064,3.102,23.460,0.00,6.1570,24.734793,46.699108,18.441,146.576,6.822
2025-12-25T22:18:52.189Z,48.339,0.080,3.858,23.460,0.00,6.1570,24.734793,46.699108,18.441,146.574,6.822
2025-12-25T22:18:52.456Z,48.342,0.076,3.653,23.460,0.00,6.1570,24.734793,46.699108,18.441,146.572,6.823
2025-12-25T22:18:52.587Z,48.344,0.076,3.663,23.460,0.00,6.1570,24.734793,46.699108,18.442,146.571,6.823
2025-12-25T22:18:52.587Z,48.349,0.065,3.145,23.460,0.00,6.1570,24.734793,46.699108,18.442,146.571,6.823
2025-12-25T22:18:52.866Z,48.350,0.069,3.342,23.460,0.00,6.1570,24.734793,46.699108,18.442,146.569,6.823
2025-12-25T22:18:52.987Z,48.348,0.079,3.810,23.460,0.00,6.1570,24.734793,46.699108,18.442,146.568,6.823
2025-12-25T22:18:53.378Z,48.343,0.106,5.105,23.540,0.00,6.1630,24.734842,46.699074,18.442,146.889,6.808
2025-12-25T22:18:53.415Z,48.357,0.066,3.188,23.540,0.00,6.1630,24.734842,46.699074,18.443,146.889,6.808
2025-12-25T22:18:53.416Z,48.356,0.065,3.167,23.540,0.00,6.1630,24.734842,46.699074,18.443,146.889,6.808
2025-12-25T22:18:53.798Z,48.360,0.066,3.193,23.540,0.00,6.1630,24.734842,46.699074,18.443,146.886,6.808
2025-12-25T22:18:53.798Z,48.362,0.065,3.162,23.540,0.00,6.1630,24.734842,46.699074,18.443,146.886,6.808
2025-12-25T22:18:53.917Z,48.363,0.069,3.328,23.540,0.00,6.1630,24.734842,46.699074,18.443,146.885,6.808
2025-12-25T22:18:54.127Z,48.361,0.076,3.688,22.960,0.00,6.1700,24.734888,46.699036,18.443,147.263,6.791
2025-12-25T22:18:54.504Z,48.366,0.066,3.216,22.960,0.00,6.1700,24.734888,46.699036,18.444,147.260,6.791
2025-12-25T22:18:54.504Z,48.369,0.065,3.168,22.960,0.00,6.1700,24.734888,46.699036,18.444,147.260,6.791
2025-12-25T22:18:54.813Z,48.367,0.072,3.467,22.960,0.00,6.1700,24.734888,46.699036,18.444,147.258,6.791
2025-12-25T22:18:54.813Z,48.371,0.066,3.190,22.960,0.00,6.1700,24.734888,46.699036,18.444,147.258,6.791
2025-12-25T22:18:55.017Z,48.373,0.065,3.167,22.960,0.00,6.1700,24.734888,46.699036,18.444,147.256,6.791
2025-12-25T22:18:55.017Z,48.376,0.065,3.165,22.960,0.00,6.1700,24.734888,46.699036,18.444,147.256,6.791
2025-12-25T22:18:55.186Z,48.372,0.084,4.084,22.220,0.00,6.1760,24.734926,46.698990,18.444,147.580,6.776
2025-12-25T22:18:55.337Z,48.371,0.096,4.665,22.220,0.00,6.1760,24.734926,46.698990,18.444,147.579,6.776
2025-12-25T22:18:55.630Z,48.375,0.081,3.923,22.220,0.00,6.1760,24.734926,46.698990,18.445,147.576,6.776
2025-12-25T22:18:55.760Z,48.364,0.119,5.734,22.220,0.00,6.1760,24.734926,46.698990,18.445,147.574,6.776
2025-12-25T22:18:55.761Z,48.350,0.167,8.069,22.220,0.00,6.1760,24.734926,46.698990,18.445,147.574,6.776
2025-12-25T22:18:56.143Z,48.356,0.148,7.159,22.220,0.00,6.1760,24.734926,46.698990,18.446,147.568,6.777
2025-12-25T22:18:56.179Z,48.301,0.333,16.069,21.760,0.00,6.1820,24.734957,46.698940,18.446,147.892,6.762
2025-12-25T22:18:56.378Z,48.256,0.461,22.250,21.760,0.00,6.1820,24.734957,46.698940,18.447,147.882,6.762
2025-12-25T22:18:56.378Z,48.216,0.513,24.739,21.760,0.00,6.1820,24.734957,46.698940,18.447,147.882,6.762
2025-12-25T22:18:56.584Z,48.181,0.716,34.509,21.760,0.00,6.1820,24.734957,46.698940,18.449,147.867,6.763
2025-12-25T22:18:56.782Z,48.126,0.847,40.767,21.760,0.00,6.1820,24.734957,46.698940,18.451,147.849,6.764
2025-12-25T22:18:57.065Z,48.135,0.837,40.266,21.760,0.00,6.1820,24.734957,46.698940,18.454,147.823,6.765
2025-12-25T22:18:57.065Z,48.203,0.658,31.721,21.110,0.00,6.1880,24.734978,46.698887,18.454,148.148,6.750
2025-12-25T22:18:57.216Z,48.081,1.009,48.507,21.110,0.00,6.1880,24.734978,46.698887,18.456,148.132,6.751
2025-12-25T22:18:57.421Z,48.126,0.868,41.759,21.110,0.00,6.1880,24.734978,46.698887,18.459,148.113,6.752
2025-12-25T22:18:57.680Z,48.093,0.986,47.401,21.110,0.00,6.1880,24.734978,46.698887,18.462,148.086,6.753
2025-12-25T22:18:57.683Z,47.386,3.160,149.751,21.110,0.00,6.1880,24.734978,46.698887,18.462,148.085,6.753
2025-12-25T22:18:57.882Z,47.156,3.831,180.636,21.110,0.00,6.1880,24.734978,46.698887,18.472,148.004,6.757
2025-12-25T22:18:58.011Z,47.068,4.090,192.522,21.110,0.00,6.1880,24.734978,46.698887,18.479,147.949,6.759
2025-12-25T22:18:58.256Z,47.457,2.878,136.577,20.690,0.00,6.1940,24.734987,46.698833,18.489,148.199,6.748
2025-12-25T22:18:58.499Z,47.459,2.841,134.815,20.690,0.00,6.1940,24.734987,46.698833,18.498,148.127,6.751
2025-12-25T22:18:58.499Z,47.306,3.345,158.246,20.690,0.00,6.1940,24.734987,46.698833,18.498,148.126,6.751
2025-12-25T22:18:58.806Z,47.126,3.856,181.740,20.690,0.00,6.1940,24.734987,46.698833,18.513,148.002,6.757
2025-12-25T22:18:58.806Z,46.737,5.001,233.745,20.690,0.00,6.1940,24.734987,46.698833,18.513,148.002,6.757
2025-12-25T22:18:59.113Z,47.117,3.797,178.920,20.690,0.00,6.1940,24.734987,46.698833,18.528,147.881,6.762
2025-12-25T22:18:59.117Z,46.762,4.967,232.266,20.720,0.00,6.1990,24.734983,46.698776,18.529,148.148,6.750
2025-12-25T22:18:59.325Z,46.835,4.708,220.512,20.720,0.00,6.1990,24.734983,46.698776,18.541,148.047,6.755
2025-12-25T22:18:59.433Z,46.711,5.094,237.940,20.720,0.00,6.1990,24.734983,46.698776,18.549,147.989,6.757
2025-12-25T22:18:59.730Z,46.813,4.786,224.054,20.720,0.00,6.1990,24.734983,46.698776,18.567,147.842,6.764
2025-12-25T22:18:59.730Z,46.740,4.985,232.978,20.720,0.00,6.1990,24.734983,46.698776,18.567,147.842,6.764
2025-12-25T22:19:00.136Z,46.744,5.034,235.318,20.720,0.00,6.1990,24.734983,46.698776,18.594,147.631,6.774
2025-12-25T22:19:00.139Z,46.891,4.495,210.789,20.830,0.00,6.2050,24.734970,46.698719,18.594,147.952,6.759
2025-12-25T22:19:00.262Z,47.013,4.160,195.568,20.830,0.00,6.2050,24.734970,46.698719,18.600,147.899,6.761
2025-12-25T22:19:00.457Z,46.909,4.476,209.975,20.830,0.00,6.2050,24.734970,46.698719,18.612,147.809,6.765
2025-12-25T22:19:00.457Z,46.798,4.714,220.599,20.830,0.00,6.2050,24.734970,46.698719,18.612,147.809,6.765
2025-12-25T22:19:00.664Z,46.803,4.738,221.738,20.830,0.00,6.2050,24.734970,46.698719,18.625,147.708,6.770
2025-12-25T22:19:00.867Z,46.824,4.635,217.033,20.830,0.00,6.2050,24.734970,46.698719,18.637,147.611,6.775
2025-12-25T22:19:01.183Z,46.816,4.704,220.217,20.830,0.00,6.2050,24.734970,46.698719,18.656,147.458,6.782
2025-12-25T22:19:01.183Z,46.836,4.664,218.459,20.830,0.00,6.2110,24.734945,46.698669,18.656,147.779,6.767
2025-12-25T22:19:01.469Z,46.762,4.783,223.661,20.830,0.00,6.2110,24.734945,46.698669,18.674,147.639,6.773
2025-12-25T22:19:01.470Z,46.790,4.765,222.959,20.830,0.00,6.2110,24.734945,46.698669,18.674,147.638,6.773
2025-12-25T22:19:01.587Z,46.860,4.512,211.414,20.830,0.00,6.2110,24.734945,46.698669,18.681,147.584,6.776
2025-12-25T22:19:01.980Z,46.753,4.854,226.947,20.830,0.00,6.2110,24.734945,46.698669,18.706,147.388,6.785
2025-12-25T22:19:01.981Z,46.741,4.897,228.869,20.830,0.00,6.2110,24.734945,46.698669,18.706,147.388,6.785
2025-12-25T22:19:02.185Z,46.702,5.066,236.595,21.800,0.00,6.2170,24.734911,46.698624,18.719,147.603,6.775
2025-12-25T22:19:02.493Z,46.693,5.033,234.995,21.800,0.00,6.2170,24.734911,46.698624,18.739,147.445,6.782
2025-12-25T22:19:02.494Z,46.714,4.941,230.819,21.800,0.00,6.2170,24.734911,46.698624,18.739,147.444,6.782
2025-12-25T22:19:02.702Z,46.749,4.882,228.211,21.800,0.00,6.2170,24.734911,46.698624,18.753,147.340,6.787
2025-12-25T22:19:02.817Z,46.802,4.738,221.771,21.800,0.00,6.2170,24.734911,46.698624,18.760,147.285,6.790
2025-12-25T22:19:02.817Z,46.749,4.845,226.482,21.800,0.00,6.2170,24.734911,46.698624,18.760,147.285,6.790
2025-12-25T22:19:03.106Z,46.701,5.053,235.980,21.800,0.00,6.2170,24.734911,46.698624,18.779,147.136,6.796
2025-12-25T22:19:03.217Z,46.774,4.710,220.313,21.590,0.00,6.2230,24.734865,46.698589,18.785,147.402,6.784
2025-12-25T22:19:03.427Z,46.750,4.846,226.576,21.590,0.00,6.2230,24.734865,46.698589,18.799,147.299,6.789
2025-12-25T22:19:03.427Z,46.763,4.743,221.780,21.590,0.00,6.2230,24.734865,46.698589,18.799,147.299,6.789
2025-12-25T22:19:03.823Z,46.837,4.644,217.500,21.590,0.00,6.2230,24.734865,46.698589,18.822,147.111,6.798
2025-12-25T22:19:03.878Z,46.843,4.561,213.637,21.590,0.00,6.2230,24.734865,46.698589,18.826,147.086,6.799
2025-12-25T22:19:04.130Z,46.893,4.386,205.670,21.590,0.00,6.2230,24.734865,46.698589,18.840,146.973,6.804
2025-12-25T22:19:04.131Z,46.923,4.234,198.660,22.080,0.00,6.2290,24.734814,46.698570,18.840,147.292,6.789
2025-12-25T22:19:04.334Z,46.747,4.802,224.463,22.080,0.00,6.2290,24.734814,46.698570,18.853,147.193,6.794
2025-12-25T22:19:04.447Z,46.784,4.648,217.462,22.080,0.00,6.2290,24.734814,46.698570,18.860,147.139,6.796
2025-12-25T22:19:04.744Z,46.843,4.557,213.460,22.080,0.00,6.2290,24.734814,46.698570,18.877,147.002,6.803
2025-12-25T22:19:05.051Z,46.774,4.703,219.972,22.080,0.00,6.2290,24.734814,46.698570,18.896,146.856,6.809
2025-12-25T22:19:05.051Z,46.747,4.875,227.894,22.080,0.00,6.2290,24.734814,46.698570,18.896,146.856,6.809
2025-12-25T22:19:05.359Z,46.735,4.875,227.830,22.430,0.00,6.2350,24.734758,46.698559,18.916,147.022,6.802
2025-12-25T22:19:05.360Z,47.013,4.031,189.517,22.430,0.00,6.2350,24.734758,46.698559,18.916,147.022,6.802
2025-12-25T22:19:05.387Z,46.720,4.867,227.376,22.430,0.00,6.2350,24.734758,46.698559,18.917,147.009,6.802
2025-12-25T22:19:05.666Z,46.631,5.139,239.653,22.430,0.00,6.2350,24.734758,46.698559,18.936,146.864,6.809
2025-12-25T22:19:05.796Z,46.812,4.577,214.238,22.430,0.00,6.2350,24.734758,46.698559,18.944,146.804,6.812
2025-12-25T22:19:05.796Z,46.681,4.922,229.748,22.430,0.00,6.2350,24.734758,46.698559,18.944,146.804,6.812
2025-12-25T22:19:06.149Z,46.891,4.392,205.946,22.430,0.00,6.2350,24.734758,46.698559,18.964,146.648,6.819
2025-12-25T22:19:06.202Z,46.761,4.777,223.363,21.960,0.00,6.2420,24.734701,46.698559,18.967,146.992,6.803
2025-12-25T22:19:06.402Z,46.698,4.804,224.354,21.960,0.00,6.2420,24.734701,46.698559,18.980,146.895,6.808
2025-12-25T22:19:06.402Z,46.952,4.218,198.041,21.960,0.00,6.2420,24.734701,46.698559,18.980,146.895,6.808
2025-12-25T22:19:06.723Z,46.762,4.655,217.678,21.960,0.00,6.2420,24.734701,46.698559,18.999,146.745,6.815
2025-12-25T22:19:06.723Z,46.646,5.068,236.397,21.960,0.00,6.2420,24.734701,46.698559,18.999,146.745,6.815
2025-12-25T22:19:06.997Z,46.723,4.951,231.310,21.960,0.00,6.2420,24.734701,46.698559,19.017,146.609,6.821
2025-12-25T22:19:07.134Z,46.691,4.938,230.557,21.780,0.00,6.2480,24.734646,46.698570,19.025,146.857,6.809
2025-12-25T22:19:07.406Z,46.665,4.984,232.597,21.780,0.00,6.2480,24.734646,46.698570,19.043,146.721,6.816
2025-12-25T22:19:07.407Z,46.804,4.557,213.268,21.780,0.00,6.2480,24.734646,46.698570,19.043,146.721,6.816
2025-12-25T22:19:07.611Z,46.644,5.085,237.183,21.780,0.00,6.2480,24.734646,46.698570,19.056,146.618,6.820
2025-12-25T22:19:07.747Z,46.745,4.824,225.517,21.780,0.00,6.2480,24.734646,46.698570,19.065,146.552,6.824
2025-12-25T22:19:07.928Z,46.417,5.133,238.244,21.780,0.00,6.2480,24.734646,46.698570,19.077,146.460,6.828
2025-12-25T22:19:08.178Z,46.716,4.851,226.618,22.560,0.00,6.2540,24.734592,46.698589,19.093,146.653,6.819
2025-12-25T22:19:08.179Z,46.530,5.372,249.976,22.560,0.00,6.2540,24.734592,46.698589,19.093,146.653,6.819
2025-12-25T22:19:08.457Z,46.551,5.407,251.686,22.560,0.00,6.2540,24.734592,46.698589,19.112,146.504,6.826
2025-12-25T22:19:08.457Z,46.549,5.307,247.049,22.560,0.00,6.2540,24.734592,46.698589,19.112,146.504,6.826
2025-12-25T22:19:08.738Z,46.706,4.761,222.364,22.560,0.00,6.2540,24.734592,46.698589,19.130,146.371,6.832
2025-12-25T22:19:08.847Z,46.411,5.709,264.956,22.560,0.00,6.2540,24.734592,46.698589,19.138,146.310,6.835
2025-12-25T22:19:09.250Z,46.511,5.480,254.885,22.560,0.00,6.2540,24.734592,46.698589,19.166,146.091,6.845
2025-12-25T22:19:09.251Z,46.459,5.604,260.376,22.980,0.00,6.2610,24.734539,46.698612,19.166,146.457,6.828
2025-12-25T22:19:09.290Z,46.382,5.768,267.554,22.980,0.00,6.2610,24.734539,46.698612,19.169,146.434,6.829
2025-12-25T22:19:09.557Z,46.387,5.896,273.495,22.980,0.00,6.2610,24.734539,46.698612,19.189,146.279,6.836
2025-12-25T22:19:09.692Z,46.083,6.696,308.588,22.980,0.00,6.2610,24.734539,46.698612,19.201,146.191,6.840
2025-12-25T22:19:09.967Z,46.088,6.656,306.745,22.980,0.00,6.2610,24.734539,46.698612,19.224,146.013,6.849
2025-12-25T22:19:09.967Z,46.389,5.683,263.616,22.980,0.00,6.2610,24.734539,46.698612,19.224,146.013,6.849
2025-12-25T22:19:10.094Z,46.164,6.584,303.932,23.220,0.00,6.2680,24.734486,46.698650,19.235,146.296,6.835
2025-12-25T22:19:10.293Z,46.053,6.786,312.520,23.220,0.00,6.2680,24.734486,46.698650,19.252,146.165,6.842
2025-12-25T22:19:10.613Z,46.144,6.400,295.304,23.220,0.00,6.2680,24.734486,46.698650,19.279,145.965,6.851
2025-12-25T22:19:10.614Z,46.069,6.728,309.958,23.220,0.00,6.2680,24.734486,46.698650,19.279,145.964,6.851
2025-12-25T22:19:10.696Z,46.421,5.629,261.323,23.220,0.00,6.2680,24.734486,46.698650,19.285,145.920,6.853
2025-12-25T22:19:10.990Z,46.298,6.054,280.265,23.220,0.00,6.2680,24.734486,46.698650,19.307,145.747,6.861
2025-12-25T22:19:11.121Z,46.073,6.560,302.254,23.170,0.00,6.2750,24.734438,46.698692,19.319,146.026,6.848
2025-12-25T22:19:11.122Z,46.246,6.132,283.581,23.170,0.00,6.2750,24.734438,46.698692,19.319,146.026,6.848
2025-12-25T22:19:11.325Z,46.337,5.875,272.210,23.170,0.00,6.2750,24.734438,46.698692,19.334,145.909,6.854
2025-12-25T22:19:11.528Z,46.099,6.484,298.913,23.170,0.00,6.2750,24.734438,46.698692,19.351,145.782,6.860
2025-12-25T22:19:11.727Z,46.123,6.573,303.169,23.170,0.00,6.2750,24.734438,46.698692,19.368,145.656,6.865
2025-12-25T22:19:11.938Z,46.066,6.554,301.937,23.170,0.00,6.2750,24.734438,46.698692,19.385,145.523,6.872
2025-12-25T22:19:11.938Z,46.128,6.497,299.678,23.170,0.00,6.2750,24.734438,46.698692,19.385,145.523,6.872
2025-12-25T22:19:12.151Z,46.138,6.461,298.088,22.320,0.00,6.2810,24.734396,46.698742,19.403,145.700,6.863
2025-12-25T22:19:12.427Z,46.192,6.351,293.361,22.320,0.00,6.2810,24.734396,46.698742,19.425,145.532,6.871
2025-12-25T22:19:12.562Z,46.285,5.857,271.090,22.320,0.00,6.2810,24.734396,46.698742,19.435,145.456,6.875
2025-12-25T22:19:12.562Z,46.093,6.609,304.610,22.320,0.00,6.2810,24.734396,46.698742,19.436,145.455,6.875
2025-12-25T22:19:12.936Z,46.050,6.646,306.070,22.320,0.00,6.2810,24.734396,46.698742,19.467,145.218,6.886
2025-12-25T22:19:12.996Z,45.974,6.847,314.790,22.320,0.00,6.2810,24.734396,46.698742,19.473,145.179,6.888
2025-12-25T22:19:13.244Z,46.599,4.934,229.929,21.590,0.00,6.2870,24.734365,46.698792,19.488,145.368,6.879
2025-12-25T22:19:13.245Z,46.043,6.682,307.650,21.590,0.00,6.2870,24.734365,46.698792,19.488,145.368,6.879
2025-12-25T22:19:13.434Z,46.445,5.512,255.996,21.590,0.00,6.2870,24.734365,46.698792,19.502,145.268,6.884
2025-12-25T22:19:13.582Z,46.052,6.601,304.000,21.590,0.00,6.2870,24.734365,46.698792,19.514,145.175,6.888
2025-12-25T22:19:13.858Z,46.214,6.079,280.952,21.590,0.00,6.2870,24.734365,46.698792,19.536,145.014,6.896
2025-12-25T22:19:13.986Z,45.999,6.741,310.064,21.590,0.00,6.2870,24.734365,46.698792,19.547,144.933,6.900
2025-12-25T22:19:13.986Z,45.975,6.995,321.593,21.590,0.00,6.2870,24.734365,46.698792,19.547,144.933,6.900
2025-12-25T22:19:14.370Z,46.427,5.413,251.304,21.080,0.00,6.2940,24.734343,46.698849,19.574,145.092,6.892
2025-12-25T22:19:14.431Z,46.427,5.554,257.845,21.080,0.00,6.2940,24.734343,46.698849,19.578,145.059,6.894
2025-12-25T22:19:14.678Z,46.155,6.233,287.665,21.080,0.00,6.2940,24.734343,46.698849,19.598,144.914,6.901
2025-12-25T22:19:14.678Z,46.300,5.863,271.461,21.080,0.00,6.2940,24.734343,46.698849,19.598,144.913,6.901
2025-12-25T22:19:14.881Z,47.951,0.849,40.696,21.080,0.00,6.2940,24.734343,46.698849,19.600,144.896,6.901
2025-12-25T22:19:15.030Z,48.080,0.516,24.788,21.080,0.00,6.2940,24.734343,46.698849,19.601,144.889,6.902
2025-12-25T22:19:15.217Z,48.121,0.397,19.102,21.430,0.00,6.3000,24.734331,46.698906,19.602,145.188,6.888
2025-12-25T22:19:15.217Z,48.159,0.235,11.302,21.430,0.00,6.3000,24.734331,46.698906,19.602,145.188,6.888
2025-12-25T22:19:15.598Z,48.191,0.235,11.311,21.430,0.00,6.3000,24.734331,46.698906,19.603,145.179,6.888
2025-12-25T22:19:15.622Z,48.223,0.141,6.810,21.430,0.00,6.3000,24.734331,46.698906,19.603,145.178,6.888
2025-12-25T22:19:15.822Z,48.245,0.090,4.332,21.430,0.00,6.3000,24.734331,46.698906,19.604,145.177,6.888
2025-12-25T22:19:15.827Z,48.255,0.075,3.630,21.430,0.00,6.3000,24.734331,46.698906,19.604,145.177,6.888
2025-12-25T22:19:16.111Z,48.258,0.077,3.733,20.740,0.00,6.3060,24.734331,46.698967,19.604,145.481,6.874
2025-12-25T22:19:16.417Z,48.262,0.074,3.592,20.740,0.00,6.3060,24.734331,46.698967,19.604,145.478,6.874
2025-12-25T22:19:16.418Z,48.268,0.067,3.243,20.740,0.00,6.3060,24.734331,46.698967,19.604,145.478,6.874
2025-12-25T22:19:16.657Z,48.272,0.066,3.195,20.740,0.00,6.3060,24.734331,46.698967,19.605,145.477,6.874
2025-12-25T22:19:16.662Z,48.276,0.065,3.125,20.740,0.00,6.3060,24.734331,46.698967,19.605,145.477,6.874
2025-12-25T22:19:16.929Z,48.278,0.067,3.252,20.740,0.00,6.3060,24.734331,46.698967,19.605,145.475,6.874
2025-12-25T22:19:17.046Z,48.269,0.105,5.084,20.740,0.00,6.3060,24.734331,46.698967,19.605,145.474,6.874
2025-12-25T22:19:17.252Z,48.271,0.112,5.395,20.150,0.00,6.3110,24.734343,46.699020,19.605,145.726,6.862
2025-12-25T22:19:17.257Z,48.281,0.086,4.129,20.150,0.00,6.3110,24.734343,46.699020,19.605,145.726,6.862
2025-12-25T22:19:17.542Z,48.285,0.077,3.735,20.150,0.00,6.3110,24.734343,46.699020,19.606,145.724,6.862
2025-12-25T22:19:17.662Z,48.288,0.077,3.695,20.150,0.00,6.3110,24.734343,46.699020,19.606,145.723,6.862
2025-12-25T22:19:18.056Z,48.295,0.065,3.148,20.150,0.00,6.3110,24.734343,46.699020,19.606,145.721,6.862
2025-12-25T22:19:18.056Z,48.295,0.070,3.366,20.150,0.00,6.3110,24.734343,46.699020,19.606,145.721,6.862
2025-12-25T22:19:18.094Z,48.299,0.067,3.215,19.820,0.00,6.3170,24.734367,46.699066,19.606,146.026,6.848
2025-12-25T22:19:18.466Z,48.300,0.069,3.346,19.820,0.00,6.3170,24.734367,46.699066,19.606,146.024,6.848
2025-12-25T22:19:18.486Z,48.301,0.074,3.567,19.820,0.00,6.3170,24.734367,46.699066,19.606,146.024,6.848
2025-12-25T22:19:18.774Z,48.306,0.067,3.245,19.820,0.00,6.3170,24.734367,46.699066,19.607,146.022,6.848
2025-12-25T22:19:18.774Z,48.308,0.066,3.210,19.820,0.00,6.3170,24.734367,46.699066,19.607,146.022,6.848
2025-12-25T22:19:18.977Z,48.308,0.072,3.459,19.820,0.00,6.3170,24.734367,46.699066,19.607,146.020,6.848
2025-12-25T22:19:19.097Z,48.310,0.072,3.496,19.430,0.00,6.3220,24.734400,46.699104,19.607,146.274,6.836
2025-12-25T22:19:19.490Z,48.315,0.066,3.166,19.430,0.00,6.3220,24.734400,46.699104,19.607,146.272,6.837
2025-12-25T22:19:19.490Z,48.312,0.066,3.179,19.430,0.00,6.3220,24.734400,46.699104,19.607,146.272,6.837
2025-12-25T22:19:19.530Z,48.313,0.086,4.169,19.430,0.00,6.3220,24.734400,46.699104,19.607,146.272,6.837
2025-12-25T22:19:19.797Z,48.318,0.073,3.517,19.430,0.00,6.3220,24.734400,46.699104,19.608,146.270,6.837
2025-12-25T22:19:19.927Z,48.316,0.088,4.236,19.430,0.00,6.3220,24.734400,46.699104,19.608,146.268,6.837
2025-12-25T22:19:19.928Z,48.323,0.070,3.362,19.430,0.00,6.3220,24.734400,46.699104,19.608,146.268,6.837
2025-12-25T22:19:20.173Z,48.324,0.071,3.449,18.830,0.00,6.3270,24.734438,46.699135,19.608,146.522,6.825
2025-12-25T22:19:20.316Z,48.321,0.082,3.972,18.830,0.00,6.3270,24.734438,46.699135,19.608,146.521,6.825
2025-12-25T22:19:20.625Z,48.328,0.069,3.344,18.830,0.00,6.3270,24.734438,46.699135,19.608,146.518,6.825
2025-12-25T22:19:20.625Z,48.331,0.066,3.175,18.830,0.00,6.3270,24.734438,46.699135,19.608,146.518,6.825
2025-12-25T22:19:20.822Z,48.323,0.088,4.256,18.830,0.00,6.3270,24.734438,46.699135,19.609,146.517,6.825
2025-12-25T22:19:20.952Z,48.333,0.071,3.424,18.830,0.00,6.3270,24.734438,46.699135,19.609,146.516,6.825
2025-12-25T22:19:21.230Z,48.326,0.098,4.719,18.820,0.00,6.3330,24.734484,46.699158,19.609,146.819,6.811
2025-12-25T22:19:21.370Z,48.333,0.083,3.988,18.820,0.00,6.3330,24.734484,46.699158,19.609,146.818,6.811
2025-12-25T22:19:21.370Z,48.308,0.164,7.924,18.820,0.00,6.3330,24.734484,46.699158,19.609,146.818,6.811
2025-12-25T22:19:21.640Z,48.325,0.113,5.468,18.820,0.00,6.3330,24.734484,46.699158,19.610,146.815,6.811
2025-12-25T22:19:21.767Z,48.324,0.122,5.882,18.820,0.00,6.3330,24.734484,46.699158,19.610,146.813,6.811
2025-12-25T22:19:22.152Z,48.317,0.164,7.937,18.820,0.00,6.3330,24.734484,46.699158,19.611,146.807,6.812
2025-12-25T22:19:22.153Z,48.325,0.129,6.246,19.330,0.00,6.3380,24.734531,46.699173,19.611,147.062,6.800
2025-12-25T22:19:22.183Z,48.323,0.101,4.876,19.330,0.00,6.3380,24.734531,46.699173,19.611,147.061,6.800
2025-12-25T22:19:22.371Z,48.332,0.115,5.555,19.330,0.00,6.3380,24.734531,46.699173,19.611,147.059,6.800
2025-12-25T22:19:22.603Z,48.299,0.240,11.573,19.330,0.00,6.3380,24.734531,46.699173,19.612,147.054,6.800
2025-12-25T22:19:22.603Z,48.301,0.220,10.633,19.330,0.00,6.3380,24.734531,46.699173,19.612,147.054,6.800
2025-12-25T22:19:22.781Z,48.333,0.138,6.689,19.330,0.00,6.3380,24.734531,46.699173,19.612,147.051,6.800
2025-12-25T22:19:23.176Z,48.345,0.092,4.443,19.330,0.00,6.3380,24.734531,46.699173,19.613,147.048,6.801
2025-12-25T22:19:23.311Z,48.347,0.091,4.389,20.210,0.00,6.3440,24.734581,46.699177,19.613,147.352,6.786
2025-12-25T22:19:23.312Z,48.351,0.084,4.043,20.210,0.00,6.3440,24.734581,46.699177,19.613,147.352,6.786
2025-12-25T22:19:23.632Z,48.356,0.071,3.435,20.210,0.00,6.3440,24.734581,46.699177,19.613,147.350,6.787
2025-12-25T22:19:23.633Z,48.353,0.087,4.220,20.210,0.00,6.3440,24.734581,46.699177,19.613,147.350,6.787
2025-12-25T22:19:23.893Z,48.354,0.092,4.466,20.210,0.00,6.3440,24.734581,46.699177,19.613,147.348,6.787
2025-12-25T22:19:24.026Z,48.361,0.070,3.378,20.210,0.00,6.3440,24.734581,46.699177,19.614,147.347,6.787
2025-12-25T22:19:24.027Z,48.365,0.065,3.148,20.870,0.00,6.3500,24.734632,46.699169,19.614,147.652,6.773
2025-12-25T22:19:24.216Z,48.365,0.066,3.201,20.870,0.00,6.3500,24.734632,46.699169,19.614,147.651,6.773
2025-12-25T22:19:24.416Z,48.362,0.078,3.765,20.870,0.00,6.3500,24.734632,46.699169,19.614,147.650,6.773
2025-12-25T22:19:24.627Z,48.360,0.091,4.391,20.870,0.00,6.3500,24.734632,46.699169,19.614,147.648,6.773
2025-12-25T22:19:24.627Z,48.368,0.069,3.360,20.870,0.00,6.3500,24.734632,46.699169,19.614,147.648,6.773
2025-12-25T22:19:24.826Z,48.364,0.087,4.197,20.870,0.00,6.3500,24.734632,46.699169,19.614,147.646,6.773
2025-12-25T22:19:25.224Z,48.363,0.094,4.550,20.870,0.00,6.3500,24.734632,46.699169,19.615,147.642,6.773
2025-12-25T22:19:25.325Z,48.370,0.077,3.705,21.480,0.00,6.3560,24.734684,46.699154,19.615,147.947,6.759
2025-12-25T22:19:25.325Z,48.374,0.070,3.370,21.480,0.00,6.3560,24.734684,46.699154,19.615,147.947,6.759
2025-12-25T22:19:25.531Z,48.373,0.073,3.536,21.480,0.00,6.3560,24.734684,46.699154,19.615,147.946,6.759
2025-12-25T22:19:25.672Z,48.368,0.093,4.495,21.480,0.00,6.3560,24.734684,46.699154,19.615,147.944,6.759
2025-12-25T22:19:26.044Z,48.373,0.082,3.956,21.480,0.00,6.3560,24.734684,46.699154,19.616,147.941,6.759
2025-12-25T22:19:26.063Z,48.377,0.072,3.464,21.480,0.00,6.3560,24.734684,46.699154,19.616,147.941,6.759
2025-12-25T22:19:26.063Z,48.378,0.076,3.671,21.020,0.00,6.3610,24.734732,46.699135,19.616,148.196,6.748
2025-12-25T22:19:26.256Z,48.355,0.148,7.163,21.020,0.00,6.3610,24.734732,46.699135,19.616,148.193,6.748
2025-12-25T22:19:26.461Z,48.354,0.156,7.559,21.020,0.00,6.3610,24.734732,46.699135,19.617,148.190,6.748
2025-12-25T22:19:26.671Z,48.360,0.143,6.927,21.020,0.00,6.3610,24.734732,46.699135,19.617,148.187,6.748
2025-12-25T22:19:26.671Z,48.351,0.176,8.505,21.020,0.00,6.3610,24.734732,46.699135,19.617,148.187,6.748
2025-12-25T22:19:26.876Z,48.326,0.268,12.932,21.020,0.00,6.3610,24.734732,46.699135,19.618,148.181,6.748
2025-12-25T22:19:27.272Z,48.276,0.398,19.213,20.390,0.00,6.3670,24.734779,46.699112,19.620,148.471,6.735
2025-12-25T22:19:27.304Z,48.247,0.463,22.331,20.390,0.00,6.3670,24.734779,46.699112,19.620,148.470,6.735
2025-12-25T22:19:27.304Z,48.215,0.511,24.654,20.390,0.00,6.3670,24.734779,46.699112,19.620,148.470,6.735
2025-12-25T22:19:27.579Z,48.184,0.666,32.071,20.390,0.00,6.3670,24.734779,46.699112,19.623,148.451,6.736
2025-12-25T22:19:27.692Z,48.199,0.636,30.669,20.390,0.00,6.3670,24.734779,46.699112,19.624,148.444,6.737
2025-12-25T22:19:28.092Z,48.214,0.612,29.519,20.390,0.00,6.3670,24.734779,46.699112,19.627,148.419,6.738
2025-12-25T22:19:28.206Z,48.204,0.611,29.430,20.390,0.00,6.3670,24.734779,46.699112,19.628,148.412,6.738
2025-12-25T22:19:28.206Z,48.179,0.745,35.885,19.780,0.00,6.3730,24.734823,46.699085,19.628,148.718,6.724
2025-12-25T22:19:28.603Z,48.138,0.866,41.696,19.780,0.00,6.3730,24.734823,46.699085,19.632,148.683,6.726
2025-12-25T22:19:28.604Z,48.068,1.042,50.101,19.780,0.00,6.3730,24.734823,46.699085,19.632,148.683,6.726
2025-12-25T22:19:28.910Z,48.038,1.150,55.264,19.780,0.00,6.3730,24.734823,46.699085,19.637,148.647,6.727
2025-12-25T22:19:28.914Z,48.197,0.632,30.483,19.780,0.00,6.3730,24.734823,46.699085,19.637,148.647,6.727
2025-12-25T22:19:29.114Z,48.109,0.918,44.163,19.780,0.00,6.3730,24.734823,46.699085,19.640,148.628,6.728
2025-12-25T22:19:29.114Z,47.946,1.480,70.962,19.330,0.00,6.3780,24.734863,46.699059,19.640,148.883,6.717
2025-12-25T22:19:29.444Z,47.644,2.318,110.424,19.330,0.00,6.3780,24.734863,46.699059,19.650,148.806,6.720
2025-12-25T22:19:29.445Z,47.549,3.293,156.590,19.330,0.00,6.3780,24.734863,46.699059,19.650,148.806,6.720
2025-12-25T22:19:29.627Z,46.977,4.318,202.856,19.330,0.00,6.3780,24.734863,46.699059,19.660,148.728,6.724
2025-12-25T22:19:29.760Z,47.033,4.158,195.540,19.330,0.00,6.3780,24.734863,46.699059,19.667,148.674,6.726
2025-12-25T22:19:30.037Z,46.749,5.077,237.360,19.330,0.00,6.3780,24.734863,46.699059,19.685,148.536,6.732
2025-12-25T22:19:30.176Z,46.870,4.532,212.420,19.220,0.00,6.3830,24.734900,46.699024,19.694,148.728,6.724
2025-12-25T22:19:30.176Z,46.664,5.286,246.680,19.220,0.00,6.3830,24.734900,46.699024,19.694,148.728,6.724
2025-12-25T22:19:30.446Z,46.864,4.672,218.928,19.220,0.00,6.3830,24.734900,46.699024,19.710,148.604,6.729
2025-12-25T22:19:30.562Z,46.878,4.678,219.283,19.220,0.00,6.3830,24.734900,46.699024,19.717,148.550,6.732
2025-12-25T22:19:30.785Z,46.756,5.041,235.686,19.220,0.00,6.3830,24.734900,46.699024,19.732,148.441,6.737
2025-12-25T22:19:30.785Z,47.008,4.142,194.703,19.220,0.00,6.3830,24.734900,46.699024,19.732,148.441,6.737
2025-12-25T22:19:31.146Z,46.679,5.135,239.679,19.220,0.00,6.3830,24.734900,46.699024,19.756,148.260,6.745
2025-12-25T22:19:31.146Z,46.721,5.078,237.230,19.720,0.00,6.3880,24.734932,46.698986,19.756,148.513,6.733
2025-12-25T22:19:31.286Z,46.682,5.129,239.413,19.720,0.00,6.3880,24.734932,46.698986,19.765,148.443,6.737
2025-12-25T22:19:31.777Z,46.745,4.901,229.074,19.720,0.00,6.3880,24.734932,46.698986,19.796,148.209,6.747
2025-12-25T22:19:31.777Z,46.809,4.710,220.479,19.720,0.00,6.3880,24.734932,46.698986,19.796,148.209,6.747
2025-12-25T22:19:31.983Z,46.759,5.010,234.257,19.720,0.00,6.3880,24.734932,46.698986,19.810,148.109,6.752
2025-12-25T22:19:31.983Z,46.735,4.891,228.573,19.720,0.00,6.3880,24.734932,46.698986,19.810,148.109,6.752
2025-12-25T22:19:32.187Z,46.638,5.233,244.037,20.020,0.00,6.3940,24.734959,46.698940,19.824,148.308,6.743
2025-12-25T22:19:32.321Z,46.550,5.586,260.022,20.020,0.00,6.3940,24.734959,46.698940,19.833,148.236,6.746
2025-12-25T22:19:32.526Z,46.772,4.954,231.696,20.020,0.00,6.3940,24.734959,46.698940,19.846,148.137,6.751
2025-12-25T22:19:32.526Z,46.612,5.247,244.562,20.020,0.00,6.3940,24.734959,46.698940,19.846,148.137,6.751
2025-12-25T22:19:32.903Z,46.757,4.861,227.274,20.020,0.00,6.3940,24.734959,46.698940,19.870,147.960,6.759
2025-12-25T22:19:32.904Z,46.522,5.597,260.364,20.020,0.00,6.3940,24.734959,46.698940,19.870,147.959,6.759
2025-12-25T22:19:33.044Z,46.634,5.127,239.107,20.020,0.00,6.3940,24.734959,46.698940,19.880,147.890,6.762
2025-12-25T22:19:33.415Z,46.497,5.654,262.914,20.520,0.00,6.4000,24.734978,46.698887,19.907,147.990,6.757
2025-12-25T22:19:33.471Z,46.526,5.506,256.156,20.520,0.00,6.4000,24.734978,46.698887,19.911,147.961,6.759
2025-12-25T22:19:33.471Z,46.831,4.487,210.118,20.520,0.00,6.4000,24.734978,46.698887,19.911,147.961,6.759
2025-12-25T22:19:33.642Z,46.721,4.914,229.597,20.520,0.00,6.4000,24.734978,46.698887,19.922,147.879,6.762
2025-12-25T22:19:34.031Z,46.541,5.492,255.628,20.520,0.00,6.4000,24.734978,46.698887,19.949,147.675,6.772
2025-12-25T22:19:34.051Z,46.555,5.509,256.475,20.520,0.00,6.4000,24.734978,46.698887,19.951,147.664,6.772
2025-12-25T22:19:34.051Z,46.521,5.528,257.150,20.890,0.00,6.4060,24.734987,46.698830,19.951,147.965,6.758
2025-12-25T22:19:34.337Z,46.577,5.331,248.306,20.890,0.00,6.4060,24.734987,46.698830,19.970,147.819,6.765
2025-12-25T22:19:34.451Z,46.681,4.952,231.184,20.890,0.00,6.4060,24.734987,46.698830,19.978,147.765,6.768
2025-12-25T22:19:34.849Z,46.559,5.362,249.639,20.890,0.00,6.4060,24.734987,46.698830,20.005,147.561,6.777
2025-12-25T22:19:34.849Z,46.461,5.707,265.163,20.890,0.00,6.4060,24.734987,46.698830,20.005,147.561,6.777
2025-12-25T22:19:34.863Z,46.470,5.592,259.873,20.890,0.00,6.4060,24.734987,46.698830,20.006,147.553,6.777
2025-12-25T22:19:35.157Z,46.509,5.431,252.581,20.950,0.00,6.4110,24.734980,46.698772,20.027,147.651,6.773
2025-12-25T22:19:35.276Z,46.368,5.876,272.470,20.950,0.00,6.4110,24.734980,46.698772,20.036,147.584,6.776
2025-12-25T22:19:35.566Z,46.355,6.000,278.150,20.950,0.00,6.4110,24.734980,46.698772,20.058,147.420,6.783
2025-12-25T22:19:35.566Z,46.721,4.872,227.611,20.950,0.00,6.4110,24.734980,46.698772,20.058,147.420,6.783
2025-12-25T22:19:35.692Z,46.477,5.575,259.099,20.950,0.00,6.4110,24.734980,46.698772,20.067,147.353,6.786
2025-12-25T22:19:36.078Z,46.394,5.806,269.359,20.950,0.00,6.4110,24.734980,46.698772,20.096,147.141,6.796
2025-12-25T22:19:36.116Z,46.243,6.214,287.363,20.950,0.00,6.4110,24.734980,46.698772,20.099,147.119,6.797
2025-12-25T22:19:36.116Z,46.493,5.502,255.823,20.390,0.00,6.4170,24.734961,46.698723,20.099,147.417,6.783
2025-12-25T22:19:36.312Z,46.562,5.237,243.835,20.390,0.00,6.4170,24.734961,46.698723,20.113,147.320,6.788
2025-12-25T22:19:36.496Z,46.092,6.761,311.642,20.390,0.00,6.4170,24.734961,46.698723,20.129,147.204,6.793
2025-12-25T22:19:36.803Z,46.417,5.630,261.335,20.390,0.00,6.4170,24.734961,46.698723,20.151,147.041,6.801
2025-12-25T22:19:36.803Z,46.050,6.738,310.299,20.390,0.00,6.4170,24.734961,46.698723,20.151,147.041,6.801
2025-12-25T22:19:36.926Z,46.221,6.178,285.546,20.390,0.00,6.4170,24.734961,46.698723,20.161,146.970,6.804
2025-12-25T22:19:37.205Z,46.204,6.383,294.922,20.480,0.00,6.4230,24.734928,46.698677,20.183,147.101,6.798
2025-12-25T22:19:37.322Z,46.133,6.517,300.655,20.480,0.00,6.4230,24.734928,46.698677,20.193,147.030,6.801
2025-12-25T22:19:37.556Z,48.213,0.171,8.225,20.480,0.00,6.4230,24.734928,46.698677,20.194,147.026,6.802
2025-12-25T22:19:37.556Z,48.135,0.591,28.432,20.480,0.00,6.4230,24.734928,46.698677,20.194,147.026,6.802
2025-12-25T22:19:37.819Z,48.008,0.916,43.989,20.480,0.00,6.4230,24.734928,46.698677,20.197,147.002,6.803
2025-12-25T22:19:37.942Z,48.059,0.766,36.827,20.480,0.00,6.4230,24.734928,46.698677,20.198,146.993,6.803
2025-12-25T22:19:38.160Z,47.922,1.183,56.680,22.110,0.00,6.4290,24.734890,46.698635,20.202,147.265,6.790
2025-12-25T22:19:38.169Z,47.431,2.715,128.754,22.110,0.00,6.4290,24.734890,46.698635,20.202,147.263,6.791
2025-12-25T22:19:38.434Z,46.410,5.919,274.716,22.110,0.00,6.4290,24.734890,46.698635,20.222,147.116,6.797
2025-12-25T22:19:38.561Z,45.963,7.186,330.272,22.110,0.00,6.4290,24.734890,46.698635,20.234,147.031,6.801
2025-12-25T22:19:38.843Z,46.187,6.416,296.319,22.110,0.00,6.4290,24.734890,46.698635,20.257,146.862,6.809
2025-12-25T22:19:38.844Z,46.476,5.525,256.781,22.110,0.00,6.4290,24.734890,46.698635,20.257,146.862,6.809
2025-12-25T22:19:38.976Z,46.203,6.360,293.839,22.110,0.00,6.4290,24.734890,46.698635,20.268,146.784,6.813
2025-12-25T22:19:39.356Z,45.806,7.649,350.383,22.350,0.00,6.4350,24.734842,46.698601,20.305,146.812,6.811
2025-12-25T22:19:39.356Z,46.306,6.067,280.942,22.350,0.00,6.4350,24.734842,46.698601,20.305,146.812,6.811
2025-12-25T22:19:39.559Z,45.901,7.328,336.356,22.350,0.00,6.4350,24.734842,46.698601,20.324,146.675,6.818
2025-12-25T22:19:39.682Z,46.402,5.806,269.398,22.350,0.00,6.4350,24.734842,46.698601,20.333,146.609,6.821
2025-12-25T22:19:39.970Z,45.781,5.630,257.742,22.350,0.00,6.4350,24.734842,46.698601,20.354,146.460,6.828
2025-12-25T22:19:39.970Z,45.988,7.023,322.995,22.350,0.00,6.4350,24.734842,46.698601,20.354,146.460,6.828
2025-12-25T22:19:40.277Z,46.565,5.057,235.470,22.390,0.00,6.4410,24.734789,46.698582,20.374,146.610,6.821
2025-12-25T22:19:40.277Z,45.899,7.198,330.374,22.390,0.00,6.4410,24.734789,46.698582,20.374,146.610,6.821
2025-12-25T22:19:40.480Z,46.036,6.717,309.199,22.390,0.00,6.4410,24.734789,46.698582,20.391,146.484,6.827
2025-12-25T22:19:40.626Z,45.933,7.033,323.064,22.390,0.00,6.4410,24.734789,46.698582,20.404,146.390,6.831
2025-12-25T22:19:40.892Z,46.213,6.289,290.622,22.390,0.00,6.4410,24.734789,46.698582,20.426,146.237,6.838
2025-12-25T22:19:40.892Z,46.021,6.702,308.434,22.390,0.00,6.4410,24.734789,46.698582,20.426,146.236,6.838
2025-12-25T22:19:41.094Z,46.008,6.907,317.773,22.390,0.00,6.4410,24.734789,46.698582,20.444,146.109,6.844
2025-12-25T22:19:41.227Z,45.953,7.148,328.492,21.780,0.00,6.4480,24.734734,46.698570,20.456,146.364,6.832
2025-12-25T22:19:41.505Z,45.902,7.025,322.462,21.780,0.00,6.4480,24.734734,46.698570,20.481,146.187,6.841
2025-12-25T22:19:41.505Z,46.050,8.994,414.180,21.780,0.00,6.4480,24.734734,46.698570,20.481,146.186,6.841
2025-12-25T22:19:41.625Z,45.836,7.104,325.603,21.780,0.00,6.4480,24.734734,46.698570,20.492,146.109,6.844
2025-12-25T22:19:41.901Z,45.968,6.756,310.541,21.780,0.00,6.4480,24.734734,46.698570,20.515,145.940,6.852
2025-12-25T22:19:42.032Z,45.661,7.796,355.989,21.780,0.00,6.4480,24.734734,46.698570,20.528,145.847,6.856
2025-12-25T22:19:42.236Z,46.084,6.615,304.865,22.350,0.00,6.4540,24.734678,46.698574,20.546,146.017,6.849
2025-12-25T22:19:42.241Z,45.785,7.042,322.417,22.350,0.00,6.4540,24.734678,46.698574,20.546,146.014,6.849
2025-12-25T22:19:42.529Z,45.849,7.266,333.126,22.350,0.00,6.4540,24.734678,46.698574,20.573,145.825,6.858
2025-12-25T22:19:42.642Z,45.696,7.015,320.573,22.350,0.00,6.4540,24.734678,46.698574,20.583,145.753,6.861
2025-12-25T22:19:42.944Z,45.538,7.746,352.734,22.350,0.00,6.4540,24.734678,46.698574,20.612,145.544,6.871
2025-12-25T22:19:42.944Z,45.563,8.185,372.955,22.350,0.00,6.4540,24.734678,46.698574,20.612,145.544,6.871
2025-12-25T22:19:43.143Z,45.835,7.169,328.616,24.130,0.00,6.4610,24.734619,46.698589,20.631,145.755,6.861
2025-12-25T22:19:43.269Z,46.180,6.721,310.353,24.130,0.00,6.4610,24.734619,46.698589,20.641,145.679,6.864
2025-12-25T22:19:43.656Z,46.023,7.452,342.986,24.130,0.00,6.4610,24.734619,46.698589,20.678,145.419,6.877
2025-12-25T22:19:43.656Z,46.293,6.127,283.642,24.130,0.00,6.4610,24.734619,46.698589,20.678,145.418,6.877
2025-12-25T22:19:43.694Z,45.786,6.996,320.332,24.130,0.00,6.4610,24.734619,46.698589,20.682,145.395,6.878
2025-12-25T22:19:43.963Z,45.429,8.395,381.393,24.130,0.00,6.4610,24.734619,46.698589,20.710,145.195,6.887
2025-12-25T22:19:44.086Z,45.283,8.404,380.583,24.130,0.00,6.4610,24.734619,46.698589,20.723,145.104,6.892
2025-12-25T22:19:44.087Z,45.827,7.910,362.493,24.580,0.00,6.4680,24.734560,46.698612,20.723,145.441,6.876
2025-12-25T22:19:44.578Z,45.276,7.957,360.249,24.580,0.00,6.4680,24.734560,46.698612,20.772,145.097,6.892
2025-12-25T22:19:44.596Z,45.380,8.356,379.193,24.580,0.00,6.4680,24.734560,46.698612,20.774,145.083,6.893
2025-12-25T22:19:44.597Z,45.731,7.967,364.352,24.580,0.00,6.4680,24.734560,46.698612,20.774,145.083,6.893
2025-12-25T22:19:44.806Z,45.669,7.210,329.271,24.580,0.00,6.4680,24.734560,46.698612,20.793,144.950,6.899
2025-12-25T22:19:45.011Z,45.473,7.858,357.322,24.580,0.00,6.4680,24.734560,46.698612,20.814,144.808,6.906
2025-12-25T22:19:45.311Z,45.434,8.426,382.810,24.870,0.00,6.4740,24.734507,46.698647,20.846,144.874,6.903
2025-12-25T22:19:45.312Z,45.476,8.422,383.008,24.870,0.00,6.4740,24.734507,46.698647,20.846,144.874,6.903
2025-12-25T22:19:45.602Z,45.676,7.833,357.792,24.870,0.00,6.4740,24.734507,46.698647,20.875,144.673,6.912
2025-12-25T22:19:45.602Z,46.732,4.355,203.534,24.870,0.00,6.4740,24.734507,46.698647,20.875,144.673,6.912
2025-12-25T22:19:45.793Z,45.594,7.792,355.281,24.870,0.00,6.4740,24.734507,46.698647,20.893,144.543,6.918
2025-12-25T22:19:45.924Z,45.375,8.775,398.181,24.870,0.00,6.4740,24.734507,46.698647,20.908,144.443,6.923
2025-12-25T22:19:46.318Z,45.508,8.601,391.428,25.020,0.00,6.4810,24.734455,46.698685,20.951,144.481,6.921
2025-12-25T22:19:46.319Z,45.730,7.763,354.984,25.020,0.00,6.4810,24.734455,46.698685,20.951,144.481,6.921
2025-12-25T22:19:46.333Z,45.384,8.294,376.420,25.020,0.00,6.4810,24.734455,46.698685,20.952,144.470,6.922
2025-12-25T22:19:46.628Z,46.411,5.526,256.442,25.020,0.00,6.4810,24.734455,46.698685,20.973,144.326,6.929
2025-12-25T22:19:46.752Z,45.552,7.964,362.784,25.020,0.00,6.4810,24.734455,46.698685,20.986,144.240,6.933
2025-12-25T22:19:47.035Z,45.698,8.501,388.482,25.020,0.00,6.4810,24.734455,46.698685,21.016,144.030,6.943
2025-12-25T22:19:47.035Z,46.752,5.816,271.887,25.020,0.00,6.4810,24.734455,46.698685,21.016,144.030,6.943
2025-12-25T22:19:47.444Z,45.389,7.419,336.749,24.580,0.00,6.4880,24.734409,46.698730,21.055,144.101,6.940
2025-12-25T22:19:47.444Z,45.743,7.104,324.950,24.580,0.00,6.4880,24.734409,46.698730,21.055,144.101,6.940
2025-12-25T22:19:47.459Z,45.475,7.344,333.985,24.580,0.00,6.4880,24.734409,46.698730,21.056,144.091,6.940
2025-12-25T22:19:47.751Z,45.401,8.268,375.390,24.580,0.00,6.4880,24.734409,46.698730,21.087,143.883,6.950
2025-12-25T22:19:47.872Z,45.415,7.828,355.524,24.580,0.00,6.4880,24.734409,46.698730,21.098,143.802,6.954
2025-12-25T22:19:47.872Z,45.990,6.733,309.638,24.580,0.00,6.4880,24.734409,46.698730,21.098,143.802,6.954
2025-12-25T22:19:48.161Z,46.001,6.423,295.486,23.980,0.00,6.4950,24.734369,46.698780,21.122,143.972,6.946
2025-12-25T22:19:48.308Z,45.971,6.562,301.653,23.980,0.00,6.4950,24.734369,46.698780,21.135,143.888,6.950
2025-12-25T22:19:48.571Z,45.721,7.827,357.868,23.980,0.00,6.4950,24.734369,46.698780,21.161,143.711,6.958
2025-12-25T22:19:48.571Z,45.899,6.708,307.909,23.980,0.00,6.4950,24.734369,46.698780,21.161,143.710,6.958
2025-12-25T22:19:48.774Z,45.867,6.685,306.621,23.980,0.00,6.4950,24.734369,46.698780,21.178,143.593,6.964
2025-12-25T22:19:49.084Z,45.654,7.426,339.029,23.980,0.00,6.4950,24.734369,46.698780,21.207,143.395,6.974
2025-12-25T22:19:49.085Z,46.404,5.246,243.430,23.240,0.00,6.5010,24.734341,46.698837,21.207,143.678,6.960
2025-12-25T22:19:49.287Z,45.541,7.797,355.072,23.240,0.00,6.5010,24.734341,46.698837,21.227,143.543,6.967
2025-12-25T22:19:49.697Z,46.195,5.851,270.297,23.240,0.00,6.5010,24.734341,46.698837,21.258,143.335,6.977
2025-12-25T22:19:49.698Z,45.570,7.668,349.449,23.240,0.00,6.5010,24.734341,46.698837,21.258,143.334,6.977
2025-12-25T22:19:50.005Z,45.403,8.581,389.603,23.240,0.00,6.5010,24.734341,46.698837,21.291,143.111,6.988
2025-12-25T22:19:50.006Z,45.928,6.603,303.253,23.240,0.00,6.5010,24.734341,46.698837,21.291,143.110,6.988
2025-12-25T22:19:50.311Z,45.676,7.500,342.561,23.240,0.00,6.5010,24.734341,46.698837,21.320,142.915,6.997
2025-12-25T22:19:50.311Z,46.332,5.424,251.305,23.650,0.00,6.5080,24.734327,46.698898,21.320,143.243,6.981
2025-12-25T22:19:50.333Z,45.542,7.979,363.382,23.650,0.00,6.5080,24.734327,46.698898,21.322,143.229,6.982
2025-12-25T22:19:50.619Z,45.511,8.453,384.710,23.650,0.00,6.5080,24.734327,46.698898,21.353,143.024,6.992
2025-12-25T22:19:50.619Z,45.682,7.390,337.573,23.650,0.00,6.5080,24.734327,46.698898,21.353,143.023,6.992
2025-12-25T22:19:50.738Z,45.599,7.998,364.697,23.650,0.00,6.5080,24.734327,46.698898,21.365,142.943,6.996
2025-12-25T22:19:51.130Z,45.739,6.965,318.580,23.650,0.00,6.5080,24.734327,46.698898,21.400,142.711,7.007
2025-12-25T22:19:51.162Z,46.705,4.313,201.416,23.710,0.00,6.5140,24.734327,46.698963,21.402,142.980,6.994
2025-12-25T22:19:51.162Z,45.908,6.715,308.295,23.710,0.00,6.5140,24.734327,46.698963,21.402,142.980,6.994
2025-12-25T22:19:51.442Z,45.606,7.593,346.299,23.710,0.00,6.5140,24.734327,46.698963,21.429,142.800,7.003
2025-12-25T22:19:51.576Z,46.206,6.483,299.566,23.710,0.00,6.5140,24.734327,46.698963,21.440,142.725,7.006
2025-12-25T22:19:51.771Z,45.423,8.510,386.549,23.710,0.00,6.5140,24.734327,46.698963,21.461,142.586,7.013
2025-12-25T22:19:51.977Z,45.330,8.786,398.290,23.710,0.00,6.5140,24.734327,46.698963,21.483,142.435,7.021
2025-12-25T22:19:51.977Z,46.052,6.922,318.746,23.710,0.00,6.5140,24.734327,46.698963,21.483,142.435,7.021
2025-12-25T22:19:52.189Z,45.473,8.695,395.377,24.260,0.00,6.5210,24.734343,46.699028,21.507,142.607,7.012
2025-12-25T22:19:52.461Z,45.679,6.718,306.867,24.260,0.00,6.5210,24.734343,46.699028,21.530,142.453,7.020
2025-12-25T22:19:52.596Z,45.762,7.813,357.532,24.260,0.00,6.5210,24.734343,46.699028,21.543,142.364,7.024
2025-12-25T22:19:52.596Z,45.560,7.994,364.213,24.260,0.00,6.5210,24.734343,46.699028,21.543,142.364,7.024
2025-12-25T22:19:52.871Z,45.558,7.952,362.263,24.260,0.00,6.5210,24.734343,46.699028,21.571,142.182,7.033
2025-12-25T22:19:53.076Z,46.595,5.100,237.612,24.260,0.00,6.5210,24.734343,46.699028,21.584,142.093,7.038
2025-12-25T22:19:53.383Z,45.634,6.831,311.715,24.590,0.00,6.5280,24.734375,46.699081,21.611,142.241,7.030
2025-12-25T22:19:53.383Z,45.916,6.940,318.674,24.590,0.00,6.5280,24.734375,46.699081,21.611,142.241,7.030
2025-12-25T22:19:53.522Z,45.500,7.543,343.203,24.590,0.00,6.5280,24.734375,46.699081,21.624,142.155,7.035
2025-12-25T22:19:53.522Z,45.683,7.686,351.100,24.590,0.00,6.5280,24.734375,46.699081,21.624,142.154,7.035
2025-12-25T22:19:53.896Z,45.759,7.248,331.648,24.590,0.00,6.5280,24.734375,46.699081,21.659,141.929,7.046
2025-12-25T22:19:53.956Z,45.491,7.527,342.433,24.590,0.00,6.5280,24.734375,46.699081,21.665,141.891,7.048
2025-12-25T22:19:54.203Z,45.546,7.841,357.138,25.000,0.00,6.5350,24.734423,46.699127,21.689,142.053,7.040
2025-12-25T22:19:54.339Z,47.530,1.637,77.799,25.000,0.00,6.5350,24.734423,46.699127,21.692,142.034,7.041
2025-12-25T22:19:54.339Z,48.079,0.110,5.308,25.000,0.00,6.5350,24.734423,46.699127,21.692,142.034,7.041
2025-12-25T22:19:54.612Z,48.100,0.090,4.316,25.000,0.00,6.5350,24.734423,46.699127,21.692,142.032,7.041
2025-12-25T22:19:54.742Z,48.110,0.084,4.030,25.000,0.00,6.5350,24.734423,46.699127,21.692,142.031,7.041
2025-12-25T22:19:55.124Z,48.121,0.071,3.424,25.000,0.00,6.5350,24.734423,46.699127,21.693,142.029,7.041
2025-12-25T22:19:55.124Z,48.128,0.070,3.391,25.000,0.00,6.5350,24.734423,46.699127,21.693,142.029,7.041
2025-12-25T22:19:55.266Z,48.134,0.068,3.259,25.220,0.00,6.5420,24.734480,46.699158,21.693,142.351,7.025
2025-12-25T22:19:55.270Z,48.140,0.065,3.146,25.220,0.00,6.5420,24.734480,46.699158,21.693,142.351,7.025
2025-12-25T22:19:55.637Z,48.144,0.068,3.258,25.220,0.00,6.5420,24.734480,46.699158,21.693,142.348,7.025
2025-12-25T22:19:55.637Z,48.150,0.065,3.123,25.220,0.00,6.5420,24.734480,46.699158,21.693,142.348,7.025
2025-12-25T22:19:55.761Z,48.154,0.067,3.207,25.220,0.00,6.5420,24.734480,46.699158,21.693,142.348,7.025
2025-12-25T22:19:56.046Z,48.156,0.072,3.472,25.220,0.00,6.5420,24.734480,46.699158,21.694,142.346,7.025
2025-12-25T22:19:56.156Z,48.147,0.110,5.293,25.590,0.00,6.5490,24.734543,46.699169,21.694,142.667,7.009
2025-12-25T22:19:56.398Z,48.161,0.085,4.077,25.590,0.00,6.5490,24.734543,46.699169,21.694,142.666,7.009
2025-12-25T22:19:56.398Z,48.168,0.066,3.190,25.590,0.00,6.5490,24.734543,46.699169,21.694,142.666,7.009
2025-12-25T22:19:56.574Z,48.171,0.070,3.377,25.590,0.00,6.5490,24.734543,46.699169,21.694,142.665,7.009
2025-12-25T22:19:56.865Z,48.172,0.075,3.607,25.590,0.00,6.5490,24.734543,46.699169,21.695,142.663,7.010
2025-12-25T22:19:56.996Z,48.179,0.066,3.165,25.590,0.00,6.5490,24.734543,46.699169,21.695,142.662,7.010
2025-12-25T22:19:56.996Z,48.182,0.065,3.156,26.300,0.00,6.5560,24.734608,46.699169,21.695,142.985,6.994
2025-12-25T22:19:57.377Z,48.181,0.083,3.994,26.300,0.00,6.5560,24.734608,46.699169,21.695,142.982,6.994
2025-12-25T22:19:57.685Z,48.183,0.080,3.862,26.300,0.00,6.5560,24.734608,46.699169,21.695,142.980,6.994
2025-12-25T22:19:57.685Z,48.190,0.066,3.167,26.300,0.00,6.5560,24.734608,46.699169,21.695,142.980,6.994
2025-12-25T22:19:57.685Z,48.193,0.066,3.166,26.300,0.00,6.5560,24.734608,46.699169,21.695,142.980,6.994
2025-12-25T22:19:57.888Z,48.195,0.067,3.243,26.300,0.00,6.5560,24.734608,46.699169,21.696,142.978,6.994
2025-12-25T22:19:58.022Z,48.194,0.077,3.697,26.300,0.00,6.5560,24.734608,46.699169,21.696,142.978,6.994
2025-12-25T22:19:58.271Z,48.197,0.081,3.885,26.890,0.00,6.5630,24.734673,46.699158,21.696,143.298,6.978
2025-12-25T22:19:58.416Z,48.203,0.066,3.166,26.890,0.00,6.5630,24.734673,46.699158,21.696,143.298,6.978
2025-12-25T22:19:58.416Z,48.190,0.135,6.491,26.890,0.00,6.5630,24.734673,46.699158,21.696,143.298,6.978
2025-12-25T22:19:58.813Z,48.204,0.083,3.996,26.890,0.00,6.5630,24.734673,46.699158,21.697,143.295,6.979
2025-12-25T22:19:58.836Z,48.205,0.084,4.051,26.890,0.00,6.5630,24.734673,46.699158,21.697,143.294,6.979
2025-12-25T22:19:59.132Z,48.211,0.073,3.526,26.890,0.00,6.5630,24.734673,46.699158,21.697,143.293,6.979
2025-12-25T22:19:59.132Z,48.216,0.064,3.107,26.430,0.00,6.5710,24.734737,46.699135,21.697,143.661,6.961
2025-12-25T22:19:59.322Z,48.218,0.065,3.155,26.430,0.00,6.5710,24.734737,46.699135,21.697,143.660,6.961
2025-12-25T22:19:59.555Z,48.216,0.078,3.739,26.430,0.00,6.5710,24.734737,46.699135,21.697,143.659,6.961
2025-12-25T22:19:59.555Z,48.218,0.084,4.043,26.430,0.00,6.5710,24.734737,46.699135,21.697,143.659,6.961
2025-12-25T22:20:00.040Z,48.221,0.075,3.629,26.430,0.00,6.5710,24.734737,46.699135,21.698,143.655,6.961
2025-12-25T22:20:00.040Z,48.227,0.066,3.197,26.430,0.00,6.5710,24.734737,46.699135,21.698,143.655,6.961
2025-12-25T22:20:00.066Z,48.221,0.091,4.387,25.470,0.00,6.5780,24.734797,46.699108,21.698,143.978,6.946
2025-12-25T22:20:00.257Z,48.225,0.081,3.900,25.470,0.00,6.5780,24.734797,46.699108,21.698,143.976,6.946
2025-12-25T22:20:00.461Z,48.233,0.065,3.141,25.470,0.00,6.5780,24.734797,46.699108,21.698,143.975,6.946
2025-12-25T22:20:00.461Z,48.228,0.088,4.242,25.470,0.00,6.5780,24.734797,46.699108,21.698,143.975,6.946
2025-12-25T22:20:00.671Z,48.234,0.072,3.463,25.470,0.00,6.5780,24.734797,46.699108,21.698,143.974,6.946
2025-12-25T22:20:01.883Z,48.237,0.073,3.529,25.470,0.00,6.5780,24.734797,46.699108,21.700,143.966,6.946
2025-12-25T22:20:01.883Z,48.240,0.066,3.176,25.470,0.00,6.5780,24.734797,46.699108,21.700,143.966,6.946
2025-12-25T22:20:01.884Z,48.243,0.066,3.208,25.220,0.00,6.5850,24.734850,46.699070,21.700,144.289,6.931
2025-12-25T22:20:01.884Z,48.242,0.072,3.465,25.220,0.00,6.5850,24.734850,46.699070,21.700,144.289,6.931
2025-12-25T22:20:01.884Z,48.247,0.067,3.210,25.220,0.00,6.5850,24.734850,46.699070,21.700,144.289,6.931
2025-12-25T22:20:01.884Z,48.249,0.066,3.199,25.220,0.00,6.5850,24.734850,46.699070,21.700,144.289,6.931
2025-12-25T22:20:01.884Z,48.243,0.086,4.168,25.220,0.00,6.5850,24.734850,46.699070,21.700,144.289,6.931
2025-12-25T22:20:02.013Z,48.248,0.076,3.677,25.220,0.00,6.5850,24.734850,46.699070,21.700,144.288,6.931
2025-12-25T22:20:02.013Z,48.254,0.065,3.135,24.840,0.00,6.5920,24.734898,46.699028,21.700,144.610,6.915
2025-12-25T22:20:02.293Z,48.251,0.079,3.806,24.840,0.00,6.5920,24.734898,46.699028,21.700,144.608,6.915
2025-12-25T22:20:02.412Z,48.253,0.076,3.656,24.840,0.00,6.5920,24.734898,46.699028,21.700,144.607,6.915
2025-12-25T22:20:02.804Z,48.255,0.076,3.648,24.840,0.00,6.5920,24.734898,46.699028,21.701,144.605,6.915
2025-12-25T22:20:02.817Z,48.246,0.111,5.358,24.840,0.00,6.5920,24.734898,46.699028,21.701,144.605,6.915
2025-12-25T22:20:02.817Z,48.263,0.065,3.159,24.840,0.00,6.5920,24.734898,46.699028,21.701,144.605,6.915
2025-12-25T22:20:03.111Z,48.263,0.067,3.255,24.840,0.00,6.5920,24.734898,46.699028,21.701,144.603,6.915
2025-12-25T22:20:03.246Z,48.254,0.102,4.930,23.980,0.00,6.5990,24.734938,46.698978,21.701,144.924,6.900
2025-12-25T22:20:03.625Z,48.264,0.077,3.693,23.980,0.00,6.5990,24.734938,46.698978,21.701,144.922,6.900
2025-12-25T22:20:03.625Z,48.268,0.068,3.294,23.980,0.00,6.5990,24.734938,46.698978,21.701,144.922,6.900
2025-12-25T22:20:03.666Z,48.269,0.068,3.285,23.980,0.00,6.5990,24.734938,46.698978,21.701,144.921,6.900
2025-12-25T22:20:03.844Z,48.267,0.077,3.730,23.980,0.00,6.5990,24.734938,46.698978,21.702,144.920,6.900
2025-12-25T22:20:04.136Z,48.272,0.067,3.232,23.980,0.00,6.5990,24.734938,46.698978,21.702,144.918,6.900
2025-12-25T22:20:04.136Z,48.276,0.065,3.121,23.580,0.00,6.6050,24.734966,46.698921,21.702,145.195,6.887
2025-12-25T22:20:04.443Z,48.276,0.067,3.219,23.580,0.00,6.6050,24.734966,46.698921,21.702,145.193,6.887
2025-12-25T22:20:04.444Z,48.277,0.070,3.363,23.580,0.00,6.6050,24.734966,46.698921,21.702,145.193,6.887
2025-12-25T22:20:04.751Z,48.278,0.071,3.418,23.580,0.00,6.6050,24.734966,46.698921,21.702,145.191,6.887
2025-12-25T22:20:04.771Z,48.268,0.109,5.251,23.580,0.00,6.6050,24.734966,46.698921,21.702,145.191,6.887
2025-12-25T22:20:05.058Z,48.212,0.288,13.891,23.580,0.00,6.6050,24.734966,46.698921,21.704,145.183,6.888
2025-12-25T22:20:05.191Z,48.170,0.412,19.834,22.980,0.00,6.6120,24.734982,46.698860,21.704,145.501,6.873
2025-12-25T22:20:05.191Z,48.202,0.302,14.578,22.980,0.00,6.6120,24.734982,46.698860,21.704,145.501,6.873
2025-12-25T22:20:05.568Z,48.182,0.394,18.983,22.980,0.00,6.6120,24.734982,46.698860,21.706,145.488,6.873
2025-12-25T22:20:05.632Z,48.226,0.255,12.309,22.980,0.00,6.6120,24.734982,46.698860,21.707,145.486,6.873
2025-12-25T22:20:05.876Z,48.242,0.222,10.707,22.980,0.00,6.6120,24.734982,46.698860,21.707,145.481,6.874
2025-12-25T22:20:05.877Z,48.217,0.308,14.829,22.980,0.00,6.6120,24.734982,46.698860,21.707,145.481,6.874
2025-12-25T22:20:06.145Z,48.216,0.303,14.634,22.980,0.00,6.6120,24.734982,46.698860,21.708,145.474,6.874
2025-12-25T22:20:06.145Z,48.189,0.393,18.919,22.040,0.00,6.6180,24.734983,46.698799,21.708,145.751,6.861
2025-12-25T22:20:06.311Z,48.218,0.322,15.511,22.040,0.00,6.6180,24.734983,46.698799,21.709,145.746,6.861
2025-12-25T22:20:07.105Z,48.216,0.330,15.923,22.040,0.00,6.6180,24.734983,46.698799,21.713,145.722,6.862
2025-12-25T22:20:07.106Z,48.193,0.371,17.897,22.040,0.00,6.6180,24.734983,46.698799,21.713,145.722,6.862
2025-12-25T22:20:07.106Z,48.188,0.392,18.895,22.040,0.00,6.6180,24.734983,46.698799,21.713,145.722,6.862
2025-12-25T22:20:07.107Z,48.150,0.415,19.979,22.040,0.00,6.6180,24.734983,46.698799,21.713,145.722,6.862
2025-12-25T22:20:07.138Z,48.202,0.372,17.913,21.840,0.00,6.6240,24.734970,46.698738,21.713,145.997,6.849
2025-12-25T22:20:07.411Z,48.123,0.572,27.520,21.840,0.00,6.6240,24.734970,46.698738,21.715,145.983,6.850
2025-12-25T22:20:07.550Z,48.113,0.635,30.571,21.840,0.00,6.6240,24.734970,46.698738,21.716,145.975,6.850
2025-12-25T22:20:07.550Z,48.166,0.460,22.157,21.840,0.00,6.6240,24.734970,46.698738,21.716,145.975,6.850
2025-12-25T22:20:07.823Z,48.141,0.527,25.350,21.840,0.00,6.6240,24.734970,46.698738,21.718,145.963,6.851
2025-12-25T22:20:07.957Z,48.075,0.779,37.467,21.840,0.00,6.6240,24.734970,46.698738,21.719,145.953,6.852
2025-12-25T22:20:08.232Z,48.165,0.454,21.872,18.760,0.00,6.6290,24.734949,46.698692,21.721,146.172,6.841
2025-12-25T22:20:08.232Z,48.159,0.477,22.955,18.760,0.00,6.6290,24.734949,46.698692,21.721,146.172,6.841
2025-12-25T22:20:08.436Z,48.064,0.809,38.879,18.760,0.00,6.6290,24.734949,46.698692,21.723,146.157,6.842
2025-12-25T22:20:08.571Z,48.124,0.640,30.779,18.760,0.00,6.6290,24.734949,46.698692,21.724,146.149,6.842
2025-12-25T22:20:09.051Z,48.096,0.739,35.522,18.760,0.00,6.6290,24.734949,46.698692,21.729,146.118,6.844
2025-12-25T22:20:09.051Z,48.089,0.716,34.431,18.760,0.00,6.6290,24.734949,46.698692,21.729,146.118,6.844
2025-12-25T22:20:09.066Z,48.038,0.910,43.718,18.760,0.00,6.6290,24.734949,46.698692,21.729,146.116,6.844
2025-12-25T22:20:09.067Z,47.897,1.305,62.508,19.540,0.00,6.6350,24.734917,46.698650,21.729,146.392,6.831
2025-12-25T22:20:09.270Z,48.053,0.838,40.276,19.540,0.00,6.6350,24.734917,46.698650,21.732,146.377,6.832
2025-12-25T22:20:09.480Z,48.001,1.026,49.268,19.540,0.00,6.6350,24.734917,46.698650,21.734,146.358,6.833
2025-12-25T22:20:09.868Z,48.049,0.870,41.798,19.540,0.00,6.6350,24.734917,46.698650,21.739,146.327,6.834
2025-12-25T22:20:09.890Z,47.683,1.955,93.204,19.540,0.00,6.6350,24.734917,46.698650,21.739,146.324,6.834
2025-12-25T22:20:09.890Z,47.354,2.975,140.865,19.540,0.00,6.6350,24.734917,46.698650,21.739,146.324,6.834
2025-12-25T22:20:10.176Z,47.331,3.051,144.430,20.320,0.00,6.6410,24.734877,46.698616,21.751,146.522,6.825
2025-12-25T22:20:10.293Z,47.357,2.978,141.007,20.320,0.00,6.6410,24.734877,46.698616,21.756,146.491,6.826
2025-12-25T22:20:10.688Z,47.325,2.983,141.150,20.320,0.00,6.6410,24.734877,46.698616,21.771,146.387,6.831
2025-12-25T22:20:10.688Z,47.135,3.680,173.473,20.320,0.00,6.6410,24.734877,46.698616,21.771,146.387,6.831
2025-12-25T22:20:10.728Z,47.381,2.890,136.916,20.320,0.00,6.6410,24.734877,46.698616,21.773,146.377,6.832
2025-12-25T22:20:11.001Z,47.322,3.058,144.713,20.320,0.00,6.6410,24.734877,46.698616,21.784,146.303,6.835
2025-12-25T22:20:11.110Z,47.370,2.897,137.215,20.210,0.00,6.6460,24.734829,46.698593,21.788,146.505,6.826
2025-12-25T22:20:11.110Z,47.212,3.354,158.360,20.210,0.00,6.6460,24.734829,46.698593,21.788,146.505,6.826
2025-12-25T22:20:11.346Z,46.800,4.541,212.503,20.210,0.00,6.6460,24.734829,46.698593,21.802,146.411,6.830
2025-12-25T22:20:11.537Z,46.843,4.464,209.087,20.210,0.00,6.6460,24.734829,46.698593,21.813,146.337,6.834
2025-12-25T22:20:11.733Z,46.820,4.497,210.529,20.210,0.00,6.6460,24.734829,46.698593,21.824,146.260,6.837
2025-12-25T22:20:12.172Z,46.808,4.514,211.283,20.210,0.00,6.6460,24.734829,46.698593,21.850,146.087,6.845
2025-12-25T22:20:12.172Z,46.836,4.470,209.340,20.210,0.00,6.6460,24.734829,46.698593,21.850,146.087,6.845
2025-12-25T22:20:12.254Z,46.951,4.135,194.128,20.460,0.00,6.6520,24.734779,46.698578,21.854,146.332,6.834
2025-12-25T22:20:12.255Z,46.903,4.216,197.743,20.460,0.00,6.6520,24.734779,46.698578,21.854,146.332,6.834
2025-12-25T22:20:12.570Z,47.031,3.893,183.077,20.460,0.00,6.6520,24.734779,46.698578,21.870,146.225,6.839
2025-12-25T22:20:12.570Z,46.904,4.294,201.404,20.460,0.00,6.6520,24.734779,46.698578,21.870,146.225,6.839
2025-12-25T22:20:12.760Z,46.926,4.130,193.826,20.460,0.00,6.6520,24.734779,46.698578,21.881,146.157,6.842
2025-12-25T22:20:12.966Z,46.747,4.654,217.558,20.460,0.00,6.6520,24.734779,46.698578,21.893,146.074,6.846
2025-12-25T22:20:13.176Z,46.718,4.830,225.632,20.450,0.00,6.6580,24.734728,46.698574,21.906,146.260,6.837
2025-12-25T22:20:13.176Z,46.663,4.881,227.757,20.450,0.00,6.6580,24.734728,46.698574,21.906,146.260,6.837
2025-12-25T22:20:13.454Z,46.758,4.644,217.154,20.450,0.00,6.6580,24.734728,46.698574,21.923,146.148,6.842
2025-12-25T22:20:13.572Z,46.717,4.728,220.871,20.450,0.00,6.6580,24.734728,46.698574,21.930,146.100,6.845
2025-12-25T22:20:13.863Z,46.640,4.970,231.797,20.450,0.00,6.6580,24.734728,46.698574,21.949,145.975,6.851
2025-12-25T22:20:13.863Z,46.664,4.989,232.798,20.450,0.00,6.6580,24.734728,46.698574,21.949,145.975,6.851
2025-12-25T22:20:14.171Z,46.612,5.066,236.124,20.450,0.00,6.6580,24.734728,46.698574,21.969,145.840,6.857
2025-12-25T22:20:14.291Z,46.705,4.730,220.917,19.020,0.00,6.6630,24.734678,46.698574,21.977,146.019,6.848
2025-12-25T22:20:14.295Z,46.762,4.684,219.041,19.020,0.00,6.6630,24.734678,46.698574,21.977,146.017,6.848
2025-12-25T22:20:14.685Z,46.645,5.009,233.624,19.020,0.00,6.6630,24.734678,46.698574,22.002,145.850,6.856
2025-12-25T22:20:14.752Z,46.421,5.628,261.274,19.020,0.00,6.6630,24.734678,46.698574,22.007,145.817,6.858
2025-12-25T22:20:14.989Z,46.371,5.838,270.714,19.020,0.00,6.6630,24.734678,46.698574,22.025,145.699,6.863
2025-12-25T22:20:14.989Z,46.465,5.402,250.998,19.020,0.00,6.6630,24.734678,46.698574,22.025,145.699,6.863
2025-12-25T22:20:15.297Z,46.322,5.877,272.238,20.460,0.00,6.6690,24.734629,46.698586,22.048,145.817,6.858
2025-12-25T22:20:15.328Z,46.388,5.719,265.302,20.460,0.00,6.6690,24.734629,46.698586,22.050,145.803,6.859
2025-12-25T22:20:15.532Z,46.393,5.658,262.502,20.460,0.00,6.6690,24.734629,46.698586,22.065,145.704,6.863
2025-12-25T22:20:15.532Z,46.390,5.663,262.699,20.460,0.00,6.6690,24.734629,46.698586,22.065,145.704,6.863
2025-12-25T22:20:15.863Z,46.554,5.217,242.854,20.460,0.00,6.6690,24.734629,46.698586,22.088,145.557,6.870
2025-12-25T22:20:15.942Z,46.313,5.903,273.372,20.460,0.00,6.6690,24.734629,46.698586,22.094,145.517,6.872
2025-12-25T22:20:16.218Z,46.279,6.026,278.897,21.110,0.00,6.6750,24.734577,46.698605,22.115,145.648,6.866
2025-12-25T22:20:16.337Z,46.304,5.942,275.130,21.110,0.00,6.6750,24.734577,46.698605,22.124,145.588,6.869
2025-12-25T22:20:16.337Z,46.303,6.036,279.480,21.110,0.00,6.6750,24.734577,46.698605,22.124,145.588,6.869
2025-12-25T22:20:16.731Z,46.253,6.100,282.140,21.110,0.00,6.6750,24.734577,46.698605,22.155,145.385,6.878
2025-12-25T22:20:16.861Z,46.268,6.000,277.609,21.110,0.00,6.6750,24.734577,46.698605,22.165,145.319,6.881
2025-12-25T22:20:16.861Z,46.643,4.843,225.895,21.110,0.00,6.6750,24.734577,46.698605,22.165,145.319,6.881
2025-12-25T22:20:17.243Z,46.255,5.372,248.464,21.110,0.00,6.6750,24.734577,46.698605,22.191,145.147,6.890
2025-12-25T22:20:17.311Z,46.447,5.462,253.709,21.740,0.00,6.6810,24.734529,46.698631,22.196,145.386,6.878
2025-12-25T22:20:17.312Z,46.268,5.944,275.003,21.740,0.00,6.6810,24.734529,46.698631,22.196,145.385,6.878
2025-12-25T22:20:17.549Z,46.516,5.221,242.839,21.740,0.00,6.6810,24.734529,46.698631,22.212,145.281,6.883
2025-12-25T22:20:17.667Z,46.225,6.032,278.837,21.740,0.00,6.6810,24.734529,46.698631,22.221,145.221,6.886
2025-12-25T22:20:18.062Z,46.174,6.373,294.260,21.740,0.00,6.6810,24.734529,46.698631,22.254,145.010,6.896
2025-12-25T22:20:18.062Z,46.423,5.383,249.894,21.740,0.00,6.6810,24.734529,46.698631,22.254,145.010,6.896
2025-12-25T22:20:18.104Z,46.196,6.160,284.583,21.980,0.00,6.6870,24.734484,46.698669,22.257,145.258,6.884
2025-12-25T22:20:18.371Z,46.162,6.262,289.071,21.980,0.00,6.6870,24.734484,46.698669,22.278,145.118,6.891
2025-12-25T22:20:18.481Z,46.345,6.422,297.624,21.980,0.00,6.6870,24.734484,46.698669,22.287,145.059,6.894
2025-12-25T22:20:18.695Z,46.140,6.307,290.996,21.980,0.00,6.6870,24.734484,46.698669,22.305,144.947,6.899
2025-12-25T22:20:18.696Z,46.239,6.029,278.758,21.980,0.00,6.6870,24.734484,46.698669,22.305,144.946,6.899
2025-12-25T22:20:18.983Z,46.060,6.519,300.250,21.980,0.00,6.6870,24.734484,46.698669,22.329,144.791,6.907
2025-12-25T22:20:19.190Z,47.144,3.241,152.777,21.930,0.00,6.6930,24.734444,46.698711,22.338,145.003,6.896
2025-12-25T22:20:19.311Z,46.396,5.513,255.765,21.930,0.00,6.6930,24.734444,46.698711,22.346,144.947,6.899
2025-12-25T22:20:19.311Z,46.123,6.393,294.844,21.930,0.00,6.6930,24.734444,46.698711,22.346,144.947,6.899
2025-12-25T22:20:19.601Z,46.193,6.141,283.683,21.930,0.00,6.6930,24.734444,46.698711,22.369,144.798,6.906
2025-12-25T22:20:19.735Z,46.129,6.370,293.863,21.930,0.00,6.6930,24.734444,46.698711,22.380,144.728,6.910
2025-12-25T22:20:20.109Z,45.931,6.404,294.149,21.930,0.00,6.6930,24.734444,46.698711,22.411,144.530,6.919
2025-12-25T22:20:20.110Z,46.241,5.965,275.828,21.930,0.00,6.6930,24.734444,46.698711,22.411,144.530,6.919
2025-12-25T22:20:20.139Z,46.162,6.155,284.122,21.210,0.00,6.6990,24.734409,46.698757,22.413,144.783,6.907
2025-12-25T22:20:20.345Z,46.148,6.154,283.978,21.210,0.00,6.6990,24.734409,46.698757,22.429,144.678,6.912
2025-12-25T22:20:20.725Z,47.172,3.064,144.532,21.210,0.00,6.6990,24.734409,46.698757,22.444,144.580,6.917
2025-12-25T22:20:20.726Z,46.629,4.799,223.775,21.210,0.00,6.6990,24.734409,46.698757,22.444,144.579,6.917
2025-12-25T22:20:20.752Z,46.055,6.382,293.936,21.210,0.00,6.6990,24.734409,46.698757,22.447,144.565,6.917
2025-12-25T22:20:21.031Z,46.019,6.638,305.455,21.210,0.00,6.6990,24.734409,46.698757,22.470,144.413,6.925
2025-12-25T22:20:21.162Z,46.839,4.092,191.647,20.460,0.00,6.7050,24.734383,46.698803,22.477,144.635,6.914
2025-12-25T22:20:21.412Z,46.663,4.653,217.114,20.460,0.00,6.7050,24.734383,46.698803,22.492,144.538,6.919
2025-12-25T22:20:21.413Z,47.204,3.001,141.674,20.460,0.00,6.7050,24.734383,46.698803,22.492,144.538,6.919
2025-12-25T22:20:21.572Z,47.815,1.171,56.003,20.460,0.00,6.7050,24.734383,46.698803,22.495,144.522,6.919
2025-12-25T22:20:21.851Z,48.013,0.592,28.438,20.460,0.00,6.7050,24.734383,46.698803,22.497,144.508,6.920
2025-12-25T22:20:21.983Z,48.085,0.387,18.618,20.460,0.00,6.7050,24.734383,46.698803,22.498,144.504,6.920
2025-12-25T22:20:21.984Z,48.105,0.343,16.523,19.630,0.00,6.7100,24.734362,46.698853,22.498,144.726,6.910
2025-12-25T22:20:22.269Z,48.153,0.202,9.734,19.630,0.00,6.7100,24.734362,46.698853,22.498,144.721,6.910
2025-12-25T22:20:22.397Z,48.176,0.153,7.377,19.630,0.00,6.7100,24.734362,46.698853,22.499,144.719,6.910
2025-12-25T22:20:22.620Z,48.198,0.100,4.825,19.630,0.00,6.7100,24.734362,46.698853,22.499,144.717,6.910
2025-12-25T22:20:22.620Z,48.212,0.065,3.121,19.630,0.00,6.7100,24.734362,46.698853,22.499,144.717,6.910
2025-12-25T22:20:22.895Z,48.216,0.068,3.278,19.630,0.00,6.7100,24.734362,46.698853,22.499,144.716,6.910
2025-12-25T22:20:22.895Z,48.220,0.066,3.177,19.630,0.00,6.7100,24.734362,46.698853,22.499,144.716,6.910
2025-12-25T22:20:23.284Z,48.215,0.090,4.337,18.670,0.00,6.7160,24.734350,46.698902,22.500,144.979,6.898
2025-12-25T22:20:23.300Z,48.224,0.071,3.436,18.670,0.00,6.7160,24.734350,46.698902,22.500,144.979,6.898
2025-12-25T22:20:23.594Z,48.226,0.074,3.574,18.670,0.00,6.7160,24.734350,46.698902,22.500,144.977,6.898
2025-12-25T22:20:23.717Z,48.231,0.065,3.117,18.670,0.00,6.7160,24.734350,46.698902,22.500,144.977,6.898
2025-12-25T22:20:23.717Z,48.233,0.066,3.192,18.670,0.00,6.7160,24.734350,46.698902,22.500,144.977,6.898
2025-12-25T22:20:24.031Z,48.234,0.072,3.494,18.670,0.00,6.7160,24.734350,46.698902,22.500,144.975,6.898
2025-12-25T22:20:24.250Z,48.236,0.072,3.452,18.190,0.00,6.7210,24.734350,46.698952,22.501,145.196,6.887
2025-12-25T22:20:24.251Z,48.241,0.068,3.266,18.190,0.00,6.7210,24.734350,46.698952,22.501,145.196,6.887
2025-12-25T22:20:24.427Z,48.237,0.085,4.118,18.190,0.00,6.7210,24.734350,46.698952,22.501,145.194,6.887
2025-12-25T22:20:24.718Z,48.242,0.077,3.695,18.190,0.00,6.7210,24.734350,46.698952,22.501,145.192,6.887
2025-12-25T22:20:24.718Z,48.247,0.065,3.145,18.190,0.00,6.7210,24.734350,46.698952,22.501,145.192,6.887
2025-12-25T22:20:24.844Z,48.250,0.067,3.217,18.190,0.00,6.7210,24.734350,46.698952,22.501,145.192,6.887
2025-12-25T22:20:25.229Z,48.248,0.077,3.698,18.190,0.00,6.7210,24.734350,46.698952,22.502,145.189,6.888
2025-12-25T22:20:25.256Z,48.253,0.071,3.435,17.850,0.00,6.7260,24.734360,46.699001,22.502,145.411,6.877
2025-12-25T22:20:25.257Z,48.255,0.065,3.159,17.850,0.00,6.7260,24.734360,46.699001,22.502,145.411,6.877
2025-12-25T22:20:25.537Z,48.252,0.083,4.015,17.850,0.00,6.7260,24.734360,46.699001,22.502,145.409,6.877
2025-12-25T22:20:25.652Z,48.259,0.067,3.247,17.850,0.00,6.7260,24.734360,46.699001,22.502,145.408,6.877
2025-12-25T22:20:26.049Z,48.256,0.081,3.890,17.850,0.00,6.7260,24.734360,46.699001,22.503,145.406,6.877
2025-12-25T22:20:26.115Z,48.264,0.066,3.205,17.850,0.00,6.7260,24.734360,46.699001,22.503,145.405,6.877
2025-12-25T22:20:26.116Z,48.248,0.122,5.880,17.130,0.00,6.7310,24.734379,46.699043,22.503,145.628,6.867
2025-12-25T22:20:26.357Z,48.266,0.070,3.355,17.130,0.00,6.7310,24.734379,46.699043,22.503,145.626,6.867
2025-12-25T22:20:26.476Z,48.265,0.077,3.715,17.130,0.00,6.7310,24.734379,46.699043,22.503,145.625,6.867
2025-12-25T22:20:26.766Z,48.265,0.090,4.364,17.130,0.00,6.7310,24.734379,46.699043,22.503,145.623,6.867
2025-12-25T22:20:26.766Z,48.232,0.195,9.411,17.130,0.00,6.7310,24.734379,46.699043,22.503,145.623,6.867
2025-12-25T22:20:26.970Z,48.192,0.327,15.740,17.130,0.00,6.7310,24.734379,46.699043,22.504,145.617,6.867
2025-12-25T22:20:27.086Z,48.140,0.480,23.111,16.910,0.00,6.7350,24.734400,46.699085,22.505,145.790,6.859
2025-12-25T22:20:27.296Z,48.106,0.616,29.644,16.910,0.00,6.7350,24.734400,46.699085,22.507,145.779,6.860
2025-12-25T22:20:27.297Z,48.074,0.708,34.055,16.910,0.00,6.7350,24.734400,46.699085,22.507,145.779,6.860
2025-12-25T22:20:27.496Z,47.614,2.152,102.460,16.910,0.00,6.7350,24.734400,46.699085,22.512,145.742,6.861
2025-12-25T22:20:27.790Z,46.961,4.010,188.313,16.910,0.00,6.7350,24.734400,46.699085,22.528,145.642,6.866
2025-12-25T22:20:27.911Z,46.813,4.524,211.793,16.910,0.00,6.7350,24.734400,46.699085,22.535,145.597,6.868
2025-12-25T22:20:28.200Z,46.995,3.961,186.148,16.910,0.00,6.7350,24.734400,46.699085,22.550,145.500,6.873
2025-12-25T22:20:28.200Z,47.047,3.831,180.224,16.670,0.00,6.7390,24.734425,46.699116,22.550,145.677,6.864
2025-12-25T22:20:28.324Z,46.638,5.042,235.154,16.670,0.00,6.7390,24.734425,46.699116,22.558,145.625,6.867
2025-12-25T22:20:28.609Z,46.698,4.792,223.789,16.670,0.00,6.7390,24.734425,46.699116,22.576,145.511,6.872
2025-12-25T22:20:28.742Z,46.787,4.480,209.596,16.670,0.00,6.7390,24.734425,46.699116,22.583,145.461,6.875
2025-12-25T22:20:28.742Z,46.493,5.408,251.446,16.670,0.00,6.7390,24.734425,46.699116,22.583,145.461,6.875
2025-12-25T22:20:29.020Z,46.520,5.382,250.349,16.670,0.00,6.7390,24.734425,46.699116,22.603,145.337,6.881
2025-12-25T22:20:29.143Z,46.524,5.223,243.010,17.040,0.00,6.7440,24.734457,46.699142,22.611,145.505,6.873
2025-12-25T22:20:29.427Z,46.895,4.133,193.827,17.040,0.00,6.7440,24.734457,46.699142,22.626,145.406,6.877
2025-12-25T22:20:29.427Z,46.646,4.851,226.298,17.040,0.00,6.7440,24.734457,46.699142,22.626,145.406,6.877
2025-12-25T22:20:29.635Z,46.543,5.152,239.772,17.040,0.00,6.7440,24.734457,46.699142,22.640,145.317,6.882
2025-12-25T22:20:29.939Z,46.523,5.004,232.782,17.040,0.00,6.7440,24.734457,46.699142,22.660,145.191,6.887
2025-12-25T22:20:29.940Z,46.802,4.492,210.250,17.040,0.00,6.7440,24.734457,46.699142,22.660,145.191,6.887
2025-12-25T22:20:30.247Z,46.759,4.514,211.079,18.080,0.00,6.7490,24.734499,46.699165,22.678,145.296,6.882
2025-12-25T22:20:30.247Z,46.782,4.453,208.324,18.080,0.00,6.7490,24.734499,46.699165,22.678,145.296,6.883
2025-12-25T22:20:30.452Z,47.100,3.541,166.777,18.080,0.00,6.7490,24.734499,46.699165,22.687,145.235,6.885
2025-12-25T22:20:30.759Z,47.731,1.552,74.061,18.080,0.00,6.7490,24.734499,46.699165,22.694,145.195,6.887
2025-12-25T22:20:30.759Z,48.042,0.644,30.957,18.080,0.00,6.7490,24.734499,46.699165,22.694,145.195,6.887
2025-12-25T22:20:30.885Z,48.125,0.399,19.199,18.080,0.00,6.7490,24.734499,46.699165,22.694,145.190,6.888
2025-12-25T22:20:31.169Z,48.121,0.454,21.857,18.080,0.00,6.7490,24.734499,46.699165,22.696,145.179,6.888
2025-12-25T22:20:31.169Z,48.167,0.311,14.975,19.130,0.00,6.7540,24.734545,46.699173,22.696,145.400,6.878
2025-12-25T22:20:31.373Z,48.210,0.144,6.963,19.130,0.00,6.7540,24.734545,46.699173,22.696,145.397,6.878
2025-12-25T22:20:31.485Z,48.250,0.079,3.819,19.130,0.00,6.7540,24.734545,46.699173,22.697,145.396,6.878
2025-12-25T22:20:31.783Z,48.256,0.073,3.523,19.130,0.00,6.7540,24.734545,46.699173,22.697,145.395,6.878
2025-12-25T22:20:31.784Z,48.261,0.065,3.150,19.130,0.00,6.7540,24.734545,46.699173,22.697,145.395,6.878
2025-12-25T22:20:31.988Z,48.262,0.069,3.312,19.130,0.00,6.7540,24.734545,46.699173,22.697,145.393,6.878
2025-12-25T22:20:32.118Z,48.261,0.081,3.919,20.130,0.00,6.7600,24.734594,46.699177,22.697,145.657,6.865
2025-12-25T22:20:32.320Z,48.267,0.070,3.355,20.130,0.00,6.7600,24.734594,46.699177,22.697,145.656,6.866
2025-12-25T22:20:32.601Z,48.264,0.083,3.992,20.130,0.00,6.7600,24.734594,46.699177,22.698,145.654,6.866
2025-12-25T22:20:32.602Z,48.270,0.071,3.445,20.130,0.00,6.7600,24.734594,46.699177,22.698,145.654,6.866
2025-12-25T22:20:32.720Z,48.269,0.079,3.804,20.130,0.00,6.7600,24.734594,46.699177,22.698,145.653,6.866
2025-12-25T22:20:33.011Z,48.273,0.077,3.734,20.130,0.00,6.7600,24.734594,46.699177,22.698,145.651,6.866
2025-12-25T22:20:33.146Z,48.274,0.082,3.935,20.130,0.00,6.7600,24.734594,46.699177,22.698,145.650,6.866
2025-12-25T22:20:33.146Z,48.280,0.065,3.116,20.720,0.00,6.7650,24.734644,46.699169,22.698,145.870,6.855
2025-12-25T22:20:33.524Z,48.277,0.080,3.840,20.720,0.00,6.7650,24.734644,46.699169,22.699,145.868,6.856
2025-12-25T22:20:33.651Z,48.275,0.090,4.335,20.720,0.00,6.7650,24.734644,46.699169,22.699,145.867,6.856
2025-12-25T22:20:33.652Z,48.285,0.065,3.140,20.720,0.00,6.7650,24.734644,46.699169,22.699,145.867,6.856
2025-12-25T22:20:34.035Z,48.283,0.077,3.710,20.720,0.00,6.7650,24.734644,46.699169,22.699,145.864,6.856
2025-12-25T22:20:34.111Z,48.288,0.066,3.165,20.720,0.00,6.7650,24.734644,46.699169,22.699,145.864,6.856
2025-12-25T22:20:34.111Z,48.289,0.066,3.183,19.670,0.00,6.7710,24.734694,46.699162,22.699,146.128,6.843
2025-12-25T22:20:34.258Z,48.291,0.066,3.167,19.670,0.00,6.7710,24.734694,46.699162,22.699,146.127,6.843
2025-12-25T22:20:34.467Z,48.287,0.086,4.133,19.670,0.00,6.7710,24.734694,46.699162,22.700,146.126,6.843
2025-12-25T22:20:34.855Z,48.291,0.074,3.581,19.670,0.00,6.7710,24.734694,46.699162,22.700,146.123,6.844
2025-12-25T22:20:34.912Z,48.296,0.065,3.138,19.670,0.00,6.7710,24.734694,46.699162,22.700,146.123,6.844
2025-12-25T22:20:34.913Z,48.293,0.080,3.871,19.670,0.00,6.7710,24.734694,46.699162,22.700,146.123,6.844
2025-12-25T22:20:35.264Z,48.296,0.073,3.512,17.720,0.00,6.7760,24.734737,46.699146,22.700,146.341,6.833
2025-12-25T22:20:35.383Z,48.297,0.072,3.464,17.720,0.00,6.7760,24.734737,46.699146,22.701,146.340,6.833
2025-12-25T22:20:35.383Z,48.302,0.065,3.123,17.720,0.00,6.7760,24.734737,46.699146,22.701,146.340,6.833
2025-12-25T22:20:35.778Z,48.299,0.078,3.784,17.720,0.00,6.7760,24.734737,46.699146,22.701,146.337,6.834
2025-12-25T22:20:35.797Z,48.305,0.071,3.440,17.720,0.00,6.7760,24.734737,46.699146,22.701,146.337,6.834
2025-12-25T22:20:35.797Z,48.306,0.065,3.160,17.720,0.00,6.7760,24.734737,46.699146,22.701,146.337,6.834
2025-12-25T22:20:36.084Z,48.306,0.067,3.227,17.720,0.00,6.7760,24.734737,46.699146,22.701,146.336,6.834
2025-12-25T22:20:36.215Z,48.306,0.075,3.603,14.670,0.00,6.7800,24.734772,46.699131,22.701,146.511,6.825
2025-12-25T22:20:36.595Z,48.308,0.069,3.334,14.670,0.00,6.7800,24.734772,46.699131,22.702,146.509,6.826
2025-12-25T22:20:36.596Z,48.311,0.065,3.153,14.670,0.00,6.7800,24.734772,46.699131,22.702,146.509,6.826
2025-12-25T22:20:36.800Z,48.312,0.066,3.212,14.670,0.00,6.7800,24.734772,46.699131,22.702,146.508,6.826
2025-12-25T22:20:36.804Z,48.313,0.068,3.271,14.670,0.00,6.7800,24.734772,46.699131,22.702,146.508,6.826
2025-12-25T22:20:37.005Z,48.313,0.069,3.341,14.670,0.00,6.7800,24.734772,46.699131,22.702,146.506,6.826
2025-12-25T22:20:37.130Z,48.311,0.078,3.787,10.650,0.00,6.7830,24.734798,46.699120,22.702,146.638,6.820
2025-12-25T22:20:37.517Z,48.313,0.077,3.699,10.650,0.00,6.7830,24.734798,46.699120,22.703,146.635,6.820
2025-12-25T22:20:37.552Z,48.317,0.068,3.308,10.650,0.00,6.7830,24.734798,46.699120,22.703,146.635,6.820
2025-12-25T22:20:37.552Z,48.320,0.066,3.183,10.650,0.00,6.7830,24.734798,46.699120,22.703,146.635,6.820
2025-12-25T22:20:37.826Z,48.319,0.069,3.333,10.650,0.00,6.7830,24.734798,46.699120,22.703,146.633,6.820
2025-12-25T22:20:37.945Z,48.318,0.077,3.697,10.650,0.00,6.7830,24.734798,46.699120,22.703,146.632,6.820
2025-12-25T22:20:38.337Z,48.323,0.065,3.132,7.090,0.00,6.7860,24.734816,46.699108,22.703,146.762,6.814
2025-12-25T22:20:38.337Z,48.324,0.066,3.191,7.090,0.00,6.7860,24.734816,46.699108,22.703,146.762,6.814
2025-12-25T22:20:38.366Z,48.321,0.077,3.705,7.090,0.00,6.7860,24.734816,46.699108,22.703,146.762,6.814
2025-12-25T22:20:38.649Z,48.323,0.075,3.628,7.090,0.00,6.7860,24.734816,46.699108,22.704,146.760,6.814
2025-12-25T22:20:38.780Z,48.324,0.074,3.584,7.090,0.00,6.7860,24.734816,46.699108,22.704,146.759,6.814
2025-12-25T22:20:38.780Z,48.329,0.065,3.130,7.090,0.00,6.7860,24.734816,46.699108,22.704,146.759,6.814
2025-12-25T22:20:39.156Z,48.329,0.069,3.346,7.090,0.00,6.7860,24.734816,46.699108,22.704,146.757,6.814
2025-12-25T22:20:39.231Z,48.328,0.072,3.494,3.800,0.00,6.7870,24.734827,46.699100,22.704,146.801,6.812
2025-12-25T22:20:39.463Z,48.329,0.073,3.507,3.800,0.00,6.7870,24.734827,46.699100,22.704,146.799,6.812
2025-12-25T22:20:39.463Z,48.333,0.064,3.096,3.800,0.00,6.7870,24.734827,46.699100,22.704,146.799,6.812
2025-12-25T22:20:39.770Z,48.333,0.066,3.206,3.800,0.00,6.7870,24.734827,46.699100,22.705,146.798,6.812
2025-12-25T22:20:39.802Z,48.331,0.074,3.590,3.800,0.00,6.7870,24.734827,46.699100,22.705,146.797,6.812
2025-12-25T22:20:40.077Z,48.334,0.071,3.455,3.800,0.00,6.7870,24.734827,46.699100,22.705,146.796,6.812
2025-12-25T22:20:40.216Z,48.335,0.070,3.391,3.800,0.00,6.7870,24.734827,46.699100,22.705,146.795,6.812
2025-12-25T22:20:40.216Z,48.338,0.065,3.122,3.800,0.00,6.7870,24.734827,46.699100,22.705,146.795,6.812